<?xml version="1.0"?>
<brokingCadukeMongoe>
  <indnTuttis dolt="lootGolfsAnilin" hughesExsolveGirosol="ridottoRedid" boltinAntiqua="gudeOutfeatRadeur" elenchiFond="recondMolmen" />
  <tittup ceratedFretum="niata" hokerer="riffing">
    <aionialBrassedBiped>
      <thereup>pistolKraits3</thereup>
    </aionialBrassedBiped>
    <retrudeRibososWoolled speightOctants="donald" lowry="alop215" warmupToughyDashiki="gifolaDolmans" attornAddnlNuba="abkary" lamblyYieldsColugo="ogives" bonducGauntly="hoickSpik" wiring="lunchedHabutae">
      <leelangDatMoult>1661</leelangDatMoult>
      <neural sixes="oxyopyLawnsChalta" writsHausenGard="270785626" emusiveTaille="refuelMaladeSpair472" antler="rubiate4861">
        <baul>hovererBulkier</baul>
      </neural>
      <reargue avile="lookum" bagpodHungryAmbsace="ballyUnmossyUrnlike" bursar="sitheAtli" gasmanBisesBewash="selvesPeronei">
        <wars>funster</wars>
      </reargue>
      <hogwash tapiroUrease="musardEtatism">
        <argalis>sickledBonnetCental</argalis>
      </hogwash>
      <mincing chorionRefleeUnhose="25267237" angloidPithsFleche="43093" volubly="betides3">
        <snibsSloom>typeesImmissChirl</snibsSloom>
      </mincing>
      <repayalBushmen unhale="pine" pesageSecerns="7" womeras="porticoRoisterCad" hobbly="demergeStodge">
        <portateBesour>9300</portateBesour>
      </repayalBushmen>
    </retrudeRibososWoolled>
    <nyxisFloorerKettles>
      <peipingTaming>pinkishNiggled</peipingTaming>
    </nyxisFloorerKettles>
    <gittite sputaUnafirePercha="relapCausseTraits" kibeiGoonPoyous="crysticSwore" brionyQuatral="77973524" yarlyAcknown="455153288" divversMensalMuffs="8217" manakin="comediaDictaen" queerCarbylDunted="36687826">
      <opahs>openerBonersCarayan</opahs>
      <pelvicEyingBalkish>
        <shauled>weest</shauled>
      </pelvicEyingBalkish>
      <jahve englePiskun="solutio" trental="4076" upcrowd="terneMinnieCavort738">
        <mogadorAucanerPars>umiaqBullaryFica5</mogadorAucanerPars>
      </jahve>
      <gittern blypeBashyle="clankShroudyFulani" yook="cortinsRefilmObtest7796" feuderBlokWulliwa="nodousTipplesToughra" manhunt="59">
        <banjaraMonty>duerOstaraHeres</banjaraMonty>
      </gittern>
      <eugenolNumb hybridLootenAlbums="birnGuitars" hasping="7774764" scoredRamjets="pegasidAbackWurley" dargMakhzenWeiners="hapteraGattenWlity">
        <ponent>khaAlgeria</ponent>
      </eugenolNumb>
      <hosing elod="aviador" tenonNeveEight="holyday" chichiBlob="camlet" peduleClival="amesiteDakoity">
        <mamo>bismarRutted</mamo>
      </hosing>
      <tenacesSupplWording potholeSerrage="imamateFooderShirr" unbankVulturn="plywoodPalmistBrephic">
        <mesobarSickishLeafen>walkupsCoquitoCusks</mesobarSickishLeafen>
      </tenacesSupplWording>
      <kashiCarceagHosts reist="liambaFocsleGreed" inhibitOxcartsOogamy="bywordsPochote">
        <anthropTallestCucking>loafedVerbateSunfoil</anthropTallestCucking>
      </kashiCarceagHosts>
      <netsuke hokesAlmonDinos="luckilyMilvago" drawlyJinxes="gundiKickingKnelt6" grillyBlazersEpoche="24092">
        <addlesSassier>octSayids4</addlesSassier>
      </netsuke>
      <mitchBawsunt oughts="bifoilWhiled" shellakFixage="tweag2">
        <yardedBedtimeAssault>ticer</yardedBedtimeAssault>
      </mitchBawsunt>
      <fitlyMeilerXed sivaismMedicMampus="88280">
        <bombard>susansZoril</bombard>
      </fitlyMeilerXed>
      <upsteamCarreta>
        <trave>explatRiata7635</trave>
      </upsteamCarreta>
      <jollyGerentsDeraign prosier="teilPatrolsActings" buffer="trickie1">
        <pedlers>warworkHouvari</pedlers>
      </jollyGerentsDeraign>
      <badagaNotifyWheeps sledfulOgaireLobby="3786368">
        <bongsCuemenRumble>809060</bongsCuemenRumble>
      </badagaNotifyWheeps>
      <waunsMoulderBouncy sucrierAnchor="minosTaeCushaws83" pailWinnleHemase="lawinesPommels" jocularToppersLegs="71257" taveCelosiaFangas="bionicBeddingFavours">
        <plaits>parcelGlozingDoping</plaits>
      </waunsMoulderBouncy>
      <daffingFoulage riffianWang="droppedLog">
        <gasperAckmenCitoler>402</gasperAckmenCitoler>
      </daffingFoulage>
      <busyishTewartDarkens>
        <kishyAcouasm>sildsJuicing</kishyAcouasm>
      </busyishTewartDarkens>
      <lunary>
        <glycinRiyal>capuletEggedQuarion35</glycinRiyal>
      </lunary>
      <pilikiaVigour rindy="ireful" carnies="180697216">
        <skevishPapule>tallols</skevishPapule>
      </pilikiaVigour>
    </gittite>
    <bedinSwopsMillile cirrousNauchLocrine="yeti" harbors="dispDistyPug63" prorumpNulled="senegas" risenSteghThelion="metaeHartake" farettaBedded="dobraoSchuit5" cfiAkebiSeising="afacing1">
      <portedEmbalmReleap>557</portedEmbalmReleap>
      <pashimPilledKyats callantToxical="callSongbagSteamer122" unhandyRamneekEciton="spickleJossLibidos" ovicide="1">
        <rsum>foundLumpman</rsum>
      </pashimPilledKyats>
      <remeetTideripDawtie>
        <tendryPlatypiTieback>fausantDronteSinuses</tendryPlatypiTieback>
      </remeetTideripDawtie>
      <racette>
        <spasmedAgraffe>octonalMadden</spasmedAgraffe>
      </racette>
      <meccas oxphonyLorariiBeers="snirl">
        <alarumHylomysSeggrom>purlman6925</alarumHylomysSeggrom>
      </meccas>
      <share nookedBassesSynd="832479050" anewBabbyHoldout="caymansAguaji85">
        <jordanTuluCrenele>2911050</jordanTuluCrenele>
      </share>
      <abacPerky tresSunwayStricks="caseboxBetoyan">
        <twaesStonersLikest>121269</twaesStonersLikest>
      </abacPerky>
      <klickFeroceDaphni jiffsAdibPlights="improveClauberLayout">
        <puris>345791</puris>
      </klickFeroceDaphni>
      <mowedJoch>
        <acidyl>relets</acidyl>
      </mowedJoch>
      <aspire>
        <sackerCharrasTrib>850480</sackerCharrasTrib>
      </aspire>
      <gorgingRillyFosse splintsLookout="tempo">
        <canaPsstJury>pump</canaPsstJury>
      </gorgingRillyFosse>
      <enneads gulesXxiv="aletteEnnuied">
        <nigrous>boortLinaria</nigrous>
      </enneads>
      <embrewHittiteCrayon cattery="sitella" unobeseInduceMootch="impresaNutmeat">
        <dynamoKat>holdmanBiriani</dynamoKat>
      </embrewHittiteCrayon>
      <heatingHexogenMorphew jampaniKraalsPatrix="dawtedFaenaCogence" prinkedBirkie="loaninDiquatsPerau">
        <tracts>charedWaygangExaudi</tracts>
      </heatingHexogenMorphew>
      <datchasCoilerBribed laud="gurney" gnarlsProlylDamie="glogg">
        <desiresZymoses>pightel</desiresZymoses>
      </datchasCoilerBribed>
    </bedinSwopsMillile>
    <showilyVomer>
      <invenitTrendsRemill>learns</invenitTrendsRemill>
    </showilyVomer>
    <tragalWindlesDachas>
      <birdYowdenMachina>recopyCanabaPreheal</birdYowdenMachina>
      <enticedPartookEsthete doment="519797" kyrine="podal5325" anotus="vitals" alecize="atropos">
        <scfh>466297005</scfh>
      </enticedPartookEsthete>
      <poppedOnlessShifts>
        <boccie>kingcobRequins8546</boccie>
      </poppedOnlessShifts>
      <crispTramOblat warmupShako="5684" odorfulKazoos="500405266">
        <ataxies>lee</ataxies>
      </crispTramOblat>
    </tragalWindlesDachas>
  </tittup>
</brokingCadukeMongoe>