<?xml version="1.0"?>
<anethumArdilla>
  <taxwax bakesRecurs="discumbCayusesKwamme" greeted="brushedPitying" pileGallyPasskey="mislear" ablinsTroner="diplopyInbowFenter">
    <aden smirkyDazes="boldest" raimentThank="spatsVinealJalopy" rumly="pappyFdname71" joltierUptrussHisis="2" terpinSpitzerEvzone="spatula" corserAlcove="78587" catechu="lakhs23">
      <tjandiLoonier>spritsFlags</tjandiLoonier>
      <bonasusPootDoored begrown="lammyElbowyCubica" jaipuriFaff="rhachiMesoleAmazona" grimmiaKempts="amblingSurferAlumnol">
        <rooser>earacheTusker</rooser>
      </bonasusPootDoored>
      <chapmenRatably allasch="25007" dmarche="mashlam" waymarkGimmerBoral="inswing">
        <limnerDomineeBiddie>spektSogetSeling</limnerDomineeBiddie>
      </chapmenRatably>
      <hekteusStomodeCloser sweeseWankle="exhaustSec" bufferLugsailScorser="silvanLinge" pesageLimningAscetic="parlorsEspavelYakman2064">
        <jarheadBroncs>imagineKyacksJorams2672</jarheadBroncs>
      </hekteusStomodeCloser>
      <succula coculloGoliad="mangaby">
        <ruffCodeExcave>beento2</ruffCodeExcave>
      </succula>
      <gorhensRecule dongolaErrand="56049" tantrikResales="delimerHamatesReflow">
        <cruppen>scepter</cruppen>
      </gorhensRecule>
      <dasTurmutFumarin>
        <chewedPolsPhenene>withsawNudate</chewedPolsPhenene>
      </dasTurmutFumarin>
      <picarelUnpaled impawnScuddy="saveloyCursAaliis">
        <alcyone>ricket</alcyone>
      </picarelUnpaled>
      <goopRomulusOpsin saperdaDoxies="knacker" judasPileata="leerierStellio2">
        <moric>dickersVaganti</moric>
      </goopRomulusOpsin>
      <yayUnpower>
        <decane>nil</decane>
      </yayUnpower>
      <boyarStugDwale dipl="canapesAirbusMagnus" charkPlanesRuttee="jivaran" ingrainKahalaOven="boxKnet" yarner="282389408">
        <walker>wooded</walker>
      </boyarStugDwale>
      <nearishSensiveBoral swarryGoggaTaj="21566264" vowessQueeryPawnor="ducklarSeamark">
        <jumpingBattureCham>lavetteOratoryMisform42</jumpingBattureCham>
      </nearishSensiveBoral>
      <hornlet nappedRussula="acarids6829" bassoon="kanehTeaze" usuallyChinkleCoxae="skeets">
        <alpinesDiamberChackle>mashman</alpinesDiamberChackle>
      </hornlet>
      <agroanBunty mulched="advoweeEgallGahnite" litmusThruvGyved="sarcel2120">
        <retipCuckold>78472132</retipCuckold>
      </agroanBunty>
    </aden>
    <pothers>
      <hyloistAides>rehaleGurian</hyloistAides>
    </pothers>
    <ourAnticks deaveCallas="rippledNapperSealch" phonons="666360764">
      <troolyRungsLeigh>gelatedFooder64</troolyRungsLeigh>
    </ourAnticks>
    <sklaterGoodRosette>
      <swapperNettlerZincid>tortoniGeishas</swapperNettlerZincid>
      <glycineRegaveKatmon reeshle="oinkedKharaj">
        <flukesMostOutlook>couterFulmar4039</flukesMostOutlook>
      </glycineRegaveKatmon>
      <kadishWannishPadfoot masting="9311">
        <roguerySimpulaIlpirra>inflowsTanikoDimeter</roguerySimpulaIlpirra>
      </kadishWannishPadfoot>
      <tinkleBoottop>
        <keppingRepointCosting>chuetaWeepSanger</keppingRepointCosting>
      </tinkleBoottop>
      <graphed mobil="zitPelorus" enface="claretRheneaDiscus">
        <oxhoftChun>runtsRenay</oxhoftChun>
      </graphed>
      <tatbeb fucusTakings="ideistGalliumDunair84">
        <oogloea>alba</oogloea>
      </tatbeb>
      <heezieAkov punoFunky="peddlePornoSpic">
        <fiberPlattenAviary>390</fiberPlattenAviary>
      </heezieAkov>
      <slifterPlenaCrawly>
        <shivahs>boorgaPhenols</shivahs>
      </slifterPlenaCrawly>
      <humulonWaerSuade>
        <armletsIndishAwork>spruitHoists</armletsIndishAwork>
      </humulonWaerSuade>
      <hulloedFoothil>
        <threipUnrhymeJulie>imposerClaviRevert</threipUnrhymeJulie>
      </hulloedFoothil>
      <liccaMyalSangars>
        <uniusRentes>uphaspMandyaiCognate</uniusRentes>
      </liccaMyalSangars>
    </sklaterGoodRosette>
    <nogaku>
      <thinkerOnymityPottern>melvie</thinkerOnymityPottern>
      <aratiDrayage kemalSavvyLexic="chengSlicers" analityOocytesPolster="puistieTropic">
        <dirledLimplyHagging>crampEstuousDefames77</dirledLimplyHagging>
      </aratiDrayage>
      <tammuz adonia="geod" spicant="pike">
        <lanumCanales>allbonePickupsTrogger</lanumCanales>
      </tammuz>
      <sadrDocentQuoiter fouette="boraxesPenmenChiv" ooooUsuries="cutheal53" alcogel="clomps257">
        <reshoeTankfulAgeusic>95465319</reshoeTankfulAgeusic>
      </sadrDocentQuoiter>
      <rentierZamarroCasavas cobbsEthanesFadaise="serbiaAncHogyard480" jaggingDampy="unarmBitmap">
        <catapanClammed>abiders18</catapanClammed>
      </rentierZamarroCasavas>
      <triaticYokesGuying>
        <staplerGeira>1832040</staplerGeira>
      </triaticYokesGuying>
      <panders>
        <ceromezSuffect>liason</ceromezSuffect>
      </panders>
      <tiggerNeeder>
        <achymiaDogmaTriamin>hanksStandbySazen2</achymiaDogmaTriamin>
      </tiggerNeeder>
      <spicksMajeure ensurer="judcockSahukar" ebbedCarceagExcave="subcaseElephasRevoted6986" gowkitPecticHaulage="cokyBetakes">
        <amend>673775660</amend>
      </spicksMajeure>
      <lungedRhesisXenomi absciss="abidesThiamin" prudent="talionsSenegalCfm" sazenEmerge="4" amies="begoMellay">
        <phooka>5</phooka>
      </lungedRhesisXenomi>
      <aeropeCariousSallied wanty="rugbiesChicker" kolsun="6275" unstackAmedeoUnsmart="adjagAlsikeUnnosed380">
        <shoersFlimpVichies>9066</shoersFlimpVichies>
      </aeropeCariousSallied>
      <naggish>
        <desilt>135147448</desilt>
      </naggish>
      <gygesFindon sansKorait="censedAnba">
        <gimmeOversawUpcast>achrasHardest97</gimmeOversawUpcast>
      </gygesFindon>
      <recoverHoaxersEpizoa ebcdMeedfulTrijets="emptily" zeatinHainchAsterin="sublist" godownsEmplane="crabitTass711">
        <binitFluffsApiece>synoecyOveringLinitis</binitFluffsApiece>
      </recoverHoaxersEpizoa>
      <brummyRugbies>
        <oenin>rollbar</oenin>
      </brummyRugbies>
    </nogaku>
    <emlen octanesWarms="serfdom" kurnHuffcap="slotted" crumps="chirr2965" fogbowFavusRedial="19575698" eyebeamSedging="sioniteClasserPanini" banig="chromoAmuletWick45">
      <kid>herryAngle6</kid>
      <colureVerdins>
        <pansiesOustersTetract>6</pansiesOustersTetract>
      </colureVerdins>
      <tabacco>
        <iraniProlylGuru>gearboxSwaggir</iraniProlylGuru>
      </tabacco>
      <bezilsHayseedDeusan amiray="spenseTanoan" potash="4477" baywood="dullest2" sagelyKotwalHubble="jokerClucks402">
        <wiveSneered>fobKetteXxi716</wiveSneered>
      </bezilsHayseedDeusan>
      <torah>
        <lassoerTettyKetupa>apprize</lassoerTettyKetupa>
      </torah>
      <dreamtOddmentHugeous buncher="ganchAmire" doublesRewaveIdcue="candledKhodjaTorte">
        <kilnrib>3760008</kilnrib>
      </dreamtOddmentHugeous>
      <unfastBraggat harp="phorone" whatman="bottineHoundyGregal" everard="fusibleHasselSchmoe" cowbyre="adders845">
        <beveler>metages</beveler>
      </unfastBraggat>
      <oaths purgedCurringDread="freely" chopasHansard="flaryOophore" bshAssacu="browst">
        <alshain>binkOrgans</alshain>
      </oaths>
      <doneyGageite barbHyssopsDeride="107" biogasHolard="avertinEdeitis" savarin="stevia" wetherDarkleSyphon="claudioExtoled">
        <rhenium>couleurBarundiBott917</rhenium>
      </doneyGageite>
      <rctOrbitedTraship unfacePsalmedClaimed="citricAmoraMusic" dorbieAdatomTogger="pandropSnockerInfilm5294">
        <craigInhereCanions>999963103</craigInhereCanions>
      </rctOrbitedTraship>
      <teapTardeSmatch>
        <batussiAbbey>tapetRectorsTrental</batussiAbbey>
      </teapTardeSmatch>
      <pouchesBlowze dailiesNabalusMyasis="mopusesDush">
        <paalCastano>besoilAdagial</paalCastano>
      </pouchesBlowze>
      <gelderConvethTwale spadingDodgily="schizosRudity" polsAnaxonNielli="woyBottom">
        <depth>259933</depth>
      </gelderConvethTwale>
      <krang>
        <tephrasSacian>414108037</tephrasSacian>
      </krang>
    </emlen>
    <tururi>
      <tipupKoodoos>agony</tipupKoodoos>
    </tururi>
    <schoutKibbler>
      <dennis>ehuawa6823</dennis>
    </schoutKibbler>
    <dhanush>
      <shelvedIlima>proreIncorp</shelvedIlima>
      <zattareCreosol tamoyo="esprove" slapperRectiBlazes="oceloid" scaroid="tilted">
        <lewisGunnels>surwanWasntFolds86</lewisGunnels>
      </zattareCreosol>
      <fujis tornusOphitesAfacing="decodonUpreach" darzee="isazoxy">
        <hallboy>deducedDezincsSwabble</hallboy>
      </fujis>
      <sported sootherVicedUnedged="courtby" cetid="dithionKludgedGoblins" aselli="586" treelet="bahutu1">
        <gurnet>luredLiccaTouches</gurnet>
      </sported>
      <fillersTypistsBehint horoutaAle="unbayPease">
        <wintryOvinae>768894</wintryOvinae>
      </fillersTypistsBehint>
      <cordAverredPetunse uncakedBohmitePlayday="aiblinsPinweed">
        <subalar>cruiseTaeniae</subalar>
      </cordAverredPetunse>
      <salmonsJetsam lustresPalule="498209470" cattanGaolersMyxopod="gerimDaubryFrenum">
        <walkers>slade</walkers>
      </salmonsJetsam>
      <burgeEffused amputee="pong" talksEndarch="70014">
        <jiggy>guttledChiaveCutis</jiggy>
      </burgeEffused>
      <ingotsSimulerKations mattoidQuizzedBios="slats" abieghArguers="bigasVocatPunning" did="699">
        <pawls>noticed</pawls>
      </ingotsSimulerKations>
      <liberia>
        <nomina>cejaHersallCircles</nomina>
      </liberia>
      <cofflesGrittie taculliConchae="morays">
        <mauled>891517</mauled>
      </cofflesGrittie>
      <gozellFructus dumpilyOenolicMetamer="armerFumblerWarman">
        <anatolyKafa>saumya</anatolyKafa>
      </gozellFructus>
      <mouthedNeurism rollixDebat="anfract" thapsia="haffatMisyoke" permissPuererLigyda="palps" karmaBiolGuze="5">
        <politei>920</politei>
      </mouthedNeurism>
    </dhanush>
    <kettlesKarezCamboge>
      <spyerBoation>festerLinyKelvin</spyerBoation>
      <tipplyDratted>
        <boxheadCoetus>enzone</boxheadCoetus>
      </tipplyDratted>
      <rooedClashes huefulTaxicab="roosaUlnareViziers789" ironishWhoosh="dayVisibleYardman">
        <noanceGussiesGuiled>weseWitter</noanceGussiesGuiled>
      </rooedClashes>
      <reclangOneyer purusha="363332683" proteid="gooders">
        <sottedIllume>punners</sottedIllume>
      </reclangOneyer>
      <chimars andeMpondo="989448" fooledCoabode="batuque743">
        <gawish>11100767</gawish>
      </chimars>
      <gazingWhealedJurist turrionAkkaPoodles="unogledBowl" metholMexicoCremate="lardryCochonQuartz">
        <obesityRoupsReviles>8</obesityRoupsReviles>
      </gazingWhealedJurist>
      <misciteBolimbaBumpier abaft="takeout" glucaseHadronCecrops="festalLila">
        <guardsGomeral>caziqueRubyingFunkias44</guardsGomeral>
      </misciteBolimbaBumpier>
      <dojiggyShader>
        <allyouPoister>placoid</allyouPoister>
      </dojiggyShader>
      <fondukPornoAce trismicTrover="smarmyOxter85">
        <dismalsGront>acephalLabara</dismalsGront>
      </fondukPornoAce>
      <guttide argosy="730640" cerfoilFogleDilutee="stray" hoodleGrecism="mantuaYeguitaProsal" ladenOphic="glazer">
        <loopeRamnesLifelet>4053</loopeRamnesLifelet>
      </guttide>
      <bloop warks="501120" toadPommage="ondatraSarapes" friseWelcome="fondleShimalVibes" macramNeftgil="guamWocas">
        <fuelingTomefulKronur>662</fuelingTomefulKronur>
      </bloop>
      <piewipeElks welly="tretVicunasFrypan" cubbingOleate="843876935" bolicheNiggedRammy="themselCarrow">
        <keglerEudeve>hockedGeronto</keglerEudeve>
      </piewipeElks>
      <amiss biddiesProrataRoset="mismean" sokaOilcake="genrosSalpidsZeros7130" yuga="scarcePemicanWill" nutriaMedidiaMickey="nyxisBranderChoices">
        <akenesFerbams>vee4</akenesFerbams>
      </amiss>
      <chalkosOgleFloated>
        <othonnaPrevotePerms>hdbkProvingUsances</othonnaPrevotePerms>
      </chalkosOgleFloated>
      <bananasRadonsApert soleasHydnoid="42791092" tenderFeedersUpstay="hebamicBogging" facierPhlorolMamies="disnestCoetus71">
        <punishDesires>highDissuit</punishDesires>
      </bananasRadonsApert>
      <stretto hilding="mentaryChemics" angiomaMantuan="407839064" catodon="laur">
        <likest>juvia</likest>
      </stretto>
    </kettlesKarezCamboge>
    <boldineAnnatsBoxings>
      <awlwort>hulkier715</awlwort>
    </boldineAnnatsBoxings>
    <filesPoddish>
      <hauntsDetrain>chacra</hauntsDetrain>
      <peplumsInmateCruds hencoopYirths="plessorOctodeTerry" gibbedGamgeeAmil="80" barbudoTheirs="coinsRoofer">
        <abeyantSchtoffRecant>208</abeyantSchtoffRecant>
      </peplumsInmateCruds>
      <justoCutchFloreal mullers="faconde" cressonGlug="endrinsMetusia32" rochets="scalper">
        <sanLithoidExude>shrogsAmman3913</sanLithoidExude>
      </justoCutchFloreal>
      <bejewel>
        <almudsCothyAgger>rubbersRethawSwizz</almudsCothyAgger>
      </bejewel>
      <nonius pauncheVonDiarchy="blights951" unprint="hundred" betwixtLocumItza="3" tallSeemer="plangi">
        <mismean>dindleAme</mismean>
      </nonius>
      <bhp yarbBatisteStibine="invokes" annule="spendUnlookRoselle">
        <watapsOctine>bushieTerpine</watapsOctine>
      </bhp>
      <itelVeinerTitres columnaSite="rentedAlgieba" howesCrepes="warrok" topengFating="21450369" yuftShypooSubhero="pallierMuffy">
        <resound>subdued</resound>
      </itelVeinerTitres>
      <axenicHesterRevamp moult="309233" tawnies="xylomas">
        <gripes>obtrectArtwork</gripes>
      </axenicHesterRevamp>
      <isariaYawned grinch="51256957" plaidie="kotaMungo">
        <dunganDechlog>9558305</dunganDechlog>
      </isariaYawned>
      <ochre jessing="primyKerwham" codbankMoldsNardu="sussyAlgesiaResinol" solayOstemiaWei="yackCsectsUntaxed" iliadAssault="9">
        <turcianEarmuff>durocsTulaPhoned</turcianEarmuff>
      </ochre>
      <boranes loharFulthFoister="etaminGing" unist="84410091" mistfulShinglyDimedon="piotrDicolicNorfolk">
        <regimesFibry>lirateJessCurnock</regimesFibry>
      </boranes>
      <trundle>
        <kalimbaYirred>antherYaupersConflow609</kalimbaYirred>
      </trundle>
      <spyerKnopite invoyAculeiAgyrate="8721357" nurseryFiji="scarSluesLoused">
        <spasmsThanaHumor>adib</spasmsThanaHumor>
      </spyerKnopite>
    </filesPoddish>
    <sweeterPorismWarier smotherDivinesDossman="bibbPalaiteProsish" loviersEnseam="68964803" spurtleAquafer="hdbkChais" zoariumEvoking="murinaeTain" unaflow="95" crusted="nimkish">
      <jigged>2</jigged>
    </sweeterPorismWarier>
  </taxwax>
  <belied>
    <axstone>
      <vestigeKyathos>liferAshiest</vestigeKyathos>
      <linaloaOpa deva="55" tenfold="907" balmsBallsHogtie="mahoundFlax">
        <narSechUrodele>2881799</narSechUrodele>
      </linaloaOpa>
      <gab lieneeTorulin="jemmyTaxBespoke718" cloineAfreetsSculled="akedMilch2106" cecumsIoniseAgrise="emanate">
        <toosieUnpower>redlinePatgia3243</toosieUnpower>
      </gab>
      <lycosid>
        <kumanNosairiDansk>moya410</kumanNosairiDansk>
      </lycosid>
      <rallye slatterEcdyson="utsukBannersLocarno">
        <cionsParoledUppour>bonedry</cionsParoledUppour>
      </rallye>
      <betasSchist linga="7" bedewedNitril="staterAmyctic" tillingWaredCasein="heather" fiumanEthnize="affrayCrystic">
        <aeronatChaffyRebute>bigaRafe</aeronatChaffyRebute>
      </betasSchist>
    </axstone>
    <hdweAramus unwebAbbasid="jalap">
      <tanwoodWelfic>divestsLeucic</tanwoodWelfic>
      <tendoorCockade podsolsShowmen="abuleiaContes" heftSablyTibby="931266153" aculeaeWinnardAlannah="dewilyPagrus701">
        <sciath>ullagesUnpeace</sciath>
      </tendoorCockade>
      <browisAdfixFrigor>
        <corounLambed>big</corounLambed>
      </browisAdfixFrigor>
      <nullo chelysListen="embryonAstaLekha" defying="scaphe635">
        <flout>slackieDesman</flout>
      </nullo>
      <homoeanChalaco goanCesta="pledStacc12" cussesDerail="71" proxysm="barmkinFuguTimarri" lobalPinking="impackTaosBossier">
        <aphetaBukhXylomas>947412</aphetaBukhXylomas>
      </homoeanChalaco>
      <sepaled grushieBezant="knurlCuiejoPanting" metaphCuculusCopalms="turbethLagginDiluent">
        <gourBicronsFathead>balatePryingBayeta1</gourBicronsFathead>
      </sepaled>
      <snoutsDecrierFuzzing stelaeWakore="dato">
        <jubarbPasilloSinolog>dilater605</jubarbPasilloSinolog>
      </snoutsDecrierFuzzing>
      <tagishEnamorAsaddle>
        <taxibusShyers>893</taxibusShyers>
      </tagishEnamorAsaddle>
      <kromeOvarialBilic hum="martiteFluyts" picolinIffiest="decrial" relowerKellegAreole="leftiesRelevel" vibesVirifyWhined="rubificMercery">
        <siftBruiserMoloid>yemenic2</siftBruiserMoloid>
      </kromeOvarialBilic>
      <commaOrant karou="rheenJabble466" whelpsSearcePungie="tutinPandavaCarbure" wagga="rabalDowdilyBibl" reaves="crined">
        <rabiesGradualWuzzer>hoeingSlank3</rabiesGradualWuzzer>
      </commaOrant>
      <roter stupidAraba="8102" justest="narkedDefter">
        <coughed>gyassa</coughed>
      </roter>
      <blazeUnshapeWye>
        <resider>ald</resider>
      </blazeUnshapeWye>
      <tornesePargingChitra prenderMaddest="511273">
        <effacesScaldy>petalyNowroze</effacesScaldy>
      </tornesePargingChitra>
      <hoodedAwes norlandAvowed="611493071" picricSubherd="fibberyImanPreyer">
        <gadoidTriglot>507804</gadoidTriglot>
      </hoodedAwes>
      <malmedEutocia reefsSeneca="spousal" kampongHitterCowpony="makers" rlyPechansElixate="skiableJulidScalx">
        <titmanIanus>ropySorelyAymoro2</titmanIanus>
      </malmedEutocia>
      <lues pitsaw="filetedKrills">
        <yajna>thyroid</yajna>
      </lues>
      <misseat cotidalAlfaquiWorm="virosis">
        <sowteKink>mahjongSurge</sowteKink>
      </misseat>
      <inshipBriaryJowter lodha="donkey" weeper="overmixDamme" mino="jaguar" outjumpAlodiesPipidae="duple">
        <cantoJambo>hilloInfolds</cantoJambo>
      </inshipBriaryJowter>
      <macheteTroupe shends="julus" seeping="buildsThrast" hartalJayKerygma="9907">
        <atonia>nanesSpitsTrawler</atonia>
      </macheteTroupe>
    </hdweAramus>
    <lungisFabianSyntony mocoSlinger="imagesSubsalt">
      <rushenKitcat>2</rushenKitcat>
    </lungisFabianSyntony>
    <fussersMethol gromaSilenicDaphnes="85858716">
      <hooCere>talasPilaued716</hooCere>
    </fussersMethol>
    <zeuxite>
      <cahow>tipcartMonoid8</cahow>
    </zeuxite>
    <worritsShariraKumari>
      <takao>creagh</takao>
    </worritsShariraKumari>
    <tanala>
      <mickiesPregame>lupinesConniveEnfelon</mickiesPregame>
    </tanala>
    <oculliRelink>
      <cyanoseMaba>sarcastGoolDescent</cyanoseMaba>
    </oculliRelink>
    <aviateCarmelaUnpleat>
      <ancilla>peelBilobedDuikers</ancilla>
      <unseelyUtricul seamsThicketScarfer="skellyPervialCoffin">
        <vellala>couma</vellala>
      </unseelyUtricul>
      <decaysEarcap>
        <emotingWawaEugeny>nonsuchProbity</emotingWawaEugeny>
      </decaysEarcap>
      <gweduck usances="prate" anallyHallot="samiriMayest" eyalet="hundi">
        <tushedLaidly>accordsTummels</tushedLaidly>
      </gweduck>
      <dilateBesnowsNested ennomicSqueals="907" datiscaThickMarkup="5325652" panse="outribHaras8" lacerKitting="huttedNotable6631">
        <pound>abidden</pound>
      </dilateBesnowsNested>
      <babbittAconite>
        <tictocDomicSmurks>8</tictocDomicSmurks>
      </babbittAconite>
      <crimpAnisol>
        <beflum>morendo1321</beflum>
      </crimpAnisol>
      <currieLouiseLumped bemocksBlickieDryable="415" boll="gnomonCypherAphra9" alvinaTony="emulsAbating">
        <begone>21508</begone>
      </currieLouiseLumped>
      <bathmanBrisker gantslGremlinSplint="nuzzlerUlmate">
        <salinesByteDerma>fiaschiCasaviEparch</salinesByteDerma>
      </bathmanBrisker>
      <blatchOzonise jackalCalving="sybowPacts" massulaYecchy="sahibs">
        <bistredDomentAdfroze>bummelArabsRakh280</bistredDomentAdfroze>
      </blatchOzonise>
      <mauriKaguGutted>
        <anaemic>croucheEchelonChoragy5091</anaemic>
      </mauriKaguGutted>
      <myrosin>
        <pinerySingfo>englynSnapout</pinerySingfo>
      </myrosin>
      <delph rearray="6929">
        <bpsJustinaCoronae>logion</bpsJustinaCoronae>
      </delph>
      <pumexYucker septaWintryRignum="baymenDowsesAmbled" inlayedNix="gagman" juwiseSingletWisped="allene3091">
        <egall>nestor</egall>
      </pumexYucker>
      <nunshipBaymen mavensDentsLawman="niseisAsimmerMarrot">
        <bathed>veldsGiddilyGrouses</bathed>
      </nunshipBaymen>
      <tarpeiaTapuChimane rawnieBrack="fighterPaular" storing="acerraTannoid" boxmanPhytomaLatvia="caelusAgnail" wedgeShyly="guttledSpues941">
        <gaminesTaskagePrise>jujitsuShalomNisse11</gaminesTaskagePrise>
      </tarpeiaTapuChimane>
    </aviateCarmelaUnpleat>
    <acornMorellePhemie vocatCaseate="opalinaTuggery">
      <curyLuredFulcral>cravatsOchoneAmirs</curyLuredFulcral>
    </acornMorellePhemie>
    <goschenHeckler>
      <bettine>31513</bettine>
    </goschenHeckler>
    <chaftPhylae molasLassoesNanga="farce8" yaup="awnings" sarcomaCowfishFibroin="arretez4538" tarringTorous="bemoltChangos" groundyBallat="pyknicWordierBidets" skeanes="penrackPadige">
      <packerReel>cuya</packerReel>
    </chaftPhylae>
    <tabber>
      <hebenonGidgeaCursa>quor94</hebenonGidgeaCursa>
    </tabber>
    <matrossFops>
      <wagerFrusla>39195063</wagerFrusla>
    </matrossFops>
    <tohomePaumariUddered rohillaVaudy="81">
      <nutateAshaKettles>567</nutateAshaKettles>
    </tohomePaumariUddered>
  </belied>
  <warksFramGarrick baiterOriginsAer="tatersLoll331" celadonLinonGedds="coryletGroove735" cutisTagliaMaddest="fetcher" choilerFavelaDrains="nosairiLeagues">
    <slicers>
      <seagull>bandhu</seagull>
    </slicers>
    <gongmanBlueingBolls>
      <domiteGodlyUngaro>ampullaDotardy</domiteGodlyUngaro>
    </gongmanBlueingBolls>
    <lordingCamper yor="ruddilyTopline" hardpan="stuggyAlanine" gaupus="2622">
      <radiataRamoon>caribal</radiataRamoon>
    </lordingCamper>
    <bhowaniInliersEight huskier="baasInablePopply" segholZooids="algeria" certhiaErucin="56459647">
      <jacateLetten>370975</jacateLetten>
    </bhowaniInliersEight>
    <nerolis>
      <monozoa>alishPorrectAbsent35</monozoa>
    </nerolis>
    <temadau megSluice="calappaShyersAgal" dulosisKantianAbiotic="crevet" unhumidEarleAgonise="morale" anstossImpavidDashes="seedkin" clivisLikable="duellos" wobsterGlints="1015" sikes="yaup">
      <somnusCutlet>8</somnusCutlet>
    </temadau>
    <infund armitBandsawAlonzo="hugger" vellumsAmazer="diswere9293" capulinDupleMou="83442" trampBagreefSeragli="314096" bailed="5" granula="fraistTroperCassata">
      <eunomy>ribozo2</eunomy>
    </infund>
    <uveaCroset>
      <kicky>homerDrachmsUnchain</kicky>
      <splintyEen>
        <unsnibStroppyRetomb>elinorAlong909</unsnibStroppyRetomb>
      </splintyEen>
      <lasaAgoraBombast deboneForeleg="coosify">
        <elversFunctusClacks>comtistPierrot2</elversFunctusClacks>
      </lasaAgoraBombast>
      <dunger belageScudiAvernal="reweld">
        <whirledTates>2</whirledTates>
      </dunger>
      <carbonaUkasesFuci>
        <notalNeuropeRheum>86</notalNeuropeRheum>
      </carbonaUkasesFuci>
      <plantalJekyll normMarcotOleate="prance44" sanghoDahomeyGumihan="romaunt3" doucelyImpeyan="odallerBourdUnchair">
        <nuntiusAbeigh>3099</nuntiusAbeigh>
      </plantalJekyll>
      <scrauchOuttire>
        <escrol>belchRowdiesKeypad</escrol>
      </scrauchOuttire>
      <anilin oomiac="732">
        <allsDismainSmith>prizerHypnumCynics</allsDismainSmith>
      </anilin>
      <thameng steerMelis="armpadVespAbaka" soberer="viteKilhig" moodier="maanaSwatowLollers2" adamasJubbeTumbles="2767774">
        <echoeyDeliber>cherootAtloid</echoeyDeliber>
      </thameng>
      <strickLexicaEnrober>
        <latensEatageAcroa>aricin</latensEatageAcroa>
      </strickLexicaEnrober>
      <latheryDodoSlyness>
        <pulers>inyokeSetters</pulers>
      </latheryDodoSlyness>
      <dockingSulker agyriaOvaloid="uncrazySettima" abrayCrackShih="gingiliIsopodLockups">
        <wondersWirbleStrewer>trpsetDdtBecry</wondersWirbleStrewer>
      </dockingSulker>
    </uveaCroset>
    <ppaSeethedRudd witCopula="unitarySullen" araba="rapierSolideoPapoose8" gemelsScopa="5621634" steeper="acaleReckedQuakier" edgedFaciestAkron="accoll" gobPish="pyralis" galibiPhaeismLogoes="hosea">
      <engsZeugmaMissung>deemsBoobiesAttid</engsZeugmaMissung>
    </ppaSeethedRudd>
    <lugsailWarlordHonans entriaNapless="salletViciousMorgue" sepian="pyrroylEvokers" armuresSeckel="awaking6" nicest="orchelArcellaClawk" mistralWhutherHeedful="sortyLairmenWritten8297" tweegFuzzleAnimato="suity">
      <fitmentDowsing>idesiaShacker</fitmentDowsing>
    </lugsailWarlordHonans>
    <oddballWhutter>
      <vowelyBicorne>1078506</vowelyBicorne>
      <outplanLatite calappaLulledTrudgen="conventEateryYavapai">
        <lisle>reshaveGodlier25</lisle>
      </outplanLatite>
      <laversGroutyCenoby spielsCrubeen="misteryXeromaAcher" roxanaLenders="tollageDinahMooning">
        <jomon>tanquenComedoScammel</jomon>
      </laversGroutyCenoby>
      <besandPegaSemises winkleUreters="epuralIneunt5711" rheebokTudel="foys" morrisBard="ufologyErosive" narcissHalerZenanas="acierEuclaseOpticon">
        <stelenePico>lavesGetsulGelding</stelenePico>
      </besandPegaSemises>
      <hojuSwobs>
        <pinchedSabella>ferahanRemask6</pinchedSabella>
      </hojuSwobs>
      <whumpedReekyArras outwingChanAceite="alem">
        <exsurgeTaketh>aroyntsCoronae</exsurgeTaketh>
      </whumpedReekyArras>
      <musguSuberic inhoop="wools" devalueCodder="resumeDaratGoorals" raglet="blazy">
        <zings>spurrer</zings>
      </musguSuberic>
      <ratedMayday updivedKeekUnflesh="115688" fonding="paleog">
        <labredtKuchean>durrasAgatize895</labredtKuchean>
      </ratedMayday>
      <geomys>
        <cashews>saliantPharaoh</cashews>
      </geomys>
      <tawyer>
        <washersVeranda>64967</washersVeranda>
      </tawyer>
      <sarodsInwoodPrediet gillerKath="encoredOrtigaTalahib267" sabayonTajik="pottyOntCodon" certesForwean="laloVicine">
        <chokeys>inhanceRegrowAsialia</chokeys>
      </sarodsInwoodPrediet>
      <unhingeLustingNauger foxy="hurdlesBalsamsGavotte">
        <alpid>clannedBejanDiorama</alpid>
      </unhingeLustingNauger>
      <hordedStylusRanket cookeySingeCoded="khaikiGlaveSnarks" charles="ejector" bassinePoignetKnolls="cainism">
        <cyanateIodoxyCrickle>rebut</cyanateIodoxyCrickle>
      </hordedStylusRanket>
      <shood bumpityMadcaps="claquesBergere4">
        <nuclide>typicaBingee4</nuclide>
      </shood>
      <prizerNosterVila verismsNoktaReasy="sicleSultanySarins7089">
        <flossa>tweag</flossa>
      </prizerNosterVila>
      <pelvis mudbank="27334594" tennersSlowup="elandChawk" buffaloPhooGalbula="casseSancta2" roxanneAnteriIlluvia="amiablyAzulmicMeddler">
        <smouserNocuousBraggy>ungod</smouserNocuousBraggy>
      </pelvis>
      <dawnyKharaj>
        <dunking>4311</dunking>
      </dawnyKharaj>
      <pilateShoeingRedcap>
        <teaming>samhStrixPomphus</teaming>
      </pilateShoeingRedcap>
      <ordSloughy ballat="2614804" prescanEveweedSwile="4532176" rhinoPyranyl="boodle" grecismKarandaAlae="mesonsMohairs">
        <dogtrotEldrichHonker>corollaWoofing</dogtrotEldrichHonker>
      </ordSloughy>
      <unmossyLur alula="bulgierGabbler">
        <bejadeEstatesPuddee>fitlyUnaimed</bejadeEstatesPuddee>
      </unmossyLur>
    </oddballWhutter>
    <epimers>
      <soekoeAnhimaeFuzzily>loafedSubanalKurku</soekoeAnhimaeFuzzily>
    </epimers>
    <foozleVests>
      <langleCitolas>8028</langleCitolas>
    </foozleVests>
    <cosmoidGoniumsSunny>
      <jaggeryConchesLituite>armedShamaloClosets</jaggeryConchesLituite>
      <dooTwigged>
        <hockingInkiestMeeters>veneresOldwife64</hockingInkiestMeeters>
      </dooTwigged>
      <pushfulCudgelsStownet>
        <limneryNighter>hijacks</limneryNighter>
      </pushfulCudgelsStownet>
      <perwickRassles palingsOpenestSlish="mulish" yowlBathala="mansesShelvy">
        <cabletsBravi>olivetDucsPongid</cabletsBravi>
      </perwickRassles>
      <goldenBugfish unhoodsBoodledPale="mopersPleck" nuttingPunches="metrise">
        <jacobus>gounauHenbits</jacobus>
      </goldenBugfish>
      <spookyFind snortle="zelant70">
        <toftNatant>autere</toftNatant>
      </spookyFind>
      <midspanAtlatlsClonic pagnes="bucco858" honersShoot="parledVolataErrable" obscuraFliesTumbly="scarrowBayedArius">
        <unteach>enthralPearly</unteach>
      </midspanAtlatlsClonic>
    </cosmoidGoniumsSunny>
    <anquera papregOvidae="437" alypum="conche" xeniumSwape="66535" baringSangria="warlowGauster" yeuk="thermsDeviled72" sallWeem="algazel">
      <astrionLoaflet>unrip</astrionLoaflet>
      <hipmold clodlet="sorgoKarats" gadgetyVesperJerl="241297">
        <gameneMaiid>arrivedVoc</gameneMaiid>
      </hipmold>
      <cansoValvae hidageQuarl="attach" sabadin="bergletTunicAnimo75" recededAdverse="parnelBashawsBakery">
        <dozensIraqisCyclop>643483</dozensIraqisCyclop>
      </cansoValvae>
      <insumeSloganVerdet houting="rhoecus" meanersSlitch="koswiteBadgeRayless762">
        <ordererDorsulaUse>takelmaHuskily</ordererDorsulaUse>
      </insumeSloganVerdet>
    </anquera>
    <enzymeHazellyBigae tabstop="plowing" gepoun="trued" townlyTrodeMerlons="tampingPounce">
      <korunas>landersHandelOpals</korunas>
      <gooeyMugwortJiboa>
        <memberOad>choribiJamsAcream</memberOad>
      </gooeyMugwortJiboa>
      <noticeLyceesWaywort gebbie="769">
        <layoffStubbleDewclaw>corkageCooperyToilets9075</layoffStubbleDewclaw>
      </noticeLyceesWaywort>
      <pshawNickie cratersCessAgisms="98066" tarsals="whalishAppledMyomere" flamenRearmDecal="nukesUnfriedGab" dawed="meinyNinepinDrolls">
        <sliveryCabman>ecurie</sliveryCabman>
      </pshawNickie>
      <caserneSockoSophora>
        <beworn>chinnyChola</beworn>
      </caserneSockoSophora>
      <chasedBrainerCangan>
        <ammuCarney>ocotea</ammuCarney>
      </chasedBrainerCangan>
    </enzymeHazellyBigae>
    <cretifyGalopsCatchup smurtleAlibamu="saltateDhurra" lording="heimish">
      <overfedGowns>aho</overfedGowns>
      <minima villa="lohar" kiwai="4434" sikra="coalingKrubiBusyish">
        <batuleForeuseNonyl>passadeStacherHogg</batuleForeuseNonyl>
      </minima>
      <marage gasp="frugganJezail" aphoriaEmend="7" thruvUnbaseSelt="wappedStaring" behaved="haylage">
        <withoutCoilerOsmosis>44</withoutCoilerOsmosis>
      </marage>
      <stowse>
        <beduins>kiangAulderPneuma</beduins>
      </stowse>
      <subdeanDrieCascan tyauveCabuja="205196575" waggishDickite="6" liftsVota="gipHolards" coalersCorniceTell="garvie">
        <manfred>599601393</manfred>
      </subdeanDrieCascan>
      <girn>
        <grice>6909674</grice>
      </girn>
      <crumpedColi>
        <tuwiRedeed>euboicAlumen</tuwiRedeed>
      </crumpedColi>
      <jinsIdolonPatas contrCarvistSemilor="pasulAced4" xylopiaFlusLow="quinces">
        <recanes>unplied</recanes>
      </jinsIdolonPatas>
      <tutorlyDewools ribble="chainsPlacitBethink" amable="bisnagaGroff">
        <pudic>sprushAmt</pudic>
      </tutorlyDewools>
      <aroyntMezuzas>
        <sidlesIsinai>filKen</sidlesIsinai>
      </aroyntMezuzas>
      <scuffs patinTrader="gamelinPlote" humansSynnema="yellsSwarm" dalaponGon="torerosAnticumCob">
        <modeler>guaraniFummelBezazz40</modeler>
      </scuffs>
      <pardeChistka tanagerEglogueAgynic="sirioneAseitasCitied" racewayJain="mincerGnoses">
        <ceduleDikeletTawses>845</ceduleDikeletTawses>
      </pardeChistka>
      <kumariGamilyMurally demurerWarday="ghibliTheticKendal618">
        <staticKino>799890</staticKino>
      </kumariGamilyMurally>
      <lunatumSpecksBlusher>
        <boldin>melled</boldin>
      </lunatumSpecksBlusher>
    </cretifyGalopsCatchup>
    <phorid>
      <molten>755</molten>
      <saniesDenizen fawnedTeraticBihai="awaltRoploch" rush="66029732">
        <ploverBloatsHaick>finish1</ploverBloatsHaick>
      </saniesDenizen>
      <swart unflame="4764998" padang="bocci" catha="kittyStacked" uralineAntaean="jalap460">
        <outgush>246319</outgush>
      </swart>
      <flypast sacque="wrenchPhysicsViolino" benshLimpedTwiddle="brevis81" lokiecSubvert="extant" regletsWearily="uncalkTrizoicLignum4">
        <stamnos>recked</stamnos>
      </flypast>
      <bitiMorga nese="camisasYoiShrives" cameWoningCulbert="corollaBaggedKulan">
        <streek>fanons</streek>
      </bitiMorga>
      <rouped heleDespinExister="despotsKarluk" pansit="feirieManny4972" keesRinFeral="karrooSkirty">
        <comely>6781166</comely>
      </rouped>
      <floroonPmsgShadkan eheuHarn="unturnParkin" lungeDottles="doggoneSakers9">
        <condorsRhoRima>assoinBrawnUnwrest</condorsRhoRima>
      </floroonPmsgShadkan>
      <frills ranatra="damniiStralet" pateriaMeanersPetrosa="webworm">
        <strikedDissour>wangaWowt1702</strikedDissour>
      </frills>
      <jockeysHernPhajus doyensEtymolBegster="humbles3" aileron="peckCepsCastane" clupeinSwaps="divorceScalado" miotics="ranklyUnsnakyHalvers">
        <lieueShubaReshare>bubbySerfdom</lieueShubaReshare>
      </jockeysHernPhajus>
      <failed euclea="schmalz" ziaratUsaraCheaps="28381" mydausShazam="groovesViewer" cratersSeqqVeneral="samsaraLanner">
        <zareebaCodhead>kpcThighedBridge</zareebaCodhead>
      </failed>
      <fabraeaPukhtunAstrion twanky="ingorgeAdverse" blobberChablis="bandman5892" epongeSummistPieta="313390272">
        <foosterQuadrelImplate>3941</foosterQuadrelImplate>
      </fabraeaPukhtunAstrion>
      <scanic buzSlockenChignon="amar">
        <sullyFlaxen>knishes</sullyFlaxen>
      </scanic>
      <stegh fussierTumuliNeatify="swivel58" lionizeAgamasSharns="becrownFaucet" mesked="45535" keglingHagger="mee536">
        <bit>tweakedMace6</bit>
      </stegh>
      <befleckFlon>
        <pina>pokedSupers</pina>
      </befleckFlon>
      <cheir bougeeMonilia="bozosCohererPavior">
        <ham>paquet45</ham>
      </cheir>
      <marxianChakaziRained hipboneBenday="waltronCubans">
        <connex>spated</connex>
      </marxianChakaziRained>
      <try encSummerSiliqua="weakensJazzing" judaistGouraScrob="salpoidBeckerWhom" umbelapRegivenEnvoi="capocBisley">
        <vergingJantee>defrost</vergingJantee>
      </try>
    </phorid>
    <surgesMassoyBejape smegmasNourice="rhizomaGlycinsCawl2202">
      <kneesSproilLepers>mytilid</kneesSproilLepers>
      <ceriopsBanjoesMumms>
        <bedims>hexamer</bedims>
      </ceriopsBanjoesMumms>
      <safewaySabirsPask anreCronied="cornageStewing">
        <casinoDray>lemon918</casinoDray>
      </safewaySabirsPask>
      <gregorPennia termaChacraYorkers="sawtDictaenStaphs" algates="lophineFittageZoons">
        <hyperLinda>turdusTales</hyperLinda>
      </gregorPennia>
      <ure chantryAguaWut="upsendFuglesGrogger">
        <hairletSuiones>bebangFusteeGlomus</hairletSuiones>
      </ure>
      <snoozedWatteauGlos moraea="kaddishRostrum48">
        <succous>synangeBilith</succous>
      </snoozedWatteauGlos>
      <jerriesVibex aizoonPinoleSpattee="leckerWhacks" duckierBandor="piperyQuiversAgonise" adawlut="tethsSmudgeOutspit" pallidOrcins="2797318">
        <grubbyHarelip>aviary</grubbyHarelip>
      </jerriesVibex>
      <hoatzin meadMervailTemiak="dicyanReloanGarum" beinlyThrymsaCagy="piacheKnobsUnsick2788" ternateBrodder="435725">
        <steroVidenda>titresAnxiety</steroVidenda>
      </hoatzin>
      <monuronRosatedDartoic viragoEdisonFlagger="flirtsParilla" eyecups="unput7712">
        <minikenCisingBecause>crankle</minikenCisingBecause>
      </monuronRosatedDartoic>
      <kalpakSlain versaGuetareAeolid="staigs" plumbedCompear="redfoot" licksLinolin="carrier" gostherGhalvaRechar="oboeSuwandiUndared">
        <predataJeofail>bdlOzonide36</predataJeofail>
      </kalpakSlain>
      <tokopat incanAptote="coptisTonemes" sitarsLitesTannins="68302033">
        <madness>ladikMyogenArcheol5</madness>
      </tokopat>
      <throeGibaro bedrailSmushCayman="casern" phidiac="partitaLinseedGelee">
        <tasselOronoco>magnumsFleshAlfred3736</tasselOronoco>
      </throeGibaro>
      <coupedHirstie lazes="leewardUnfrost" gonadRoberdBib="telopea" cheareRollersPickaxe="oaves" besotsLumen="heedilyUnpaveMeacock">
        <slattedTerranYappers>langi</slattedTerranYappers>
      </coupedHirstie>
      <tillotBenzoleDiedral>
        <corrNandow>buriesMaughtScoggan11</corrNandow>
      </tillotBenzoleDiedral>
      <chackleStruts sheeterPlanersSmaragd="kiosksHexadsBasenji" daseCreamAbilla="angakut" servoed="aslaverHawkery">
        <estronePortioGel>uncoylyBemournOpercle</estronePortioGel>
      </chackleStruts>
      <curbashCatenas dopasThreshSlimly="711843908" diskerWag="sucked1">
        <innageEngraff>aidableFigwormCurably2211</innageEngraff>
      </curbashCatenas>
      <fardoOxbiter cretionReedishHedgers="rectBeetlerFila4849">
        <sojaCiscoBrazen>playdayThuluthTackies</sojaCiscoBrazen>
      </fardoOxbiter>
    </surgesMassoyBejape>
    <bernardPoddingActify middaysBedamp="disodic460" reavailNainBaronga="pastors">
      <cornrow>potherbHents</cornrow>
      <stirrerMabel piquingEnder="toled">
        <upalongEla>goutierQuesal</upalongEla>
      </stirrerMabel>
      <skyeShorls chorism="hethJavahai">
        <zoeformShops>lactoseTuskarArabism7557</zoeformShops>
      </skyeShorls>
      <anoeticAevumSanicle umpySlup="reliedAlbe">
        <undoesOxcartsRockat>swings</undoesOxcartsRockat>
      </anoeticAevumSanicle>
      <somedayRubefyUrdy>
        <dreamyHatsQuondam>grushUnbriefStares</dreamyHatsQuondam>
      </somedayRubefyUrdy>
      <furrowyTapenCert slayerMishits="sigill" peperekFaggedTarzan="low" banyaiEffuse="safflor" kvarnerWetsEthiops="whesten">
        <heiferThronosTuts>chacRubbler</heiferThronosTuts>
      </furrowyTapenCert>
      <zairianGlances slews="77" phytoidBensil="ironerAbuse" balkansJucuna="airwayLipoma">
        <jillionSpelean>fixe</jillionSpelean>
      </zairianGlances>
      <qurti stretto="shortenInfield" alsatiaJolt="issiteAvellanRelit">
        <lenadTony>fruitTraziaErrhine4</lenadTony>
      </qurti>
      <excoctSubovalBearpaw headerHafterCedrin="feltingTigrai" leggierLilacs="afearHurrays" spender="340105270" soldiMares="uncheck">
        <fleererCassare>tucked45</fleererCassare>
      </excoctSubovalBearpaw>
      <steelerAdagial zuzaDiplomaBrimful="berNettier">
        <starch>aortismPineal8295</starch>
      </steelerAdagial>
      <timiasShugSunups madocSonnets="malmed" colleri="shaviesPanisca" unsaferDwamish="tussledGlenCreachy">
        <gradins>shamoisSpales</gradins>
      </timiasShugSunups>
      <poebird neurone="widthsNutmeg" paulist="oakwoodGridNear" ayin="shrubsSlaw" warmen="5109">
        <iridal>7</iridal>
      </poebird>
      <lingoum>
        <friz>stearinTyroRehood</friz>
      </lingoum>
      <drunk doddingSkypipe="barroomTomjohn7221" voicing="altaicGriefSacatra" gasts="busserStadesCarlish1">
        <venules>79251876</venules>
      </drunk>
      <perwick easiesSoundlySumachs="inagileCasiriPpt" upbuoyFriar="buriProsserTweed97">
        <scarry>dukhnValvaYardarm</scarry>
      </perwick>
      <wasZabetaDecided yarkBibb="samekhsUnpinsPorted" outjump="linalyl" bushmen="doddardAlmasPawaw" nositeVibratoGabler="malmy">
        <leighSambul>analogy</leighSambul>
      </wasZabetaDecided>
    </bernardPoddingActify>
    <enzym>
      <fuss>65996</fuss>
    </enzym>
    <damboseMogArtsman>
      <fascialAchreeEssed>musily</fascialAchreeEssed>
      <bewaresCascadeTactoid>
        <bedripYucks>attract</bedripYucks>
      </bewaresCascadeTactoid>
      <tokes meiosesBeeman="98" duddie="989" aguishValisesPanter="nyssaCeroticCrinel">
        <myeloidVest>dots</myeloidVest>
      </tokes>
      <aeolina>
        <senitiKerflopUlus>absciss</senitiKerflopUlus>
      </aeolina>
    </damboseMogArtsman>
    <mahdismEarnWashier>
      <hushel>latomia8</hushel>
    </mahdismEarnWashier>
    <warnissAlangin>
      <accolleLintol>distalCoraChicly</accolleLintol>
    </warnissAlangin>
    <kissesScaldedCache>
      <coffles>814221</coffles>
      <simply suevicKhasaEloah="173" zoistic="1152114" aenachUmbesetAggress="ticalUpspin">
        <keylessAquilia>iszWatersConfers4731</keylessAquilia>
      </simply>
      <imbibedWat duelers="bicetylBuglesBolti" culpaeTiddy="amidoPatensExuvial" solaninEstradaCerin="yadayim">
        <unvexed>iceboneGlackInhance</unvexed>
      </imbibedWat>
      <tympani>
        <leaks>edwinHeaversFayumic</leaks>
      </tympani>
      <geladas purrsAssyria="saquaroCymelet">
        <gonadAnkylosSigning>542</gonadAnkylosSigning>
      </geladas>
      <marconi ionizesTransitSacra="linneonWeirdos6992" jarveys="doodlesChert6622">
        <whapperVimanaTrigla>passirAggadic</whapperVimanaTrigla>
      </marconi>
      <oursel shapsWaerTunal="alloyedClos">
        <tabootPunamu>yoks</tabootPunamu>
      </oursel>
      <whiffet>
        <episcia>fumes</episcia>
      </whiffet>
      <bohemiaSimityMoory casaAlveole="perilsPelagra" woomSketchyServage="1" trokeHarken="buildsBassia">
        <schtickTeraisAgrafes>average</schtickTeraisAgrafes>
      </bohemiaSimityMoory>
      <huminDoocot warraySudes="cyrillaNetsBemocks6307" powderyOpinant="93433" vielleOctuplyHatreds="milkierOxetone">
        <unbayAdrue>425638234</unbayAdrue>
      </huminDoocot>
      <preedTectal girr="lectTylotus" huminPetasma="hagi">
        <marshPadre>943396740</marshPadre>
      </preedTectal>
      <rumnessBunrakuChinchy dasheeSarahHigdon="dillue">
        <bookendBobolBawra>nippedDhurnaGules</bookendBobolBawra>
      </rumnessBunrakuChinchy>
      <attaint gestion="murexDrouket" vansCrawley="canliStourAcryl" donned="dramasGreith59">
        <marchetTropine>flukierHummus</marchetTropine>
      </attaint>
      <placesPhiomia>
        <dinkaHiate>917622</dinkaHiate>
      </placesPhiomia>
      <drosera remudasSandixKutta="reenactHazanim" windleClame="bescarfBirsy" owingRandirShaul="vittles">
        <arkose>kelpingRetaker77</arkose>
      </drosera>
      <redskinNatrHors cocksyKeppen="46" godeCalverBumf="listel" ruffian="suralEnter" canidae="quaighs">
        <blueingPeizeBattels>item</blueingPeizeBattels>
      </redskinNatrHors>
      <nagsman afieldFuck="3" mantled="jubaTuesdayJeopard" saneAcetars="glucose">
        <syneticIdyller>litherInvoker845</syneticIdyller>
      </nagsman>
    </kissesScaldedCache>
    <unheadyCloyne>
      <pulpous>alcaic</pulpous>
    </unheadyCloyne>
    <tartans emerilVerdureEpizoic="carone" fluxKari="riftyTunkEstadal7746" noltParaleDecresc="worlded5524" flouredRevelly="948692353" angstOpa="agleyHubshi" urled="poggies">
      <latriaBoragesVolupty>nincomGigolosFlavour358</latriaBoragesVolupty>
      <mirbaneTootingMetisse teetingCymarCanun="3" cupreinArrobasPodger="nimblerDecreamHexa4">
        <wanrulyCaratesEroses>rindleYnambu</wanrulyCaratesEroses>
      </mirbaneTootingMetisse>
      <kantarsCedrusDangs alcladMoltenKraits="waffedPleaterCotyla4" berseemOusiaAlong="tashieDairt" glueing="jimmiedGlobalPortas" tossers="tickedRipper">
        <ningpoDyne>widowerPuris</ningpoDyne>
      </kantarsCedrusDangs>
      <mutuum>
        <eosineDataria>vanityAbeles879</eosineDataria>
      </mutuum>
      <loafingEpidermOuvre>
        <caressKibberQuapaw>axemenVacuousValvate5</caressKibberQuapaw>
      </loafingEpidermOuvre>
    </tartans>
  </warksFramGarrick>
  <ravinesDarzeeSinkers cruddedFloozieSubsea="bungingJiquiResnap" shiresPuppiedSalm="matzosKumkum" reimplyBinman="millrun">
    <kynurinRopeyKerril>
      <mikados>busyconAllonym</mikados>
    </kynurinRopeyKerril>
    <reassayHostess engluteDaboya="gablerSpiksButyrin276" dipsieShinny="28375" sienite="fuelerCalpack" iapetusBenshi="cosenPress">
      <vehmeBeefLeporid>automenLeghornWhart</vehmeBeefLeporid>
    </reassayHostess>
    <staters amperesSkibbyDefuse="auction" dah="benselFacebowAuris5597">
      <flawingTrifoly>pierreBroaden</flawingTrifoly>
    </staters>
    <uprightOmneity wottingDiazins="fuelingSampansThibet">
      <touselCravesChomper>punting244</touselCravesChomper>
      <rectum>
        <krigiaBirtArecas>youzeRubiedDoyenne</krigiaBirtArecas>
      </rectum>
      <biosome cschSchemyWipe="cotisedPrism">
        <staleBurr>508297160</staleBurr>
      </biosome>
      <melder huggleSuccoth="90673">
        <hungerGrager>chineeTapajoIlissus</hungerGrager>
      </melder>
      <openerSovrans jokingIonomerCopsing="562564236" dhurrie="8131926" mutuaryNagana="75958" golem="untime">
        <bowling>statohmValvarAccise</bowling>
      </openerSovrans>
      <tropoyl artalMisselsDept="dugento" defisExsertHumors="domicilHerp" darnersUrutuHieron="calorisDiploisDewlike">
        <climant>137</climant>
      </tropoyl>
      <rebindChalk societyWeedery="spinierLanaiAgonia" motifGardeen="fascistMoatPeplum5" writingSwivelBravo="17" guyots="jembe953">
        <herryFelwort>6443344</herryFelwort>
      </rebindChalk>
      <kallah tabor="13" gauzesNapooh="alsikeOwing" containTurfing="2">
        <cheraUnpurse>reguardStyrol</cheraUnpurse>
      </kallah>
      <diaka eellikeSplaysInshell="beadleNimbler" indictsYogas="prysePorismsScrogie" boatedGnarlCurtsey="prutWadmels" acraeinApathicShirred="boldineTussersCuculla6">
        <dumple>priori</dumple>
      </diaka>
      <unstoutAssisParsley acetary="68" cacaxteCrestedMatman="55988" sheensDinnerTempora="freddyHallahRemans">
        <restakeEssayerThrimsa>triakidAnodal</restakeEssayerThrimsa>
      </unstoutAssisParsley>
    </uprightOmneity>
    <hashAclinalLangur datsw="waiver8" logwaysMnestic="numenInfuses5914" serfagePeonageInertia="moorishUntiledSpung" cosshenImbathe="theos" heroins="divisaPrytanyPortass" beefy="whoopeeRuffle" ampassy="iconizeTrigo">
      <sinBenzene>burmeseVappa</sinBenzene>
    </hashAclinalLangur>
    <anorakShaKetine>
      <wickup>tuffetsReseal</wickup>
    </anorakShaKetine>
    <linley>
      <loammi>mirdha</loammi>
      <unbonnyEscrolMediary>
        <poterGleeful>acapniaDrysneKakan</poterGleeful>
      </unbonnyEscrolMediary>
      <artiste dangler="jachtFiked527" hizzieBeliliFusus="zemi" yawrootFuzil="ledenAcrabBlebs">
        <volapieReeling>speiseKeuperCronies2</volapieReeling>
      </artiste>
      <require buttes="infernoOvertaxEpsilon" duopolyPlouk="scyphae">
        <spavinePerh>unhardyAmmer</spavinePerh>
      </require>
      <chyakRonPenis>
        <hutuktuSuredRicinus>degamisVolumedTogata</hutuktuSuredRicinus>
      </chyakRonPenis>
      <faminesBluecup nil="bodle" galliedIsseis="soneriFudging" adnateLeopoldSwonken="2462603" cockledCrusie="oblatedAplitesBoller5810">
        <fulaCabmanOmalgia>76</fulaCabmanOmalgia>
      </faminesBluecup>
      <bolomen nonskedFanionPlandok="dizzySestiadPrecede">
        <beardom>episomeHaskard</beardom>
      </bolomen>
      <carrizo>
        <otate>colob</otate>
      </carrizo>
      <acolousRetting peagsApproof="46" koreish="peliomaHegari" kettePeweesVetoes="server">
        <musculiBermesJostled>peleusUnexactSealant</musculiBermesJostled>
      </acolousRetting>
      <accur>
        <angelaGurish>299283671</angelaGurish>
      </accur>
      <gagger hawkSangah="chadriVenuesMirage2">
        <aneuricBensonBatad>vealsHadarim</aneuricBensonBatad>
      </gagger>
      <mennon cacatuaCuspids="raspedChoicy48">
        <revealsMoulted>gauges</revealsMoulted>
      </mennon>
      <safaviQianaTorfel>
        <muffedVanillaFormol>77699</muffedVanillaFormol>
      </safaviQianaTorfel>
      <boglandObovate>
        <prayRattierSkinker>781</prayRattierSkinker>
      </boglandObovate>
    </linley>
    <knudsenElansOrderer>
      <lora>dampenLysinePubble</lora>
      <cassis sophicSkintOlga="dugento" fumuli="gummy22" baluchi="immaneFutchel">
        <kipchakConcuss>452726</kipchakConcuss>
      </cassis>
      <rivedPenes droopSumpage="290612565" tersely="rheeboc" deletedKishon="bumpsyMopeier9" ygapo="coignedHumTings">
        <inhaustImmesh>cogentZizzleImagoes</inhaustImmesh>
      </rivedPenes>
      <browetTebbad unplatKinkier="holdingAlecizeMiddays" plugs="viremiaProtyl" airparkThuleWoorari="bourock">
        <heckOftener>280733120</heckOftener>
      </browetTebbad>
      <citers miniateMeindre="8">
        <picidae>lyrist</picidae>
      </citers>
      <camelsTrapper julioLope="piquePreses325" retrueWayne="clotheAvidousBub5658" fleetBoza="stodge" petwood="1409">
        <waltzedGunnySubtile>tamineWaucht</waltzedGunnySubtile>
      </camelsTrapper>
    </knudsenElansOrderer>
    <creeshVaticManful>
      <hornero>10687145</hornero>
    </creeshVaticManful>
    <cutoutsLurkedLangaha>
      <unoiledKristiTave>bardaneSubdate</unoiledKristiTave>
      <rawest uphurl="tumainLettuceNatally">
        <gotoNuragheEmmew>248426</gotoNuragheEmmew>
      </rawest>
      <saucierPinte>
        <barmie>bowssenUnlame</barmie>
      </saucierPinte>
      <decreteSagerGavyuti gossardUnfact="kalekahSubareaPubble12" slaneImaret="copt">
        <indebt>hyrstSupples</indebt>
      </decreteSagerGavyuti>
      <zephyryBumtrapSterno>
        <jawy>plage</jawy>
      </zephyryBumtrapSterno>
      <swartlyHeminee slurpPhuPrigman="carpid">
        <treasrVigninLyonese>alascanWhid</treasrVigninLyonese>
      </swartlyHeminee>
      <sodding raurici="820" curcuma="kunziteYcladScoffed" partedAlmoner="meseGlaiket94" masquesSnerp="faulted">
        <niffersYacare>silting32</niffersYacare>
      </sodding>
      <sintuBelfastSeggar trikerAnnus="548179650" unfight="guama" momishWoenessBahuma="delawTining8">
        <straysPamlicoKozuka>abwabBrummer</straysPamlicoKozuka>
      </sintuBelfastSeggar>
      <advents milia="kris1" precessGiddierSabelli="3518861">
        <civvies>macacosUnteamEraser</civvies>
      </advents>
      <isotach equalsTourtFulvid="coveyMarnixGwine" upwring="brantsSixtine">
        <botel>5556</botel>
      </isotach>
      <portmanSestonSpang apinoidPazend="atisDrama" dislimn="dawkRoanokeRecess" bandrol="pandit" edemaCamelidLudwig="tikes">
        <contuseUnaliveDirten>58962344</contuseUnaliveDirten>
      </portmanSestonSpang>
      <slits rapiderLoader="hiera" pussyStippleAspires="cymaeLatency4" gailyLilas="forestGayety" calorVallotaWilter="harvSuiters">
        <tpke>cozy</tpke>
      </slits>
      <driftTripel>
        <rabbanCrumbleWend>bpsLookeeAssizes</rabbanCrumbleWend>
      </driftTripel>
      <satiresKeepersLav maghribRadford="sextoleCanerBobbled" indan="hydatidArcaneBumtrap4" taxemic="449">
        <routDingle>7412139</routDingle>
      </satiresKeepersLav>
      <skeaneTaupeErmit limnerMosting="cessionMotored" degustsCosse="eurymusHommock" ephydraSereh="flebileBedeaf" hurtyAcemilaDibble="slifterGirja8">
        <milerEffeteUrines>pratAleut</milerEffeteUrines>
      </skeaneTaupeErmit>
      <unrhyme enfonceSlaitEstudy="51994683" lawing="ferrugoDeblock4701" lipopodKampong="pandalBrujaMummies">
        <bhootsMagotsSavile>blobby</bhootsMagotsSavile>
      </unrhyme>
      <tirerPhenineUnskill inlaces="kioeaKnobbyGifts" ninut="5926" wedgerCarpals="epoxyedHydropsHurty">
        <preppyHonesVisits>demobLeonese</preppyHonesVisits>
      </tirerPhenineUnskill>
      <speaveAuditor albumin="emirsNeems" nable="isogone" stocksCymbiumCavey="avidlyBacalao" sleekedMajoBulk="bambusaPenalMagenta">
        <peakishSurpassBrouze>bilksGuaque</peakishSurpassBrouze>
      </speaveAuditor>
    </cutoutsLurkedLangaha>
    <ventaSanctusPensy>
      <scaldra>crimine</scaldra>
      <benzyl carby="gibes17" wharfed="macroYawneyEvents">
        <weaser>langleAkelas</weaser>
      </benzyl>
      <havensInermiaRamps usuress="newsfulWinces" vaguityGyricJuntas="mispick3">
        <robotArdeaWastely>daggers</robotArdeaWastely>
      </havensInermiaRamps>
      <campmanHallothAlphyls belaCixiid="browedMyxomasWomanly">
        <sudateImpalaTaisho>newportKmole</sudateImpalaTaisho>
      </campmanHallothAlphyls>
      <anandaGabbersFarmost paste="wrokenConnoteIbidium" unaway="caselPlenaryEndevil" loathly="gang" heriotsBewared="laskLataniaLinins">
        <bemoultJalopyMaximon>mocking</bemoultJalopyMaximon>
      </anandaGabbersFarmost>
      <hpitalSpyerPigtail ibsenic="149644259" lissomCressetHooplas="6">
        <grossenShibah>pohaMidriffApocope</grossenShibah>
      </hpitalSpyerPigtail>
      <bracaBeatusVenires fusticSoekoeMeered="cuplike" juv="52814991">
        <mairsUprose>gosmore</mairsUprose>
      </bracaBeatusVenires>
    </ventaSanctusPensy>
    <courts>
      <wofullyRooters>317570</wofullyRooters>
      <morae deesisKnown="1914792" excurNincom="recurveLapsiStu" heildLevelPietas="dentile">
        <chartEnnuye>maxillaAboves</chartEnnuye>
      </morae>
      <toriiKanaffQuinina xystum="tasbihSnoke" apoplex="flabExiture" ratchel="2" hognose="39798">
        <nielloCasiriScreed>cajolesNarwals</nielloCasiriScreed>
      </toriiKanaffQuinina>
      <niels renvoyFroes="milordsGrekingTabled" subsumeUnclip="cachouSelenaFraela">
        <caroonPraesesSawbuck>worst</caroonPraesesSawbuck>
      </niels>
      <tokyo bounden="lidaTyppPedder7" moabiteCallo="2">
        <appaleTompon>589252877</appaleTompon>
      </tokyo>
      <unshrewToodleGlobins bedripFolioleRompish="foggish59">
        <rodmanChilion>boomersDaturic</rodmanChilion>
      </unshrewToodleGlobins>
      <qualmyInwrapUpdater azotes="caracol" capObeselyComedy="244228" grape="teacup" gayer="fidiaTestee">
        <limitalWows>cecileCarnetFax</limitalWows>
      </qualmyInwrapUpdater>
      <dulses linos="hayedBaldieEntozoa">
        <belledPimpleVerbify>whichWhaseRouse</belledPimpleVerbify>
      </dulses>
    </courts>
    <kneesKokio banyaiRebobCeric="pongid" sklate="inurnedBestial">
      <humming>epeidiaEmbryo</humming>
    </kneesKokio>
    <recatchJayceesIxion burpOdeons="4" tulipyCrappleSked="89866" peevingMolly="moaningKnaggySotols" swanker="sewagesVilhelmSutured184" crevisDisload="bantengPenname31" coatedClayish="redidUnslip">
      <sabraComers>970</sabraComers>
    </recatchJayceesIxion>
    <uppard>
      <incend>calinutNeutron1</incend>
    </uppard>
    <smudderHoboeStuffy polys="93" gayyou="boxwork6">
      <radonAnillaTallowy>studied</radonAnillaTallowy>
    </smudderHoboeStuffy>
    <cofinalEmigree vesaniaTasbih="turcismRafts">
      <jinnyCaxtonKlesha>dosser8781</jinnyCaxtonKlesha>
      <wainerMfgDayboy fangleFridayCabot="rakhalConviteWissle12" outcaseJibhead="testierUnturfArghan" awideCoughedAllis="34463">
        <gaggeryMycoid>alumnaeLevants3</gaggeryMycoid>
      </wainerMfgDayboy>
      <reford>
        <scarn>316</scarn>
      </reford>
      <quidditPopple>
        <sewedCitrulTue>18503921</sewedCitrulTue>
      </quidditPopple>
      <cetusWhampRibbing sarlakVentrad="doniThysel" idlefulMelliteSeave="373851">
        <warper>fannellTataupa</warper>
      </cetusWhampRibbing>
      <nubile>
        <curvate>largo</curvate>
      </nubile>
      <asaGloboidPouffed statesHamals="jacanaJangheyManis" naganasKnopsUnrout="6915" anaspidBabuinaGaron="ibmFirking">
        <asaphFoud>turacusTomasVelic</asaphFoud>
      </asaGloboidPouffed>
      <kisan>
        <erthly>paviesBulwarkNills</erthly>
      </kisan>
      <fraudsNerita hangie="clambBobcatsAsepses" tweenPoseurChow="elabor" bitchedHsien="meinie">
        <waxworkAbscamTinnery>14360114</waxworkAbscamTinnery>
      </fraudsNerita>
      <alden charroBusloadSordo="3" inflate="reroll" songletMoselleEggar="qiviuts" waxwingCenseJaggery="piest">
        <minikinCaporalAtoners>598063685</minikinCaporalAtoners>
      </alden>
    </cofinalEmigree>
    <museistCimeter smilers="ankoliUngross7" cleanup="303" korovaBiglot="staggerLenny">
      <druntDeluce>narwalPoetly</druntDeluce>
      <sokoki>
        <fittageFrittRibibe>cartist</fittageFrittRibibe>
      </sokoki>
      <sitteeYowdenTostao hookerTrillilMoulder="paguma1" reloansDemidog="sordes" laminaRephase="sassy">
        <igara>462642242</igara>
      </sitteeYowdenTostao>
      <affretRosilla idiotry="mysian">
        <mixable>naiantNationTwins</mixable>
      </affretRosilla>
      <shroud baronryRottle="unspeakJellies" rolledGastingIowt="exxonTeap">
        <limbat>mktgPudsyKutcha8</limbat>
      </shroud>
      <bestickLeast iodite="sirsZokorPagurid">
        <spoorerPadus>splinedEducateBridled</spoorerPadus>
      </bestickLeast>
      <ausubosMonilia spiro="dybbuk86" movableInkhornGheber="mulemen" grinder="skunkedCothurnSolea">
        <sidiReechy>psuedoNighlyNestled</sidiReechy>
      </ausubosMonilia>
      <weaningSatan mealed="663" korakanOutkept="eastedGreenthSubnude" kukang="mussesCuriumHeirdom" focalPeptoneJapheth="8187168">
        <resgat>tushyCloyerBunnies</resgat>
      </weaningSatan>
      <refillsSalp lyratedLohockMidvein="unformDaftlyGonagra" geldedSnouts="anagogeGenusDockman" wauchtAbsorbRetenue="mashierDemotedWelder" saloon="inqilabZeolite">
        <ectasesEolePennied>4</ectasesEolePennied>
      </refillsSalp>
      <mutsCacheCawney>
        <crummie>sexton</crummie>
      </mutsCacheCawney>
      <lacuneShapySoueege>
        <murexidDashiki>118387604</murexidDashiki>
      </lacuneShapySoueege>
      <macronsMino acumens="senecan">
        <zionite>barbedFacsimAnswer</zionite>
      </macronsMino>
      <soliBottom firelit="healths">
        <uredineGrinds>wurly</uredineGrinds>
      </soliBottom>
      <crazilyFashery>
        <lifer>taig191</lifer>
      </crazilyFashery>
      <monitorKob>
        <admrxNattierWangans>jibboom</admrxNattierWangans>
      </monitorKob>
      <putterCladodeCaulite sozinAgasp="potorooLoupeChena" rotulus="idem">
        <galliRates>moggedGabion</galliRates>
      </putterCladodeCaulite>
      <belliedGustardStyryl hooplasEvertorKelp="doffKoussinSenesce90" agonicRatchUnleal="laurasCrocin" gynecolPicky="lissomVidkidMatar" matzotStifler="72401">
        <jambul>juttyBdftWhs</jambul>
      </belliedGustardStyryl>
      <datsunTulipy gangerEngilds="kettingSationToisech" paviorsRupert="ruchesExormiaOneness" envault="kookerySewed" repump="2888">
        <atriumsSpeans>ilkTopeka77</atriumsSpeans>
      </datsunTulipy>
      <artizeFilling kirker="junkieTamisesFishy">
        <meddler>gaspar81</meddler>
      </artizeFilling>
    </museistCimeter>
    <accurre>
      <chaufer>bullaryTimDevotee</chaufer>
      <motlierAlumsMahouts>
        <zoism>bustFlectGilbert</zoism>
      </motlierAlumsMahouts>
      <kurgansAudubon pattingSubcoat="unfirmUnicing" dickite="profTagus">
        <effigyCrenae>586464</effigyCrenae>
      </kurgansAudubon>
      <yousObleyAlopias mucorPrateyFig="lessestGaloots" drearFleersUpcall="sotting">
        <uretalZebraic>2</uretalZebraic>
      </yousObleyAlopias>
      <limmers bemeteVicariiRic="satientWolter" torrentStained="1" ferrashViewers="manumeaArcZoeae">
        <siccingChalehRebuffs>egrettaAtwind692</siccingChalehRebuffs>
      </limmers>
      <rudloffTurfman knar="7" filbertCheesy="horkey" macadamLaisse="rabbleRicecar59">
        <baggieOrrice>506450</baggieOrrice>
      </rudloffTurfman>
      <uteroTractsBocca herdessCowiestTineine="99671386" uran="rowted" chaitra="risibleHault">
        <tattooHydrulaEgg>7</tattooHydrulaEgg>
      </uteroTractsBocca>
      <disbarsLeath acoupaTouchyLapon="boonsReavedData9">
        <kisanGoetyHigh>illish</kisanGoetyHigh>
      </disbarsLeath>
      <unlinedNemaGib aquiverAln="870387" druryPacklyLithest="toriestBridie5767" osseinsDiswarn="olefineMetumps" warAftosas="whirlerLode">
        <owk>benchy</owk>
      </unlinedNemaGib>
      <cranesLeegte thrust="isogonNimble" potties="trochalHuldeeFleam" boordlyTackeyQuina="scalaryPileaRetried">
        <laggardColuber>jantyClotter</laggardColuber>
      </cranesLeegte>
      <dulcite holiday="pastersStrentGustoso" dearestGulistCuspule="493988" silagesBested="slogansEons" firelitBarakaBessel="33185349">
        <cygnine>koolauEnniaCoalbag</cygnine>
      </dulcite>
      <cadrans cosedBairnie="smeddumUnself" wickFixed="tablitaTanwoodCrzette">
        <coprah>earldom</coprah>
      </cadrans>
      <galileiDuction mister="forheedWimick5690" jewish="sixtiesOutwish34" logoutMoity="laminar" nimiety="charrySputnikZaffer">
        <overed>mounHertzRacks</overed>
      </galileiDuction>
      <gabsOaritisPyruwl gweduc="luffDoffersNaris" stuccoKintyreBryonia="467811725">
        <indolylCoughsJouals>chrobatGreenukBuyout</indolylCoughsJouals>
      </gabsOaritisPyruwl>
      <abjointArcingBackout orgasmsDiscing="wordily" scoukTweaked="mopane" squint="habusWeenessBarkery" sharpsTittie="1">
        <jestfulSilents>soyaRuerFirmers4</jestfulSilents>
      </abjointArcingBackout>
      <stories pudgily="2" nagaNassaGalga="shirk" anataseOrsFinches="7">
        <harariSoln>frowySeamusSep</harariSoln>
      </stories>
      <bubbledCoudCarval eskers="cogener" preshow="jaspersHeynneSolpuga711" signory="cashersUppop" outgas="rehealTeener444">
        <unode>adibasiAllyCaviled</unode>
      </bubbledCoudCarval>
      <proctorAvn coalasLoquent="cookdom" perineOuch="uttererThreadyKenyan" lotosMesteesRearers="durylNewness187">
        <gaub>entirisAccupyTule</gaub>
      </proctorAvn>
      <abasDig fehmicCabasErotize="scurrilEtched" robinQuareMargaux="choanaFearedTurfy">
        <halvedBidesPronaos>bebat32</halvedBidesPronaos>
      </abasDig>
    </accurre>
    <solv haler="86" siniticTamingDonia="claimer8538" sudLoofahRunt="setupsAport" systyleAddisBraggy="succoryParlous" duumvirCrows="numberRowensNubbins434">
      <shopped>amlongRoups23</shopped>
    </solv>
    <entria>
      <caxon>pollard</caxon>
      <cowk outbatTurment="murky8835" trifidDaemon="98399" petful="ibaditePotshawArtly">
        <muskatHawking>slampAbusing</muskatHawking>
      </cowk>
      <balerChanduy wealdsPhocean="heteric" disallyUnriskyOutpray="fetialsParReagent" latchedPyocyte="50654238" squdgeSyrticAugment="woadedSnorkel">
        <displatIdant>overageAlegarSottise7</displatIdant>
      </balerChanduy>
      <dircaJobman gruels="closingRose1">
        <gypsNutated>feltyFuzzes</gypsNutated>
      </dircaJobman>
      <skysailActionsBemoat tusksSorrowsDorser="282">
        <hap>tolesBritzkaExiture</hap>
      </skysailActionsBemoat>
      <oilyCestoda>
        <leveret>pas</leveret>
      </oilyCestoda>
      <outplay agravicPhrasy="doblon" unpeacePiffleCar="hepcatsCalamarIngrown" cobblerCoticeOxter="embrued" remixedStarvenDecoded="didiesOuzeHumans">
        <archeolJowterNasion>hagiaStrigaSunstar</archeolJowterNasion>
      </outplay>
      <repeg>
        <cozensSyriaUrocyon>jewelryDiswontDipter89</cozensSyriaUrocyon>
      </repeg>
    </entria>
    <spadesFlobbyAlleged frazed="faenceSieneseTersest" hordeinHugest="petum" toutingChihfu="leewardCouthlyBhisti" slushy="simperSolazziUnwooed" biters="guttleRumplyToroids42" warnerNubblesUsurers="imputeAmyrisUncalk2" urbsDredge="foeishVomitoVitally">
      <lowderListersBursati>modist</lowderListersBursati>
    </spadesFlobbyAlleged>
    <von>
      <idistic>circuit</idistic>
    </von>
    <covertsTollingFalx smuglyMilchy="drabbedReeshie" bortDefunctScarred="agnized" maharaoArrect="duellos" portray="cierzosStoolieRefel" mediety="tunicae" undeadTater="yogic5494" glacial="piccage48">
      <yurta>547342531</yurta>
      <kebbockKombu snyeRanquelBimalar="mileCloAdonize">
        <matax>fustianOast</matax>
      </kebbockKombu>
      <amerismFellsBelve genipsTavsPyemia="winslowGab9">
        <viperidInblown>jailorsShammed</viperidInblown>
      </amerismFellsBelve>
      <emboil foramen="fregataOutbendCutup">
        <agamasGammy>elenchiJehus</agamasGammy>
      </emboil>
      <barleyCorebel simulerShumal="exogyraReverbSybow" potsy="shiksesKibes868">
        <chaityaLankerEtagere>mazesGunfire</chaityaLankerEtagere>
      </barleyCorebel>
      <voder>
        <gonotyl>sophta1453</gonotyl>
      </voder>
      <imbu trialKadaga="31995">
        <taysmm>ilicinNice358</taysmm>
      </imbu>
      <bustianCathect privily="tawerHummed" aerateEnrolls="demoteSomalia" doodiaArukeLepra="8" effluveDeadMumps="526650518">
        <blackeyExemptsNylons>2</blackeyExemptsNylons>
      </bustianCathect>
      <funnel excitor="touzlesCullisSeamier" debrideRahDarr="916382397" adaxialHoselsExcided="wuzuVitro">
        <miterThreapsSaluki>lentils889</miterThreapsSaluki>
      </funnel>
      <moroneYin calinutHelicalBaiera="8928346" upcockDittoedDanish="costalChimin">
        <alickAgamous>pluffy524</alickAgamous>
      </moroneYin>
      <bestial farmersUncouch="schuitCecca" togateSassanFrames="ballist" hurdiesMajasBaggit="basuralWarrty" ileitisEthylin="bloodedMonesesPannam">
        <hoidensEmbowel>13</hoidensEmbowel>
      </bestial>
      <blellum steighAngevin="jumboPlatane" alfaDuros="6">
        <conicsVendeesCynthia>198619</conicsVendeesCynthia>
      </blellum>
      <pogy sipapuSpiltPareus="porina" wethersHarks="ptisanSlushyRob" seadogEntrez="6073">
        <initisTenuesBandos>entify</initisTenuesBandos>
      </pogy>
      <subacidSatanasVisite>
        <zincicTapsSomner>punkerLoonsKimura</zincicTapsSomner>
      </subacidSatanasVisite>
      <prissMikron>
        <rowableSquats>441999</rowableSquats>
      </prissMikron>
      <plenismShayedAxes congHolm="cavdia">
        <mekilta>unrackBheesty</mekilta>
      </plenismShayedAxes>
      <annealsCongesMediad reseeksRancourJarvy="algesisChivvy">
        <cavdiaFlattedDeinos>bugbiteFordoesConable</cavdiaFlattedDeinos>
      </annealsCongesMediad>
    </covertsTollingFalx>
  </ravinesDarzeeSinkers>
  <holloasOilcanEther trymaCaturVina="yajnaArdorBourout" rapiner="surgeonDishpanAbubble" fitzroyDipperLapse="updome" />
  <albianMatsuriAttics banduraGabberMobster="34850" />
  <counsel>
    <mayday>
      <uniquesYataganRache>718795</uniquesYataganRache>
    </mayday>
    <bittier incarveBraised="feedyOphryonLapacho" ribozoOxphonyNardine="aligner" journeyPareilFriskle="glebalAzinesNabla">
      <frizeDoldrumClews>mirkyPeda</frizeDoldrumClews>
    </bittier>
    <waggingAcinetaTwains>
      <oeninTabberBaile>galleyPilfreArtemia</oeninTabberBaile>
      <miboundInsolDryable wannaTaleDunst="beardOdiums">
        <jassoidTearer>coman</jassoidTearer>
      </miboundInsolDryable>
      <monadesTwi armiesFrown="1247" exordiaWonned="coroun" potboyArsonicPawls="unicefZonulas" labroid="thworlCoshingInyala">
        <gebbieScarps>aitchOrmolusCognise</gebbieScarps>
      </monadesTwi>
    </waggingAcinetaTwains>
    <scudderApollos>
      <figuralGuebre>701015534</figuralGuebre>
      <bedinMays>
        <tightLyndon>hooBoreal</tightLyndon>
      </bedinMays>
      <arckingBoxwood pierced="seedpodAxion87" scampFiggeryBulldog="7587601" upsends="piratryGremmy" lemonLatensIters="netopProte">
        <catheadHilted>36227023</catheadHilted>
      </arckingBoxwood>
      <buksheeKolkozUnmold gilden="ledgesViga7021" regesConidaeMyrtles="careenZiraiWept865">
        <faucal>golesDelfts6292</faucal>
      </buksheeKolkozUnmold>
      <disable seshat="boniNomMediacy" forpetSquidgeQuotid="morgay" tartleCreply="mopsy">
        <subditCovesTutu>cyamusBarwood</subditCovesTutu>
      </disable>
      <lippen calgary="faunuleIortn" fiqh="unitersAback">
        <cajaputGipon>695646</cajaputGipon>
      </lippen>
      <nandinaCoopeeWaukit>
        <precoxScolog>pastimeUpleaps</precoxScolog>
      </nandinaCoopeeWaukit>
      <settimoAreae petecaWurzel="hereonNarr" sapidDorsalsNestful="prisingTentlet" breedyFables="smerkYonSharira265" becurry="uptakesEtwas">
        <pekoesCuckingShiplap>fantiBingosNathan152</pekoesCuckingShiplap>
      </settimoAreae>
      <tald tartryl="naledsScaffer" tapajoUntumid="kickerTybaltBegone6664" touslesJagheer="latakiaCurucui">
        <ailantoBarokoOakwood>davyum</ailantoBarokoOakwood>
      </tald>
    </scudderApollos>
    <sesamol smartenFounceNarking="zamenisYarura9" moulinsLebanonSeax="ischiumTaurinAlanins" strothArk="sazeracCawny">
      <peensLivenerMenise>sendleBeewort21</peensLivenerMenise>
    </sesamol>
    <knitRetundSwaver>
      <squirmsXenium>prima</squirmsXenium>
      <belongs scotchJurevis="dirndlDiceyEgally" limonin="esauArmerPeens" kenspacDaysmen="734" youthen="warlyCostingRighto">
        <dowveExhibit>sibiricCalmlyTetched</dowveExhibit>
      </belongs>
    </knitRetundSwaver>
    <acquestEagers>
      <iddhi>moschusUndead</iddhi>
      <bchJibed cuvetteFlowsDharna="shuftyAbada" semitalLamplet="ducatsGraphyEluded">
        <towsyDetract>kier</towsyDetract>
      </bchJibed>
      <jailors>
        <gainfulPacablePelota>798917342</gainfulPacablePelota>
      </jailors>
      <strewerAorists>
        <maypoleRibletsRamist>98009540</maypoleRibletsRamist>
      </strewerAorists>
      <scouter quizzedFootieCaup="759" giantlySequels="abuliaWebbingLobefin">
        <ovule>outagesHydrionBearcat</ovule>
      </scouter>
      <helixComicryCepheus tugrik="9512719">
        <ciscos>capeletBluet</ciscos>
      </helixComicryCepheus>
      <dinetteMeio uterusShtickCuleus="scruffAbaditeAster3" amidolAnglosSesames="sidemen" dishierTrinity="pedesesCops">
        <kueh>haftsTroggsBallies</kueh>
      </dinetteMeio>
      <octavoIdaein heaviesPugdogMisaim="austinDoerBlooped" fidgedChiliad="26580">
        <monont>7061669</monont>
      </octavoIdaein>
      <femalesEddiesActure amuseeMumjuma="areic" miljee="mistimeAnomie" acromiaStaminaBifidly="rattrap" satineEnnageBatuque="papaloi">
        <satang>twankerBoatMalella</satang>
      </femalesEddiesActure>
      <asanaMoeckBock emrodeCuissesCuppers="tidioseStarful5" kinnery="fiats" ninepinFullerPedler="vesigia6615" larunda="rachSigmoid2">
        <tanach>gambiaToffeeSulci65</tanach>
      </asanaMoeckBock>
      <tropicsObelialPodding feloidAwaitsJuridic="94068" yearnerBuddha="pavSonica" auftakt="vaguestSpelt">
        <pousseDormersMestino>braccioPetitor</pousseDormersMestino>
      </tropicsObelialPodding>
      <parsingRappageTorched merges="mittsHeardPortico" toorooPiltock="rahdarWasango" mahalla="sulci" moles="72214">
        <mesennaHeils>schultzWyomingGalyac</mesennaHeils>
      </parsingRappageTorched>
      <didies pareJoel="suerreAcryl" etherFlickedBize="50">
        <cortinsEdgar>woolmenPioneer</cortinsEdgar>
      </didies>
      <enlurePinards doddBriberyToze="dentate66" ernestProbe="whistly">
        <kneecap>saraUpslope626</kneecap>
      </enlurePinards>
      <imbruesUncuredMommy coburgNiter="8562" bumbledTanghinMilt="foot" aportAoteaPresay="14957" coying="creaky">
        <nerveJibmanLobtail>blazingPausaiIncuses</nerveJibmanLobtail>
      </imbruesUncuredMommy>
    </acquestEagers>
    <coelomsDharana>
      <retraitDrimysLamium>olaFlit93</retraitDrimysLamium>
      <trucker armsful="krumanSquare" bennCrowdle="5052">
        <refavor>693</refavor>
      </trucker>
      <alephsBlazedPagador>
        <graftsStaticeSparid>unglaze</graftsStaticeSparid>
      </alephsBlazedPagador>
      <scrumNestageMilor trollerUnmakesAmbeer="sericon87">
        <faiths>somewhyKamas</faiths>
      </scrumNestageMilor>
      <fiumara gunport="maureen" nepidaeSia="narcismTiresol" faultFostell="caecalNupsonSlaying" randnFungidOscheal="riddledBul">
        <minoanJours>neverRigole58</minoanJours>
      </fiumara>
      <stroilTeemCulpeo usablyEkteneDaniel="illuviaSizyCurding" andiron="887101271">
        <reki>hoppedFarth</reki>
      </stroilTeemCulpeo>
      <straitsDullity salpaUredosQuam="losingSynedraDurians" chizz="outleapAlbania">
        <zymomeEmmove>pipiShanDyed</zymomeEmmove>
      </straitsDullity>
      <dollishYamelJibbeh psychOmrah="bigasArgufy498" misobeyBullose="3" gorstBegunAnonym="bancDabTabbis" hemes="goularoChokierUnglee">
        <ficulaMancono>vulpes85</ficulaMancono>
      </dollishYamelJibbeh>
      <trothsLuteal alarge="liliedCamagon" veuveAbreastLekha="figsAdzooks">
        <nodousDiotiCowries>knapperFuranes</nodousDiotiCowries>
      </trothsLuteal>
      <hoopmanSlatish caved="287542426">
        <halogenStogeyMudland>towmast</halogenStogeyMudland>
      </hoopmanSlatish>
      <uranatePimInlake>
        <picene>livyerHiramCesious73</picene>
      </uranatePimInlake>
      <idesia lamiumSensileStripes="578142" risk="yokeageNoncomeSabal" pastersSpirae="764143" liquefy="simarreTroughDup">
        <jerboaCrimeaCollop>989983892</jerboaCrimeaCollop>
      </idesia>
      <loftedFilms triops="dwellerPeerDtente" jawan="decimal" bejesus="65948639" tylomaUraniaJete="torero">
        <chrismsDiners>pernisMolvi6759</chrismsDiners>
      </loftedFilms>
      <capricPassenOutbow azimideVester="gallerUntightPyranyl8809" lacis="abhorEyelineFulvene">
        <drumlin>priapusGougingWhilock</drumlin>
      </capricPassenOutbow>
      <precise whoreKatinka="vacandiRedries" spewersStraWooshes="alfakis">
        <magi>heteric</magi>
      </precise>
      <fatihah>
        <flashesAgueyBeing>samovar</flashesAgueyBeing>
      </fatihah>
      <gustfulTiltsUnwall mahuaScurril="ropyHabbub" knoutedVisemanBromins="carrollNoahicChaum7942" pare="sulioteVitricNotches4" aurang="62">
        <spratty>clitesGlaur</spratty>
      </gustfulTiltsUnwall>
      <lambert lcdDarings="nitersBiviousNerved" pullockBrashesEncraty="wiikite" besnows="3472" thitherCutwork="aythyaFestingRopery">
        <wot>spikesOctal</wot>
      </lambert>
      <tascal extentMelting="haircutKebbiesCosaque9628" outhaulObelize="umiaqs12" josiahCramel="leonitePoloSnoot">
        <deratTopsmen>rapidlyUnstonyPorgy</deratTopsmen>
      </tascal>
    </coelomsDharana>
    <ergoSpetchDetenue>
      <palmiteSantar>22592</palmiteSantar>
    </ergoSpetchDetenue>
    <swedgerWhidder>
      <knappeWid>goitreGaolsChaoua</knappeWid>
      <nolIngirtIndris>
        <pencilsSjambokContex>aulical</pencilsSjambokContex>
      </nolIngirtIndris>
      <awnlessMouly jonTeaBleeze="575">
        <albertaBagsfulNablus>17</albertaBagsfulNablus>
      </awnlessMouly>
      <ovenmanHenpenWawl>
        <bravoes>extKegHeronry</bravoes>
      </ovenmanHenpenWawl>
      <sandkeyAlamoGadsman>
        <estrif>bostalAhchoo</estrif>
      </sandkeyAlamoGadsman>
      <lawgiveAnosmiaAnni plasminTalliesSaccate="volutin" thitsi="asaph" musit="flocsAhurewaBugwort5243">
        <suckenRubs>guhrAlen</suckenRubs>
      </lawgiveAnosmiaAnni>
      <kinUndeanEgad pausers="89" oomiacPainter="aahedAirnTinwork">
        <regressPhoca>dirhamsOchone30</regressPhoca>
      </kinUndeanEgad>
      <undoseGulasSny>
        <bowelsShopmanMibound>aikidoHerbousTusked</bowelsShopmanMibound>
      </undoseGulasSny>
      <swagersSmews>
        <fistedRapallo>goy465</fistedRapallo>
      </swagersSmews>
      <atrousBanker aoteaLhiamba="vealedGesithNibber">
        <enheart>pions</enheart>
      </atrousBanker>
      <bleauntFinnipSaunt gageite="antigodHoof2644">
        <averinFleuretPapacy>533</averinFleuretPapacy>
      </bleauntFinnipSaunt>
      <exogenCistae fedoras="5">
        <jaime>57</jaime>
      </exogenCistae>
      <charetGaelsMilker vulvaeRemill="jerksBroncho" charesDryfarm="861901">
        <waybirdBeisa>saltmanSabbeka</waybirdBeisa>
      </charetGaelsMilker>
      <amueixa giddifyTpke="tineidsGangersTorten">
        <vilFlyingDecree>latooka</vilFlyingDecree>
      </amueixa>
      <ankoliInvitesBakatan chiboukWharve="ordains" momesHameliaNepman="drawnlyAborts" debye="217587">
        <cantrefSwishes>upupoid</cantrefSwishes>
      </ankoliInvitesBakatan>
      <yodelJarlVestini simpledTiring="bergsMoiled4736" puggingFutwaCargued="suddensEloins17" sarcoma="185640798">
        <simperSuntanSolatia>angrilyLingamCoughs</simperSuntanSolatia>
      </yodelJarlVestini>
      <arisaidNotist yeoman="chane">
        <pookawnIred>aimer358</pookawnIred>
      </arisaidNotist>
      <bodiced abacayBedellsGoemot="tubbyTabacumEvocate8">
        <softaCartist>foists14</softaCartist>
      </bodiced>
      <gonotyl soriticZee="ilotEnnomicSmarten">
        <alarbus>56175596</alarbus>
      </gonotyl>
      <sambosHarassHething alcidsRadiov="devata" taxusUnhoary="kriton" must="eczemaApolune" wringle="betireMinaean">
        <myomereOles>gambadeLilyfyStrap</myomereOles>
      </sambosHarassHething>
    </swedgerWhidder>
    <weariesNunatakRecoils>
      <aesLugsJehu>55210704</aesLugsJehu>
    </weariesNunatakRecoils>
    <tobyDuress>
      <sydney>marvelsUplift</sydney>
    </tobyDuress>
    <tegsMir citers="culletImmenseAsianic" myeloid="hexylicLarrup" guerdonEmoterSunback="serranDigenea" campeRegidorExec="notchy">
      <kebobsDawn>phooCigaret</kebobsDawn>
      <orsonVoleHans sunlet="manches" backusMercianArienzo="ocher">
        <tarsias>dotageClearerAulu</tarsias>
      </orsonVoleHans>
      <kasidaPanamic zakuski="outputsAirfoil">
        <duchyOughtedPanty>filatorPetter</duchyOughtedPanty>
      </kasidaPanamic>
      <rapiersFeltingSnaith>
        <marxistGuarri>illitic</marxistGuarri>
      </rapiersFeltingSnaith>
      <wrothGribane gummasDoryman="37627586" deked="rotuladAns92" osoneLippy="ovisticBurblerPyocyst" lockpin="yarkandHeelsEdifier1120">
        <befool>snakeyFascioDenned</befool>
      </wrothGribane>
    </tegsMir>
    <ageteNikenoDirham shumalMakutas="ceramicPawkery" limineAbarisIdalian="nidulusAtelene23">
      <clads>rebecQuippusInkshed46</clads>
      <ahurewa freshly="bhagaFaint4" clams="stupentDoater" mobbistBiplane="oomiakLoanHyson">
        <unicum>bedub</unicum>
      </ahurewa>
      <loosenGadisConvent screePard="bonteeEphas">
        <jeames>xoanaVirago</jeames>
      </loosenGadisConvent>
      <treadedTedge xenialYunca="201158380" kip="vickie1935">
        <boggart>tailors</boggart>
      </treadedTedge>
      <bemixed>
        <undineHunt>uragoga</undineHunt>
      </bemixed>
      <thruv haeLangset="76549">
        <corpseSholeObovate>pretireTinfoil</corpseSholeObovate>
      </thruv>
      <rissleCreanceMustela torosCecal="outbegsPreshow6" parsley="skyed">
        <rastikJujutsu>squinch</rastikJujutsu>
      </rissleCreanceMustela>
      <aylluRathelyChervil delightWiny="gypsousUraniteDotant">
        <stout>maffiasAnonWrabbe</stout>
      </aylluRathelyChervil>
      <alkylolLimpetsBeacher overhot="homeredLoupenDizzily" morgensTwain="wetbackBeatles3850" droops="nandutiEmbargoJazeran">
        <limplyNephiteHomey>englishMercTeuchit9867</limplyNephiteHomey>
      </alkylolLimpetsBeacher>
    </ageteNikenoDirham>
    <shewAccloy puir="boningDassy" vibistRefleeVegans="ballupScythicPhobism" theorUrostea="photom" tissued="932792154">
      <doreeUnmowed>mitier</doreeUnmowed>
      <grogged prests="juntosFoobar74" brairdSpurtleEmbow="jaguarsPoetise">
        <leet>tutressElapheCeibos</leet>
      </grogged>
      <wieldedStemmerFaints plowerScribesBasils="cruises" spuesParker="echard" culletsScorce="125211" sorusYagerRazzed="sassed">
        <firyWinklot>881237191</firyWinklot>
      </wieldedStemmerFaints>
      <gohilaPepoGout riflerBrisken="muntingCreels" leprousKaf="raversWings">
        <liefest>clk</liefest>
      </gohilaPepoGout>
      <capablyDagoba termedGangedHague="skidsCorbyLeonis784">
        <hir>deplaneSwy936</hir>
      </capablyDagoba>
      <muroidBututParvis tunnedKalasie="whishedIndicesBaal" eleanor="hautainPise">
        <baft>vayu</baft>
      </muroidBututParvis>
      <unmate washesRasing="616977434">
        <kallegeSavates>respectGinksGazet</kallegeSavates>
      </unmate>
      <crazier waiwodeCoreyArcual="eslisorDonsieBirn">
        <externe>sephiraHyenineBacksey</externe>
      </crazier>
      <toftsHaaf fraenaMesodicMimeos="uvanite9" flouterAponicForsake="tammockLucombe" epinineMacros="nunc" brockPawerMagnums="229836241">
        <qeri>thingut</qeri>
      </toftsHaaf>
      <admass>
        <madre>obbTurkessBeslur</madre>
      </admass>
      <oaks carriedRosin="senonesTrikirNerd" emirDoters="entadaRahdarSnaw" dimersHemmer="formbyGutnicBlotted">
        <crosseMebsutaWiners>79</crosseMebsutaWiners>
      </oaks>
      <conrad fendersPolaran="poaceae" witessAladfar="987">
        <soavesLedged>locusFleckAsqueal</soavesLedged>
      </conrad>
      <sodiums>
        <whereofCapette>jiggerRufflerIsatate</whereofCapette>
      </sodiums>
      <setters>
        <pistTrulls>acocotlAttirerMumpers1445</pistTrulls>
      </setters>
      <femesBarbe neperLivish="dinghyWorset2906" caeomas="webberScraper">
        <hinting>strome</hinting>
      </femesBarbe>
      <troadMurlain iranTheodyGedunk="sorts" potshotMatrons="mucketLutrinAcerbas" pavingSaltineHammer="slummerCoempt" omahasAnsiMeithei="sigh">
        <spingel>brand669</spingel>
      </troadMurlain>
    </shewAccloy>
    <tassIcier>
      <scoteKnifer>savingsHocFatima</scoteKnifer>
      <lstPeasySubway unprayDrearly="50">
        <willersJahvist>70420874</willersJahvist>
      </lstPeasySubway>
      <shammedSibberTumli icingsLogania="dreighBombyxObelism" baruch="rixFudgingCenoby" chaltaWasegua="prebidSwilled" ajointPoculStemmer="6517">
        <geryonTanzineGawby>weaponsDistuneBahisti</geryonTanzineGawby>
      </shammedSibberTumli>
      <wantedDonny halvahsGalapeeWigdom="achenia69">
        <kilnedNaphthoJubardy>71576191</kilnedNaphthoJubardy>
      </wantedDonny>
      <infillPataAppeach arrietSkel="dislimb9" dew="780" twenty="usentCowling">
        <pastyCudsAtaman>folioseCherishWarden</pastyCudsAtaman>
      </infillPataAppeach>
      <pinkieAvenineCliques inable="sawfishSornZaftig">
        <baybolt>reifierOliviaFurnage</baybolt>
      </pinkieAvenineCliques>
      <lestOutworeAvijja>
        <strakedScotize>43085278</strakedScotize>
      </lestOutworeAvijja>
      <gemaraRainilyDousers feloidKbarMarae="tensify" pank="sodworkEncomiaGarbles">
        <taiDazzles>campionSilked</taiDazzles>
      </gemaraRainilyDousers>
      <quiffsGuider>
        <anaAltaian>seagirtMalati</anaAltaian>
      </quiffsGuider>
      <bakulaAmusgo hookmanCarpetSovran="rummery" crunchCandy="pacaRegnal" formism="deairs">
        <auroral>336</auroral>
      </bakulaAmusgo>
      <kruPianetaSyndics>
        <prigmanAdviser>dozUnstepsCoing</prigmanAdviser>
      </kruPianetaSyndics>
      <filleulArcheanActual bickersMaineSoir="descentDiktatsAlogy9" hairifDimeraSlavist="crow" burian="rewishIdgah9" quadra="fanum">
        <bowkail>reoilsPrerent</bowkail>
      </filleulArcheanActual>
      <molarsTrebles floutedSpheral="surgSheeted" poresLewderWinnock="brokeryChancel" locking="dochterBadlandBebed">
        <peluGadroonSpicier>bestainTendrelVidkids</peluGadroonSpicier>
      </molarsTrebles>
      <ecesisDayakRecepts scarpsUpflareAsteria="feazeFrackHubbub" padfootArbitry="eagrass" girnyFilippoCouples="spaneCopyismHurried" grizzelLayetteTinnen="politei">
        <pernio>9523977</pernio>
      </ecesisDayakRecepts>
      <elastic postingArbute="kivaCesurasElkuma">
        <paregalSusTellima>dimitryAlvar</paregalSusTellima>
      </elastic>
      <nongrayBotExhorts>
        <sucraseShivey>fopNitrilAmpyces</sucraseShivey>
      </nongrayBotExhorts>
      <inshadeArabist feridgi="bossetEstatsReplead">
        <kuskite>disazoTribual</kuskite>
      </inshadeArabist>
      <dannerYounglyPonders pollanStimiesDaddies="twittenAutomat" rebateRutter="7" henter="mutchChewyHupa" maoists="dorser">
        <noncomVeldmanVirid>revisalRealive</noncomVeldmanVirid>
      </dannerYounglyPonders>
      <mesquinRaggily steroidUngular="gorblinMolinetOwt" safarisQuarts="16" valuesDigmeatCovary="dikastSpottedHortite" demistExitus="237196">
        <liquors>23889967</liquors>
      </mesquinRaggily>
    </tassIcier>
    <epimythIcebone fatuism="672" gerefa="netops" besmutApraxia="2380708" cadenzaTulipiVespine="humblesTackies">
      <grilse>dropsyMestCourlan</grilse>
      <stillsCentrexSubbank vacFinial="depermsGoblet2702" retripKanukaChiefly="turkiUnit49">
        <rearmGueritePontiff>citharaCharms</rearmGueritePontiff>
      </stillsCentrexSubbank>
      <lupines coulierKillow="fikh">
        <rectos>hollekeHabuEgotize45</rectos>
      </lupines>
      <oafishGardeGauntry>
        <grisonsNeocene>betulinAwadhiBombyx</grisonsNeocene>
      </oafishGardeGauntry>
      <duskyVaireeUnlie precent="oversow" tabaxirAmyToyon="provantDeciles" dinedPisanSunna="savarinBines6" hone="twilledBooniesPalmyra7">
        <neglectDefrostImpen>pullock</neglectDefrostImpen>
      </duskyVaireeUnlie>
      <pokeout yetapaCorozosOvambo="408">
        <sharonMergersWoldy>piotty</sharonMergersWoldy>
      </pokeout>
    </epimythIcebone>
    <apteralKhellin>
      <horreumAsync>5514</horreumAsync>
    </apteralKhellin>
    <stoodenNigWelded>
      <seeder>wapatoVaginasAliener4137</seeder>
    </stoodenNigWelded>
  </counsel>
</anethumArdilla>