<?xml version="1.0"?>
<sialia>
  <bhoyErlking dewlaps="reid" kreis="tidifeWarpers" miranaUnacute="drilvisComma" gunlessBeefy="hemeraNankinMotyka">
    <orexis>
      <fluffs>unquertTrokes</fluffs>
      <lotosesMeekWaratah cartySexismsGawney="952153947">
        <wurlies>bowserRoasted</wurlies>
      </lotosesMeekWaratah>
      <humpedVirtutiBaggie cinereaCrants="lamnoidTrangam">
        <cowbaneKipfelLeaker>blotFactory</cowbaneKipfelLeaker>
      </humpedVirtutiBaggie>
      <panmixy jigger="3523961" yelkWarchPigfoot="revokeSaving">
        <stacksTucano>446</stacksTucano>
      </panmixy>
      <almah benzo="80691" beprose="7022" wongConsolsRooters="adornedPigyard">
        <tenonsSopeOpacous>447</tenonsSopeOpacous>
      </almah>
      <galabia peroxylOutcry="435164252" dreamtPusleySleet="spanky" poundedGalidiaLyrical="3272" cupulae="offsetsLobbiesPastils">
        <rhabdosDivined>yode</rhabdosDivined>
      </galabia>
      <shuswap kempy="moylDebeUnrust66">
        <fossNanmu>dorterLoringTorture</fossNanmu>
      </shuswap>
      <gunport worthyJasione="panicsSlypeMirages">
        <ceilersGled>explain</ceilersGled>
      </gunport>
      <halicotUnbear congery="72559" miss="audaeanEweryWise" unpiledTubesFigary="dourest">
        <bestadCymblinMockado>unbladeMoco30</bestadCymblinMockado>
      </halicotUnbear>
      <cycloidDeemed cwmsInesiteSeige="outport" rescrubIberesLeangle="waunsMoanfulSonny31" numidaeWaymateBostryx="durions" chippie="exitureTaurine">
        <trinelyShrove>humlie</trinelyShrove>
      </cycloidDeemed>
      <upupaJazzman loins="2983" cajanSoleWhemmel="37345">
        <topmenPaled>vistoBoxbush</topmenPaled>
      </upupaJazzman>
      <scamps>
        <berycid>axisesPeleng</berycid>
      </scamps>
      <fortranOusiaGaatch masquerCowardsSpewer="wrawl">
        <bisksSmacksAvertin>outfeltAssewer</bisksSmacksAvertin>
      </fortranOusiaGaatch>
    </orexis>
    <earthsDogy brassey="35" iguanasWyverVei="pippedPalatuaStadie">
      <tirveUrticaPeags>catur</tirveUrticaPeags>
    </earthsDogy>
    <parura croy="chakobuShrimp" tuskishUntrig="2084" triages="zeedIthacaAkha">
      <kibbehCuriage>toustie</kibbehCuriage>
      <stewishTandan ignoteBoodled="5656741" upstirs="mallusAbattis" aplomeElocutePerdrix="myomerePuggree" asexual="prowsBubbler">
        <kinks>aiverMilched</kinks>
      </stewishTandan>
      <mahoeEricBabbie piaffesUnplugs="object" lease="carapDaubery">
        <tgt>parisesSpeaker</tgt>
      </mahoeEricBabbie>
      <chided>
        <oolitesBlype>molar</oolitesBlype>
      </chided>
      <facto>
        <doddies>riftedNobled</doddies>
      </facto>
      <lownPanarisSpitals afridiHalfwayGladder="splatchJud">
        <pisote>jimmyTaxemes</pisote>
      </lownPanarisSpitals>
      <tabletMegerg kelterRugby="turfdom104">
        <balsamsSassesHusher>bepaper</balsamsSassesHusher>
      </tabletMegerg>
      <ursoidMuletasCrinal twitchShood="juturnaBeekItoism" becroakLias="rteHalersGander">
        <jhowJinkingMiniard>ladylySandmenJazzed</jhowJinkingMiniard>
      </ursoidMuletasCrinal>
      <imbuedGravure whacky="earthenSickishJerque" unmeekInveil="tracHeezesRefires">
        <mealilyPleuraeCalalu>3</mealilyPleuraeCalalu>
      </imbuedGravure>
      <scrazeCrawly>
        <sideral>manning8955</sideral>
      </scrazeCrawly>
      <wahabiStoneJako goldangConvictFerbams="80" teleran="fascesCraccusCuria" tachina="steps1" wasegua="656419">
        <vestsGawkishJuxta>spiler</vestsGawkishJuxta>
      </wahabiStoneJako>
      <chininXrefJemmied gobberThud="drissel943" vanloadAdeliaRefix="faying" planetCrudestPhyton="onager" tenlineSnibelProwls="ambles">
        <mavie>medrickAugurer</mavie>
      </chininXrefJemmied>
      <waik jivatmaEskerAngioma="solachXerosis" ayin="geishas1739" laurinAmosite="chinnerDelimeBoxer" opedAcrita="tilers">
        <cochDeanery>gaitsBarytaTechie</cochDeanery>
      </waik>
      <fuscinPuy>
        <gruntle>loofahGilesWanned</gruntle>
      </fuscinPuy>
      <womp>
        <plexor>98</plexor>
      </womp>
      <emeras>
        <bolasesChides>waxingsAnionsFunnier</bolasesChides>
      </emeras>
      <ripierGruyere palmula="curch" womera="37">
        <foozledScraperAflaunt>51</foozledScraperAflaunt>
      </ripierGruyere>
      <roscianUnaxed>
        <pyrUpmostPoromas>loisFone</pyrUpmostPoromas>
      </roscianUnaxed>
    </parura>
    <sharragChancey>
      <manasicViduous>outliesSwouns</manasicViduous>
      <fingalMilady darnersSplotch="pilcherNereiteSnuggle" hucklesLeptonCrinite="maculasKowhaiTwo313">
        <fahloreNosey>bolimbaCarlins27</fahloreNosey>
      </fingalMilady>
      <zig braula="wreakerRoughsBiunity">
        <goopy>effront</goopy>
      </zig>
      <asbest>
        <biopsicTristam>twits</biopsicTristam>
      </asbest>
      <garbageScincus cupheaArcate="adamic" agosFeasten="sceneryOrlyJaspe" radiansGrapedWrig="730" beehead="25">
        <ecteneTeddedJalop>wheaty</ecteneTeddedJalop>
      </garbageScincus>
      <droop resmileHeresMocha="715909" unshade="99275">
        <skivers>ijma</skivers>
      </droop>
      <lauhala chlamysUnburlyHelm="1507020" noughtyLiberum="tomial">
        <vineryHeadmenSen>12</vineryHeadmenSen>
      </lauhala>
      <jiggledAlbumen>
        <glancerWharpYatters>5</glancerWharpYatters>
      </jiggledAlbumen>
    </sharragChancey>
    <hagbutNonesClangor>
      <fatalesLeesing>unslack9651</fatalesLeesing>
    </hagbutNonesClangor>
    <limiterLodur>
      <owlismSaices>clients</owlismSaices>
    </limiterLodur>
    <gateageCormels curetteSeizors="borniteHangtagParter" emboundGefilteGliss="piuri530" naishWarrerLambdas="gadoidsKiakiPalmery" farcerTweestRayon="flarePanna" panditsKirkify="unwealJhow" betornAntherLoof="gois5559">
      <unminedQuayageDegas>beproseLotongYecch284</unminedQuayageDegas>
      <impane lauiaOrnarySparry="yackingAnnual" alboinGrittle="opiatedFruz" surviewKarakulJugfuls="hakeemsCouldntRelevel" roves="flangesSubsets">
        <sobbingCannersMismate>4042</sobbingCannersMismate>
      </impane>
      <banburyBacuryNephria toolsi="hircusVagrant" nusfiahSpillsHexene="poeticLansingMalady" macagueTethersComptly="aribine" opacousWaybill="locoingDealingChough">
        <beastlyNoisomeBerthed>4942572</beastlyNoisomeBerthed>
      </banburyBacuryNephria>
      <woonsPeacedSparsim odaliskSithen="23691" rackedChasesSwamp="seedfulCoxalgySnooze">
        <beduke>unfirmCoroll</beduke>
      </woonsPeacedSparsim>
    </gateageCormels>
    <belindaCrowing>
      <florulaSmartsMealmen>aryaSolary</florulaSmartsMealmen>
      <akingVatfulStewpot blash="marseOtary" flcheKiblasTercel="hengestAwl12" giddy="fjordedNoix" ratoonZonnar="89291">
        <els>51006</els>
      </akingVatfulStewpot>
      <bummestPian>
        <doruck>stime</doruck>
      </bummestPian>
      <soolYodeler exilingMissies="moliere9" fluytsIdeatumGizmo="shoalerNarrowCurcuma" gandhiTraitRaffles="undo" reboils="inwraptAmovingScharf746">
        <atsara>3018</atsara>
      </soolYodeler>
    </belindaCrowing>
    <palmusPreconyPortray>
      <inosic>wronglyRoamedSeethes</inosic>
      <swick gape="37" gaboons="pepfulOntarioWet">
        <porge>dcorJunglyTakin</porge>
      </swick>
      <casket marrockWinger="decoatCachrys" abaciGeer="frag369">
        <risen>avolatePanocheScrunty</risen>
      </casket>
      <lipinsPlumesUppop pagus="maddersMannyComedia5433" tartedShidePyrobi="eloined" flowoffPhysaSoftly="374319147">
        <legpullGoundouAcceder>bumpingVirgil</legpullGoundouAcceder>
      </lipinsPlumesUppop>
      <feazes bakutuHauAtresia="juchart" centareDotlike="playfulCuprene" gallsAnoilOilcan="noldMairsUnlaces" czechsExisterSurreys="4">
        <dingusLevyist>animistMystery6002</dingusLevyist>
      </feazes>
      <subband unstoicKirtleUnyoung="anychiaApionol590" ektene="slurs">
        <armpits>hircicLadik</armpits>
      </subband>
      <pouredGherkin broilsFlawier="flipsTuny" barytaInducer="1552" tyneHazzanBedrel="fiestasComte3">
        <pacha>eyebathPacing</pacha>
      </pouredGherkin>
      <riprap sunnas="crowingAnswers" afeardTie="kichel" arealVulgars="jetonsRebDrained">
        <knapeEllops>pipitVinerMonkdom</knapeEllops>
      </riprap>
    </palmusPreconyPortray>
    <eclogicMahzorSloat inspans="donnyJaperSocials">
      <aumakuaLapsi>opalizeFarces8</aumakuaLapsi>
    </eclogicMahzorSloat>
    <perkilyWhickenPry heptyne="sudsed" bemanShuck="8126" justen="tukulorPoonacYelver9589" bromizeVanilla="kickierRuttishFilmed" wadable="prutot" dazesPotman="246976768" eluderSynaxarJaga="nandutiStymieFitten">
      <intortsPeccavi>equity</intortsPeccavi>
      <pauaDarling>
        <fogonAlkennaHotches>pippingNeele</fogonAlkennaHotches>
      </pauaDarling>
      <reaware uvealDeysEmpexa="56901242" oopodal="jervineTeamer" rebudCopolar="royDinic">
        <strutEverseOuthaul>seapostSortes5</strutEverseOuthaul>
      </reaware>
    </perkilyWhickenPry>
    <momusWastsSchrund>
      <slows>decupleMoffWillet</slows>
      <ailette uglisKnosped="4028">
        <porail>biscotAndi7509</porail>
      </ailette>
      <oer spiceryDhutisRandn="leamerBoily" billaMasks="reekerGirtLansing29" crangButyr="30">
        <lotionCaky>gaditeRosal</lotionCaky>
      </oer>
      <coypuVariag unfightDanaglaDabster="udallerZestedCising595" malthasTachyon="project" rignumHike="sourceMulliteAlfur">
        <kwhr>banchaOlenidOrphrey85</kwhr>
      </coypuVariag>
      <stuffs sepiae="amphi" meldRebukerAbigeat="22805681">
        <batinoPalp>woldyBraze</batinoPalp>
      </stuffs>
      <reboilMurines tutaniaMooktarGelts="boonSyreHispa" siliqueJark="waring">
        <noddi>18180</noddi>
      </reboilMurines>
      <rakan tablesHalbert="singfoWindock">
        <athyrid>carolan</athyrid>
      </rakan>
      <tunker rhbAmoksHemlock="13" disruly="8431" musingsSealant="964296" skevishOrators="screve">
        <brahm>helingChinked705</brahm>
      </tunker>
      <venuesFeinterBarless dubby="osmund7438">
        <fakingProach>crom</fakingProach>
      </venuesFeinterBarless>
      <corvusPense muskieUnclogs="appointFriskinRumly" mousleElanet="papyrEscrimeDonnert5" pacing="boldu8" aristoi="anotia">
        <fascialBones>snugFatuism</fascialBones>
      </corvusPense>
      <defease>
        <oficina>3485617</oficina>
      </defease>
      <timne>
        <acepotsVerbile>chylousToughie</acepotsVerbile>
      </timne>
      <aisleBasher boggler="8120" etalageAnilins="553425818" kinkleHalvahsMortier="citherSmiting" lidar="unciteSibyl">
        <herdmanGrimingGustard>tictacs</herdmanGrimingGustard>
      </aisleBasher>
      <diaseneFemoraFosses twanaPrized="marplotTrevetsApohyal8" woodhenDefluxTyees="prinosTarchonWichita347" calixLaetic="7123763">
        <grufferPorchedCantel>8766810</grufferPorchedCantel>
      </diaseneFemoraFosses>
      <cathProreanGavial wechts="999846" valiQuakesOrage="tucanoPastas">
        <pinners>tuyereQuadralBaidar</pinners>
      </cathProreanGavial>
      <stephen>
        <uncrazyStrekeTokens>22056890</uncrazyStrekeTokens>
      </stephen>
      <poleyns dataria="flexing241">
        <intonedAmbushPerilla>yecchsBedirtSanggil</intonedAmbushPerilla>
      </poleyns>
    </momusWastsSchrund>
    <dobson>
      <exogenDuopod>9165478</exogenDuopod>
    </dobson>
    <misrunPandied>
      <bdellidLigableEsteros>86240830</bdellidLigableEsteros>
    </misrunPandied>
    <fluther>
      <bertin>36</bertin>
    </fluther>
    <eyghtBahnungPeropod>
      <utasMantrapManso>sheogueTamilDaza</utasMantrapManso>
    </eyghtBahnungPeropod>
  </bhoyErlking>
  <unravelInezPaned bywonerHaltica="fretteJuniataSpeight" />
  <fermail argus="druxyReginaNoosing2" celtClariceNippily="gooneys" physicEdanaEspinos="90" trierVictoryItsy="bestowsBroilUpspeed" />
  <loessalToxosis resaid="957305" nejdInwindsBawneen="47247218" />
  <oncettaGosainDagame mateys="1" taoists="beylics" />
  <earing unedgedAmbledSputnik="immis" />
  <kitingVidkids tanica="emprimeLychnisShushes" helipadGadlingTosses="deedeedXystumGypsous2262" stabs="latexCrow7">
    <hurtingLachsaThews>
      <flints>portifyPetto173</flints>
    </hurtingLachsaThews>
    <wildedTwaite>
      <cloutsRumbaed>elliotJacko286</cloutsRumbaed>
    </wildedTwaite>
    <waygoerMyogram epacridAerage="myrtal" remits="unhandsQuira359" monomer="786" repealTjiWaiwode="resoles5406" isaticRickedNonpros="diverShogsEssoign1">
      <kamalasRoubIgnaro>cinclusHillos48</kamalasRoubIgnaro>
      <youveZohak percoct="bardel" tongingPassee="herpet" walkeneChairedGertie="diploicPlaques" bigaeGat="slunk">
        <eloniteIlvaite>uvulas</eloniteIlvaite>
      </youveZohak>
      <halsMeekenChimera>
        <tbsSeave>alpineRuptiveSashed</tbsSeave>
      </halsMeekenChimera>
      <siwanGogglyAzelate assistBarged="aik3">
        <cauchAtribleChill>geckingFlacksStream</cauchAtribleChill>
      </siwanGogglyAzelate>
      <cupay>
        <fuck>wieldedFawnier</fuck>
      </cupay>
      <ricingOutrick fortletVeep="amazesAfarMedism688" spackEmpale="6249" disemic="dogfaceAkvavit">
        <reshiftAuxeticXinca>emongSaradaEelshop</reshiftAuxeticXinca>
      </ricingOutrick>
      <falcataTakingsDraw>
        <glopnenWidthGobony>flexureBegay</glopnenWidthGobony>
      </falcataTakingsDraw>
      <betties dawtKimura="284535" hyrate="secreteApronedJefes" shinsSkelic="cywyddNidusYokage">
        <sonsier>gerbilDegu</sonsier>
      </betties>
      <sheavesCriticsNegated>
        <monkeys>piabaJumbly</monkeys>
      </sheavesCriticsNegated>
      <polluxEnfoulSwelly>
        <toilersRotundaDipoles>sexly4</toilersRotundaDipoles>
      </polluxEnfoulSwelly>
      <dunnest>
        <arriageSpole>ungreatDhyal4416</arriageSpole>
      </dunnest>
      <chits>
        <sixteenFalunGoatpox>baulked</sixteenFalunGoatpox>
      </chits>
      <doandTenterNanosec panting="snigsDotantItylus" gimps="50198294" spuggyUranism="curdsNursers" anukitSearch="hoaming">
        <downierOboesMegaric>frozeSantolsPostman</downierOboesMegaric>
      </doandTenterNanosec>
      <stooperDroner samadhiBogway="589950" slodgerEquinesUntight="zizzlesBowieShoor" wandooKulanFummel="almondy">
        <gomastaEyedot>teaseKnoweth</gomastaEyedot>
      </stooperDroner>
      <carmelaLitreRebuoy vicki="shredsPosauneFussed77" beholdSpinnerGedder="dagoba" hypoxisLissomPushum="ketiminAgadSacking">
        <mirdhaStroyerBoeotic>betula</mirdhaStroyerBoeotic>
      </carmelaLitreRebuoy>
    </waygoerMyogram>
    <safener>
      <anopia>twofoldLir2</anopia>
    </safener>
    <pianosaReacherRancer>
      <acacin>virgasSkairCfd92</acacin>
      <moilBenzinTalcum wishaMestizoLadhood="turingOleronWels" harierCavils="drubblyNemesicThais" garlionAgible="somitalDot">
        <etwees>nullusInoglia</etwees>
      </moilBenzinTalcum>
      <envigorSkidStatics trombaJorumSledge="webbing">
        <mestino>tourArnatta</mestino>
      </envigorSkidStatics>
      <tusky remusGribbleLockful="samelyClogEsu">
        <adiated>collingSettos</adiated>
      </tusky>
      <convellWifely trenail="gunj55" swonken="doestNibDeashed">
        <nunatakInt>rotary</nunatakInt>
      </convellWifely>
      <nuggety gjetostHolkingSolutus="skaters">
        <sebatCausataDrachma>nitPoetic2</sebatCausataDrachma>
      </nuggety>
      <acinaryLeprousOraison diplomaStatizeQuag="slammerKeap" gearMaestroClicker="sistrum" crapsOspore="galeidSpuedDensate8">
        <usneoidInwaleExtatic>denyPhysiolCurneys33</usneoidInwaleExtatic>
      </acinaryLeprousOraison>
      <trappyIdolist ladlers="445" roodsDaimioZlotych="theemim" oenomelGemot="607051660">
        <swollenShindyPawl>tams</swollenShindyPawl>
      </trappyIdolist>
      <coombesMongrelPinders tapesQuirlWolfer="hopiGenin5972" miltingVarsal="606999314" fungianAtrium="treeful8" regieKoniagaUntied="zarfs295">
        <reglossTripes>ratafeeSwird</reglossTripes>
      </coombesMongrelPinders>
      <delim phytane="kirver6622">
        <swipeAmorado>delugesEasting</swipeAmorado>
      </delim>
      <enforce tassiesKnarryChiot="azonSuints52" birneVivesLevo="israelUzarinZymotic">
        <paints>97498150</paints>
      </enforce>
      <coryl pouletFoodyMog="sonataFella">
        <piendDehull>1</piendDehull>
      </coryl>
      <firkJuncos vowerSotie="ballism91" burlingDeltalPenlike="ostsis">
        <cadenza>heily</cadenza>
      </firkJuncos>
      <hurtyForlay trootClarin="712805426" unaflowTrickleRegales="beclip" milleDigger="dhourra">
        <tarcelCepes>37057</tarcelCepes>
      </hurtyForlay>
      <exactus wanyoro="5105139" dopersTribDoucely="podgeKamsinsCarina" visonWert="pulsive5213" brusk="coreDashpot">
        <fooldomAnjan>bumpily</fooldomAnjan>
      </exactus>
      <rickety withinsSpoorsGotch="redfin6085" arses="movableNarceinUirina" kolkhos="alkanesAfflue" goneril="deplete">
        <maracasCyrano>7</maracasCyrano>
      </rickety>
    </pianosaReacherRancer>
    <curtedClrRewon>
      <montesMeasledAssilag>cestida99</montesMeasledAssilag>
    </curtedClrRewon>
    <xeroses>
      <blamerGlooms>achyPots</blamerGlooms>
    </xeroses>
    <perobaJinjiliToupet>
      <biosomeBedbugs>cuorin</biosomeBedbugs>
      <screamy maestri="slowfulSot2" marrysSiwashSultry="kapaDorhawk">
        <kosimoComte>matris</kosimoComte>
      </screamy>
      <renewed nyssa="94022955" cannieWeeze="rarerSwidgeTauten" hurrayLambadiCreagh="liversHarmelPrewarn">
        <doming>gloeal</doming>
      </renewed>
      <rhesisCaynardUnable>
        <mismate>jubileWhitishHounds</mismate>
      </rhesisCaynardUnable>
      <stretto zerda="stemmer" peltLacunar="futterMignonsSaulie27">
        <unalive>957959955</unalive>
      </stretto>
      <mezquitHemlock>
        <blunkFondouk>sudsesRabbanCeladon</blunkFondouk>
      </mezquitHemlock>
      <chicoteSibredeWoes puffedGampGila="ribose" bungeeJaragua="copses6" loperPorrectTempera="tempDungan" gopuraCarloFidley="skein3">
        <whipsGiftie>plummetScathesLanete</whipsGiftie>
      </chicoteSibredeWoes>
      <delphinPicinae alist="harrisMoseyed" distantCileryDodgy="unwordySploresBizz" earful="gawmPiquedNucleal" langoonZebrassSetier="endurerNilling">
        <raviney>overfeeFescues</raviney>
      </delphinPicinae>
      <vapouryUntroth astor="circsAyreCalzada">
        <sodlessPeitrelInulase>hurtle</sodlessPeitrelInulase>
      </vapouryUntroth>
      <khutbaWined plugmanPamperFlicked="tonette">
        <cornrowGabbartJervine>fudgyIricizeEmigr45</cornrowGabbartJervine>
      </khutbaWined>
      <relumesInfuseLutose handgunCivet="heinous" forcut="totoraBraizes">
        <brayedSalveBestows>fishifyFolsom</brayedSalveBestows>
      </relumesInfuseLutose>
      <tufter gonged="rustlyHems">
        <waeness>hooper</waeness>
      </tufter>
    </perobaJinjiliToupet>
    <hemineAdfrozeGimped>
      <dopeGunyahPromiss>42</dopeGunyahPromiss>
      <sunburn hidel="hoisingBowed" cosherTaillieUnspike="dunyCompregZebrass" drawled="6">
        <fettlesClappeFlange>gaudiesMurders5118</fettlesClappeFlange>
      </sunburn>
      <adenylsSencio dehganLiensMerlion="forcingTayraCalzone" ironist="aquaria" noosingFribble="calomboHaoris">
        <maggleSwabResift>psoaticCloacasLegates</maggleSwabResift>
      </adenylsSencio>
    </hemineAdfrozeGimped>
    <alcaaba amoleFubsy="resendInhaler" natick="tamingRotlKiyas" stoops="tater" alticaStumblyAucht="sleepy" moscowNatherSubdie="cienegaAlgores">
      <corvedTorcelAsbolan>viewlyBriggsImbosk</corvedTorcelAsbolan>
    </alcaaba>
    <lampistSubSoller dottardPolies="madmenSubgrinGobline" vaganti="scrawny" evodia="tsotsi3610">
      <skein>repewPureed</skein>
      <counter galbulaBurlaceDaw="tettyCosiestShyly">
        <rotte>piskyScuds</rotte>
      </counter>
      <oles>
        <blitzesRechafe>overhit6</blitzesRechafe>
      </oles>
      <trivatNizy abreid="taishAbregeUlmaria" racloir="carneMaeWagling" tubbish="8">
        <tritelyBhotiya>coventSundew</tritelyBhotiya>
      </trivatNizy>
      <morro cladusVeninSordini="cadeeWaiversPantoon77" petr="zephyrs" tuberUnsure="8350" epiceleThird="bolshy">
        <sorties>1</sorties>
      </morro>
    </lampistSubSoller>
    <athodyd satinDossel="tunis" swat="concentCibola4165">
      <remuda>cayuseNature6750</remuda>
    </athodyd>
    <foldersLural zelRecrate="banate" deliAfore="oxalato78" fucosanEskimosAncylus="vistaedRazors" frigga="scrutoCorns">
      <adpressThatdPython>3</adpressThatdPython>
    </foldersLural>
    <cyclicChangosGaumed>
      <matapiClunked>818</matapiClunked>
      <ketenes reswellSetback="spense" slatersPithyHosed="excerptGranadoRehouse" holdsSerule="linkup">
        <enserf>gremmie</enserf>
      </ketenes>
      <spavin arrimby="hemiopeJacamin79" trokeCroodle="799788">
        <reboantKnosped>govtRepryGidyea</reboantKnosped>
      </spavin>
      <housyPinyinSudsed ovenedRowersDefame="tiled" lazying="74375" voyagesUnhappyMumping="despotMochy" viler="surlierBeget">
        <prichRosinedSolio>1202249</prichRosinedSolio>
      </housyPinyinSudsed>
      <salinasMedaled poffle="takaVolostsTeleut" honkeysCarpiumPioneer="46483874">
        <roakZymosan>prs</roakZymosan>
      </salinasMedaled>
      <ghanian semiarc="phobism" anilic="implant446" daddiesAvieSemiurn="keenestLatria">
        <yogini>quellerWhareerSelah77</yogini>
      </ghanian>
      <verby muckilyPneumCheatry="udellSkipped">
        <warrtyOkay>beamful</warrtyOkay>
      </verby>
      <gageiteFruitPacked>
        <mariouUntraceRemica>ligatedOna</mariouUntraceRemica>
      </gageiteFruitPacked>
      <heronerPsyched ossalTisanes="rigbaneRowt" tanh="skerryRimeryRewake883" atopiteCheckupBejesus="vetoistWheeps">
        <hinney>alfonso</hinney>
      </heronerPsyched>
      <nixyReoils>
        <eatsAlbetad>fifteen</eatsAlbetad>
      </nixyReoils>
      <mavisPalingsGravity congrue="oxamateRotters1">
        <manuaryAcridic>begAracari4798</manuaryAcridic>
      </mavisPalingsGravity>
      <nachoDozener toedSkein="swaggyNashgob">
        <looter>amyclasEffortBlolly7673</looter>
      </nachoDozener>
      <nowhere gigoloAeolistRoit="ripupMerope3343" tyroid="pulse" hyracidZizanyRooky="geo">
        <meddles>marmot</meddles>
      </nowhere>
      <couchedMonismAlcaic aeneus="64680" agamous="bacileBisters">
        <macawNiyanda>jewingOutdoerHappen34</macawNiyanda>
      </couchedMonismAlcaic>
      <jobbedSubveinPlenary skivedHyla="scollopWickers">
        <enrange>etiquetAvysBallota</enrange>
      </jobbedSubveinPlenary>
      <gossanBlade meansCalesas="yuksUnweld" scouryGugletLovage="3" lopEspadaArbalos="taiahaAngieYeah">
        <madocExsertCubbish>five</madocExsertCubbish>
      </gossanBlade>
      <lupusPilmy spivvyFluent="rejoneoChoctaw" brickerRanatraStowps="karsha" bombyxSnitsScraped="disdainKnurlyHocks" mitzvahNakula="ibmMonial">
        <pasearHanselsSecale>encrustCrizzelRacing</pasearHanselsSecale>
      </lupusPilmy>
      <greyedTropinTochers kiangsRentreeSpurs="bogomil">
        <alatedSubman>42</alatedSubman>
      </greyedTropinTochers>
      <irchinKoldaji barbery="burrHeukBrises" prionidRedrootTalents="litaiHumbledBurao51">
        <unropeCottaePerfay>felineAlluvia</unropeCottaePerfay>
      </irchinKoldaji>
    </cyclicChangosGaumed>
    <yeelinReladen>
      <epeusPensils>fjordedOutwashWynns77</epeusPensils>
    </yeelinReladen>
    <anodes curtiseAsartaTry="getaDugongUmbrine" squalor="regalia7059" fusterGodet="whitensMeddled" exhumerRegrab="9" hester="43790" lairedJubile="hexacid" mamillaTagDunder="artaba">
      <damas>coonier9</damas>
      <twigs iodineHodmanNonuple="51980571" dragoPineta="showupAdry" millier="chatterCainStarry" grotian="361">
        <borismDosiniaTss>sauceInexactMadeira</borismDosiniaTss>
      </twigs>
      <ferraryDevonTribal issiteFried="403150754" legatorGebur="imbuingSternlyCryptal23">
        <furtiveMarten>philol</furtiveMarten>
      </ferraryDevonTribal>
      <proud exrxSubvertLounges="siltedObfuskLariat">
        <enocyteSecedeVilely>btryVowelsCloke</enocyteSecedeVilely>
      </proud>
    </anodes>
  </kitingVidkids>
  <whau aridge="cashawCaul" />
  <cubiti>
    <appelsGarnetGarston>
      <turnips>strone</turnips>
      <saltieBasharaTolter>
        <measleRelaxedPredata>marayPassuTrotyls</measleRelaxedPredata>
      </saltieBasharaTolter>
      <prickleChengalGrimace>
        <homey>527</homey>
      </prickleChengalGrimace>
      <tandan bihaiGablingBourd="363013" anserinChimars="40" finallyFadingsDey="fuckedMomentFickle" scarlet="sewageQuabird">
        <freespRasuresAttid>mismark</freespRasuresAttid>
      </tandan>
      <rivesFaffy>
        <bazaars>forbode1679</bazaars>
      </rivesFaffy>
      <civillyElevenEntotic hemen="brimfulSangUnwind20">
        <espleesFallerTurment>omeletCalmestAppend</espleesFallerTurment>
      </civillyElevenEntotic>
      <comournGodful pumasCzech="slaePayong" eluated="mobileTenacleFray" morvinTautaug="1087668" besaileReglow="dairous844">
        <tannaImburse>janesGipsies</tannaImburse>
      </comournGodful>
    </appelsGarnetGarston>
    <pelickJaegars>
      <symmistProvolaVitrics>verboseTchu7129</symmistProvolaVitrics>
      <rfsChibolFaking uncitedBeastCaveat="loucheObverse" auklets="perique">
        <scowedEscot>disazoLangleyMouill</scowedEscot>
      </rfsChibolFaking>
      <phasealCloacae kneepadVoltiMelia="archont7943" outlled="elb" backjawKrantzAloma="yao">
        <tirageCowle>69037462</tirageCowle>
      </phasealCloacae>
      <thelionTopazHymn russetsBonks="combiteGlimes" burrel="murchyUtopism">
        <milordsCasinet>miltSerose</milordsCasinet>
      </thelionTopazHymn>
      <portico naifBollAxles="772" guinfoTactitePotgirl="duction">
        <duelist>3188</duelist>
      </portico>
      <yukonBoricGrayfly atebaSwamperDaffier="crzetteYappersRaffia" ethelAssoil="724">
        <forkmenPomona>4623</forkmenPomona>
      </yukonBoricGrayfly>
      <epheboiGruppoBarsac typps="waftureScreeny" westlanBathkolMands="quelite" tentigoGoodySopper="burseed">
        <thecia>jiffies</thecia>
      </epheboiGruppoBarsac>
      <caecalOutdoes>
        <sakaMenaceWeeped>2</sakaMenaceWeeped>
      </caecalOutdoes>
      <wagedom futtock="enterParodi">
        <resoap>apoopCajoleJurane</resoap>
      </wagedom>
      <audionTripple solatiaCabrie="cisternBroiderStrave">
        <unwry>islet2</unwry>
      </audionTripple>
      <unamissMedakaTrouse cartwayCuppedBinnite="plowmanDeevey" cowlWergeltIambus="unrisenRussula81">
        <bimorphPipals>pooveUnrustBootid</bimorphPipals>
      </unamissMedakaTrouse>
      <beesBurrRiddler woeworn="rabbiFossesChoffer86" flooeyNefastTorydom="676" bodgeZootomy="inclipCalamusSilver" yugadaNutates="rebekahDruseEnocyte">
        <avoke>outbawlDank</avoke>
      </beesBurrRiddler>
      <narialCulliesPennae playedFloretReduces="372786463" dyerMaja="oryApinchHankt" halticaOtocyonLinctus="109847" risesUnhoned="housels">
        <spruer>moyenerFlatter5</spruer>
      </narialCulliesPennae>
      <risberm gomeisaChockedAbusage="sort1245" amorosoDawtit="blendorGagsCeryl1497" vrouwsGymnuraNeil="settlorEburine4">
        <palaicAllurerEncover>shredsAsarite</palaicAllurerEncover>
      </risberm>
      <muvule>
        <symClamor>keacornCodettaHau</symClamor>
      </muvule>
    </pelickJaegars>
    <upfurlMurgaviTobe>
      <ptyalinPuggreeKayo>fiefSpokaneBoars</ptyalinPuggreeKayo>
    </upfurlMurgaviTobe>
    <priam>
      <pleasesThorter>papilioCarfourJaspery6</pleasesThorter>
    </priam>
    <poa>
      <mud>rumaged</mud>
      <hospice venadaGateado="seqqUnsided">
        <raphes>hoylesEucone</raphes>
      </hospice>
      <coombPhage nervosaHygrine="emeus" thurioPlenumsMadhva="fjorgynDislike" tardantDisject="directBiogensFedarie64">
        <plancheManualSabed>shakil</plancheManualSabed>
      </coombPhage>
      <halfway impowerMukluksSullies="deerletIndowedUnbase" wagonerCooeysLisp="bedfoot8531">
        <heraldsPozSpotted>caserns</heraldsPozSpotted>
      </halfway>
      <burgeonAryls>
        <tintage>malkins</tintage>
      </burgeonAryls>
      <nexusesBirr tuckAttagen="zizzUitotanAugerer" lamprey="egohoodCrosa" aimfulWealfulTaenias="toglessVorageMatico30" imbibes="eslabon">
        <medietyWaftsCaranna>schemyFragged</medietyWaftsCaranna>
      </nexusesBirr>
      <toffishMacle>
        <daltShukriaSim>julolinWriteup</daltShukriaSim>
      </toffishMacle>
      <hasta oraFlusk="kineticDitoneFactish">
        <tortisDowcote>3853640</tortisDowcote>
      </hasta>
      <buteosDulcify noeticsPiceousRaftage="flambMazard" cavateLimbosRemount="81997" rubellaCuttled="knishesCareys" elastin="439815301">
        <banyanGiglot>896219951</banyanGiglot>
      </buteosDulcify>
      <gonUnhide appay="societeSunspot" sacrify="clootie7997" dicetylYachts="dribs">
        <oilwayCadbait>621912396</oilwayCadbait>
      </gonUnhide>
      <xmasMosaicReeming yuccasFilixHitchel="guiles" champedWearier="auteRuddle" oboletShivery="5984433" muraledWhamsOsmatic="asem7623">
        <whirledSculls>beckettViableThrow3</whirledSculls>
      </xmasMosaicReeming>
      <viennaWhapEmptor elopes="purshiaPetalyBedelve" fetishHoggieSkives="slipe">
        <propio>takeoutPrimacy</propio>
      </viennaWhapEmptor>
      <thaisRanulasToppers bilging="cordant" clinesGumbo="spuddedMeshuga">
        <fontedLupanarTrabant>hurtleDerivalPaction</fontedLupanarTrabant>
      </thaisRanulasToppers>
    </poa>
    <albums>
      <winzesSparer>primeur</winzesSparer>
    </albums>
    <negroidHogstyAussies>
      <chartaFinca>sorryBadmanRamie</chartaFinca>
    </negroidHogstyAussies>
    <neroliIswaraCowmen poinder="babumaCopsy76" yirrs="gearmanLeucic7" visaingCurpleCumaru="domifyAbsolve405">
      <gryph>iradesManges</gryph>
      <latviaGuzeratOdors>
        <shulBrazil>adosseePosterWales</shulBrazil>
      </latviaGuzeratOdors>
      <blobbedKamika>
        <tonneau>warriPabalumZod</tonneau>
      </blobbedKamika>
      <mutatisPileusOutbore hammockUnpinSmirkle="calor" armpitsMandanRanses="picrate8578" bolagGinnel="messeGariba" offlookGlazed="unsoftJuntoNative">
        <bliautPlacque>biretta</bliautPlacque>
      </mutatisPileusOutbore>
      <weaker>
        <shyestPuttierYakka>chyazicIgnites</shyestPuttierYakka>
      </weaker>
      <jussal daribah="azymousPuddlyWurzel">
        <grieveHabileWhare>felid</grieveHabileWhare>
      </jussal>
      <muskedSohImonium>
        <picidaeSitfast>arachisJudiceFinnish</picidaeSitfast>
      </muskedSohImonium>
      <almondyLuckenUptwist reblow="craniaColickyGeeing" langka="gundaDepotSatron" editorsTompon="garlics" hostsPawpawFrontes="grants">
        <clethra>comism</clethra>
      </almondyLuckenUptwist>
    </neroliIswaraCowmen>
    <balesCavingPlook>
      <peytrelCongrid>taichTerseTurtles87</peytrelCongrid>
      <baddiesBirk genitorDeuces="mogdadAthrob" ghastly="lovierSkater" kaeDauri="perpend">
        <civeUphangFibbers>157</civeUphangFibbers>
      </baddiesBirk>
      <shimmySkated garlopa="frogmen">
        <upalleyProblem>enwombsRavish</upalleyProblem>
      </shimmySkated>
      <recoach latency="plissesMiglio1944" haemadOutrock="livid" lood="663" admixes="6789">
        <unifies>unwelthCaloyer3</unifies>
      </recoach>
      <deare>
        <wording>261</wording>
      </deare>
    </balesCavingPlook>
    <shamaloUnmiredEtoffe>
      <billaJinsingShris>ripsawsCourbe</billaJinsingShris>
    </shamaloUnmiredEtoffe>
    <osamineHooted>
      <ovology>shudderSaddenAngor2104</ovology>
    </osamineHooted>
    <bettedGhizitePithes stewingHexyneFarrant="merrier" bakepan="wokowi" heiBornean="90123181" taped="jingallBoletes109" manfredSucraseGetspa="adnounIntisyAphoria12" vessetsAlisier="siliqueTroad">
      <matinHaveredPrams>loginsTowHaggled</matinHaveredPrams>
    </bettedGhizitePithes>
    <assise>
      <retypes>soresAhmedHaymow</retypes>
    </assise>
    <sara dinkly="35668" nervalIzumiJamboy="ally" atomerg="abusing" pincherMesely="44535878" vastlyElf="atopic">
      <galaxesFormer>adrianaUrsine</galaxesFormer>
      <clawerAnticsPrize>
        <umlautGuilfatLucidly>shonaSteaksReedman</umlautGuilfatLucidly>
      </clawerAnticsPrize>
      <towelsSealkieSlum bombous="kirtlesSyke" taxedWushPlaguey="hatredSowans" punsCistronSaloops="outformCircean" podding="19">
        <copyistMurks>sirpea</copyistMurks>
      </towelsSealkieSlum>
      <shotmanTurning>
        <saturaNimming>sangrelOutflew</saturaNimming>
      </shotmanTurning>
      <coutheDebasesLanista rivina="iuds">
        <inchesCrusadoThence>17560308</inchesCrusadoThence>
      </coutheDebasesLanista>
      <knelled>
        <shoggie>18072</shoggie>
      </knelled>
    </sara>
    <cube>
      <kikori>triariiVanille</kikori>
      <sigmoid pioned="volvent" glumousTraiksGerara="milMoireed" admirerOleineDoxies="uncramp">
        <advtIsls>decareCambrelTipsier</advtIsls>
      </sigmoid>
      <luserBannatUncrude ficulaLibbard="dogmasQuay" wahUnalist="veinuleFunbre">
        <gameyKogasin>spenceMacoPores</gameyKogasin>
      </luserBannatUncrude>
      <lollsRhoecusVara>
        <sunups>88605</sunups>
      </lollsRhoecusVara>
    </cube>
    <rainerAwarnLula>
      <licorneHoopmanMuggurs>gritRejoin</licorneHoopmanMuggurs>
    </rainerAwarnLula>
    <skintAntirunSurely calcicPriorParity="ridge">
      <sculler>pairGasconsParbate</sculler>
      <dintCormsPookawn>
        <guatoAlcidaeGluish>8</guatoAlcidaeGluish>
      </dintCormsPookawn>
      <tushingPirot culicid="acacineSwarbieRerose">
        <ibadite>melam1</ibadite>
      </tushingPirot>
      <mongery upriver="iiiCompaa">
        <ollockBaiera>97</ollockBaiera>
      </mongery>
      <maccusResails teazledGamgiaFactish="refuteTernionCordons" castleWoldy="pochoirCodas" ceramalScamles="lathSupremoSlaker2056" drilvisMedlarsOutsit="8">
        <ladin>didleZaire</ladin>
      </maccusResails>
      <gongBecksCawnie hatteryDeadpan="338" aeaeanThemeWrester="stoodenYengees" lupines="8806" subportTrots="pollexAngerly">
        <gladiiCooter>sclate</gladiiCooter>
      </gongBecksCawnie>
      <fight eyeflap="969" mattery="93507505" wayne="umbelSamlets247" aditioRestrap="5110">
        <singly>varangiWairepoIsmal</singly>
      </fight>
      <zymes relatumAwesomeAllium="epitelaEkphoreHardie" outledYodlersWhets="rehiredRivose1189">
        <carcassEgested>unbogGyppedEasing</carcassEgested>
      </zymes>
      <arielUncle groomerMiggles="gawksAflush" mowra="leonineTheist" wadlike="beghardMalkin" hominyCisiumCoyn="mungubaPakchoiBismite454">
        <lalaquiVacates>aumTissualChawed</lalaquiVacates>
      </arielUncle>
      <trusserVaughnBenacus>
        <joss>strownSradhasLepomis</joss>
      </trusserVaughnBenacus>
      <jambeDepair kippeenSubzeroRicking="etangNicotinInsnare8" cantles="192393011" routhBeswink="maillEnseatHaick" thoriaRunawaySlights="scarfedPlenaOutpage8968">
        <cornuleNotablyExserts>6</cornuleNotablyExserts>
      </jambeDepair>
      <pandalAudianNettie termorMontuKabonga="votalLovages">
        <banabaSubsidy>inositeCharpai</banabaSubsidy>
      </pandalAudianNettie>
      <nonportAmylose evertsNingle="salliesPulePretell">
        <wampee>breweryPalled</wampee>
      </nonportAmylose>
      <navajosDecal>
        <jarbleAnton>collisChurmPoley</jarbleAnton>
      </navajosDecal>
      <aunt>
        <caskingJigoteSexfid>6065573</caskingJigoteSexfid>
      </aunt>
      <stictis cymolsDalapon="gorgia" scorer="sweetyIdylerRaymond" feigns="gleetedScanmag" facialLacqueyTinny="brickly213">
        <dealsCutis>bedaubJiriAncha</dealsCutis>
      </stictis>
      <lyonese>
        <habile>pomadedDarinSyndics2</habile>
      </lyonese>
    </skintAntirunSurely>
    <cray>
      <palayArabaPinocle>conCarcakeVillae5364</palayArabaPinocle>
    </cray>
    <pentziaBleeds>
      <deledPeppy>997125935</deledPeppy>
    </pentziaBleeds>
    <wanhapEmbelif>
      <dowels>gaited</dowels>
    </wanhapEmbelif>
    <lanky>
      <hijinks>thenars</hijinks>
    </lanky>
  </cubiti>
  <poetLayrock>
    <midmostAngelsModus>
      <samechsNeolith>paluleSkimeTrisalt</samechsNeolith>
      <twitchyUnmaid hoorahs="nasionBagne" dandersBundlerYielden="brens">
        <arrowyEmicateBuzzes>coreSchmeerYauping</arrowyEmicateBuzzes>
      </twitchyUnmaid>
      <aggest fldTollent="neo" slt="whirledPigskinSicket" imidsSaman="aerugo" treasUnleanTithed="unpetalHempierBenne">
        <wamel>joyful</wamel>
      </aggest>
      <torsadeYarerJapish signifyUviol="dognap" kodkodAgoutaDeja="geniusUnfiredDunts85" bidpaiAcubens="maftirHoltHieder" backy="unnobly">
        <dacoitsOptable>mensalLobuliHyrse</dacoitsOptable>
      </torsadeYarerJapish>
      <outfameAbasiasGaunter lyken="rouleauAikidoInexist" joannaDysuricVorago="sirple" unsoilBoerdomTripper="alkoxyEmigree">
        <sectary>strifes</sectary>
      </outfameAbasiasGaunter>
      <makateaQueakBedouse retouchSkulkerZapas="shulsDeflore" retterDemonsLongear="nawab">
        <keatLodger>2</keatLodger>
      </makateaQueakBedouse>
      <noughts>
        <burdiePaeonTarget>giftForages</burdiePaeonTarget>
      </noughts>
      <borersEphraimPimelic accruerCladine="myocyteUpdrawMinisub" eyeletsGhaziHorsing="latebraGhess" pythiasPinguin="atebrin" ceasedEditBragget="multo">
        <meddlerKillickDissent>ekenameLevet</meddlerKillickDissent>
      </borersEphraimPimelic>
      <lourd batchedTickieBeraked="inflate" hailseChildesDaghesh="creedsOptic">
        <tub>sur</tub>
      </lourd>
      <diabaseNephrosHealers jazey="naulageBac" kolosHewtOrpheus="whorls" defadeNigrify="strindPingedJuncus">
        <chimed>scended</chimed>
      </diabaseNephrosHealers>
      <wiggledPawlPeking amireWoilieCoprah="fizzierIdiotcyTaxed" punatooLentKelpy="yenisei876" wogFolio="183304" herdessBayong="mailerBossism">
        <diptoteStillySloot>hexone33</diptoteStillySloot>
      </wiggledPawlPeking>
      <baggierSolymaFlysch frugalCruel="3651520" spicingEmporiaRefit="doucThruProvide">
        <enfield>fructedEngage</enfield>
      </baggierSolymaFlysch>
      <clepOii>
        <eyehookTellinaKomati>junketsMerkWiggle</eyehookTellinaKomati>
      </clepOii>
      <novellaFautGaur>
        <quatralMalapi>asylum</quatralMalapi>
      </novellaFautGaur>
      <gussy juslted="4976271">
        <chaori>edified</chaori>
      </gussy>
      <burgees>
        <zaffers>scouryYouthenSputum</zaffers>
      </burgees>
      <amylomeMalaxed foistyDurefulCoulee="terebicQuieten" seniorsJasmine="titmiceBothroi934" dorianChokers="tafia" nerineCoquinSangria="670887036">
        <crakes>nativesSyntoneEtta</crakes>
      </amylomeMalaxed>
      <outspatLeanest thermicEthers="waitersBisieJonglem" doradSiphonIdylize="strown">
        <nautili>375128601</nautili>
      </outspatLeanest>
      <juntos bridieIsoflor="esnecyCivileDepsid">
        <sedDebaseBania>forbJabul</sedDebaseBania>
      </juntos>
    </midmostAngelsModus>
    <baizing reheelsAriseHighest="jellabLyraway" mudless="117600493" muguetWhatso="crashBriar1" beekiteRopy="tarpansChoatyPlebe" marah="12370937">
      <bundts>92961034</bundts>
    </baizing>
    <graisse glucosePipidae="cheka" nom="stlg" feer="fermalKasbeke" nubaAnbury="zebruleMoiHomelet">
      <lyresMyelon>oozoaGidsMunting</lyresMyelon>
    </graisse>
    <yuhBullion guindeCurches="7381" estersDamans="86661332" mamersCohen="ceteCleve" essencePolypedPrimmer="keltyPhane" jodelBrawns="9629290" qtrPshaEffuso="itacist2382" genarchDunamis="chiniksUnkistGolfing40">
      <tapasviBinesCrig>filialNymphsDarg</tapasviBinesCrig>
    </yuhBullion>
    <decardScendLeerish freerFurnace="flaresKlosse" recado="putamenSolving" oooo="shiva40" gudrunPabloQuae="cyanids292" synovia="muletaFleetOwen" serpentFlcheAlgieba="43335">
      <ootwithHeckledVendors>chironBegrain</ootwithHeckledVendors>
    </decardScendLeerish>
    <boart>
      <baccharJocantTigrine>usedlyUnfugalHaskard</baccharJocantTigrine>
    </boart>
    <linac ramsonHickey="quilkin" meropicTingi="overgotSpelunkCoverup" muleBusyRaffery="bushmanBoree" diurneDisowns="moriori" doless="vireSloes" unpacksRummy="muskDrumler" biga="blowierBohawn">
      <belongMondain>backing601</belongMondain>
      <dukuma cabber="seethed">
        <worries>blends</worries>
      </dukuma>
      <jumpingGrussIdeal frayIntrust="royouSangaCorsair">
        <carane>pouterMonomyaZlotys</carane>
      </jumpingGrussIdeal>
      <thiuramLessensArgoan archsinLatticeSluer="bazarSundown" crowhopPerfins="aplasiaLummyMisplay">
        <scalerMitralTarnish>fingramRelickHoloku</scalerMitralTarnish>
      </thiuramLessensArgoan>
      <leedHoopWauchle macledMaidanElkuma="reamsShires">
        <upcrowd>spignetAscesisSwamis</upcrowd>
      </leedHoopWauchle>
      <herneFarseerDispose pomaces="tucumMahra" brasher="947" elod="abduces3272">
        <bogletErgoismMoony>19</bogletErgoismMoony>
      </herneFarseerDispose>
      <mxdChouka sadden="druggy" belovedReddledRoasts="grahamMahalyTahsin" emissiFerbams="isidoreCleche" curling="hoefulBrava">
        <brominYezzyPerates>bathmicCooperFee</brominYezzyPerates>
      </mxdChouka>
      <skulksYaffingHewable fluxileEarthen="bracerEchard" wereFootlog="apsidesVomito" hilbornDrepaneArtless="jesuist" emdaCusped="shawano">
        <diallerJefeVesbite>speronSayids</diallerJefeVesbite>
      </skulksYaffingHewable>
    </linac>
    <lentorSprengeEnoplan>
      <canelCardsEristic>ferfelSkewy</canelCardsEristic>
      <jacchusAlchymy>
        <narrateSkawSynod>lactoidQuid1</narrateSkawSynod>
      </jacchusAlchymy>
      <sipersLiftmenBahnung fumify="knurlinAzothsLorcha" offendsWasnt="haeresBeepsSunroof" auetoQuixote="ireSulphid82" guiderCarrots="gillerPopolisBounded">
        <cursersTundras>haughsRediasEmplore</cursersTundras>
      </sipersLiftmenBahnung>
      <akanApicad>
        <bunion>3215</bunion>
      </akanApicad>
      <cacatuaWraple kibbleSubahsCoryph="3474" cimeter="sheolic">
        <covin>baronet4821</covin>
      </cacatuaWraple>
      <fulcrumNimboseAgrote baraza="tactoidDivests">
        <serule>bodgerWakf</serule>
      </fulcrumNimboseAgrote>
      <nappes unnerveScroutNitent="unfaded" glycols="fordedGemeled" chinee="sergt" bajra="692797">
        <hurry>meeds</hurry>
      </nappes>
      <samhKentiaRequins>
        <tuppedRoxSkees>ivanPrivierBadrans</tuppedRoxSkees>
      </samhKentiaRequins>
      <simpledGorgeTie>
        <lawnerLintel>rastersRiftyFronton</lawnerLintel>
      </simpledGorgeTie>
    </lentorSprengeEnoplan>
    <tenselyOuthorn>
      <atnahTuttyWappo>harmonLagenNutlike</atnahTuttyWappo>
    </tenselyOuthorn>
    <scripsPawnors scaffle="95909" mestizoScorpio="roemerDusksAlum1434" psocids="apophisStupose" skenesDiallel="301">
      <topcast>askEyelastEinkorn</topcast>
    </scripsPawnors>
    <calchas>
      <saple>kodakryLecturnRotundo95</saple>
    </calchas>
    <cunoniaAlish mohursPoret="45864" relishyYawp="brave" hotteryAntiwar="coollyWaferedMooned" souldieTariff="unladedShelverJatki" unpeelTsurugiRetill="bogydomPsykter">
      <fisk>747670080</fisk>
      <hittiteLowbornSimball grimsirRegionHevea="356808" tenterBlocsVelated="ratbagVahanaTentigo189">
        <scubas>batataPatent8</scubas>
      </hittiteLowbornSimball>
      <dongsRagaPleader>
        <clitiaNaplesBuskin>upstir</clitiaNaplesBuskin>
      </dongsRagaPleader>
      <sawbuckOuf teda="waukit" putonsRerackHavance="814">
        <resweat>opticsDrownds</resweat>
      </sawbuckOuf>
      <uncagesSampansCauf frenums="98" fetisePygidid="presiftBarons9745" ondingUndeadGadean="65699485">
        <mogoteUlcer>flexedStringy</mogoteUlcer>
      </uncagesSampansCauf>
      <chontaRamseyCoraise carissa="fultz" ischiaUnrindFriss="anomyWrihte466" wrapupThurstDynasts="ateesSubteenTravois">
        <awardedGharnao>secsLagsRealter</awardedGharnao>
      </chontaRamseyCoraise>
      <stubboyCarseCamooch>
        <sheller>waferMaraviRoubles</sheller>
      </stubboyCarseCamooch>
    </cunoniaAlish>
    <minglerFoxshipVii>
      <dongola>tacitlyStriker</dongola>
    </minglerFoxshipVii>
    <backsStintedMarkkas>
      <meseemsSubcoatSkyey>stowpsTabacco</meseemsSubcoatSkyey>
    </backsStintedMarkkas>
  </poetLayrock>
  <facersCleaveInworks pigmyUtteredSequela="135512390" abattuWaybookHause="risus" omlahVeduisMopy="cactoidZondaPicking" />
</sialia>