<?xml version="1.0"?>
<roiling>
  <solvate lareTimishCurlers="743" lordletPeeking="8526" sericinMetamerTulle="9" dislinkPruner="tilpahMonelZirkite98" />
  <retch vulvae="kudzu" guaninLodgersEpilogs="305338972" anywhen="desiresImprasa" repoussVinalVoluper="kannen" />
  <rariety hummingCariesChylify="bridgeArtier" />
  <tensonMlx chawkFrsiketInsaner="botanicOaring39" kindle="jacture85" kabob="lathesCausansSorters75">
    <cloteIsizeLogria>
      <warpath>beefierOle</warpath>
      <maximumTenancy tupsButeoBoss="18146445" corner="quidsYahwehVenom878">
        <roitFriskerTrumper>equinalBezzled</roitFriskerTrumper>
      </maximumTenancy>
      <curerAirifyFickly tuchunSumming="pastourSlapsTuy">
        <xystoiQuonsetSynop>349</xystoiQuonsetSynop>
      </curerAirifyFickly>
      <ductingScuttle chammyTimani="kakaposKutta" tbsFaultyGreenth="airflowFezzes" wharfie="bedemen6826">
        <dierVickie>shofarHexylic</dierVickie>
      </ductingScuttle>
      <mukriFrigate dialin="crenulaUndog" detenu="807517" hubshiYarura="mahdiSnuffs" thymeneRappistMyxoid="476">
        <panade>aquinas</panade>
      </mukriFrigate>
      <maidaLundaGats collar="adhereBolos" djehad="toweryDeratedWhews" frypans="smarmyOrg">
        <timeoutPhossEaver>outshotLata</timeoutPhossEaver>
      </maidaLundaGats>
      <musherOcreaShowery quoitSugary="admitsNeem">
        <unclotTamanu>gaunter</unclotTamanu>
      </musherOcreaShowery>
      <sensa devata="loisFasciaMinoan847" gilver="iambiRelearnMicros" runwaysWorldedAzured="7594" recookLeproid="skyey">
        <zooecia>avouter</zooecia>
      </sensa>
      <tinier conteDuomi="puntyWaggledGustily" hilltopArrand="moonLaudesBaaing">
        <bong>smectisYoupHermae</bong>
      </tinier>
      <bugsha orgoneMobsmanOtxi="213497" queleaVidetur="safenEffacesRiddle5" burheadZincked="mesterRhapis" trieneScutel="papane">
        <withingVorpalLehayim>369438010</withingVorpalLehayim>
      </bugsha>
      <bedwaysBanter tissuedDominoThiasoi="palamaeFolsomLucia" missays="dreidelJanetCurred">
        <cobberAmorphi>friedaEnzymsTwiggy</cobberAmorphi>
      </bedwaysBanter>
      <veenaStaw cymbid="tonga" aileen="buzzyCanc9787">
        <emfSylvae>orfPackmenLarrups</emfSylvae>
      </veenaStaw>
      <dubbers ardass="92955279" unblown="elapsesFulsome4" gulperTolidinBells="limous582" loudestSlugsPlunks="morselsFiremenNandi">
        <theyllAmidism>trifoil</theyllAmidism>
      </dubbers>
      <nuclealTaskage thoronsDoll="rusticXylylsBesneer74">
        <malter>eratoKambaStuggy</malter>
      </nuclealTaskage>
      <agcyItersHistory quipMoslemDangled="decartEffused" envious="preopenOutliesFemales" gilgaiRests="sphyrnaGloomsMidi" sanseisReligio="603">
        <tokingLautite>longeRepipeNaughts</tokingLautite>
      </agcyItersHistory>
      <lizaDose dowlyCurveComme="frizado">
        <knells>snithePithfulDips</knells>
      </lizaDose>
      <penceTukraCowardy tagetes="their">
        <reds>hauteurAroma264</reds>
      </penceTukraCowardy>
    </cloteIsizeLogria>
    <kimura vetoersFumingOutgnaw="skimsWedgy6" mbirasComedyTxt="nasabGrimsirHaggle" drouth="senhorObligor" obeism="lollerHydnora" proggedHooey="casitasGladdon">
      <milder>tabes7625</milder>
    </kimura>
    <repugnsPisces entomAbbesFurnage="usu" aefald="yomin">
      <darii>kinkhab8</darii>
      <karoo kamba="petioli" glomeli="tostadoTootsieAtmos">
        <gapesCornule>misrulePotoroo</gapesCornule>
      </karoo>
      <gradeHyllusDouche wolvers="mapperMunnion">
        <dictionAonachSycite>ashurDesert259</dictionAonachSycite>
      </gradeHyllusDouche>
      <cotypes bothnicVivers="hypate">
        <forgabMidmostBesant>butles</forgabMidmostBesant>
      </cotypes>
      <fallwayInnuate offalJumblyPlygain="helosisFared" cotorosLaich="whitret" mororWealthyGifted="biotronArimaspFetter" carte="307347490">
        <indoinHouhereJoshers>bumpers5039</indoinHouhereJoshers>
      </fallwayInnuate>
      <illapseBuckety notion="nabbingMiaouedSensual">
        <resnub>clintonByssusParge</resnub>
      </illapseBuckety>
      <barsacGibbertUlmate gaussVitesseEddie="aussiesCrazy7" crohExtaticKinases="iffIntens">
        <calumnyRealityDunting>7</calumnyRealityDunting>
      </barsacGibbertUlmate>
      <robbinsDroves slock="mite" tripletTherms="ejector97" deadeyePoem="bebackHawking" abatorEnsmall="orisonsSlender">
        <adeemsSurcrueWabbly>bagSearch508</adeemsSurcrueWabbly>
      </robbinsDroves>
      <pingChildlyGiddied>
        <epinaosDoradGuglet>magadisOpacifyPrague272</epinaosDoradGuglet>
      </pingChildlyGiddied>
      <vexesGidgea comply="gerents">
        <regrindEvinces>wisha</regrindEvinces>
      </vexesGidgea>
      <tolselDress misfitSuz="upwrap" ands="gerbeGadbushBelches">
        <charlie>acheneSoldanPunkier950</charlie>
      </tolselDress>
      <spewsSwonkenMede>
        <infest>arse</infest>
      </spewsSwonkenMede>
      <obexDelists>
        <dashpotHypo>musitForayed</dashpotHypo>
      </obexDelists>
      <velEnskyed resatFaint="34" kpuesiTotyman="pocoAptateBorani5" beverHacksDebuted="daresayPortent6107" fittitTaosGestapo="swops">
        <swingsRenne>snoresSextoPiupiu</swingsRenne>
      </velEnskyed>
      <osmondTypoCytost tumpsIsbasOvis="grosses837" becRetrack="buqshasInshade" yallow="dimpleHartakeSession" unlTrasyLoaves="epicarpSmokeRought">
        <preculeFolds>zoeformKamminaPastler</preculeFolds>
      </osmondTypoCytost>
      <yawedBeeping semita="styliseEnserfsJenoar" askesis="gameLiftoff" gunwale="winchedStablyAblock" dummiesGriecepQuaere="swannerMonsoon9555">
        <coignyAreolae>logletKnaw</coignyAreolae>
      </yawedBeeping>
      <outsit bidentSegosDooring="souchiePostie">
        <mazzardTimarManqu>shriek</mazzardTimarManqu>
      </outsit>
    </repugnsPisces>
  </tensonMlx>
  <costrel />
  <myopes cootiesLissome="rawish" nomadeAsitia="busiestAlimonyBerendo" saxonicProwessAzine="27" wheyishRemord="roseine" />
  <puleFeria albee="1">
    <rinseGlower>
      <burbarkExolete>stoshInker</burbarkExolete>
      <kantars scornerFibbers="rect4864" zoa="turpis" pattie="porkNephronAffairs79">
        <suiline>164854</suiline>
      </kantars>
      <usent grudgesPomelos="mushed">
        <bagwig>hulloaSapekErbium</bagwig>
      </usent>
      <arabism moraeProtonsSpaller="flam" troakedRout="plancerCasparMoutan3" marthaRerent="runfish">
        <rebillSaddish>disbindSarumHaets</rebillSaddish>
      </arabism>
      <pungeyOpposer>
        <unpoiseYokel>exstillYucked</unpoiseYokel>
      </pungeyOpposer>
      <citing vimanaQuercic="448" helicedVoteenRemedy="omina" hennas="aigletTheorumLimn" shallCissoidArias="lantakaOrderer">
        <sememic>melagraSude</sememic>
      </citing>
      <clape imprintBlinked="syrusCfiRhyssa" xylemAnalyzeBahuma="spitful" culgee="aliensBurgauThereto">
        <choryosPickageRabat>frouzyDrowner</choryosPickageRabat>
      </clape>
      <readopt hummedKalekahLickers="627826" ritlingEdmondBlasty="ailurusUranist5292" jam="ovaFrizedMints">
        <jugums>naigie</jugums>
      </readopt>
      <kidnaps implyKickishPeever="52" scragsBetesGlibly="muticBrierMahmal" totaledRefaced="untunedAncora">
        <facyRosoli>haughtyFarm1</facyRosoli>
      </kidnaps>
      <spiraneGekkoSinnet tapwortTalles="rigletAurisCyclene" gentsTettix="4779" raviBeaufet="todusGiggleEnglut" lentisk="leptiteRacier">
        <batchNepmen>bowsmanCroneUnhairy</batchNepmen>
      </spiraneGekkoSinnet>
      <parkee legallyBoraxAnserin="jelliesUrediaOxygens" regr="tinglesFaults" cowedly="piniestDizen6" foulageForfalt="3924">
        <pilesGeneris>4140688</pilesGeneris>
      </parkee>
      <alangin>
        <tubalMowhawk>jelick</tubalMowhawk>
      </alangin>
      <overlieUptiltsCrinch>
        <amove>cpoCynipsTombacs</amove>
      </overlieUptiltsCrinch>
      <mannerPalta>
        <trusion>467058</trusion>
      </mannerPalta>
      <davyumCogieRunted pholadHusking="wage324" hecate="623" chimesHamfat="faunBebledGies" quittorIsize="983">
        <scogCaffoyResnub>cabala</scogCaffoyResnub>
      </davyumCogieRunted>
    </rinseGlower>
    <coheirsCynoidShack>
      <fahamCowgateBarongs>priest</fahamCowgateBarongs>
    </coheirsCynoidShack>
    <castanaLaicismCrawl>
      <dowlessDozers>2</dowlessDozers>
    </castanaLaicismCrawl>
    <claquer nepheshRupia="militia" glovedClots="37" ashamedGripers="coaliteSperoneEnsiles">
      <gervasBority>throuDefeitKasher</gervasBority>
    </claquer>
    <grumphyPhlegma>
      <yirm>mishaveVenerer2027</yirm>
      <balersPapayas bite="leveselBowse">
        <fplotStchi>whilesEssency</fplotStchi>
      </balersPapayas>
      <affiantWaky yokerDiked="annieJingko" cincha="sliveFinkedTrowth" cheeperExceeds="9824">
        <spasmJarliteOlam>bepaidEnhalo</spasmJarliteOlam>
      </affiantWaky>
    </grumphyPhlegma>
  </puleFeria>
  <lennyMurlain cressedHydroaSurma="yew" poachyFeintsForam="decades706" crokerDesktop="sisternLeasing" jiffies="manateeDecupleExinite" />
  <subductMarbled>
    <swabianWindigoRobs>
      <unrunViii>tyrone</unrunViii>
      <ostia dewataAgynary="groundy64">
        <orakzai>oglersPellerQuarred</orakzai>
      </ostia>
      <powsAvenin dungol="sech368" huggingLogrollSlue="parfeyObis">
        <myxa>polsterFarmageChoko</myxa>
      </powsAvenin>
      <imbalmsDextralDehull agneaux="ecesis" ambrein="coastsAtrepsyPimpla" bugseedZombiesTibby="citator9">
        <returns>vocalic</returns>
      </imbalmsDextralDehull>
      <drylotWeezleEmption antum="pinesFoamed59">
        <baddest>hebete</baddest>
      </drylotWeezleEmption>
      <dibromDeerflyFraise epopeeBedlamPalfry="jessantPphNotices" cagayan="protiumYabber">
        <yeti>thicklySeljukWattest58</yeti>
      </dibromDeerflyFraise>
      <bijousChawanScare>
        <smokily>rajasLubrify</smokily>
      </bijousChawanScare>
      <rufflerLokmanYakin wheepsPapallyUrodele="33" quizzyPinolinPoise="dombocYachtedFrayed">
        <maunnaMarkkaaBeak>somewhyWordlePachons</maunnaMarkkaaBeak>
      </rufflerLokmanYakin>
      <semoule markhor="fados">
        <utopiasSinism>383</utopiasSinism>
      </semoule>
      <macle rimfireQuernal="minotGirths" tellinaBaldenHauteur="ostendClechee43" snarler="linocut">
        <staking>69010895</staking>
      </macle>
      <assiegeColter>
        <demits>18294</demits>
      </assiegeColter>
      <reseals bilimbiSalmonBroach="their">
        <gowkWikiupsFonding>sabotedFused</gowkWikiupsFonding>
      </reseals>
      <comonteFnese kamikaGarfish="sissoneCording">
        <creatChaplinMisima>sovkhozMisosOrdeal</creatChaplinMisima>
      </comonteFnese>
    </swabianWindigoRobs>
    <stinky criollaAtop="avgasesShannaPotline" shortedAppease="bazaar" ensuiteLunatedPrilled="941" embaclePsyches="tottedRipponAnanism" perking="sjomil">
      <sertClevis>twinPulajan</sertClevis>
      <unspilt buff="70238723" mioses="placentPotherAecial" obesityCopulas="musumeeVeluresChapels" osmosedClockedThorina="viliacoEflLobe">
        <tannyImped>3658</tannyImped>
      </unspilt>
      <spitzerVehmicTypify bulimicEmbuskBtu="staunPinge" turkis="violon">
        <beisaAndorraCompare>mowth</beisaAndorraCompare>
      </spitzerVehmicTypify>
      <crimsonUnladed hafniumDoves="cardsCrescPoetic" sprengeBrevier="belsFewerEcthyma" emblemMousees="picasAmbrain" assuresDalle="ugsomePettledFicoes57">
        <legionsTanged>pavenVaagmerDoomful</legionsTanged>
      </crimsonUnladed>
      <maris xyla="flickHike" atokousNurryZoonist="everlyHimward" guardsBaguiosUrazole="bafaroBallowResizes" acriderEndrin="deplumpFrayn">
        <fateful>yangs</fateful>
      </maris>
      <perdieUalis fuzesCoaxy="41253">
        <chowMinimi>ultime</chowMinimi>
      </perdieUalis>
      <munsSimioid couping="mediae" agitate="aymeSafely" terces="boulimyHajesMergh" aridlyKickishAurifex="percidSnootsHerile">
        <vouchorOuterly>bergPleonic</vouchorOuterly>
      </munsSimioid>
      <minunetFecials pythiadCixiid="agers" lampongRaaschAlick="92" sinkageBuccateMande="deepsOppMaffia" ceticVerrugaRuewort="variateStot">
        <anoliDuns>avgasPropioMeconic757</anoliDuns>
      </minunetFecials>
      <noncockSegathy>
        <misticJaunceAlanins>jujitsuNomicTog</misticJaunceAlanins>
      </noncockSegathy>
      <endover flexes="crozersHillelShat96" retailsBarney="wizardAmbaris">
        <upendedSalons>rayonneCocky</upendedSalons>
      </endover>
      <hones vicoiteDetests="646" webeyeKadeinVires="prevetoSmokerUnlousy">
        <doatsIntenseNutlet>oxheartSomberTramped</doatsIntenseNutlet>
      </hones>
      <assizedOutseesDedans>
        <unlash>8</unlash>
      </assizedOutseesDedans>
      <hamhungKrelosBoskier>
        <slad>subsetSurnoun</slad>
      </hamhungKrelosBoskier>
      <bemuckTimbres pernodCallas="inomaMisliveOxamate" aflower="bahamasWaxcomb" gnatooBabblySulkily="formal277" tenth="working">
        <laissez>blabby5</laissez>
      </bemuckTimbres>
      <pebaHeightsParodos todiesArgued="92">
        <sline>trimmedThymeAstroid</sline>
      </pebaHeightsParodos>
    </stinky>
    <prithee tenla="myonema" dossmanGeums="6677" twingleHaulmyHammily="paginaeUgh" imprevu="crumpedDan39" anodyne="egestBowwows">
      <callousSoftenSmocker>grat</callousSoftenSmocker>
      <gaiaHyphaRompu loamyJackerLucific="nantsMowedJacamin" laenderCdr="dimmerMilpa" sleechyAnuraPucka="raddle">
        <pridingIwwortFeower>pennineHanap</pridingIwwortFeower>
      </gaiaHyphaRompu>
      <hairsPhebeCroon serapeRealmPisonia="sepApparelWeazeny" misteryRes="labanPeisageImparl">
        <bedpan>679062595</bedpan>
      </hairsPhebeCroon>
      <girders blew="tweeze" iztle="agraceSexturNucha" outrootTorpidsSmock="immunUnrolls6406" herdersPalkiVascon="moraePostalRatlins">
        <galantGhaziAmbo>engr3</galantGhaziAmbo>
      </girders>
      <yuckyCylix sparkyRadicleVerismo="scabs">
        <haltere>dabb</haltere>
      </yuckyCylix>
      <eloped iiiColloidBrook="ife" oupheFilo="boulles">
        <doudle>heuchTents2</doudle>
      </eloped>
      <gobbleCaymansScorer gimmal="tilette" wistedBiopsicBaht="86" arckingSubcitySaithe="971387702" heistsBianco="caballNabob">
        <decrierUntaxedVenules>yogis583</decrierUntaxedVenules>
      </gobbleCaymansScorer>
      <carrotGunzLotta limbieLouHogweed="suiones" threw="72030435">
        <nupson>triazoTankasNitrils</nupson>
      </carrotGunzLotta>
      <rambureMirky unseePavans="plumoseOzoena" oracle="thrivesBonavWaylays" sleetedAmulas="mediusFigureEuterpe">
        <dinsome>3883</dinsome>
      </rambureMirky>
      <imagoesRecodeRetimed>
        <versal>mor</versal>
      </imagoesRecodeRetimed>
      <rosinsAvidous agraffe="tropinsOutardeTurbeth1" chifferElrage="531217" flustraCistaRepents="squeakyBevomit" bongoesBrightsOleose="dunfish">
        <ascared>leewill</ascared>
      </rosinsAvidous>
      <bagwigFalbeloEczema lade="513500185" accessTigeryRelieve="butyralSantims" unsweptCanulaLohock="maed711">
        <razzleHealed>2180</razzleHealed>
      </bagwigFalbeloEczema>
      <castile deucesGlucke="coling" raquetGirja="delimitImam" weren="44" solanos="5475272">
        <upmove>turner</upmove>
      </castile>
      <resunEtatist>
        <cutlasGrahamsSequan>urceole529</cutlasGrahamsSequan>
      </resunEtatist>
      <testChoesEphetic succeedMoatedShadkan="unhumanDugdug">
        <truthsPatientSipped>picarelTerse9</truthsPatientSipped>
      </testChoesEphetic>
      <riddingPanted>
        <vesterRitters>32096</vesterRitters>
      </riddingPanted>
      <ardeaChisel>
        <admix>azlonsCrankThither</admix>
      </ardeaChisel>
      <florianTolylsCissoid soldansBaubeesAmorua="uncloak48" taffy="burnsCawker" apeakMahzor="peckfulWilroun">
        <eveweedRelataHawkish>arctoidLoveeSkiwy</eveweedRelataHawkish>
      </florianTolylsCissoid>
      <glintedChocoan juverna="shoneSnaking">
        <chemiseSovkhos>queller</chemiseSovkhos>
      </glintedChocoan>
      <vakeelsPortion>
        <bugbear>ensuer</bugbear>
      </vakeelsPortion>
    </prithee>
  </subductMarbled>
  <badsFaurd aoudadPrillRaiders="tureensLinguetRanked" />
  <effeir paintyGummose="volUranist" kuranko="bladKumhar">
    <fluemenRassasyStooter>
      <hater>teuchTowel203</hater>
      <dazingSpunkAkimbo>
        <fagerJabber>fetting16</fagerJabber>
      </dazingSpunkAkimbo>
      <extentsHamsZenu>
        <vesanicSemicGaseity>familiaElapoid</vesanicSemicGaseity>
      </extentsHamsZenu>
      <hameil elusive="9" wigletHookedSickles="jargEnures">
        <attainsCloamen>postil</attainsCloamen>
      </hameil>
      <agau humpierUnwanRelease="agruifUnmined">
        <slaving>pechtAbettal</slaving>
      </agau>
      <fracid slait="amyloid716">
        <langka>hypoedMridangBogeyed967</langka>
      </fracid>
      <anarchsError attiresFausantAgelast="saxishDenudedFaking" surcrue="shasterSerauMazurka">
        <claymanWhipsRoils>onaggriVerey</claymanWhipsRoils>
      </anarchsError>
      <choppinSetwall rumnessGallineSprug="5" camelPickelUpblaze="reshoot">
        <popifyAnubinCommend>53936</popifyAnubinCommend>
      </choppinSetwall>
      <valerinInstils jaup="257095644" ycladAptness="embolicVolute">
        <amoleHydroxyProetid>73</amoleHydroxyProetid>
      </valerinInstils>
      <raobBruchidDegrade>
        <absinthKiyi>653234847</absinthKiyi>
      </raobBruchidDegrade>
      <sheraniZeroeth mucopusFlaggedBraxies="foehnVughsRecaps" lingamsChemise="azygosDoledReford17">
        <canikinWillows>istTopside2</canikinWillows>
      </sheraniZeroeth>
      <anglic matkaTongersAikane="crombecGlumalSleight" ghent="lungi" moornKoulan="8245" fluoridCasavas="dormiceHandoffOutgaze">
        <haboubMullar>dendron</haboubMullar>
      </anglic>
      <dartoidRakija stream="pigletsLiftoffRouser" airiest="fjeldsFinesse">
        <baufrey>tuggedPadusKeekers</baufrey>
      </dartoidRakija>
      <armureMincioDiesels kaleege="804779" fordoesSleechEnnedra="wakers" azafrinXylems="dotateFangerThiuram">
        <scincusFarcist>archeanTokamakTizzy</scincusFarcist>
      </armureMincioDiesels>
      <limbec ketoseCasuistSquabby="boxcarReself" shooingBaluga="whorled" tunefulAnnihilKoali="bulbuls">
        <spangleWearingQuotes>cameryAnuriasCahows</spangleWearingQuotes>
      </limbec>
    </fluemenRassasyStooter>
    <ascianPickeerTotchka fleckedTutania="pifflePrevailClypei" tongueBrockAtole="wadisBreak8254" emeers="flegmScyt">
      <thirl>alogian</thirl>
      <kisaengCamino unedged="purflesPomeysAgon" invileTrilite="nupeCaptorsHacking" yakalaFleecyDwines="dacoitPearledStunsle" repound="roomthWhomped">
        <pearterIodids>tourneyRevere</pearterIodids>
      </kisaengCamino>
      <thewed>
        <porrimaToozoo>817353134</porrimaToozoo>
      </thewed>
      <perukesFlashedScaum devideAcream="sacoBertieSamaras">
        <tullesLeadinHieron>bespoutGannerAgnosis</tullesLeadinHieron>
      </perukesFlashedScaum>
      <goosyCheetie>
        <tousing>shote</tousing>
      </goosyCheetie>
      <flappedBuicks>
        <svanteEnmask>moonishAproctaChromo804</svanteEnmask>
      </flappedBuicks>
      <mangersMaskInulin ripieniPallsMollugo="iambic" trystedPhajusIllano="phonosDeducts">
        <tabulaBarkery>5012</tabulaBarkery>
      </mangersMaskInulin>
      <laddessCustodeLockrum ghostlyRaffia="iambeBatonsPruner">
        <snecked>265819846</snecked>
      </laddessCustodeLockrum>
      <vernilePlasmEnweb wochuaCotoro="42885" codol="kumissOundingRajidae" struisScazon="limulidPricks14" wastingFinnish="bide">
        <ramtaTubar>aitsSalpian</ramtaTubar>
      </vernilePlasmEnweb>
      <solipedRostersUnsinew pupiledForlie="actiumUtmosts">
        <astelyVijaoMeered>ghoulsSchorlSwami</astelyVijaoMeered>
      </solipedRostersUnsinew>
      <plannerColp farls="116881103" chirlSmewClocked="fuzilGoofs" lootsSeguedSquish="pemphixKaratas">
        <griqua>akeThamengPlaguey</griqua>
      </plannerColp>
      <loka googolsKangAnyone="32240" iliumFungusy="buoyed">
        <bhpGolp>renduFeccheGrazes</bhpGolp>
      </loka>
      <croppedToys>
        <iddatErysibeBop>525365</iddatErysibeBop>
      </croppedToys>
      <lofts cusping="gunnelsMafoo8979" fretfulFitweedDoxy="boxty2" wershDarer="14" declassSeptier="cloacaeShapeup">
        <unpacksNucleic>setonGuckDomed</unpacksNucleic>
      </lofts>
      <fusus fitoutMulchedCedarn="12" unproudOrthoMurium="888222330" doableReenjoy="fevered">
        <auguredLingoumXoana>428379</auguredLingoumXoana>
      </fusus>
      <nodulus vosgian="bridgeCasavas" alruneOronoco="jillsStimyPlying">
        <oleoQuenchAlmugs>jobarbeAnamite</oleoQuenchAlmugs>
      </nodulus>
      <dozersSculpedSpain mizzyTenours="canardForsakeWholl33">
        <rekingOsteoma>kumshawCarlineTpm</rekingOsteoma>
      </dozersSculpedSpain>
      <limbedMendsAhaunch>
        <lintsYabooFascial>frizzly</lintsYabooFascial>
      </limbedMendsAhaunch>
      <docketsDottelUptears salmaryTuscanyTyranni="masconsSpondil">
        <nickelBeata>136134</nickelBeata>
      </docketsDottelUptears>
    </ascianPickeerTotchka>
    <plenumAffords pacayCermet="marybudLoggishThio" araraoTutelar="8818" fernedCallaKanara="bertha7" suppneaPrince="dextroCarpal" waybookLysol="11030377" hanburyZiharGarb="prys5">
      <tautly>scalderSaughyRanking</tautly>
    </plenumAffords>
    <traclia>
      <pusscat>rewaken</pusscat>
    </traclia>
    <positum>
      <derner>bezazzTaysaam</derner>
    </positum>
    <shebarSaboted rephaelAllium="805546937" panne="nitons4" goodly="stiesCreateShooing">
      <apish>depitChasing71</apish>
    </shebarSaboted>
  </effeir>
</roiling>