<?xml version="1.0"?>
<tipsterAbush>
  <soleynPousySubgyri darkles="bamboos" aerogun="cfhPlacedGros846" micraco="badhan18" rerack="buboesRabbetsThouing">
    <tizaAbfarad>
      <platysSuppageFauna>playock</platysSuppageFauna>
    </tizaAbfarad>
    <dollarsOryx itoubouTittery="besugo" runesPatria="stokePtpTachyon">
      <gantonParkasBellic>middledShogaolAlcoran</gantonParkasBellic>
    </dollarsOryx>
    <birdDeportsBraving>
      <addrAeonial>913686836</addrAeonial>
    </birdDeportsBraving>
    <causHathor ungaro="orsel">
      <maroonExitialTroco>5</maroonExitialTroco>
      <bromol unbiasFlavius="72" weringNablasYobbo="workbagPerone">
        <akreSaco>ginwardLowlifeCalgon</akreSaco>
      </bromol>
      <hyla>
        <jellTraik>album70</jellTraik>
      </hyla>
      <trimly walliseTartsSanies="wint15" entonic="6">
        <clearAcetyl>funbre199</clearAcetyl>
      </trimly>
      <yours myxaUnhornyCatling="peachyMatedProfuse" airwash="wedelns5" pileateGaoled="rohobReable">
        <latcherMabel>mostly</latcherMabel>
      </yours>
    </causHathor>
    <seamas framed="macawsSiphons9" sopsShovedAbt="graffVesselThymoma">
      <kurschRecokeBoozes>aescPlusses</kurschRecokeBoozes>
    </seamas>
    <stoofGyve>
      <sulked>bracky</sulked>
      <gipUnhoped sammyFrackSpaded="ifugao1" destroyClime="brisa" season="9332">
        <shapelyTuxShave>itaSitupGormand615</shapelyTuxShave>
      </gipUnhoped>
      <chilliLire roilierBandiedCriers="661983" pistilPeltedPeoplet="outeats" arrhalMyricas="61195023" unminedOchredWaivod="milvago">
        <obelionCentroMismate>86</obelionCentroMismate>
      </chilliLire>
      <stonyGuddle lobule="seidelsGlazers8" rudelyAsitia="blabs">
        <gandum>lernaeaPanicle</gandum>
      </stonyGuddle>
      <brokingArgyric gumweed="997" goney="4000" kelep="semitesSeducee" violineClunked="taheenInfeltVailed">
        <nuttedWordish>volingBrisant</nuttedWordish>
      </brokingArgyric>
      <mushaa suionesEral="194358">
        <swig>bridalAlexiasMonde</swig>
      </mushaa>
      <snitchy legSoriteSoland="canzos4348" brittsOutsoar="ijolite">
        <kendirGuapena>17370614</kendirGuapena>
      </snitchy>
      <cheerer tineidStafferSimity="kenmarkJubardy" unplain="footfulZitisPiso" epicIntegerFiremen="bebatMudar" noahicOrtiga="foliumsSwiz">
        <kennels>numeroSnuffedGlint</kennels>
      </cheerer>
      <barfCheckySwabby saddhuBailor="826011" giocosoLangite="58744" othello="energicMiningsFermacy">
        <quilledCawkyPavis>eratSiccityAppl</quilledCawkyPavis>
      </barfCheckySwabby>
      <cuecaBhindiLumined>
        <feedmanWarts>potteen</feedmanWarts>
      </cuecaBhindiLumined>
    </stoofGyve>
    <incideMariola>
      <busera>tettixBarisLamany</busera>
      <especeSysoutSnift proliaTheyreFoods="prec" underliGrimful="premoldMaximal" bikolDirdSstor="whaurMonaxon">
        <beakyGaliumBiomass>byousHosed</beakyGaliumBiomass>
      </especeSysoutSnift>
      <lagan deporteTarairiEuclase="voculeFocsle" hoorahs="caryota" widgeonChenica="headers">
        <ingineApeling>chloeEducive6</ingineApeling>
      </lagan>
      <heimishSuccisa insurgeAuryl="odalman" lyttaFlotsan="72" shelleyUndub="zonkedTarge" narwhalFishify="17">
        <lodowicSampCorona>oristicBinesMyeloid</lodowicSampCorona>
      </heimishSuccisa>
      <pinta codingsDevests="addibleStarchParnas" gripeSundersZiganka="nipplesMaculesOyer" mayweed="2362303">
        <gyroseEtagere>spinkCowfish9</gyroseEtagere>
      </pinta>
      <mobulaFellies vaporerRedeed="pianka2249" atherisCrwthTonnes="varletMonitor">
        <saltiePrivies>75</saltiePrivies>
      </mobulaFellies>
      <conrey pintadoResectsKilljoy="cubist" abyssa="tourneyShowoffAcmaea" exsertsMoule="tratlerLavesDewan8">
        <wunsomeLambsHausa>paisleyTinware81</wunsomeLambsHausa>
      </conrey>
      <fronts>
        <bravuraShaverHades>besetLacune998</bravuraShaverHades>
      </fronts>
      <stink eddoBathsWops="8575" potmanBundocBearess="lader" marotteBetrend="mistryStrunt" alkynesFingeryFlyball="healderRinsedCarryon">
        <tighterKakaposSlepez>enhortStreamy2472</tighterKakaposSlepez>
      </stink>
      <infractDizzy bourreeRehookStaning="coneine" burnetCuspsRukh="downsDaylessPeelers" ablockDiurna="cessesEpoptes" goniacStarfulUnbase="5449">
        <emerson>totoFoldageGipsire70</emerson>
      </infractDizzy>
      <borning assoniaLupinsSacculi="bayousUpgrows36" khalkhaAdulter="bakeoutOuthowlWoolmen" blendedStoreys="tipreeUnshrew">
        <beshod>imago</beshod>
      </borning>
      <donkeys biosisEgypt="pronaosUraseSekane" etchesWifeismQuakers="chined">
        <vetches>easing</vetches>
      </donkeys>
      <marrows chausse="bojo" costersPlagal="learSelt">
        <swyAnnatsKempt>dave</swyAnnatsKempt>
      </marrows>
      <pennant givinClaxonsDrawler="ermitColpeoGeez">
        <kodroSlinkerShrend>flowsGalbanSamara</kodroSlinkerShrend>
      </pennant>
      <mantidEmotive daypeep="relate" ochro="hacksDtset">
        <pockedSzeklerClinty>809193311</pockedSzeklerClinty>
      </mantidEmotive>
      <billyoPyrexiaCoagula dugentoMongstDeices="changsVeronalYawned" lazingFally="tegua">
        <guffs>verdureSteelen</guffs>
      </billyoPyrexiaCoagula>
      <guayaboSego delateDrummedSaimy="kunkTunasRoquets3235">
        <reloads>enmassLoners</reloads>
      </guayaboSego>
      <stewbum torsiDanglerGentile="sereneWarmSordine" subtaskMulled="686319550" unboyCuemanDarkies="3" jezails="812682">
        <exonianMoneys>15</exonianMoneys>
      </stewbum>
      <benu dottingGroved="54727">
        <leetBirdsUnknots>maremma394</leetBirdsUnknots>
      </benu>
    </incideMariola>
    <abaticStipe motlier="50" skinnedAmoruaPlodge="unjuicyColadaNoex6102" betweenSunghaMenat="supt8" monikerBobadilCamp="dehuskFulah">
      <dehkan>bypast</dehkan>
    </abaticStipe>
    <gall>
      <anodicPeones>7918005</anodicPeones>
      <liverWillets wipeout="veins9610">
        <remissSofkee>doling9</remissSofkee>
      </liverWillets>
      <bilboa guy="fitcheeSmaltosThreip763" fotchKarting="parlourFinnickMedalet">
        <tycoonsBrecht>spumoseAnimalSadist618</tycoonsBrecht>
      </bilboa>
      <delendaEyryRubiate>
        <cossetsBigotrySocko>anticalHummedSkiapod</cossetsBigotrySocko>
      </delendaEyryRubiate>
      <bare shoMedeolaInnuate="runtsAltilik1" emodinSilenPisacha="uropod" unopenOversLydian="speiledNasch2506" lyoneseTheatry="supsAlleges">
        <loordZaramo>multo</loordZaramo>
      </bare>
      <hirples grunMinuetTibiad="3" celsia="panheadUspoke7" fisherLiving="agley395" luteousAthymiaLete="rouensCooried">
        <denesLorries>sidle</denesLorries>
      </hirples>
      <taraponTempledLunes>
        <moschusEgallyGrouchy>664162</moschusEgallyGrouchy>
      </taraponTempledLunes>
      <earthy traheenAcres="gestapo" hyle="flamedTusks">
        <bocks>tumbles</bocks>
      </earthy>
      <acinicCraie pecticCajaputWhelm="moorpan7" grimme="174617843" raptly="butaneNymphet" cathro="agneaux1">
        <punaluaPorions>mortier</punaluaPorions>
      </acinicCraie>
      <dialersTannishFinbone barrens="tarocsOfftakeSpninx" yighLoury="canonryNiobicMesquit">
        <woidreWeedish>falcata</woidreWeedish>
      </dialersTannishFinbone>
      <tetrousEncoil bedizen="penates" airable="martes">
        <aroniaLaurone>webby57</aroniaLaurone>
      </tetrousEncoil>
      <unspeed mopesEkerOrfgild="9168866" hymnicSublid="2028749" tyloseAlaihi="wickyExtill" colet="glegly">
        <mitring>94</mitring>
      </unspeed>
      <bldg amorosaFlobby="carabaoCountry" granumUntripeWinging="mystesAedeagi" brinesCut="quatDimers410">
        <kelebeUragogaMelas>642</kelebeUragogaMelas>
      </bldg>
      <lapinsIdolon stopen="6" sainedResells="582" fishletCrumbleNalita="304">
        <rodentOsmoticLigure>potturDorjeWarstle</rodentOsmoticLigure>
      </lapinsIdolon>
      <manatusMissionSquet coes="lovatByssine" alruna="6">
        <agitate>aret41</agitate>
      </manatusMissionSquet>
      <horlaYowlingTiled sejero="waftingLorica" bids="pentodeMakondeBossa" patiosBattiks="urfJaygee7162" densityYerbal="swoony871">
        <hemasePbxFoulard>tuwi7820</hemasePbxFoulard>
      </horlaYowlingTiled>
    </gall>
    <dingySabaism>
      <xyloylArchae>croaker</xyloylArchae>
    </dingySabaism>
    <mystify maxwellNidge="ebonSorbianPorgy739" norway="mikvehGuttleSelt">
      <tututni>clipt431</tututni>
    </mystify>
    <smokey>
      <sechium>cosseHarrowsKalon</sechium>
    </smokey>
    <stanielAbet comaticMorriceGaditan="vedda" haughtyDunnock="hatrailInkAnticum">
      <renerveScarpe>facadalTermes</renerveScarpe>
    </stanielAbet>
    <unicef>
      <burgooBimStrow>eliotLicuryWomb</burgooBimStrow>
    </unicef>
    <winkersAminate>
      <isotelyGlochidSosquil>munandiJeer</isotelyGlochidSosquil>
    </winkersAminate>
  </soleynPousySubgyri>
  <chilomaMahuang />
  <probTrasy chizzChederBungled="somaloAvertinRelamp" camauroPedlary="aprilKrsAffiant" echosStirred="rectiDiptGlottis" />
  <macabiDilisRoaches kyrial="roscoesChoroid" />
  <quayedCashboy fldxt="explees">
    <mamas>
      <provostQuillon>daimioFaraon</provostQuillon>
      <endentUpends limo="mutateGullageCotte">
        <dicks>datswDextralMurlin</dicks>
      </endentUpends>
      <angerlyIslandyZircons>
        <unteemMinus>avalent</unteemMinus>
      </angerlyIslandyZircons>
      <silicic eyefuls="muskoxPeptics" ammos="fosite" walkwaySudsers="cockly">
        <arroba>74349331</arroba>
      </silicic>
      <unhinge rucked="shekels" gadoids="utopiaIteneanMoter" tamburTolylsIbanag="hogtie" tuladiTerrenoInosin="hackia">
        <roles>iodosoSeawaysStarker</roles>
      </unhinge>
      <garnetsSimmersBhaktas amentiaForegoSahiwal="granet" toroidsAlgiers="upbyKuichua">
        <unred>storken</unred>
      </garnetsSimmersBhaktas>
      <lardingYogini twelfthWingy="dhamanJackies944" stgFesta="protyl">
        <yeoTswana>plannedCorcirChergui</yeoTswana>
      </lardingYogini>
      <peewitsAmasty crewetCasuals="92387">
        <inhiveCosinsElianic>yacca14</inhiveCosinsElianic>
      </peewitsAmasty>
      <oneill>
        <atweelSparidsGlycose>dinkeysMorceau</atweelSparidsGlycose>
      </oneill>
      <filmyShapy mitsvahChechem="stroyGulashSkout" cagayan="pawnorsFlorian" tenured="flitesList73">
        <pissedGular>flexors477</pissedGular>
      </filmyShapy>
      <metierCharonVersos>
        <hydrula>sough</hydrula>
      </metierCharonVersos>
      <upgazeWindillWeevers vitriteLynched="32976540" whoopeGobblesCyril="mindful" whareerLazyishSquirt="senufoPutchen" hudsonLoafletRimpled="smilyPrebake5">
        <snacked>56605307</snacked>
      </upgazeWindillWeevers>
      <glibly hydros="flanWithy" niche="136805385" pendnTapises="lekha">
        <roilyOutfast>10122</roilyOutfast>
      </glibly>
      <cravatBulgierAnhele uncagedAppealsDisring="centenaFaunaWithhie" nacaratAboves="inflowHoax774">
        <ottawasBaroloOvist>rebokePeoplesWiper</ottawasBaroloOvist>
      </cravatBulgierAnhele>
    </mamas>
    <trampotHyperinModiste>
      <salted>cremesAzonic</salted>
    </trampotHyperinModiste>
    <suburbs sapperCarshopRecurl="groovesSightIssuant" puthery="homburg" piupiuFlooeyPrutoth="wallaby" renoveReshotCaelum="bagpipeUnloftyBeala">
      <halberdYaffing>gimmeNetherClammer</halberdYaffing>
    </suburbs>
    <firetop gyrant="9" emptivePakeha="divviedWoaldCanap" soriSallyOlogies="alifs" midyear="anterin" oyeletCalpacsMolls="gammonKeyletEuphony">
      <spigots>lowsin</spigots>
      <ericVanilleIllusor pinfold="167" avysKhedasHerola="cormelsEducesOnces34" begladPremia="puppyInkwood">
        <plagate>mootsHaeDeboist</plagate>
      </ericVanilleIllusor>
      <boomier cannedCywydd="tremexRundiKiki" vial="277181" ketimidPrecystPoseur="toiletsPhytyl" whitsunFidibusFoot="endgameDoand">
        <pogromBranky>wodgy</pogromBranky>
      </boomier>
      <leseArgyricHattize oomiaksChipletDeaner="autocabHutted">
        <gawFlanesCephus>electo</gawFlanesCephus>
      </leseArgyricHattize>
      <dandierAnaxial ravingUngilt="boost">
        <unshade>7045</unshade>
      </dandierAnaxial>
      <gigful obarneElans="primo">
        <paddlesBokosBumming>tugging</paddlesBokosBumming>
      </gigful>
      <dureneNeurite>
        <dialsHalveBeancod>86</dialsHalveBeancod>
      </dureneNeurite>
      <emulsin>
        <unwarpSayers>828906</unwarpSayers>
      </emulsin>
      <dogieLobeliaDiel incomeWinklot="theaveMyosinUmest" azofyBalm="wiglet" sutures="mamieFeudumOutled123" crottalMislen="defiledRubific7581">
        <gelt>bedub</gelt>
      </dogieLobeliaDiel>
      <sum allaysHornadaAnnulli="dovecotLovat" sweetieEnsouls="wirlIortn" orariaTackle="simarsCorverKalinga">
        <piperlyNauseas>elflockMgal</piperlyNauseas>
      </sum>
    </firetop>
    <zonnarClionaOraria>
      <decadOrlos>trucingMullersYodh6</decadOrlos>
    </zonnarClionaOraria>
    <refoot>
      <janapaBrittYeggmen>7611943</janapaBrittYeggmen>
    </refoot>
    <malarkyTaka>
      <withiesClaggy>takins</withiesClaggy>
    </malarkyTaka>
    <takt>
      <nigella>eyra</nigella>
      <metayerTandyMazer>
        <claros>thuslyGlozed</claros>
      </metayerTandyMazer>
      <nogheadHatters leadeth="fodgel" misniacKorunStalled="trim99" monkdomChoice="cuboidBrava">
        <futuric>sakeRowthsWeets</futuric>
      </nogheadHatters>
      <scramsJharalWoolers resewedEauxAckton="curnock" scalae="goelismSudden" sleekitBotonnMuons="sunbelt" addictsNingpo="torsiveCuryIngenie">
        <buist>topspinWey914</buist>
      </scramsJharalWoolers>
      <metalTritone untastyMezcal="486004724" preteen="familleBarad">
        <granth>2</granth>
      </metalTritone>
      <jesus quemadoMohairs="lamaiteDokoAready" cited="82">
        <gussetUnguals>gaudMoneranOstitis1</gussetUnguals>
      </jesus>
      <asiarchDecadLuxated detar="fixing6" enfantsOstosisSlogan="outlledNagari" quadrumVidkid="allodge">
        <bardoProstMailbag>47764843</bardoProstMailbag>
      </asiarchDecadLuxated>
      <jarrahAeolic nonent="352" gawgawBemockLush="ropier" bicepsPontes="cols">
        <yarrowsHulling>691461215</yarrowsHulling>
      </jarrahAeolic>
      <corsesEstral stoaeWicket="resinRefrig">
        <deededMomisms>stabler824</deededMomisms>
      </corsesEstral>
      <flexDampingPusscat qualmRannelNonskid="hufferCreamer">
        <gleeksWheensReals>natesWoleai603</gleeksWheensReals>
      </flexDampingPusscat>
      <seidel elative="healingSummaSines" mahajan="lackeys">
        <toluate>leaversDaybeds</toluate>
      </seidel>
      <wratackDoglikeAttent rambledMayingMishmi="2310" paltLimns="inhereAuluLegpull43">
        <unwombKnollsUncried>ulitis</unwombKnollsUncried>
      </wratackDoglikeAttent>
      <pintos latheeDryers="belchUndrabJowar479" hinters="reviewOofy">
        <remail>alembicUnsting</remail>
      </pintos>
      <unmountIsolde fae="stomal62" lapps="birdmenAbaddonPalster953" chickeePia="thru8">
        <awanNaily>6388160</awanNaily>
      </unmountIsolde>
      <abfarad>
        <rhinosCuinage>ynambuUnmutedHuarizo</rhinosCuinage>
      </abfarad>
      <sialia odourMishap="wold">
        <incog>defiant</incog>
      </sialia>
      <juraraErstPinnula sourcePairt="epiboly78" finesseMelosDioptre="2" zaniahAldosesPerdure="84708810" gambolsStellar="uralineArmfulPlew">
        <melasVotallyCrewing>abler</melasVotallyCrewing>
      </juraraErstPinnula>
      <theek allsAnornCader="hanoFastenPardahs" seerpawPoddleDamage="gemutiResail">
        <privataThebainBerry>keith</privataThebainBerry>
      </theek>
      <torrifyAkebiAcrook hickeys="726">
        <caguiSirgangHerbier>steeply8557</caguiSirgangHerbier>
      </torrifyAkebiAcrook>
      <ruckySeedbox bogyMosaic="hoaredVawardPigmew">
        <statizeOptimes>kempas</statizeOptimes>
      </ruckySeedbox>
    </takt>
    <epiHalbert apodaDamselsPreyer="kedlock5" rentVinea="saunter" thebaicAirily="5310">
      <sledgeHoopla>20983</sledgeHoopla>
    </epiHalbert>
    <ezekielProrsaAxised>
      <stylist>henpenPerkySwy</stylist>
    </ezekielProrsaAxised>
    <fundusOboes friarsGreggleClouter="wailersLiane3">
      <cerotinYenderCloture>healderBosslet</cerotinYenderCloture>
    </fundusOboes>
    <azelaicSigrim nettieKerries="thwiteDoodad8" scot="loaferBuxus" bortsIniomeMummer="53564" stodged="345" cohogs="25865388">
      <lacernaEjulateMilters>hillierMit</lacernaEjulateMilters>
      <dioptraAgruif panpipePrutoth="lividSuitesOutrake">
        <aphthicSnell>inyalaPricy</aphthicSnell>
      </dioptraAgruif>
      <renommeAzoted untaxedUppererRoutes="aoifeJacareDealing3570" pedlarsSculperTiffins="enchairBethels">
        <alebushYizkor>avower</alebushYizkor>
      </renommeAzoted>
      <metad eatenMeneMinar="hematidStaceySnored" rakhalKraken="sika7512" mormyreAnodonRuggown="3364268" creasotHotter="pommelsFatuoidTyr">
        <tchi>byplaceKankrejAutocue79</tchi>
      </metad>
      <bowlingRumaniaBroo seethe="91158430">
        <scrawlyNuttishSofia>fazendaStumpsRejudge</scrawlyNuttishSofia>
      </bowlingRumaniaBroo>
      <hubsMixupsDefuses planaea="2968" gnawAlgomic="barns">
        <deputesGlobsSongful>hamline157</deputesGlobsSongful>
      </hubsMixupsDefuses>
      <outsail>
        <siltierFinite>espinalGayatriSurbase</siltierFinite>
      </outsail>
      <chymicNonactGlazy bernoo="caffre" chaletOdorate="hooter" ureter="funisPunkies8224">
        <derthImpheesBhoosa>fleecy</derthImpheesBhoosa>
      </chymicNonactGlazy>
      <tipsifyScrufGropes upprop="basogaPongids618" releaseUncramPolkaed="soughedPinkeenIndart" rutileDentalsSinaloa="cto469" brunionMisname="toiletsSpekt652">
        <flyswatBarlock>waird</flyswatBarlock>
      </tipsifyScrufGropes>
      <gyrinidFoamed mallet="85918" ataxiasStasisTapemen="hederalBlayne" dunchShitStiffed="caligaFinisRotaman">
        <judithHyppish>mipsSmash</judithHyppish>
      </gyrinidFoamed>
      <lyardShuteYoked>
        <nonfarmAerobes>frisca7910</nonfarmAerobes>
      </lyardShuteYoked>
      <stomion aviewBaleysOutsend="unspied">
        <anetSikaraFinific>hangsAtrial</anetSikaraFinific>
      </stomion>
      <pobbyAnights tunicin="cuspidSetfastXylyl699">
        <rhumbs>flong5</rhumbs>
      </pobbyAnights>
      <unsurlyRefresh>
        <reflagSalps>rechurnOpaleyeCorses</reflagSalps>
      </unsurlyRefresh>
      <sixfoilToop soodle="fellataSkeanOxetone" dhaiActless="slockenFardage">
        <breaded>biotic44</breaded>
      </sixfoilToop>
    </azelaicSigrim>
    <baricScrams sweeredPoppled="dottles6" zanjona="covererAvellSabby670">
      <outking>129734</outking>
    </baricScrams>
    <favelLulabimLeysing>
      <tofus>lumined4</tofus>
    </favelLulabimLeysing>
    <detrain ninos="koffEnglute924" queanFanfish="gromiaCruzado" pyralidBusmanAnker="battledInfallSavvy" cabasa="deterge" helloedWrester="crewet" plods="edemataGloams" arenoid="boxtree">
      <wangaraFulgor>spulyie</wangaraFulgor>
      <pterionKerner grooperSkaffieHadaway="pringle" hispaDreidlsIceleaf="palmary">
        <wildLinkboy>blot</wildLinkboy>
      </pterionKerner>
    </detrain>
    <skibobsDisseatPortio>
      <complexDidusCasbah>dobsons</complexDidusCasbah>
    </skibobsDisseatPortio>
    <tawsingLofter>
      <enjailMoucheBillow>stuffsBezoarRcd</enjailMoucheBillow>
    </tawsingLofter>
  </quayedCashboy>
  <codlin psendZequinRodger="cricoidAmetriaFanwe" bedizenKainitsAlsine="wedgies" brethelArtworkPearten="thymicPuliolSquad63" epicismAvenineNahane="eftMulling" />
  <poses yeesLockyer="2" emeritiValSears="362554526" kebbyPolynoe="cabbiesKragGropple" />
</tipsterAbush>