<?xml version="1.0"?>
<upbuildLullaby>
  <turrionBebopsEgall banlieu="scalpelZakatLibeler" wary="drearlyAbysms">
    <flaunts>
      <doodadsPalatia>50606413</doodadsPalatia>
      <ortParchyNebula hackmenAcquentOxbiter="momotusQueenSensus2692" araruAlludesGirrit="gossansElcheeVoivod2" cornett="11279">
        <blouseDecatylInnyard>faltereShottyPabouch</blouseDecatylInnyard>
      </ortParchyNebula>
      <slatter rosets="philyra" comid="905654" changesDhu="miamiFico">
        <candiruPutoff>stelesElectoShay</candiruPutoff>
      </slatter>
      <diesBecrustSolanum pullerySnowedCruset="heard" sublistMargie="redeifyRinceau" asterStolesPelike="unware835">
        <petziteBegirt>loonery</petziteBegirt>
      </diesBecrustSolanum>
      <hidelVenuesMatched unbrownSubfusk="suddensAphidsWinches1805" wrampHonorsDibrach="copycat">
        <pokableGallus>erinize3192</pokableGallus>
      </hidelVenuesMatched>
      <medullaBribri lstGotraja="dunkerFatlingSwimbel562" mistermBelgium="kurbash" boskier="megaradBeelbowSparges">
        <stralet>etoffeSassierStoures51</stralet>
      </medullaBribri>
      <deedfulRivaBlooper compereBoneletZoa="papoulaSoonyLeatmen" loutyAcylZaramo="dairtNimiety" sassingBangles="whorlyMellah829">
        <tottyChiwereBullate>skimmedPettah</tottyChiwereBullate>
      </deedfulRivaBlooper>
      <bewater gigant="acridylPiccoloHaffits">
        <rooteryHumpTherial>tactivePeaseNervus</rooteryHumpTherial>
      </bewater>
      <outwill linking="dypnone" loeil="559646963" lowrie="reknotTullian" mogdadBikesChurrus="2977">
        <cecilia>tanburKuki7247</cecilia>
      </outwill>
      <swimbelOpiatedJazzers>
        <avarian>6955</avarian>
      </swimbelOpiatedJazzers>
      <jarinasApanage fistule="6" deroAgamian="syddirRhymery3">
        <penialSky>indexerFarmersSkags</penialSky>
      </jarinasApanage>
      <tareCoparty misaverMeqJacko="dashee" pph="689669" angleSaliantBreads="99" guls="pubianAdarmeAptly">
        <bestillHakea>sorasIngroup26</bestillHakea>
      </tareCoparty>
      <upbayFeniteSissone agingsQuaichBriared="dalemanSqrtAnoxias" mezuzasExpelsDemobs="4417" herbalRoiling="remsNecatorPoucer" spicaeLoungerHops="38492">
        <xystos>2449</xystos>
      </upbayFeniteSissone>
      <insulaePoroticLatrate ursaReinerProffer="suganRigsmal843">
        <axial>poorish</axial>
      </insulaePoroticLatrate>
    </flaunts>
    <glynnKebbuck>
      <welches>187311246</welches>
    </glynnKebbuck>
    <solpuga lungees="demarchMisfallCastled" girdlesCarhops="7923060" emetic="sprankJackbox">
      <tewterCrispyBedare>658</tewterCrispyBedare>
    </solpuga>
    <betakenDolina>
      <laenderTithedGaumed>63185</laenderTithedGaumed>
      <sanest toozle="khazarPinfishCorona" wemSlewthOrlos="sexifidNippers562">
        <messanUnbareTweeny>embalePreman</messanUnbareTweeny>
      </sanest>
      <laniardNeonate unglued="sloth" lhota="4" soothes="ulvalesMeaslyJollyer6533" guppies="857948">
        <saloopEmporyMicro>macupiSawflomOkimono</saloopEmporyMicro>
      </laniardNeonate>
      <erept viii="mykiss7" racer="spinner">
        <toolsyGlycine>neigherDowager</toolsyGlycine>
      </erept>
      <areanGibsonsReseeks burker="hemmingGalbanUnsplit">
        <smousDecnetEndemic>betrays</smousDecnetEndemic>
      </areanGibsonsReseeks>
      <kazakRumblesAubrite calando="unlacedQueresAbrase" cheder="noisedWhicken" tectrix="amenderDyneShayed">
        <alumnaeDoozer>8668827</alumnaeDoozer>
      </kazakRumblesAubrite>
      <slavesDrubblyGledes brigadeCados="anacesBerlins">
        <warrayFodge>rivulet</warrayFodge>
      </slavesDrubblyGledes>
      <savorsUnciaeAlture seaxDogged="7" comoseDampedSauba="quatersBlockCootie">
        <granth>4945595</granth>
      </savorsUnciaeAlture>
      <puttieDirity>
        <jackyTretDonis>7</jackyTretDonis>
      </puttieDirity>
      <escheveFausantCauses carmen="6827" unkirkDemon="3243" bogardLiveBoost="womanedSnoutedMatris">
        <bocardo>95595</bocardo>
      </escheveFausantCauses>
      <holw zinsang="badhan">
        <nonevil>9766</nonevil>
      </holw>
      <wantingRaveryShews sopperCoonerLollers="cosies" uvicArsenic="spavitCreoles" forepadKantryPatmian="taborerGorillaTruant" relimeFlavour="75317793">
        <taririIllusor>sugent7343</taririIllusor>
      </wantingRaveryShews>
      <mulmulElevReadded>
        <currackArchlet>remisedSomersTaws7662</currackArchlet>
      </mulmulElevReadded>
      <chargedCrouch mammeyStuberSkipped="87493327" diademaFenceAntique="955646797" conin="joanPucheroThiever">
        <mucosaePistler>dikastUrbify</mucosaePistler>
      </chargedCrouch>
      <copiousAdderSoral>
        <biffedWayang>528</biffedWayang>
      </copiousAdderSoral>
      <elogy hucklesTutrixQere="55">
        <this>spectre</this>
      </elogy>
      <deigns sinto="kenyans" segueBerberWormian="reaveDuctal">
        <schemaUnguyedHeads>putlogsDorser</schemaUnguyedHeads>
      </deigns>
      <acontiaAssizedVolsci hobbil="subbaseYeld76" hackieNapron="826" sembleExisted="elvetAlodiaTunnage" lentilDotingJainism="231712499">
        <songhaiPinups>amazedNuisomeLamina</songhaiPinups>
      </acontiaAssizedVolsci>
    </betakenDolina>
    <schinusAdorantSchorls mutisms="sheety" wroughtFae="bubblesTumbly" skyhook="56980014">
      <paddlerGambols>eyrirRefuseSound</paddlerGambols>
    </schinusAdorantSchorls>
    <dumbyChayaArse>
      <felsite>30</felsite>
      <falcadeRemast>
        <ergotsTanti>plombNepal</ergotsTanti>
      </falcadeRemast>
      <brutifyIberite segged="probedOutsigh" szeklerSherbetUndog="766178994">
        <plinker>wrickGambetDuckers</plinker>
      </brutifyIberite>
      <oollyPresee bugwortCyanose="dobieFoinedJainist">
        <hybosisJoltingMegaara>laqueiSorbetSchmuck</hybosisJoltingMegaara>
      </oollyPresee>
      <malmyWhetsExilic cedratImpingTheer="myoxusToiledMullein">
        <stacher>stylineSixmoApelike</stacher>
      </malmyWhetsExilic>
      <lofts reactorCapron="ixodes">
        <vertigoRedosPlacing>ashesGamps</vertigoRedosPlacing>
      </lofts>
      <hooplasNudd jirgaInduct="autereAug" aielOatlandMalaga="harmoot" sooth="9">
        <trabeae>vicunasQuila</trabeae>
      </hooplasNudd>
      <plumeryIsletedBiuret itersInjuredAwaft="30" madding="coasterBodkin" stopenLekanai="fusateRewords">
        <turnwayDaddies>195</turnwayDaddies>
      </plumeryIsletedBiuret>
      <puther wheeBatter="shargarSchmoes" tamanuScaletShipmen="956951" tushsDetailsTarpans="reefsLangle">
        <bustyFaucetsSiress>flexingPrattKabaya</bustyFaucetsSiress>
      </puther>
      <pitches sullage="uncinchOndatraDolente" uncruel="dryness" flayed="fainty" warmerGateau="898547161">
        <warily>eyespotEmotive</warily>
      </pitches>
      <dilatorUpstartPrince>
        <tingledChiddenRoomed>dire</tingledChiddenRoomed>
      </dilatorUpstartPrince>
      <entwineSothicWham>
        <enwebHipnessIdeata>hyraxesNapper</enwebHipnessIdeata>
      </entwineSothicWham>
      <tootleGaum bractFusteeSajous="palealErn" gahniteDrummyKuchens="diakaBiblShang">
        <darylRanpike>fitchewWhipper12</darylRanpike>
      </tootleGaum>
      <sawyer vittateHensKittled="36079337">
        <ramed>malodor</ramed>
      </sawyer>
      <sizing blinkMetier="aryaChasteRampier">
        <pieman>5830</pieman>
      </sizing>
      <chacoliBhaga cordulaHalke="plumbumDonovanPyrene" lungDiadem="455445458">
        <mammothHunner>usurersSeemers2</mammothHunner>
      </chacoliBhaga>
      <naresDroguesLosels heredesAnticalDelving="12171081" trying="keyletNecked">
        <aidHabilleAprons>spavit</aidHabilleAprons>
      </naresDroguesLosels>
      <dualaBiotypeAccost gabbyJisms="swissesNiais" traitor="proteid" vice="hamlah41">
        <gnusVassalEponymy>heezedFourbleUncalm</gnusVassalEponymy>
      </dualaBiotypeAccost>
      <navarch plagaWoldy="766680706" nongoldAriosos="77807667">
        <meccan>fagotRufflesIterate</meccan>
      </navarch>
    </dumbyChayaArse>
    <clacksCynias fpmXrayOutfish="gummiteMimidaeAortal9">
      <sacred>pliableJewelerBingos</sacred>
    </clacksCynias>
    <cooboos>
      <altunLinkboyCutlery>skivedFiacres</altunLinkboyCutlery>
      <aspread quaddle="dinesJeeps" regulusWuzzerLgth="spunMenadFlutina">
        <excaveAnanasSkelic>oddside</excaveAnanasSkelic>
      </aspread>
      <rugRoodlesDecuple vinewUnshod="drowsy" waglingTogataPindy="salmaryAcidityPlaters2691">
        <sweatsJunkieLustral>bestows</sweatsJunkieLustral>
      </rugRoodlesDecuple>
      <ethoxylIngests listy="rassled958" coaster="yacca" adjectOutwarLangue="ceride613">
        <tilmus>wainmenSwarga</tilmus>
      </ethoxylIngests>
      <eheuJonquil blendorOaring="vested" appall="2208" becheWellCranky="ballsy">
        <goddedChimeraFrogmen>atypyGromaBree187</goddedChimeraFrogmen>
      </eheuJonquil>
      <resorbTownify loquats="ductZebecsLowboys" dittoedTenails="ptolemySetnetCanny">
        <fearsPettersToise>goblet</fearsPettersToise>
      </resorbTownify>
      <esoteryElihuEpurate ecbCloacae="hybridsTythed93">
        <chaineCowshedLacer>3460</chaineCowshedLacer>
      </esoteryElihuEpurate>
      <trixMorlopOmenta pivoter="cattiTolzeyLinsey" kudzuCuya="biblesMovedSutured8480" scungeTaught="gambaOophyteShravey6" dishyNaaEndura="bodockIncisalVision">
        <felonryIndunaTidings>fullingPacersMiscast</felonryIndunaTidings>
      </trixMorlopOmenta>
      <caughtBibs>
        <grozetAequian>marengoHamiticBonjour510</grozetAequian>
      </caughtBibs>
      <lysinsHedPrest totanusAgamicDisco="asciticPoliced" blazonsTevissOsmin="pinturaGuanosSpue" loaningImmund="buncoSpifBasalts" chasmalLowance="wailer">
        <cadgerRampishPuffy>believe</cadgerRampishPuffy>
      </lysinsHedPrest>
      <lepersIdahoan gleemenAltus="reisAniliid" mufflerSothiac="obb">
        <tireDesmid>envByninIngenie</tireDesmid>
      </lepersIdahoan>
      <butyricMonact vijayGeon="houriMalayicTilette" stasimaFers="emeusPlainerHybla" curb="placoidCrummieSaffian4969" dullifyStokers="basuralRequotePmt">
        <enode>birder</enode>
      </butyricMonact>
      <dryads>
        <tolt>coseatBuffontUral98</tolt>
      </dryads>
      <japers sensyneBepill="1490311">
        <pagrusGushyOld>736936708</pagrusGushyOld>
      </japers>
      <alrightTravesHuts ismySirius="obeyingSnittle" soojeeRiband="10281410" libbraShedimFeather="355" cowsShacklyStarry="703607">
        <raul>joltingManey</raul>
      </alrightTravesHuts>
      <eventsTeaGowan snitch="galeWinceStimuli5">
        <rengaAheadSlumdom>bhumij</rengaAheadSlumdom>
      </eventsTeaGowan>
      <labileTelemanCapotes trilletUmbraeMaffler="expugnBigramMeratia" laceier="55896341">
        <girons>sheenAginner</girons>
      </labileTelemanCapotes>
      <halvePaganryNovenas coseys="sunspot" gageite="361397043" dogies="adibPianosaKvah">
        <bancus>enisledFigeter</bancus>
      </halvePaganryNovenas>
      <sturdyNikeGoss wmkUjiMolave="laxistReavoidBurdie">
        <spoonsRompishBooty>beneathRerack</spoonsRompishBooty>
      </sturdyNikeGoss>
      <incorpTabac quallyDuck="268737" retsMaclesAlodia="41902">
        <geraraJarp>drenghOophyteMilsie19</geraraJarp>
      </incorpTabac>
    </cooboos>
    <syncsRidably>
      <musclesApoiousScraggy>avanyuShog</musclesApoiousScraggy>
      <sahuaroClegTriodia ramrods="latheeEhrmanLimpin" taphria="oxetone4496" hamletStook="2158271">
        <adienceSwain>bodily</adienceSwain>
      </sahuaroClegTriodia>
      <gorgon abuseWhack="fouth32" dirndlsEntail="unthornLindaneSegetal">
        <jervia>6217</jervia>
      </gorgon>
      <stere lythe="rampionManaceGaiting" analyst="mightnt">
        <behight>longyi4325</behight>
      </stere>
      <meshing cackingBiauralCursive="81531577" carissa="watapsSarcleTyning" manwardPondfulJaunces="prepaveDemountHalloos" foeshipFolialPlinth="bruchidVibrantWielded">
        <arightOleary>ahumDekkoDol</arightOleary>
      </meshing>
      <hellCoupes tantle="262" goys="galeusRotteHatters348" gagCooly="2308930">
        <utileRanchePured>79</utileRanchePured>
      </hellCoupes>
      <paopaoRabbetsHerded builder="vulgoChebogMea" cobras="teenage" begarieBoldest="lepageSlub">
        <olid>chenaFattish</olid>
      </paopaoRabbetsHerded>
      <ghazismUpgoWielare gasses="aliyosCholane84" rodletUnakinDucklet="probang" kamminaThrasoTreeman="condos">
        <zonuleAudibleFetlow>767325</zonuleAudibleFetlow>
      </ghazismUpgoWielare>
      <wainman>
        <ghostsGarniec>16670</ghostsGarniec>
      </wainman>
      <boozer mukdenCancers="theticsIncr" basareeEndentLei="chorotiDioti">
        <patulinLuganda>543</patulinLuganda>
      </boozer>
      <ketty>
        <pervadeInsureeBahoo>makuaLahuliZingel</pervadeInsureeBahoo>
      </ketty>
      <leaps pavia="vaulty" tipoffsBirthySticker="frisbee28">
        <phellemDanzigGools>5741</phellemDanzigGools>
      </leaps>
      <menura prosily="detur">
        <ovisac>remoterSodas</ovisac>
      </menura>
      <jammingTane eemisIpso="3" nudged="exposerCorbinaPitanga" populum="200742362" pneumHalalahUpgirds="kissedSteamNettled566">
        <clarionSial>spill</clarionSial>
      </jammingTane>
      <gipsClameLagging dididaeReprayPhrasy="quantAlmudSkeif" viversNutseed="zaniah">
        <alison>indeclSericin</alison>
      </gipsClameLagging>
      <slickly>
        <shemAkeyDiscind>86300797</shemAkeyDiscind>
      </slickly>
      <olenid loaches="adetMights" boursesKnockupDonnot="scouseCarval" dragoonSoger="lophuraYentesUnsell">
        <faysWhillGaley>443</faysWhillGaley>
      </olenid>
      <alleneFurial mentionCajuela="90815814" ternionBonagh="saltedDroughtGesith" certainDghaisa="novena" brawnsFrau="wrabbeDevilerRuspone">
        <andriesEquity>bitakeBeldams</andriesEquity>
      </alleneFurial>
      <cajanFerrara scaladeSpavin="abwabFurrierDeadest" amebaeShirker="jonahs" agudistPictaviVigors="53785310">
        <sniggedExodusSalvo>gowans</sniggedExodusSalvo>
      </cajanFerrara>
      <estevinCarvers>
        <tavolaSylvicCosted>38036497</tavolaSylvicCosted>
      </estevinCarvers>
    </syncsRidably>
    <cahoots depermsTirerLeef="comousCalabur">
      <countBrushet>27</countBrushet>
      <jaun cycle="gobbles49" rhumbMadder="codo" gunfireCheesy="aderminYfacksHunfysh" vinciKytoonBradded="bkptBryndzaGunroom155">
        <fudsAloweMarkkaa>kirkmanRadiusCuspule</fudsAloweMarkkaa>
      </jaun>
      <sena hematicCrlCrinid="sippetsPiscid75">
        <condorsMaddockUnlie>wuggQuashedSorite</condorsMaddockUnlie>
      </sena>
      <sullanBushier hauseBarquesExul="dimeter">
        <theowDiarianEdition>lichtedWeemCutoff</theowDiarianEdition>
      </sullanBushier>
      <ernest aielFiadorMulm="exmoor" cliviaIodizer="lingual">
        <ghostlyCodeinHippo>8207</ghostlyCodeinHippo>
      </ernest>
      <recencyRynt alcovedMeddle="stoasPongidsBowla527">
        <biviumTulipyBarlow>albinos9891</biviumTulipyBarlow>
      </recencyRynt>
      <consTabinetFervid hoodooLabelerBusters="unlumpy" signed="30926" oxydase="tiled4">
        <centred>5</centred>
      </consTabinetFervid>
      <santar dassyCaracksMancus="jarkFooder" fubsier="jampanRefreidScrab" geatGamingsBabi="saliantSaltboxCartman" grapey="5740">
        <highboySudsierHippy>adieusStaypak</highboySudsierHippy>
      </santar>
      <illegalRapidsSettled mopheadSolonsZygotes="ooidLollopyGenip426" gouache="reyoked" hookupu="rosettaJacaminWab">
        <masqueRebury>smlSulaibRemaps</masqueRebury>
      </illegalRapidsSettled>
    </cahoots>
    <triglotGrander>
      <rashtiAftmost>pumpkinWillful</rashtiAftmost>
    </triglotGrander>
    <swagSaddenMucosa natherOcqueShrunk="foreact">
      <vila>eclatsExilic</vila>
      <iberiaVisayanOreide opiner="newestRubefy" rhoeoClan="retoss" heirloIzzy="pinyonsVerso">
        <thai>loukoumDocious</thai>
      </iberiaVisayanOreide>
      <jettageAttires genoas="reheats" blendeEpinaoiDentary="rachets19" mbdUncute="xerusesEnabler">
        <credosNyas>sycomaTenebraStalags</credosNyas>
      </jettageAttires>
      <claith kanone="598" pectusSulkaHousty="carboneCardiaLicense">
        <ciboule>653</ciboule>
      </claith>
      <dictaenWryest buibuiEyebar="oscarOhs" eupionZonarPalped="nashgobMididae" idleman="sarcel" pretry="gaetuli">
        <stoldSalvos>brierStean32</stoldSalvos>
      </dictaenWryest>
      <pilate bullpen="babyismKyrialKvint">
        <behnWanterPujari>twingle</behnWanterPujari>
      </pilate>
      <unwoveCowanContuse gpm="347441122" duffel="bhikku" kitedNeascus="resolesCannula">
        <unholdGallfly>duesJeany</unholdGallfly>
      </unwoveCowanContuse>
      <unkill grids="poisonEkhimi9921" urdee="untuckAsor">
        <styedBeltie>6</styedBeltie>
      </unkill>
      <limmers ozoenaMayhapAnterin="scaena" cholam="2556" sigmasCattedRubby="8406476">
        <zenickAurine>calinaBiophorWifes</zenickAurine>
      </limmers>
      <grinder rainsHunlike="abraxasTuskingDespend" keenedHurlpitSicking="fatingTote" kappaUnbloom="scabies" liangDitto="hardsSumbul">
        <flatbedNaivety>5599755</flatbedNaivety>
      </grinder>
      <imino>
        <finingKittockHillel>1727</finingKittockHillel>
      </imino>
      <pluteusCrinulaWrithe simiansRunnyDarning="purgersPierced" galgalCrepine="eutaxicPsycterInlawry">
        <bypastSpeenHydrol>bashCourantCaviars</bypastSpeenHydrol>
      </pluteusCrinulaWrithe>
      <lungerCystinBasso ydayGripple="739773460">
        <larveBumpers>bloomsSamanid4501</larveBumpers>
      </lungerCystinBasso>
      <merinosKaha inciseZorro="4776">
        <piffledArculaIts>isbasScotiaAde</piffledArculaIts>
      </merinosKaha>
      <ciliata sagra="echos">
        <snipedKissageBandies>irade</snipedKissageBandies>
      </ciliata>
      <wraithyGrivoisInchain>
        <grumpsUntwirl>bocksTactualGum</grumpsUntwirl>
      </wraithyGrivoisInchain>
      <thouedDistaffElliott jinxSowarCherie="himmingPrattly">
        <nomadeSnooper>unrapedRoars</nomadeSnooper>
      </thouedDistaffElliott>
      <passaySixteen holLockoutBheesty="polisLoyal" cujamPublice="93966081">
        <uneathEndowsFogies>davitsGardenCam</uneathEndowsFogies>
      </passaySixteen>
    </swagSaddenMucosa>
    <fulup lignesFatted="tsiValiAxseeds">
      <pecansCerci>penniDiglots9</pecansCerci>
      <curiateCoil sustain="spready8" nobbierEnjoinsCreesh="77187714" visoredAntijamBethank="hormigoLipworkToroids">
        <rudista>getsul</rudista>
      </curiateCoil>
      <ofo callowBoyhoodInlaik="happily" isadoraAnasTaverns="bairamWirrThrew" tomnoup="ccws">
        <armyPiglike>939</armyPiglike>
      </ofo>
      <dominesSestiUhs decoatThruv="halaHowes" hajjisFriendDieters="pesa1" hurrockWoad="birlers">
        <lipicPlazas>retakeKeens4</lipicPlazas>
      </dominesSestiUhs>
      <guaraRete lapelsPaussidColoni="kobirdReins" shaltVillar="adding">
        <porailUnlent>unpawedPintadaBarrio</porailUnlent>
      </guaraRete>
      <becCochonBassi>
        <nurling>girnsArdeliaYawler</nurling>
      </becCochonBassi>
      <dividerScil>
        <churnsQuashedDomal>636641</churnsQuashedDomal>
      </dividerScil>
      <spideryRushyPlaters outbred="sangsueOutgrin" syleneChawn="ravingsKickish" ratify="796">
        <rinsed>831648</rinsed>
      </spideryRushyPlaters>
      <rigodonFamose nothusWavira="unlaysElonite" gravidaGoutteCames="5252">
        <beards>riskful</beards>
      </rigodonFamose>
      <tilthsApocope>
        <bylandThruv>masseCootiesPlagula</bylandThruv>
      </tilthsApocope>
      <sippersOutsighBytes samshus="nomesWaiguli" speenChitlinUnusage="fullsAcuan">
        <nauseumShopped>hennery</nauseumShopped>
      </sippersOutsighBytes>
      <streeStanderStickly englifyPlumb="sperpleMagog">
        <ootsStent>gondite</ootsStent>
      </streeStanderStickly>
      <addiceAllongeGreases martelGuise="soberedNotumWhippet" sturtanCrouton="frouzeFactsRopily" hulkySheller="neglect" pahmiWiled="928795823">
        <ben>chimarsWakensFuses</ben>
      </addiceAllongeGreases>
      <unoaredInturnsSwarms cranesSadleir="crombecAmicesLoggy65" kiokoAmazing="balebosSorrels933" sulkies="hastesAul">
        <semitaSynagog>ketenesSegarJails</semitaSynagog>
      </unoaredInturnsSwarms>
      <eviler>
        <dorpsGiglots>coofTrendedExact</dorpsGiglots>
      </eviler>
      <pupThoughtUncaged>
        <saintsIngangsNudnik>569534</saintsIngangsNudnik>
      </pupThoughtUncaged>
    </fulup>
    <papern>
      <agadicAchierNeri>nixIgraine57</agadicAchierNeri>
    </papern>
  </turrionBebopsEgall>
  <digital haiverHypoth="piesRantism" nificTeamed="bignou3015">
    <omegoid trogonPeppier="anilauHermes" cundite="haringCoonerSlavish">
      <cupmanVeined>forleseAesc9</cupmanVeined>
      <porrimaKaffirs neilStibine="208" bhabar="dermSourlyBuffets" elatchaSimeon="whilereHastiveElan" indraDacianAnsi="pathol">
        <styroneReplane>7670</styroneReplane>
      </porrimaKaffirs>
      <besugoMoocher taplet="91" tictocsMimicryTittler="conj">
        <senatus>lounPhrasemBearded9635</senatus>
      </besugoMoocher>
      <cratingSliversDespots>
        <halal>27242828</halal>
      </cratingSliversDespots>
      <kikkiMuyusaKelleg brisureBavius="airyKittensSangh" friersSeedsSetibo="spinelsNudistsPlumach18" orpheonIronies="mnaDeicer">
        <hala>staysGhentTasset</hala>
      </kikkiMuyusaKelleg>
      <talers laconicCothon="3263380" echucaInwards="passingSmellieAmtmen" genian="gnaeus" needilyFarmersNanga="groggyReechoPeru">
        <dharaniAphemiaSnort>norias</dharaniAphemiaSnort>
      </talers>
      <sonatas guid="31798182" pedesesGouged="56035" cicero="56280607" tinctsRapaces="kelek">
        <amessUnitizePinkish>92916</amessUnitizePinkish>
      </sonatas>
    </omegoid>
    <viseingMelpellUntire>
      <ethenesUntwist>manse</ethenesUntwist>
      <escuage fawner="riffiLaigh" namasteEnigmasTollway="beholdsUndweltMureins" rechaosNerved="ahungryAttune">
        <incaskDewy>524</incaskDewy>
      </escuage>
      <warmup trogginTweaker="poa" neology="domalSentiOncet" unflockPooftahQuag="gesnera" traumaWhelpsPresign="compotRockman">
        <bruiterHydromeBestore>269509740</bruiterHydromeBestore>
      </warmup>
      <geerahWorrit bootery="lutealGrunionGuipure" parnelEndured="offalsHoagiesSainted" decanol="5" guitarMahi="preta">
        <beredeEntomb>primer</beredeEntomb>
      </geerahWorrit>
      <nymil quaymanRhabdusKanae="codersAphraWealds" dinger="mizzled">
        <immixedHubbly>seatheBlartStaker</immixedHubbly>
      </nymil>
      <cedrin retrodDeeply="94067932" outwoodKeep="seughPodatusSowfoot29" mosey="dentileAmylums">
        <resteal>patinedCummer49</resteal>
      </cedrin>
      <reavers>
        <chappalClaraCurns>infosOtidiumResult</chappalClaraCurns>
      </reavers>
      <virtusWairepo habenaAghaneeCaranna="439828">
        <eelierShooedWillet>iguvineAlpisteBruted</eelierShooedWillet>
      </virtusWairepo>
      <boweryMellah>
        <indenesAskarWounds>kanjiBarkingBoxbush</indenesAskarWounds>
      </boweryMellah>
      <lapsersDozzleBathic caseine="merist6675" ruses="15682686" yetterWagglesSkiech="debaserMedulaWoolder21">
        <growthyAccostsLambda>kindledTravisPyran6</growthyAccostsLambda>
      </lapsersDozzleBathic>
      <piggBarkenGooding mirvsToken="henwiseDrooped" burfishBray="chawiaPoults">
        <iconesExtance>soavesPreage</iconesExtance>
      </piggBarkenGooding>
    </viseingMelpellUntire>
    <dagobaEncratyChainer>
      <unfunnyDaytideRubes>unsetsLoeLockjaw</unfunnyDaytideRubes>
      <crockedZlotych bespitCupped="sesamolRodd" tamandu="throveEucalyn" bilaanMediansPompoms="805977531">
        <nosterSerried>francasAnisCutter</nosterSerried>
      </crockedZlotych>
      <deemedLungiBrent paeansJestsLess="bensellSulidesTumli">
        <numbestBasemen>maladyLapillo38</numbestBasemen>
      </deemedLungiBrent>
      <laceierSwages bhava="asale" tamulicPithes="49" flaxes="unwilyCader" lbinit="16177001">
        <acingNemo>scornedPositedHowls</acingNemo>
      </laceierSwages>
      <healthySigmateUnspell foisty="5055" mustang="otidaeLowyBushwas" mudirPoppet="woleaiArgemaForesay">
        <aresGratinGoog>spaces1</aresGratinGoog>
      </healthySigmateUnspell>
      <skylarkSlubbed>
        <mulches>diarch</mulches>
      </skylarkSlubbed>
      <coiny comonteVively="locnThreshSlits" conyMary="xinaWoful" acate="gellertCroodle" peerUnred="durumGlossa">
        <chevenHerblet>850920395</chevenHerblet>
      </coiny>
      <cpiCooncanRoofer>
        <firkins>9891</firkins>
      </cpiCooncanRoofer>
      <bananas brusklyPugaree="exedeIcepick">
        <unstiffRutted>thebaid</unstiffRutted>
      </bananas>
      <conrad cupolar="29641" palier="dition" clysma="abelite">
        <ifintDurmast>streeRamsDowses</ifintDurmast>
      </conrad>
      <kuldipBandeSahibah>
        <cutties>capsian527</cutties>
      </kuldipBandeSahibah>
      <hippierDiosmin referMesonic="howling">
        <cryal>75431</cryal>
      </hippierDiosmin>
      <bazar>
        <bowlers>liddingEnslave</bowlers>
      </bazar>
      <bourrLibitum relistCandite="gerefaBiribaBarabra688">
        <spiraeaEtwasDiasyrm>63</spiraeaEtwasDiasyrm>
      </bourrLibitum>
      <zaffirs jokulLaralia="strumaeNobodydScarph" luter="5688960" brayeAlasOsmosed="62241">
        <educing>swellsOrgueRompish</educing>
      </zaffirs>
    </dagobaEncratyChainer>
    <discard>
      <peenBosksCaestus>geechee</peenBosksCaestus>
    </discard>
    <zeusLoaming neutronMoods="inwovenTryst" scruple="coda" veilyYvonne="652601" abstr="wifeParures" litra="huppahSpoorer96" spockAddaxBowfins="modoc" debitor="waddledCombatsGastrea3">
      <neoza>resack</neoza>
      <bundsWang poohs="leersia" loginIsaiahFaying="crannyUpgoing">
        <glop>sovenezKitysol</glop>
      </bundsWang>
      <lepidin exponeRantItemise="lentnerPeguanPulpify" fashed="patness" whyeverDaps="87601597">
        <unmossyCaslonSinges>gullish</unmossyCaslonSinges>
      </lepidin>
      <gooeyTaxin spacial="misdrew" limuli="delaceHoopmen" decan="mammiesStereumEgling">
        <woneGater>721</woneGater>
      </gooeyTaxin>
      <sarosMoup>
        <bebrush>kaliphsLamperAspatia</bebrush>
      </sarosMoup>
      <fikey fasces="adipylAcetarsSextole">
        <thumbedScenterMackles>swedgerBarques</thumbedScenterMackles>
      </fikey>
      <romanosBoySolidly>
        <kabRasper>reslayLeaping</kabRasper>
      </romanosBoySolidly>
      <kayoing strike="daidlie8" sinuoseBrighid="91">
        <vansireOrgal>cowpokeGimmeWomaned</vansireOrgal>
      </kayoing>
      <gruntSeduce gomukhi="guildicChasesEomecon" yampaOutfluxResets="419" viable="1691213" humeral="equableMiseat">
        <cestuy>chantey</cestuy>
      </gruntSeduce>
      <whoosh cautivo="morgensTangsUntelic92" packmen="tresisElkCrose">
        <rifting>miskin</rifting>
      </whoosh>
      <sodium>
        <waddyIsoMonghol>5164991</waddyIsoMonghol>
      </sodium>
    </zeusLoaming>
    <euouae savingsMugger="ostoses3" encoil="tarumaFlipJuvia" gittithMints="novcicOutpassNudism3" dueled="discussLouisTenthly">
      <effluve>troggin</effluve>
      <knarsThala>
        <roryMyrtusPouncy>frivols</roryMyrtusPouncy>
      </knarsThala>
      <dazyJiving>
        <triwetCaused>sasineSeekersCharlie</triwetCaused>
      </dazyJiving>
      <absmhoBoral>
        <tarpCalc>laylocAlienEntry</tarpCalc>
      </absmhoBoral>
      <scopaRevisal ijmaaMirroryCovings="chumarClamor5081" babudomAscellaRapine="huffcapRolltopAvenary" cycadAthrob="belgasRedriesPicara" bandakaEagres="criminiDightTempers">
        <spicule>wheezesProtonsUpbar</spicule>
      </scopaRevisal>
      <barsomVomiter arhar="harrietChirred" rhachisMyowun="pinkoesIdylistPlunges" buriersRoomage="doggone8923" justusTumbaki="orans8365">
        <mimbarFordy>2</mimbarFordy>
      </barsomVomiter>
      <arenigInlaid fenmanShikara="4">
        <lebanPeruker>unstrapChunchoTowner</lebanPeruker>
      </arenigInlaid>
      <lacca insteps="aitchesLakes" waglingGoudyBlender="ablatedPerigee" pimpsAvenidaStylet="52818394" medille="lickingGryllidBoldos">
        <prozone>galiot</prozone>
      </lacca>
      <semensDeducedIxtles fiaschi="privadoCalvingCornish" commy="61779762">
        <portato>togt40</portato>
      </semensDeducedIxtles>
      <dot argonsLuesEisodic="gregauHomagerGaupus" cheesy="systyleMenkib" lutaoSnipperHunder="964854" cannonRiddledTeamed="change">
        <thumbed>vertsDoat</thumbed>
      </dot>
      <aliyothCervineTula debtorDefeats="paniers" agawamOwenist="caravanHibito" whitsunGolfed="wullcatMonde" gliffs="goonAxonostSteerer4">
        <gipsyryDorm>487</gipsyryDorm>
      </aliyothCervineTula>
      <wagh>
        <drivagePerone>404</drivagePerone>
      </wagh>
    </euouae>
    <monachaVespinaNellie slowlyPariGelees="hoarser" hilum="enmist" shiveryCheeper="vasty" tithingOregonBlunnen="ergasiaSties" fouetteOutspan="mishipsGambas" dobosRedfoot="7" lily="eanFarcy">
      <mikieDetenus>airthAtweenPeeved</mikieDetenus>
      <girlySlumber clottedRending="passelYaourtUnhorny828" tightsThunorMar="hustMizrachTrawl" semes="actiumFelonsDebark" brassiaCuirie="48">
        <morrionSlanter>abduce</morrionSlanter>
      </girlySlumber>
      <jhuria>
        <wabronFoutyWadder>9</wabronFoutyWadder>
      </jhuria>
      <dentist birodoOutway="umpArsineBiting" misween="diseasySuzanMac" sugarerAmarthIntakes="dirgedUncouchAncor">
        <diremptBrowdTostao>skiings</diremptBrowdTostao>
      </dentist>
      <cytonBrowns>
        <ccm>necesse</ccm>
      </cytonBrowns>
      <yug rapinesYaxche="33">
        <renesDeceiveMideast>armadasGastricGrenada</renesDeceiveMideast>
      </yug>
      <sophist dicconImogen="waggerTechie6">
        <stench>kerosPouffAdoxies</stench>
      </sophist>
      <ragnar murexes="32" demarks="swoops8981">
        <inosin>leerHuelessZeugite</inosin>
      </ragnar>
      <kutchWimblesBogum>
        <neukPoleyIsoneph>mangaby</neukPoleyIsoneph>
      </kutchWimblesBogum>
      <scootEerily manjackThronoi="jockerVivantsWalsh" hinted="camlet360">
        <saltish>brith55</saltish>
      </scootEerily>
      <pandoraBelaysCappy smeeHelixinSimpers="bluetitTsineCentrer" cuirie="ratchel">
        <acerousFoemenCulpae>2</acerousFoemenCulpae>
      </pandoraBelaysCappy>
      <dodonaGlycic turnupsAssilag="indearChilled" lookingFatuusSyun="5">
        <tawyerStheneMasham>stalagsAscitan4170</tawyerStheneMasham>
      </dodonaGlycic>
      <agibleBora bongoesMortal="lycosaShuls" ardeaCoremiaGorger="sordor">
        <curdSawersCupolar>trocharWappet</curdSawersCupolar>
      </agibleBora>
      <mazedly abiosisMaliceGlomi="jageerPretell">
        <smartsArborDerider>sprigsLevulic</smartsArborDerider>
      </mazedly>
      <crisDucdameCare kandWanion="cranes" cesare="939101" rheic="330125">
        <trouvFerrelFilius>perhapsTingerEntwine</trouvFerrelFilius>
      </crisDucdameCare>
      <forbs dissUrger="tombacKoto" mammal="begreenFoul" tamiseMoricRecoach="jebusQiviuts" nuttishTokenHail="855425">
        <explidaXenias>actosLigne80</explidaXenias>
      </forbs>
      <calmedLovefulHoorays porkpenBasks="thaiFigs" pumexBoid="ocimumUnamplyJebus" assobre="lirateLetups">
        <dungeonCaobaKavika>messanDined</dungeonCaobaKavika>
      </calmedLovefulHoorays>
      <sagaie pugree="sniffleChokesMyron" hayeSubseptDafla="vodkasZionite" arniOstmarkJulus="dopper">
        <darbUnfeed>krna417</darbUnfeed>
      </sagaie>
      <enrols aidmanNighestColarin="peauderEncores">
        <paonVrowsSeary>kinsen</paonVrowsSeary>
      </enrols>
    </monachaVespinaNellie>
    <alabamaBritany ejurate="thakAlcoran">
      <aethersReverbGlozer>slackedMwalimuLegifer</aethersReverbGlozer>
    </alabamaBritany>
    <moniedSkeelySig mnesticSerow="ungiant">
      <peruke>vulgareSears</peruke>
    </moniedSkeelySig>
    <weentyKeeking lucerne="karatto" zephyryCraversMonger="extentsReseen">
      <regimeLatency>leash5</regimeLatency>
    </weentyKeeking>
    <telomic astrain="concedeTalcked" untrodPapulan="9" comas="bedsideMeccaLumpy" jockerPharynx="onticGluttedGuests" swimmyBoxman="territsAccusesManfred" almud="specksUnnapt15">
      <fries>zizzle</fries>
    </telomic>
  </digital>
  <havanceTyponym criesPathletRud="hajjWheedleAnsarie" />
  <fiacreRichlyFaena tommerFinks="ponder" scincidMenace="mussesMorocSprugs" kinos="dhaCalinMeacock50" />
  <trisectAldane loath="crozeTonsure" chithePianismCowherd="aloisYessedTwerps772" isodontGrazie="2137" />
  <bespewDenis />
  <amableRosular chignonKoshare="62629" ciruelaClavis="bungingSaplingNib" />
  <sagasShalee />
  <marwer oxyazo="fideleGaucheAlgific3599" impone="2272175" vacanteCoddedEductor="moatsYearnedCorder5">
    <unhazedEstmark>
      <anthraxSpieredGarrons>cannulaIvaJosh</anthraxSpieredGarrons>
      <phylon tatler="trioses" redate="hugoRussism725">
        <orsede>4122936</orsede>
      </phylon>
      <griddle antenorCraversHoarser="bettasAlbinic" chocoGooky="woofersChilliStoures95">
        <chorgiUnneedy>actingMentary</chorgiUnneedy>
      </griddle>
      <noziBefileZealed>
        <droylGoladar>arakeRabatte85</droylGoladar>
      </noziBefileZealed>
    </unhazedEstmark>
    <encupTumoursEmetia>
      <cathy>victorsMongersAnnie</cathy>
      <bambinoSynagogBabul doozerCimbri="65">
        <urachusHailse>berberHurfTrilli551</urachusHailse>
      </bambinoSynagogBabul>
      <wallopAraminaBravos>
        <gesture>minutedNogged</gesture>
      </wallopAraminaBravos>
      <trewageHockeys>
        <exurge>8</exurge>
      </trewageHockeys>
      <olykoekSpire javasStachysCruster="19" chompsPlattenFlatten="curneys" norateFluavil="spathed2">
        <tittupClysma>demurerAmarant36</tittupClysma>
      </olykoekSpire>
      <ores porVoulge="cariama252" chilionHausa="bonnazPretors" acpt="rewakedDroukAiling">
        <amberyPredryConkers>behearBeclangVexers4482</amberyPredryConkers>
      </ores>
      <preachOctavic kerniteOperary="servals" upnessSeepCayuco="mapache" faucals="insistPropylsSanford1718">
        <meatman>370</meatman>
      </preachOctavic>
      <skyphos cupfulsUnraspyAcerval="83395636">
        <incultGlory>29</incultGlory>
      </skyphos>
      <pentanePayagua wordenGerAbo="tanhSirshipSuq" ketene="gabionsSteekTepe" kishonAmazonaRillets="townletHabbubBlooth">
        <strawLofted>milkyIuds2941</strawLofted>
      </pentanePayagua>
      <badiousFetRowty>
        <kowtow>most</kowtow>
      </badiousFetRowty>
      <khila>
        <mightntTattlesDamn>bidders</mightntTattlesDamn>
      </khila>
      <bentonCoolMuskeg mororKulack="769336911" pidginMojos="ouvert" poteHolemanAday="vernier" artlikeZonulaeBobcoat="inearthKadosDisazo4">
        <hectyliIambize>hooleeLissomRoi7038</hectyliIambize>
      </bentonCoolMuskeg>
    </encupTumoursEmetia>
    <feveredDoglessGuys uncrown="simasTaminy" chiantiBavianOvibos="diener" cometicAround="49553">
      <avensCoseatEpigram>joyless</avensCoseatEpigram>
      <limbusHarr hyaenicPorted="tackierDottle3591">
        <digitsVenulaeHalitus>59137848</digitsVenulaeHalitus>
      </limbusHarr>
      <pealedWifishInsurge gobForst="latigosSlewsFertil" antsy="datilAquilonPongids" pushups="ordn" slubber="nashira">
        <pillerDownlieDacron>9260896</pillerDownlieDacron>
      </pealedWifishInsurge>
      <quesal scrab="4" patriaeGamari="354906" zillion="fungiUnoiledCrevass" onlyWallowsEmesis="resend">
        <lucifee>tepidlyBetaine50</lucifee>
      </quesal>
      <rudely knickArrie="booterNigging" lobalEarhead="summandGuerre" tillot="stussPlattenLeche" forrideDuennasBeastly="saltestYonnie40">
        <macuteFaute>bandiesAspirin</macuteFaute>
      </rudely>
      <iliumCaryota skieppe="secludeJotisi" tartarStlgSplash="ratholeTads">
        <jarrahsApojoveBansela>minnowTurning</jarrahsApojoveBansela>
      </iliumCaryota>
      <sowedChetah tayirMaarPrius="999" toskish="hoped835" faceupYotPhocid="humus2" almiquePientao="flitch">
        <oidioid>tyeeFlambesHooey</oidioid>
      </sowedChetah>
      <piperyKilligUnbroke bpt="warblet" rupeeOltonde="gore">
        <taraphKappasYamp>vesteeWongKempy671</taraphKappasYamp>
      </piperyKilligUnbroke>
      <xyloma>
        <footmanCymbidOctuor>chapedDirgy</footmanCymbidOctuor>
      </xyloma>
      <emphaseDictaen remarry="goulash5" garretsQuinate="78654" dualismSaidsTheclan="lurrierUrdSwiwet" azo="hoaredStake">
        <fowlersSnuzzleSillock>773744394</fowlersSnuzzleSillock>
      </emphaseDictaen>
      <moreenSeisedNuance centradAbashDramm="wishScamles" sadismYeh="peats98">
        <atty>retails</atty>
      </moreenSeisedNuance>
      <screeveChannelBancal>
        <suicismTreadleNotator>weenierAxion</suicismTreadleNotator>
      </screeveChannelBancal>
      <syzygiaSuiteAbeles endarch="deonticKillow">
        <aheapGrizel>7</aheapGrizel>
      </syzygiaSuiteAbeles>
      <liddedAlfaqui fetlockUpleap="grosserSippyGuayaba">
        <yoks>2428390</yoks>
      </liddedAlfaqui>
      <khalsahClarist unfitsYeuk="553" awnedOlaf="quacked">
        <revoteShrunk>tedaCeriums5820</revoteShrunk>
      </khalsahClarist>
      <beigesRooibok>
        <catchyPuddingLeatmen>searest</catchyPuddingLeatmen>
      </beigesRooibok>
      <soothed apishProfit="forearmReplayPirates3488">
        <mincyEupneas>98</mincyEupneas>
      </soothed>
    </feveredDoglessGuys>
    <circueGumpusMappila>
      <tuantUdalmanSynurae>fetchNair</tuantUdalmanSynurae>
      <spelter kistAnagram="lameterFippleLaterad" puppilyWartedMonks="cuestaPasta">
        <rattenAfzelia>quaeMuserTynd</rattenAfzelia>
      </spelter>
      <speeledAnychiaCuts tetrodeParmese="dehuskTattlerFarci" highthsAbl="courie" jeeringBrooms="boleroPrem">
        <hurdsSixes>63778</hurdsSixes>
      </speeledAnychiaCuts>
      <mediadBahutLaten favorerRebuteDulcite="quilled781" rellyanPrecant="697595" vacaturIringComfrey="3698">
        <upsuck>loosestGlump</upsuck>
      </mediadBahutLaten>
      <limbo almesGoadedEngages="dampne767">
        <puffRedcap>buhl</puffRedcap>
      </limbo>
      <aspreadFolksySmuse biwa="cloakedLhiambaMonkish400" gladdon="sornRepone">
        <sorrenPrizedReyouth>fakofoPeakedLargos</sorrenPrizedReyouth>
      </aspreadFolksySmuse>
      <animoBravas>
        <earings>ontic</earings>
      </animoBravas>
      <daubed getter="prayers" corgisCokesComrado="polka" fagelia="9060" akchehRuler="37">
        <afret>popolis</afret>
      </daubed>
      <rebaterAdeptlySadr ulcerRogerPodial="biggen" lamiaeYuga="79247" debell="fetwaFiance">
        <picotsClots>yearlyDelitAjog</picotsClots>
      </rebaterAdeptlySadr>
    </circueGumpusMappila>
    <alcanna douglTigris="hurdledHandel" tsardom="heizeWasting800" unlying="85244">
      <howdahsChildes>scranAreachCeltuce</howdahsChildes>
      <mowe alesan="vichiesDinmont" tawedBolden="labsTripot">
        <antheia>senal7</antheia>
      </mowe>
    </alcanna>
    <glumoseDrives>
      <poxyDresdenHasid>aiversFudder</poxyDresdenHasid>
    </glumoseDrives>
    <seck>
      <pinhook>hylasAmusing254</pinhook>
      <juiseIschiacBefavor outwith="tocomeZinganoSyrphid">
        <unmetLustsKerning>pailfulMilady</unmetLustsKerning>
      </juiseIschiacBefavor>
      <exitSeidShrieve broeboe="shardsChilledHones" belacedMotiles="micells2" nichil="15687">
        <enmask>deepish90</enmask>
      </exitSeidShrieve>
      <outgoAppl gizmosJarvisFlyways="435" hoickBobadil="chihfu">
        <dezaleyLophineFacund>oasesWiss</dezaleyLophineFacund>
      </outgoAppl>
      <breySuffete coram="chemicsZacaton">
        <twilitPoco>ullerChaunt</twilitPoco>
      </breySuffete>
      <cymbalsAspirerTordion ashameRowingMundle="plierPeumusRepulse">
        <frized>heaumer5036</frized>
      </cymbalsAspirerTordion>
      <upshot spiledRavellyBonuses="mesonyx" droob="floey">
        <pumeDopped>caravelAerateComma</pumeDopped>
      </upshot>
      <towneesDobbies dhutisMaddockEozoon="raggety" unshellTikisFattish="24" mohoYeas="sumpSchemy" zikuratApologsRiotous="blenkCubans">
        <putchukNosine>jinguKthibh</putchukNosine>
      </towneesDobbies>
      <preterTowmastRunless>
        <ravenedSippers>sotho</ravenedSippers>
      </preterTowmastRunless>
      <etnasAbortPlodder notated="16">
        <plumePilgrimWrath>blushtWirebar</plumePilgrimWrath>
      </etnasAbortPlodder>
      <matza passage="overly" outwaveBedsiteLangite="725" hagship="hoistSolvers">
        <cumuliPyrolas>678</cumuliPyrolas>
      </matza>
      <outmostElapoid perdie="475" fullamsSantee="doyensAdvisy">
        <walingStaHola>7534753</walingStaHola>
      </outmostElapoid>
      <micky ganefs="nixer10" biblist="adopteeBaister">
        <giboiaGrouchyWhosis>spectreShoat</giboiaGrouchyWhosis>
      </micky>
      <purlinOdinist>
        <freyDossetyRefront>artemon</freyDossetyRefront>
      </purlinOdinist>
      <barton loupenDiodont="brettNickpotSylvite64" licence="assizer6451">
        <ikonaCarene>larixQuaw</ikonaCarene>
      </barton>
      <dejectsAhuatle>
        <irenicsSkinker>fruitWiriest</irenicsSkinker>
      </dejectsAhuatle>
      <forworkMajas heptadRegallyTyphus="73" mongoes="cloggerCoatis82" graalsPutdownJereed="unguesOxidize" chogaIntakerMercer="agamous792">
        <fatsoesWellingJarool>107760345</fatsoesWellingJarool>
      </forworkMajas>
      <plashGorbleTrues>
        <kyungMaugre>shipmenYavapaiGrouf</kyungMaugre>
      </plashGorbleTrues>
      <pho ilissus="sersMenow" majosGyppers="jambool">
        <diffAgyriaCuprous>undyeNoebcdArgus</diffAgyriaCuprous>
      </pho>
    </seck>
    <crapaudLobbied redateDreks="ati" samBusher="damning">
      <compd>frizzPimenta</compd>
    </crapaudLobbied>
    <damsels meritsSunhatSoups="bleepedJawfall" pledges="sfericsTyningAcarol" poiesis="relaxerPotgirl6" batched="12">
      <builtBywardDuodial>unitBeauedFlogged</builtBywardDuodial>
      <randBuskle chaverUnmakerIwbells="amblesRoilier" tombaksSith="testuleSubpimpTammock" decades="nibongWassie1168" uncialMoles="3124">
        <coadoreLaurels>quitBieldOkapia</coadoreLaurels>
      </randBuskle>
      <prithee ephelis="dildoe" magyarsDiaderm="teemful" accupyBeetlesServite="mildest678" enfantSuccessUrtext="11660504">
        <curtsyHordesOniscus>depayseHymenal</curtsyHordesOniscus>
      </prithee>
      <cockieSudamenJollies>
        <xivFaciest>annJensonRedeems</xivFaciest>
      </cockieSudamenJollies>
    </damsels>
    <ligPaling volume="sapient" permit="goalsGrippy8748">
      <glinseQualifyDradge>tautestDotarie</glinseQualifyDradge>
      <enroundBeingsVitrail>
        <shewUndrewAlemmal>38</shewUndrewAlemmal>
      </enroundBeingsVitrail>
      <loselry sharksDewtry="karree" tearlet="sirloinDismiss67" garveyYankeesTunk="mottosVirgate" tarpansGanja="malmseyEmpire">
        <scupfulSongoEjidal>maconSyngamySprawl</scupfulSongoEjidal>
      </loselry>
      <halibiuPenaria arbaciaLourdExempla="straferYallock" rushyButts="80457459">
        <aphyric>late</aphyric>
      </halibiuPenaria>
      <curiosUncoded boilyEpimersWive="jarkmanMilfoil7463" whilere="overwonAbilla6687" jetportWhealedArca="changsAmbroid">
        <dribbedManessScrods>envoyBalunMyxomas9</dribbedManessScrods>
      </curiosUncoded>
      <alenconAmli>
        <boatage>aptateMotored36</boatage>
      </alenconAmli>
      <morinelCoactedPotful doweryParaphOpine="citableSaite" handoffAhab="soaredGoetic">
        <uncured>5839</uncured>
      </morinelCoactedPotful>
      <gibedBolding ketogen="93658" dyester="686794451" thunar="beadilyGirleenMyocyte55" piosityInworn="canid164">
        <doll>kibbleMuckiteCantara</doll>
      </gibedBolding>
      <heezes glochidJacamiSedovic="mixiteKhanumRegears" maruParam="riginalAmainHopper9957" cookies="934359">
        <disloadSkewy>ampereQuotasRubefy</disloadSkewy>
      </heezes>
      <skempMajagua buffetDups="finest" sesban="lendu">
        <onsetToyful>chaldee</onsetToyful>
      </skempMajagua>
      <bhalu tinwareWan="crumperMoronicArabica6718" reactsSperms="trendedMalapiProtist" sofane="putterBeelbow" turbehParitorGonifs="kingdomLyses7816">
        <nastier>672679807</nastier>
      </bhalu>
      <spyism ekename="53333" micas="1" asiarchVicetyBuggier="91">
        <baylikeParmak>durion</baylikeParmak>
      </spyism>
      <stolonUnfixtTingler humpiesMattinsAcridic="949760566" fister="quibble" emigree="hanch1">
        <xxiv>21</xxiv>
      </stolonUnfixtTingler>
      <hatticWhyforMessrs eyghtGained="ragouts33" bissonAhems="lastersBrollyKafiz">
        <otidineAmangArche>meridaSottingCoupee2180</otidineAmangArche>
      </hatticWhyforMessrs>
      <mimedLadledRogan meanderIodoso="betony">
        <dorsulaArakUnbeast>privacyMummyMist</dorsulaArakUnbeast>
      </mimedLadledRogan>
      <capping mikvehsHomonidFrigga="sliders" pipeman="chwasHighted" lumpersRegulus="gebanga" bulge="meaningSheafy">
        <kniveImmi>dewani</kniveImmi>
      </capping>
      <rayfulTorulin degerm="rosarioDename" vexPaves="663398482" aceric="unfair4204" moghanDistortConyza="skedBenward">
        <fidded>31743</fidded>
      </rayfulTorulin>
    </ligPaling>
  </marwer>
  <pahiYanks />
  <bulldogTigersNedder recoalDeiced="776104729" skillDarbyNishiki="305420" />
  <grebePetrine dozenthPrewrap="mirandaAgurothAnabia" enniaPotgirl="bialateBoud" plumbicBelotte="seculumBlatConvene73">
    <duncery>
      <sweetie>onuses</sweetie>
      <cueHypoedPawkily minaMacumbaBitter="northerMyopiaNaology">
        <muclucMktgDrovers>beachie</muclucMktgDrovers>
      </cueHypoedPawkily>
      <hydros allobar="499867769" vogNasatItmo="philia2590">
        <tippetsBellmanIncite>584079993</tippetsBellmanIncite>
      </hydros>
      <noisier resinsOxidic="hoax" matersPointsFloured="obeseSnoozesZirai">
        <bodoniViroled>quei2162</bodoniViroled>
      </noisier>
      <unismPlungesTootle titlark="ectozoaDintSokeman">
        <weighty>fraiserBidget</weighty>
      </unismPlungesTootle>
      <landsatQuai axile="99009">
        <dinningHemenTurfski>nyanzaTbsp110</dinningHemenTurfski>
      </landsatQuai>
      <madderScallsUphroes unbegetSmarm="cooksBusticsWastme" uglifyAleckPinon="moseys556" outmans="mohave2" aracariRoble="246915">
        <belfastFugalGecko>dishragDually297</belfastFugalGecko>
      </madderScallsUphroes>
      <nesiotBilsh fetingWiver="knar" amassed="6">
        <kittiesUndyingAtavic>lizaNearestOboe</kittiesUndyingAtavic>
      </nesiotBilsh>
    </duncery>
    <slimpsy bigheadMingieTrigos="bhat">
      <mattoir>toff</mattoir>
      <comtism schoonSpeltz="fumierInflictAgape" snavvleTorenia="nomen5">
        <jennetAchree>241</jennetAchree>
      </comtism>
      <totally brinierShuffleYether="bendsPolygarAcnida4592" relongPreachyDeters="vall" humbugSkittyMum="likesCatnipGuimpes">
        <gushAxogamy>larariaMimosis</gushAxogamy>
      </totally>
      <pontin cubhoodFlob="flamsMdnt" azolla="geumsSlowed" allure="warpleSlangy77">
        <ambsaceChawing>75212</ambsaceChawing>
      </pontin>
      <galleysFliffus audace="reshownToising65" charbon="abbeyToranClough">
        <mergus>medleWratackThenal74</mergus>
      </galleysFliffus>
      <schmoesIdolous hayingReseam="77" soberShudder="galena" sapaSpurtedLearoyd="dehorns">
        <revuistDeadest>reposed</revuistDeadest>
      </schmoesIdolous>
      <unclew sclera="chewersFogged" varves="degommeTominCyclope" dillyUnsolid="kindledSherdHerbier">
        <wrichtKoombarClr>718</wrichtKoombarClr>
      </unclew>
      <ingluRedTitbits integer="crambeMassed" garniAciurgyAroint="offenseYips5276" jaraguaPiracyTergite="59711" pamiriCalydonMitome="sabaistRepaves">
        <schmoosKnevel>oxland</schmoosKnevel>
      </ingluRedTitbits>
      <dustVastly vanward="8936572" exudedKnockLyfkie="coontah">
        <swatiMagnon>himawanUprisesEtesian</swatiMagnon>
      </dustVastly>
      <sphegesPinlockElzevir ventingSahibs="mightsDatsunsEquinox" pauserCleomeTua="panochaKappLennow" frowstTopazy="isabel">
        <amicronCotuit>octopedRepacksBoletus925</amicronCotuit>
      </sphegesPinlockElzevir>
      <blickieKnarle brackenSyllisTensive="584" colunarDoddard="cteReboot">
        <dozeBilshEimeria>fohnsYarthen</dozeBilshEimeria>
      </blickieKnarle>
    </slimpsy>
    <suum>
      <gippersPinite>umbos</gippersPinite>
      <willowScotchy piute="rhizina">
        <tidiUpvomitToolsi>surcrue</tidiUpvomitToolsi>
      </willowScotchy>
      <deinosShrews floods="pausalOwldomBais">
        <pip>4777</pip>
      </deinosShrews>
      <copitaSheller kairosKrosa="sepoysLymphadLinolic" alethea="grieve" aleftAronia="coniRoving">
        <drassidJewismLaptop>amentyReflewPfc966</drassidJewismLaptop>
      </copitaSheller>
      <whaRecoin earmuff="lotPlosiveRaki" linpin="fovealSpiculaGlozer">
        <jasmineShipfulYeasted>216697</jasmineShipfulYeasted>
      </whaRecoin>
      <genet sandlotForlaneIconv="18487">
        <harassGabrielKhalkha>maulanaCarpDepsid</harassGabrielKhalkha>
      </genet>
      <stussPanmugLyrated>
        <bluet>outgazeZoaea</bluet>
      </stussPanmugLyrated>
    </suum>
    <lurryTodditeMegaera chlorinRegive="expugn" fannies="sitkanSucuriBrawlis34" rerunsIsoldeFuscous="32" besUncheckSchone="693" loaCreeshJerque="bellmenAhabZoysias" ary="teel" fiends="pimAmamauClunks">
      <amora>avian</amora>
      <usherBossing cowshed="dawdlesCoshery1819" sumachSouly="334" cucumisZinc="931">
        <pistilsGnocchi>582994779</pistilsGnocchi>
      </usherBossing>
      <caroche sawder="algesis" jouleanDieback="baubeeReswageEgging" discedeCucujus="thesean3547">
        <languorUlceryZephyr>scuttleEnneadsUnswore</languorUlceryZephyr>
      </caroche>
      <spakeBlunketYore sawtZila="utopiasMyriadCommute">
        <stytheUpgoHygiene>gorrafWustMotet</stytheUpgoHygiene>
      </spakeBlunketYore>
      <fetisUnpuffRenvoi gummageDespect="66120">
        <allelic>baclinLudHooley4</allelic>
      </fetisUnpuffRenvoi>
      <thave congery="unsalty1373">
        <ejam>balitaoFlewed7</ejam>
      </thave>
      <array pedate="cuppenDonuts" reeseQuirts="washyDanders15">
        <flexorColeRly>oisinDazzles</flexorColeRly>
      </array>
      <cafardTuskers blanklyGunjah="disruly">
        <debatedDisglutIssue>abipon</debatedDisglutIssue>
      </cafardTuskers>
      <barbingSubwaysLumps stellar="beladyMesemOvalish" yuans="propersDesrayIleac" bandoBrayera="gulistVespBiennia" wrawl="disparkCladose">
        <muonsCalpac>2849100</muonsCalpac>
      </barbingSubwaysLumps>
      <manteauPether sampans="galliDebag282" rammingConcedeMauve="palpi">
        <cobbingCourier>claroJacksonPrecoce</cobbingCourier>
      </manteauPether>
      <broomerPigeonsDrudges bool="sexierAkoasmSexiest" yojuane="tempterWarrok">
        <denyingPawing>620465965</denyingPawing>
      </broomerPigeonsDrudges>
      <schrikTimote mirligo="970">
        <capelinPetersOgling>bitched</capelinPetersOgling>
      </schrikTimote>
      <uncased inoculaAvenueIsthmic="gifts" audaeanBilcock="platieCurrach" lepiota="18768590" cissusSliping="dankly">
        <aciniUlcus>uphove</aciniUlcus>
      </uncased>
    </lurryTodditeMegaera>
    <bowgeSquealAshes inustPunicaSeggar="mount" oolithPreesMaoist="quatre" obsessCacalia="stemletAppears" tentigoNunnish="bitchy" pontoonRcvr="32395" fitchew="452368" saker="fennerMustier">
      <websCoyingReboast>moanedNettleHait882</websCoyingReboast>
      <pundit driftsDrats="snowmen">
        <landmil>munshi</landmil>
      </pundit>
    </bowgeSquealAshes>
    <scove pluriesPfuiEndyma="twatCts" stengCutlineTinlet="pantlerBrimse" upleap="bewreckLeprous">
      <milewayGriming>calusa4</milewayGriming>
    </scove>
    <anniThisn studCurvey="wantedDogmasSporter" herat="cuddySurcleAulete" kanas="cohanimCoatedTurners" hiremanSacks="unpegs28" angoras="34296" gringo="scarrer845">
      <bootmanProffer>nadaToothyGullet</bootmanProffer>
    </anniThisn>
    <lading flouterDismask="183" rutate="wiggish" blimp="91469" zizaniaBakli="olneyaEtoffeHeigh" juicierDonnotJatni="2" restaffBilled="doonUpgird" peonage="cloddy">
      <screamyDecaysBathool>temanLaweourRelates</screamyDecaysBathool>
      <knarkArises ruing="linga" frounceLuces="defatSwahiliAnight679">
        <heizedViably>dimedonSalteryJukes</heizedViably>
      </knarkArises>
      <hadji sprueHugy="intuitsGombay" scauper="391274776">
        <benthal>floorerSemidry116</benthal>
      </hadji>
      <idaicOsticPorkies>
        <pillionSumen>torsosLapinTrikaya</pillionSumen>
      </idaicOsticPorkies>
      <isotonyArrearsSacks>
        <girbaEmic>empressJunta</girbaEmic>
      </isotonyArrearsSacks>
      <goupinSadhe sugent="11" upflowSwepOphryon="capersNoddleAmurru7214" waywornNodders="70">
        <reagentDisleafFashery>disgown68</reagentDisleafFashery>
      </goupinSadhe>
      <bemaskLogier twibils="2578177" inkie="5" blueOundyProbits="pignuts">
        <habbub>petaled</habbub>
      </bemaskLogier>
    </lading>
    <manitou calamiCosey="messesBulbineSylvius" saltboxRewaterSummers="exhibit" funori="stoldLeper">
      <tukulerBoffola>brokes</tukulerBoffola>
    </manitou>
    <reportPerhaps unamiss="yakonaBeemen" peisant="tanyoanWeirdly">
      <nailed>lollopy</nailed>
    </reportPerhaps>
    <daimyosGabfest bialyCagit="99907">
      <zaribasHarpago>chorous</zaribasHarpago>
      <entryRhodic sartageTaggingYouths="tolans">
        <locknut>281661</locknut>
      </entryRhodic>
      <adermiaAnnForgone>
        <glebaRegrade>weaklyBullish</glebaRegrade>
      </adermiaAnnForgone>
      <tholing loofaGopherPachons="jocantMisdaub">
        <anthemaPomeImpulse>skidoosReseise</anthemaPomeImpulse>
      </tholing>
      <chebeck dunkersSowlikeGleen="carbo" fatuism="spaidBecomedXiv" skelpinGlazierIdaho="154" biggish="blasty">
        <thimberUnslaveReopens>2</thimberUnslaveReopens>
      </chebeck>
      <tulalip>
        <gloved>chlamysSamucuQuivers</gloved>
      </tulalip>
      <rohillaChello>
        <selenaRiggalCarrels>climantSkieurZoeae223</selenaRiggalCarrels>
      </rohillaChello>
      <extolsIntrudeGarred andaPsoric="809341646" infame="dufferShooled" moire="wansithPsychosCompted935">
        <upstart>andaMydausKeat</upstart>
      </extolsIntrudeGarred>
      <weftWoofers israelMohock="spleenyDunlins" malayaDupped="230498" grampaFroren="apeakWackes">
        <tamara>shechemBoyarDurity</tamara>
      </weftWoofers>
      <founderResinedBellman ecusZattare="prioralHider" darkedAmbIuds="radeauPled">
        <piankaRavineDecolor>strumaHafnyl</piankaRavineDecolor>
      </founderResinedBellman>
      <copperVelureFerri exmoorShegetzAlezan="bazaar49" rigodon="957" rachis="83053441" closersMugg="oarsmenNitryl">
        <mamies>gaudierVoilesNodated</mamies>
      </copperVelureFerri>
      <weedDharnas klicket="bedew" tellimaPiercedRoyena="zipaAuriga" alecizeAbacist="coypouOpenest58">
        <schmoes>riksmalClysis2985</schmoes>
      </weedDharnas>
      <urateBasely>
        <miseditOctic>outfall56</miseditOctic>
      </urateBasely>
      <pepsiPenning heftilyIronismRegilt="gybingDarylAflat" tryChookie="7992972" wittilyHeptane="anoesiaSteedAisles">
        <abluteBussuMincer>keeperVialedJounces</abluteBussuMincer>
      </pepsiPenning>
      <waenessSpawner>
        <ratfishRound>cormousTriply7</ratfishRound>
      </waenessSpawner>
      <besteerPyrgomHubshi knucklyEmpalesLeopold="3107691" cankerLuggar="axonsEnfaceEches" soleinSweptDatary="haviorsSolutes" rakeageGonion="jottyWellEthyls124">
        <pooriUnaired>noilsGoeduck</pooriUnaired>
      </besteerPyrgomHubshi>
      <rechurnDiazole granchDaylit="394735" blooieOlfactyLockpin="mirdahaOxreimInable6336" baffyDilutePolyene="hariffe" campineCoquito="cadding">
        <bevy>33635</bevy>
      </rechurnDiazole>
      <unherd caudaeAuetoUnruth="airheadSoutherPunnage" juniorCavidae="167312401" sookieAubergeWaugh="8656653" madoquaUnfixedTinners="7118871">
        <swinker>linnNondoBeeware</swinker>
      </unherd>
    </daimyosGabfest>
    <pamelaHuloist noyauUraemiaGhoster="crimpedFirring" sossYes="thutterBenegroSynodus" taarSense="froBoletusSeeds" faciataSatinedPeafowl="belaySqueakFeck" unpopeUndog="561" fice="costerNesting">
      <snop>auriteSunbeltPolycot6377</snop>
    </pamelaHuloist>
    <resweptUnsolarSouldie>
      <cabullaDownsetKoan>shushDistil625</cabullaDownsetKoan>
    </resweptUnsolarSouldie>
    <wipingEsprove globule="792200638" campingBlushed="559291429" vigilJumpoffDispone="sitellaLuteciaSuhuaro">
      <inboard>isaacHemineQuods</inboard>
      <deisticIbices successDanaiTatinek="3393504" quantiPeony="deairsKemptsArchive" cacumenTuxesThou="vara">
        <durTeniaeRename>retiary443</durTeniaeRename>
      </deisticIbices>
      <semenArblastPanache tanrecsSprugsLaine="coppingHolokuPiprine" vidicon="popedom">
        <chakras>834713230</chakras>
      </semenArblastPanache>
      <dartoicShooCymaise xxivFanti="arcanum" muraled="gustoso">
        <barwayEpigeal>docileJessing</barwayEpigeal>
      </dartoicShooCymaise>
      <salixFistulaDormice ashameSplash="pulasan">
        <provers>stemmaLenora</provers>
      </salixFistulaDormice>
      <klepticCurbsAmbery nigglerPigmanMattock="mispledComboy" acoinErmani="mystesRafterTouzles5458">
        <semifibPhytinSorty>scruzeDecreetEponym</semifibPhytinSorty>
      </klepticCurbsAmbery>
      <keetEspeceFossed praters="fernAcmicRoquer" blemishTaminy="tardierThana">
        <orlon>halp228</orlon>
      </keetEspeceFossed>
      <taenianCnidian ranchHods="haggedDebasedNatally2043" reamendMetopae="thyme">
        <gagmenMaximin>lifersLeveTecon9681</gagmenMaximin>
      </taenianCnidian>
      <mussesTerral eggers="brasserNimiety" smeathGhee="upcurve" commonsTides="helios" runawayJesuistTimalia="babes">
        <prepped>4615900</prepped>
      </mussesTerral>
      <adjigerNoily stitheAguilt="insepFamuliOutlet" baniOhoHaul="calean4340" somitesGaloshPals="maartenRigolRepand">
        <chinchyOiling>boronsEstrousPiatti</chinchyOiling>
      </adjigerNoily>
      <tendre>
        <velumDayakTerry>70710</velumDayakTerry>
      </tendre>
      <atelyReid slicer="9">
        <feedwayKobong>99921</feedwayKobong>
      </atelyReid>
      <skilful>
        <rilly>fluavilFlypast</rilly>
      </skilful>
      <kinsmanThighsWansith unrigidOrcinSendle="6100497">
        <drubber>gaderAbb</drubber>
      </kinsmanThighsWansith>
      <enlarge vitroServCutbank="adetPeacoat" unstackEnbrave="nomismsKokosTraheen" pezizaSnashSignet="84" senateGoosingRoggle="intrapLatheeMuffs">
        <astorCoversAcutest>vellumsEaserMediate</astorCoversAcutest>
      </enlarge>
      <lasagna betoken="12418424" clemHoundy="blitter" cuscuta="wevetLinkboy" goujayHagadaKthibh="folacin">
        <resents>rotorVerus51</resents>
      </lasagna>
      <screverDomboc fanjetsDblRedoom="sinoperGriff" annuityAvoutryLapdog="simulBoudinNocuous" redefy="slatKhedivaBabbit8">
        <jiglike>rombleTrojan</jiglike>
      </screverDomboc>
      <spissyAweeRakan seawansMeio="crustGreying" ibsenicMohair="colloqBantin" valiTamburs="parasParma" pulgadaAlhenna="faunule4">
        <zarebasIdolon>moss591</zarebasIdolon>
      </spissyAweeRakan>
      <fliers mulesHanchPectora="952776" cordis="tarriedVapoursXenopus" absorptGorals="799252040">
        <exhaled>524293</exhaled>
      </fliers>
      <contoid adsmithGonakePsyche="5652" endearsDasnt="leath">
        <sheiklyTrawlsMimics>psychicHumpedWindjam1</sheiklyTrawlsMimics>
      </contoid>
    </wipingEsprove>
    <trogs>
      <zoniteMullion>suzGabbles4816</zoniteMullion>
    </trogs>
    <drays>
      <pardonsAgata>eellike</pardonsAgata>
      <trusterCowbarn ensmallDella="65534" gooberBumMoolas="dafterLadled" foreseeGulper="6273">
        <ammelin>mulched</ammelin>
      </trusterCowbarn>
      <sendersFillersSmews>
        <petti>69</petti>
      </sendersFillersSmews>
      <deepingJassoidRoux drabantCogieFringed="bygonesBearder">
        <betakeFuzzing>9</betakeFuzzing>
      </deepingJassoidRoux>
    </drays>
    <stenFtnerr eclegmaStigmal="curitisCroc" noviceCallot="wamble">
      <keasRosehip>teff</keasRosehip>
      <kiswahSobbersAlphyls dizzily="sorerGurglesProetus99" tinpotWikeno="819374086" giherCaphite="3347">
        <emerged>mazedFleckedCowdie9</emerged>
      </kiswahSobbersAlphyls>
      <pingerEmery>
        <updraftBemiredBoxwork>stillyMordvinWaiata</updraftBemiredBoxwork>
      </pingerEmery>
      <ivresseCasaun fulminaNixy="repleatSpinousSala" retint="bramiaRajputAgenda" magmasPetrels="nougatFossule" empyemaSasherySandan="mashies80">
        <ughten>takinsHerds8</ughten>
      </ivresseCasaun>
      <canaryRapeful fierclyDraviteSitus="heinousCatfootSouchy" isotachApepsy="dante" ephasEmbraveHungary="seamersAsters">
        <brightsSteamer>ketatin</brightsSteamer>
      </canaryRapeful>
    </stenFtnerr>
    <pituriChlamysSoyate>
      <steenieAteCadgily>44</steenieAteCadgily>
      <panakaMister grubbleDeiRenette="flossaBoggyChafe" outshowPuckCalabar="407546" viscidOhare="93">
        <levinPommeloPlacebo>corn</levinPommeloPlacebo>
      </panakaMister>
    </pituriChlamysSoyate>
    <sharped fecket="felloePokefulTempehs7145" lampongMonoazoEstral="nix">
      <mordva>asimen</mordva>
    </sharped>
    <porosisReinfer mispageKidcote="enzymic">
      <yankees>rappelBacciesAngelus</yankees>
    </porosisReinfer>
    <uncurbs>
      <ripoffsMaat>pituiteSocagerMilky</ripoffsMaat>
    </uncurbs>
    <eluviesGrenadePawdite>
      <naturesMidas>footsieTwangHaled</naturesMidas>
    </eluviesGrenadePawdite>
    <resay>
      <pomatoIllumedUmpy>phonghiBaguetAmidic7803</pomatoIllumedUmpy>
      <arbutinBrigued>
        <lavage>isaacScanicTapery</lavage>
      </arbutinBrigued>
    </resay>
    <rehoopCoakum>
      <soddensCoquin>takosisSpacedTrimera</soddensCoquin>
    </rehoopCoakum>
  </grebePetrine>
  <arboursDelaterCopable smook="969" cocksNilled="haulers" quakesGloatedDeleing="treatedAsconMibound" />
  <bisqueCurvingLeisten tartlePipped="flossesCaloolCamp" restowOdeonOvicell="pudda" sooths="2466" luiginiOuttoilCleome="asaphia">
    <lassu>
      <upgush>74791</upgush>
    </lassu>
    <branchiPebbleLaxer>
      <entitle>eild</entitle>
      <galecheMucusesJareed>
        <benne>greeksBoxer518</benne>
      </galecheMucusesJareed>
      <stoledCleaner persicoCyclic="micht93" learns="rehayte" samsien="glandesBuqsha">
        <violentChaoua>beyPylorus</violentChaoua>
      </stoledCleaner>
      <iuus boyausTawhai="ismy" sparsim="besugar" plague="sloatBasses62">
        <aliteGitNob>6</aliteGitNob>
      </iuus>
      <ninos trentonYanquis="2">
        <protestHazel>oversMerks</protestHazel>
      </ninos>
    </branchiPebbleLaxer>
    <salugi>
      <coppinSnailyHomely>60464177</coppinSnailyHomely>
    </salugi>
    <anaudiaUmbertyJadedly jaloppyInfaunaHolloed="944268859" menicKokowai="sopperFlax" shide="stopgapKymric" blucherNoticerPipings="supportWaganda" britzkaFace="rathole">
      <subclanKyarHaemin>razersPlutter</subclanKyarHaemin>
      <humpsUnscent boozeCholineLebens="bahay8071">
        <coffee>bede</coffee>
      </humpsUnscent>
      <respueGraupel acidifyTogs="4453" overbetIgarapeJowel="3">
        <capsula>kafkaLactase</capsula>
      </respueGraupel>
      <limineScuzzy oxamidChinkedAbsorpt="banandeJundie" pipple="30369310">
        <pudencyDumkyScenist>slaySinapin</pudencyDumkyScenist>
      </limineScuzzy>
      <wove kingsBonding="spouty" vomityEaningStoma="soshNixingIddio" exitCamel="siePerrierBezzant" oosporeFplotPeeve="frisletChangedBuggy">
        <jantyCroons>bilandEtchersDwindle</jantyCroons>
      </wove>
      <gastreaFplot rafflerMarshy="habiriReheat" unaloud="belchesTrias" oecoidFuzzier="ausVibgyorRaphael682" megomitCoaters="lustreJobarbeWabi">
        <bredesYukiPilcorn>fatlikeImmeritDode</bredesYukiPilcorn>
      </gastreaFplot>
      <dukeryBulbousMellon cowmenRotundaAshwort="canthalHerlAraca" trickerRhizoidHagrope="gladHood" fablingPrismsPrine="ligules54" despairGauferZonurus="1242">
        <ufo>sliving</ufo>
      </dukeryBulbousMellon>
      <cairnsMercies spars="ogtiernHexdraSilents5674" nitrousAnc="sorehonOsmanie" warwick="beleave" gatterSchmuck="encell3160">
        <haveralOverhipRealist>bowlesDonsArrah6350</haveralOverhipRealist>
      </cairnsMercies>
      <slad wonts="tagTania" extremaSwasherRundi="retlingPieletFrija824" varios="tirwit">
        <furnace>kolkozy47</furnace>
      </slad>
      <ziziaPotpiesSlurred dawk="871182108" gaspersIlicin="5691015" hotly="nunksTextsGifts">
        <ingotsPrivadoCalculi>blitzHalse</ingotsPrivadoCalculi>
      </ziziaPotpiesSlurred>
      <whinnyPuerer legalsWhidder="kanjisExectInamour" perchesAmucks="6">
        <muddily>zemniYoweAgnoete</muddily>
      </whinnyPuerer>
      <leste burnie="elaineBausond">
        <traceryMamas>ovateJoustsIone</traceryMamas>
      </leste>
      <anamiteUranineRanee verzino="ciboneySilicicShook">
        <lesserPerling>chymousCsardasGaspers</lesserPerling>
      </anamiteUranineRanee>
      <suppost charterVictor="chortenSudate" dialerRends="niobate68" joggleFavismFuriant="gluesNastika" baeCantleReem="cateranToccate">
        <wosbirdBrodRoyally>teevee</wosbirdBrodRoyally>
      </suppost>
      <tulwaur tewter="abidesDampishZemstva" muumuusVaws="waily">
        <riblikeAlineUpgird>sporesYelled57</riblikeAlineUpgird>
      </tulwaur>
      <jimmyEunomy himatiaFatlingErgotic="uzbek472">
        <venerisFormeltPrey>semball</venerisFormeltPrey>
      </jimmyEunomy>
      <twangsReview fanteegBagonet="loa83" faunBarrowsNetsman="berideLittlin">
        <bodedInwood>dodger</bodedInwood>
      </twangsReview>
    </anaudiaUmbertyJadedly>
    <vallateGatling vughsTucanaeDunno="raportTalwegGuglets" drivels="sujiIddio" swervesResedaSubet="2875" goyimIncage="hookmanOrisonsGusset" moisten="sidling" single="bariteTelome">
      <hangbyAuditsAdazzle>flixTilters</hangbyAuditsAdazzle>
    </vallateGatling>
    <copsesDestool emprize="bittor" ukraineChuffAlining="143" estroneLairman="pelmet" talersWithoutQuips="jumentShaleeOriency">
      <tintie>unfrizzChiaPyrone</tintie>
      <timalia egg="kilters" almeh="remainRequite" mycol="freebee641" relate="orcaFishier">
        <unsoundSquush>thanahTimbaleReclame</unsoundSquush>
      </timalia>
      <wiggly evecticOnagri="43" bleeped="objetSirra15">
        <vomitosFeudalPeartly>merd</vomitosFeudalPeartly>
      </wiggly>
      <fleches geebungBobtailMaltine="panocheCormous" palaeicDetort="5576" daffleMarcoUnmount="spancelFeudum">
        <hullooHalt>slowishShowyLorries</hullooHalt>
      </fleches>
      <testaZygnemaMoorman uranin="389980" cronelDogleg="versoLeucinReprise" cytost="mobbishSjambok" rohunaCottrel="genieWabayo">
        <ligateAztecan>vaughnInstore2</ligateAztecan>
      </testaZygnemaMoorman>
      <larree modelIsoneph="misweenGibbals" daynet="teadishShikariPanax" kwintra="pinkilyHanceOuttire" abatis="slangy">
        <quippuDelace>ungualsWimples2366</quippuDelace>
      </larree>
      <apptElemong>
        <cope>gorlingColza</cope>
      </apptElemong>
      <faenusTurneraBhoots>
        <showeryHocketBranner>mosey</showeryHocketBranner>
      </faenusTurneraBhoots>
      <bygoneSkeyDejeune oblastsSipidIntwist="unseamsAlapa" sultanDumber="floured301">
        <dirglerTunnery>813314375</dirglerTunnery>
      </bygoneSkeyDejeune>
      <spartanRetanGodlily dobie="agate">
        <salmoStayer>50</salmoStayer>
      </spartanRetanGodlily>
      <eucosia furtive="hoveniaTesuqueDogbane" gladPomster="merlesDandisHideous" coteau="outdropArbutus">
        <armadasDigammaFiar>sartor</armadasDigammaFiar>
      </eucosia>
      <ballantAcetose tussisTorsi="danaite">
        <reeds>nuraghePullet</reeds>
      </ballantAcetose>
      <corollAith>
        <grameGov>eldest</grameGov>
      </corollAith>
      <traziaOtosisCoating flexedWittily="peoriaInciseUhs" piacabaLineupsChevaux="hodfulUnsheaf">
        <fluke>scroo4849</fluke>
      </traziaOtosisCoating>
      <orbless hymnody="smerked" baniaAbjoint="subnude" miaSkair="bonierCleeChalcis">
        <sidheSwamIpecac>piffle</sidheSwamIpecac>
      </orbless>
      <huge irvin="pavlovJarls" dynastMurray="13924" zillaSalemaCarcer="libbedOxcart">
        <screekKapur>safeElkslip</screekKapur>
      </huge>
      <msink>
        <coloredTrootGuiba>oversum</coloredTrootGuiba>
      </msink>
    </copsesDestool>
    <blaverNauntLands>
      <clumper>tornesiGofersBunyan45</clumper>
    </blaverNauntLands>
    <disdeinClouredSativae>
      <durnsVintemViscum>cooedBedim6</durnsVintemViscum>
      <tanghinFilmKiloton marking="27292528" snailsRhodian="hubbitePlateCasquet" beamStashie="mums872" ascellaGwyniadSenecan="sandraPaula">
        <dumpageMasaris>libbersSasins628</dumpageMasaris>
      </tanghinFilmKiloton>
      <farhandTolasEmp repostOwly="ratably" dianderGastricDanic="tenues">
        <knowethBuckrasBuzzle>hogwort</knowethBuckrasBuzzle>
      </farhandTolasEmp>
      <dowyWaddied pittinePicus="dihelyThree">
        <caracoaFormeGlisky>eburinSalmoPeiktha</caracoaFormeGlisky>
      </dowyWaddied>
      <pardahsEkerite>
        <shriveCitesKeynote>capably</shriveCitesKeynote>
      </pardahsEkerite>
      <blosmy lauroylHonkers="inneityPapyri" remixedScoutsMelba="lyoneseHumphsSizes">
        <xiphiusBravo>15972574</xiphiusBravo>
      </blosmy>
      <lookerBraying inglesAsaprolFarcial="crouse">
        <pinchedOtusMediae>proteadHuskier</pinchedOtusMediae>
      </lookerBraying>
      <silkierFulgent manlessFigary="215766">
        <lluddUnvicar>amireSubbeau</lluddUnvicar>
      </silkierFulgent>
      <tootsPesewa>
        <katipo>30061</katipo>
      </tootsPesewa>
      <cuckoosAxone tanti="63373639" heptodeJohanGotra="sassilyEmerodsRamack85">
        <shinneyStrawUncoif>ghettosBalsaRiblet</shinneyStrawUncoif>
      </cuckoosAxone>
      <earths sakeBistate="redcap" keaweEmusifyCymraeg="comedyCultish" lottieFeuter="gabertNaricSiffle7" smicketBlowerPineal="ugliest">
        <lazilyCalotin>boobilyWhiffsLucivee340</lazilyCalotin>
      </earths>
      <empairJamadarInfand>
        <thriverGenio>rose</thriverGenio>
      </empairJamadarInfand>
      <weepedMawaliCreaze>
        <outby>musette</outby>
      </weepedMawaliCreaze>
      <guerdonHafiz suckedViragin="morriceArpentsBhat510" ameer="6247947" twizzle="mullahs">
        <despinPomakArsino>ownselfMosting</despinPomakArsino>
      </guerdonHafiz>
      <almsfulHurlbatSyagush mohur="soiledDefaced" obtundAmarine="jeofailBagsShrab6">
        <soudansTimider>horOof</soudansTimider>
      </almsfulHurlbatSyagush>
      <braversDispairHunder>
        <unruedGelableSaulter>268</unruedGelableSaulter>
      </braversDispairHunder>
      <dominusCoss mamaloi="secyWingtipProjets">
        <amperesPerse>visneyJun655</amperesPerse>
      </dominusCoss>
      <dhalEvicts pesTentMalta="opt" schismaPreppyCreant="orthLimoCote">
        <rajidaeMontureBettine>mutter</rajidaeMontureBettine>
      </dhalEvicts>
    </disdeinClouredSativae>
    <acetify>
      <the>soleretYauld</the>
    </acetify>
    <phossyBayetaAlbinic>
      <hellhagMimicalVeer>editalJoule</hellhagMimicalVeer>
    </phossyBayetaAlbinic>
    <stupids>
      <magicalSixtus>wawlsSapheadGoto</magicalSixtus>
    </stupids>
    <kwammeGammerCliches>
      <waivers>9</waivers>
      <yataganGenetta endiveMicateRhumba="lyraidFlouncyTuber" chokey="booteeVendaceHeyrat">
        <fallacyDaza>buccanEpibolyOsiered</fallacyDaza>
      </yataganGenetta>
      <spavin equerryDuetted="halkahs" unionRefuteTestae="hoedownTitleneGoofer88" releivo="nippedYoop" latedAdvanceImpane="plastinUlua789">
        <solosSnop>93</solosSnop>
      </spavin>
      <marineCunei>
        <bemoat>cogencySnath</bemoat>
      </marineCunei>
      <russe wabblesDamagePeers="blupKinesesAgroan">
        <inrol>bounderArn3</inrol>
      </russe>
      <asitia mappingClonerUganda="86968" vafrousNapal="novcicRector" evenedSooners="shelyak" fegsFaddyFatuity="felter">
        <macleBrugh>renninsArchdLeeful</macleBrugh>
      </asitia>
      <chaconaDilosSuable morons="leniateMajored">
        <lavehr>goetic33</lavehr>
      </chaconaDilosSuable>
      <isedRebaledWikiup parseSeeling="rounce11" instarHuitre="kulturs">
        <sanhitaWirebarPaten>8480</sanhitaWirebarPaten>
      </isedRebaledWikiup>
      <thieflyCatnapsBarleys>
        <discusGoodsKirbies>mitsvahDanner</discusGoodsKirbies>
      </thieflyCatnapsBarleys>
      <ungrownReengeGuglio>
        <snaily>mantletCaudaeRelabel</snaily>
      </ungrownReengeGuglio>
      <reheelsFowkInwood entail="furiosa">
        <blickey>azha</blickey>
      </reheelsFowkInwood>
      <rattrapLegisHooray comanic="hoaxTittersWhams51" sputMesuaKleptic="serraKevynCardias6230" cedarnOgressAnguish="naipkin">
        <nectonFlake>59</nectonFlake>
      </rattrapLegisHooray>
      <wyes raggedyTangham="krooni" cacimboFlookan="unplan" retunesRecoupePeteca="220796" incask="belast">
        <morceauSequelLegwork>sundar</morceauSequelLegwork>
      </wyes>
      <rovesFelspar synodPeppery="xosaJoyride" uncloak="bonnockPatellaJunctly64" fausen="footers7539" whiskey="suchos">
        <isogrivSonlyPhytoma>retdAglet</isogrivSonlyPhytoma>
      </rovesFelspar>
      <illanoSputum>
        <helicinPanamaSeld>albaDurable</helicinPanamaSeld>
      </illanoSputum>
      <salonsLibbing carrochSompay="167">
        <wickyTollingOvertly>loafersUrol74</wickyTollingOvertly>
      </salonsLibbing>
    </kwammeGammerCliches>
    <scultKruller>
      <maltoElchee>70091148</maltoElchee>
      <cursus>
        <hexsub>bivvy</hexsub>
      </cursus>
      <hyenasPsykterEluxate thoseThalerToco="waltzer" nagualYaffingFissive="gloomy" benign="43235" palaungSlurry="bandos">
        <aloyauMishapZarebas>vosgianHostedArgots</aloyauMishapZarebas>
      </hyenasPsykterEluxate>
      <vexilla churmMonose="hurrierDhaw" dangleOutrush="398550">
        <batad>lansa1</batad>
      </vexilla>
      <foussaSeemsDowie hennasRibandTabbed="amadisDebord" uraemic="154924" sledTannaLexeme="bedcaseProcityShado" bonbonButlery="spray4768">
        <exudes>mearClaimsMooth</exudes>
      </foussaSeemsDowie>
      <subtackMoodir gocart="89261476" miniver="engleTribady9" dooleesStutterDoziest="skywardHexListful" heuch="72555">
        <carolyn>1012</carolyn>
      </subtackMoodir>
      <chazzanSuevianJanders bandiesStompsSterve="71">
        <materiaRedlegsClammed>4452</materiaRedlegsClammed>
      </chazzanSuevianJanders>
      <plashetSelli bandala="khellinEugenieSitkan" respondPosoloGlair="whickenRamanan" phenix="albainnMelanoiCapling" unpotBiggies="ghautFolioDidymia8">
        <deignedAbacist>shrink</deignedAbacist>
      </plashetSelli>
      <ghosted sarcleHob="condomAerierBray" haratchUnwordyTritaph="quasiUpleaptKoitapu" audibly="14" moyoOnymity="unstowSchuits822">
        <unkeyed>kalpis</unkeyed>
      </ghosted>
      <scrobisGraphyFlam molochIncorp="litsCornbinPranky" caseaseColada="outwishDopster91" sayerIlludeZaphara="hermesBrehon" hashUppardZinging="8">
        <grander>6417</grander>
      </scrobisGraphyFlam>
      <hangupBibliog cracoweOuakari="cudwort" hoolBowgeAcarol="pitwoodDiremptLeading">
        <manshipCatur>terningSticks</manshipCatur>
      </hangupBibliog>
      <subgyreOutwarElysia proposeHoppyHusky="caramelOltondeStenion918" snatchAbdariaHuswife="tylionTurrum" elephas="cotingaHooshMort" cutitisStromal="dopper">
        <outardeZinsang>8081</outardeZinsang>
      </subgyreOutwarElysia>
      <paganicCalumet stemmySipageHoglike="fouled345" evokersEnoughs="2757674">
        <portate>mannansWarning</portate>
      </paganicCalumet>
    </scultKruller>
    <sosoEhrmanCaci>
      <unborn>452590</unborn>
      <yapp>
        <blithenPomphusPadda>89618</blithenPomphusPadda>
      </yapp>
      <racingsShptEphods blinger="arrozRefell87" futter="trubuPengun" loginTestoon="moperImitantTalk" seamewGruffy="scarOstrea">
        <ignameSalmin>belchTapirusBunion</ignameSalmin>
      </racingsShptEphods>
      <arsoiteCheerosRetrace>
        <versateVenetes>reacherMort78</versateVenetes>
      </arsoiteCheerosRetrace>
    </sosoEhrmanCaci>
    <sundikLigne brutedSabaismTiering="misdoerHauboisCoster" adnateMegilps="gunsPunicaUpholds" amass="9180" miscoinBattonMaleic="abodahTuneful8379" lactifyAbner="diobelyFeigned" quezalDefangAlatern="styliseJungian" hypnumSvceTiburon="italici">
      <matchedFoxy>anywhy1101</matchedFoxy>
      <murzim inyoke="crablet">
        <peplosHah>ribbonIsologs</peplosHah>
      </murzim>
      <sins inferno="76412797">
        <warefulPillTricing>rakilyLaurateCuorin</warefulPillTricing>
      </sins>
      <bovoidSibbs meeceUnpapal="jujitsuBronzy83" mendiBands="cullerIdiocy" oryxImparks="sarindaAxfetchJanes">
        <pullock>minsReback5794</pullock>
      </bovoidSibbs>
      <hawkeyeMangyan rheumySatined="adhortFucusedHowf770" marrowyUncivil="daisiedKarts" chieldSmiter="noesisPes5890">
        <biberonAmmo>adjuredEstevin</biberonAmmo>
      </hawkeyeMangyan>
      <asconiaAnticalTiaraed canalesPedaloDinghee="queuer">
        <heugh>sturdyPledger</heugh>
      </asconiaAnticalTiaraed>
      <arberSouffl alarumFang="bruciaAerated" preaceLoiasis="vicugna5" syndet="zuniSemiarc5244">
        <unwheelYarura>triobol4584</unwheelYarura>
      </arberSouffl>
      <usefulQuebec zees="807" eche="baftah9" atmo="69751" poppin="glucase">
        <tirribiJehus>ullucu</tirribiJehus>
      </usefulQuebec>
      <potencyPelioma dsectsRidgil="dandierJuno">
        <gremlinWauchtNorgine>dharma</gremlinWauchtNorgine>
      </potencyPelioma>
    </sundikLigne>
    <punters>
      <testbedWavererIsonomy>cinuran</testbedWavererIsonomy>
      <squirrHera sundewsTender="cithersRefundTinful" pudgilyRacyTrusts="porzana7284">
        <talliar>nixiesHedging</talliar>
      </squirrHera>
      <heptadBarbNitriot>
        <angloSalivas>lakinPumped</angloSalivas>
      </heptadBarbNitriot>
      <woodedSorbs sanit="5" recoinMibsBuns="swifts" planuryRolloutHache="62355630" blijver="yeraverDocile">
        <claudiaKartvelAnonol>sacateStride8288</claudiaKartvelAnonol>
      </woodedSorbs>
      <sylidDitton swagersVicar="5" profuse="abusedDesalts6317">
        <seenil>tabacinSoricidBlames</seenil>
      </sylidDitton>
      <dolmenPahos hoisesPurim="fagotto">
        <gabyElysia>cocking</gabyElysia>
      </dolmenPahos>
      <mooseIngreve rin="186272" igraineGoodPurrah="9754" evading="meslenWangleDisease" flakPittismVizirs="99041994">
        <arpentsBerat>8503</arpentsBerat>
      </mooseIngreve>
      <pomster stigmesKukri="15111" hiney="81963756" shogiRiffles="dolliedWashmanSeisins52">
        <cyclize>ramnes</cyclize>
      </pomster>
      <lysisSubbeau>
        <meritedDalea>gaffingPrestsFasciae</meritedDalea>
      </lysisSubbeau>
      <metumpsScarvesKatrine mogosOpianeLooped="niggetCorruptImpeach" brantHoli="47575" nepheshOvenlyBersim="positif">
        <cutted>72524</cutted>
      </metumpsScarvesKatrine>
      <unbodySamishMincy ratans="buddiesUvalaCorinth" wanghee="burp" balaicGalluot="thyminPissant" unpegsScomfitTetrol="boycottThermaeCornual">
        <fleckCremes>surnounFlowedSlander</fleckCremes>
      </unbodySamishMincy>
      <shooksCarling>
        <soulackPunditThlaspi>986</soulackPunditThlaspi>
      </shooksCarling>
      <kibblesRewarmsMurgeon chitsDhotis="debitedPushing7490" subsectAssure="upgoingBreast" scruff="agreersCurverTegmine" trepakOogone="evictQuanticBoomy">
        <puffins>crouponRehangs</puffins>
      </kibblesRewarmsMurgeon>
      <curvantFcharBobcoat chaverGrazes="gushetGlumBursas" alamode="vyingAmpler">
        <sepad>sonesBusbars</sepad>
      </curvantFcharBobcoat>
      <cleatActinicTorvous>
        <unwilySylvaeTrinary>xoanonaFeodaryLiberia</unwilySylvaeTrinary>
      </cleatActinicTorvous>
    </punters>
    <library>
      <oratesChilcatPlies>flooderPimplyDorad</oratesChilcatPlies>
      <orphizeLowsinInsulae buteo="99" boltEvected="artily">
        <minicab>ananta</minicab>
      </orphizeLowsinInsulae>
      <jollityPotling liambaMiauer="jonas" reroute="tupunaGodwits" siluricBemeSnaps="79" leerierSaka="nul">
        <vinyl>872</vinyl>
      </jollityPotling>
      <outtalkTurkeryVaring rayonnyKeramicPooch="1957290" chafery="preverbLiftGobline" breengeMyrickArdor="pesewaRemintsPerun" aevumKadi="rabbishArterPostin56">
        <lazesGujarDoucet>flukierBirle</lazesGujarDoucet>
      </outtalkTurkeryVaring>
      <tumbleSegged>
        <fortis>beclawCoquito</fortis>
      </tumbleSegged>
      <navelyDozilyAvodire>
        <apologXinaConj>browse9</apologXinaConj>
      </navelyDozilyAvodire>
      <kitschPeltsRebuild indoor="rameousNaurBelion" immiesGangerShune="9149004" prizing="mugweed">
        <veinalMalayicUnnaive>condom</veinalMalayicUnnaive>
      </kitschPeltsRebuild>
      <limmers wallabaRecede="torchet" chiselsHirableStuds="alantsUnbrandReunion" absolveIngroup="petitsRedeckObvolve">
        <lugerBreachyVedism>953718548</lugerBreachyVedism>
      </limmers>
      <reviledDuscle ailsyte="spirole" toras="yarke" kisan="pubSowers2838">
        <ulnareHod>goddedAcoasm</ulnareHod>
      </reviledDuscle>
      <fraserRedyed gaycatAlcades="52646722">
        <chinnerSawnie>brookie</chinnerSawnie>
      </fraserRedyed>
      <lucificMastmen jelledKrengLeaded="thermosBataraHumlie">
        <nigrifyCokie>lappingStope</nigrifyCokie>
      </lucificMastmen>
      <acetylsReninTopog amiceTamure="acepotsNangaSurfing" coziest="940001909" unboneKlutzyCanel="tracersBruskly">
        <saltatoFuransPadlock>maggleAnkoliSkiing</saltatoFuransPadlock>
      </acetylsReninTopog>
      <diuronsSprier>
        <bandHetTavast>glottalVedana</bandHetTavast>
      </diuronsSprier>
      <watchBelfry helveGeomantAiger="womplitWhitenDermal" baxterMistify="probata" manhead="gulpsOcreaeCotoro">
        <cywydd>poachyWithnay</cywydd>
      </watchBelfry>
    </library>
    <haloedAlforjaFairing>
      <tacitlyFlailed>amapaElkanahMonish</tacitlyFlailed>
      <paragon daymark="recants2" vimpaMisfond="poetPinkeyDubby" synacme="142" sot="kokowaiBenamiInvolve">
        <hoggerTsuba>57777</hoggerTsuba>
      </paragon>
      <jibesBortsch megaaraLadhood="vocal46">
        <bismark>unripHircine</bismark>
      </jibesBortsch>
      <vitricShooTowlike>
        <chays>boyce</chays>
      </vitricShooTowlike>
      <waw pursuerDaysmenZoogler="76641832" wattleAcademe="jingalKulahWosome1" queakStrigal="domineeDesmans" quibus="teapEperlan">
        <duralTonlet>aptianYapons</duralTonlet>
      </waw>
      <portail camises="rumblesYedeProgeny319" areoleCupelsFittily="porogamNiels1421" romeine="naturesPettles" nerolBanyanLoulu="uncularJigsawnPotboys1">
        <pompeii>4226199</pompeii>
      </portail>
      <tillingLushyDedit swire="bedotePendsGroping" pruhMilldam="paigle" nelson="531011696">
        <cappaeVeloutDaying>559162353</cappaeVeloutDaying>
      </tillingLushyDedit>
      <maormor dagglySeenu="853" esdrasChawle="4396252" shelveBanyan="octarch26">
        <rammel>wages57</rammel>
      </maormor>
      <uncurse bussingOddsideCucule="whittenOmegoidApulse7" xylomaTopplerPushy="725092" cubera="27" avowedCupelMustela="renewerLiger">
        <rugose>thlaspiBelout</rugose>
      </uncurse>
      <taxiAtalanSprung>
        <teazlePlotter>307351</teazlePlotter>
      </taxiAtalanSprung>
      <rhedaeSunbakeGenipap>
        <neogamyTuckers>placoidPenning3</neogamyTuckers>
      </rhedaeSunbakeGenipap>
      <cocherTreason ashilySeat="322" choosy="whelp3085" cosily="daisies">
        <civileHieronCosmos>patwari</civileHieronCosmos>
      </cocherTreason>
      <dks file="brulots" empathyMirier="gepidaeSubgit">
        <sloughy>uranate58</sloughy>
      </dks>
    </haloedAlforjaFairing>
    <pipings>
      <isodont>astray9460</isodont>
    </pipings>
    <taperlyMoradaUpfloat danglesAnankesLakke="estoc">
      <sikarMoshavPreta>bedfoot</sikarMoshavPreta>
    </taperlyMoradaUpfloat>
    <cowweedToison chorgiCurrier="moughtTremaGherkin" daybookTebeldi="soddierGoblet" makukPolkiItoist="asswage" metopicBlendesDetract="3">
      <stembok>cantersPresume</stembok>
      <blasReneger>
        <nutmegQuods>dynastBrutelyCathode2</nutmegQuods>
      </blasReneger>
      <bubbySkee attaintPapawsAzuline="enamber" picriteRebob="neutria" ulamasCachetOpiane="duckishOutglad" troilus="amb11">
        <theosStudentDensely>kumisMalikiSulfurs</theosStudentDensely>
      </bubbySkee>
      <biblic notchedBowlLisping="56301">
        <toyota>arianaWellset59</toyota>
      </biblic>
      <junctlyCrit commendCochlea="thereinGarbell" ammeosItaliot="86">
        <inlace>trunch</inlace>
      </junctlyCrit>
      <woevineRekiSpokane mulga="emerod" aielShifterRaptus="gagglerIdylizeOliban" tacklesChariot="fumEndrinsGeol" congaDevance="craiseyEsrogsRegrab">
        <tafiasAlhetJuice>355929</tafiasAlhetJuice>
      </woevineRekiSpokane>
      <wunnaBilgier raffman="bryozoaBredi1">
        <acacinBaller>fitch</acacinBaller>
      </wunnaBilgier>
      <telfer pipery="lilialDuniteHarvey" kudrunScenistCephen="302484743" thratchSuffers="garretsEnforth">
        <lactaryEkes>schuhe</lactaryEkes>
      </telfer>
      <real shabRekillBrassed="sonkNaght">
        <lightenCozingCantrap>32515</lightenCozingCantrap>
      </real>
      <chickyGrungyMoolum acrodus="xenomi4" kusti="recartDamper" kumrahCodings="negerPlanedHornet">
        <usual>gulonicDanaglaBeothuk</usual>
      </chickyGrungyMoolum>
    </cowweedToison>
    <bureauHuariReedit scabidTrainelBanbury="1509954">
      <totonacVriddhiThrock>saningRoved</totonacVriddhiThrock>
      <yaleStressSanding nunki="hoggers3" caisseLocrian="supawn4" filicic="earflapFireboxBogue">
        <dowf>soulterApianSowlth</dowf>
      </yaleStressSanding>
      <analyse extol="reachedReauteGooses37" morselDayboy="kineSalina">
        <owleryHimpBaa>warmth535</owleryHimpBaa>
      </analyse>
      <pupCrooked syncomAramidsPullman="wriestEdeagra" pewlessShits="dioxaneColiusDarb" foresee="bassyWhummle" oorieAyapana="xrefMalesBeltian">
        <seruleMacheraTenacy>predinePeeweesPontil</seruleMacheraTenacy>
      </pupCrooked>
      <schrikCalef indrawnBluingOsamin="mindelFusula">
        <beloid>favusDevonsWhistly</beloid>
      </schrikCalef>
      <flytrapFaddierGae rondelsBaklava="pterylaEpiderm" nounalSakiyeh="saut" daddock="innage" morallyJoules="728">
        <saluteArean>avalPullman</saluteArean>
      </flytrapFaddierGae>
      <snecker unlimbMilieuFretful="swabian">
        <bonitasDebagLogbook>diptera</bonitasDebagLogbook>
      </snecker>
      <gasping dandled="partonAnimate">
        <anlautePalmitoPleas>seal</anlautePalmitoPleas>
      </gasping>
      <above freamBebloomPoster="sheddedLangsat">
        <axoniaCalderaBezil>plebifyMedize</axoniaCalderaBezil>
      </above>
      <fudgedTutorly hagship="acids" tongas="smeuse">
        <trained>11371220</trained>
      </fudgedTutorly>
      <indiansAmuyon pengSaurelsYelm="muchelBurbark">
        <defuzesFlookanGibbet>rudderDulcifyRawbone</defuzesFlookanGibbet>
      </indiansAmuyon>
      <rhumbs fritt="seid" larked="lease">
        <ecologySargus>cachingClammer</ecologySargus>
      </rhumbs>
      <wigged kalamFlopperForlana="fatty7795">
        <hessite>elsin</hessite>
      </wigged>
      <barbedCaribe avouterUneagerKolis="fossane" swarveHolloaRewires="lynPots">
        <meanieSnirl>1336</meanieSnirl>
      </barbedCaribe>
    </bureauHuariReedit>
    <bepart>
      <bigfootShammes>sutuGiraffaEverest</bigfootShammes>
    </bepart>
    <scaldic>
      <mashesRefryCacana>tophTrienes</mashesRefryCacana>
      <hattersHuraTriceps marrotAttic="choir" arris="wappato">
        <ingulfStoveBoulter>nannyMiscues448</ingulfStoveBoulter>
      </hattersHuraTriceps>
      <goyle basadBeastie="famulliTilersNihil" leamer="regenceCapcaseBeday" aurung="deked" sukDessil="yetherEgolPolka">
        <chondre>537705973</chondre>
      </goyle>
      <encarpa wenPreactVerbids="665049" liars="caplet4843" turkanaBumelia="verbumCatena">
        <pitocinSabulum>bootherProcessBestead</pitocinSabulum>
      </encarpa>
      <snatheRelayed caseoseBorucaDeva="stouter" sporousTrowsFirming="monsoniTriosesTypw" manjeri="7" qualmsUpshutFreaked="oretic510">
        <lunulaeAffix>scrawk5731</lunulaeAffix>
      </snatheRelayed>
      <aviaryAccumbBulbose brinks="stalkerPsstMemento" dances="nubileUptower" hockersShilla="829696849">
        <forgeUntruckSculk>3758106</forgeUntruckSculk>
      </aviaryAccumbBulbose>
      <sumi owletTester="filazerStalkerVelvet" patencySike="culetsShowier">
        <airyMetumps>harledChompAcids</airyMetumps>
      </sumi>
      <joggler solsDdnamePulian="rereeRechafePecket" decurt="cicadidHeck">
        <nunclesJetsams>tropiaBougie</nunclesJetsams>
      </joggler>
      <putoisHippoAcinus cowySickbedBoreens="edictum" flicGadis="swaver" cahuitaAdret="tahali">
        <munchet>197718544</munchet>
      </putoisHippoAcinus>
      <calzadaWedders>
        <chyackAdelite>sassanTawaIntroit</chyackAdelite>
      </calzadaWedders>
      <tinder>
        <enliefRooved>prams</enliefRooved>
      </tinder>
    </scaldic>
    <colugoUndenUntold>
      <showmenCheapoMarcan>416</showmenCheapoMarcan>
      <nectarAzulejo>
        <bakeryPeccant>betellLollardNevel</bakeryPeccant>
      </nectarAzulejo>
      <visonQuivers saffianAcerdolSubmit="9135156" iridial="shutoku" dallopTertium="windowyChairerAxunge" latimer="imideSunwiseBaffle">
        <apposer>95939278</apposer>
      </visonQuivers>
      <magmaPiaroa lashins="farced297">
        <pasanRuttleDozenth>talwoodForpitUneye</pasanRuttleDozenth>
      </magmaPiaroa>
      <cognateHooseSurfacy>
        <ceinteEaracheCorer>knetCushaws6343</ceinteEaracheCorer>
      </cognateHooseSurfacy>
      <pawners boeShunner="caecityLegible" chirpyPeatmanFlyby="buchloe" assotCyme="fakofo">
        <baronne>emporiaHandout</baronne>
      </pawners>
      <readies riledEcceChowses="slokingVenetesSayest5">
        <dahoman>cubitus870</dahoman>
      </readies>
      <cundTewed lawnyOmnific="raptlyHies">
        <kotwalBaalathMarmion>unnoseRaggeeIsinai</kotwalBaalathMarmion>
      </cundTewed>
      <bedpan windowsCamlets="1" swedesFrownFunis="frugalKellys" popolis="ileusOtiatry">
        <qianaDaddyDoeling>figGluepot</qianaDaddyDoeling>
      </bedpan>
      <screensSnackedRecolor vedro="16" bhumijNaiskoi="samsonKolush">
        <gowpenAgaroseHelipad>deterSignoriThreats</gowpenAgaroseHelipad>
      </screensSnackedRecolor>
      <bacachCuvee>
        <petals>bayetaBoozy</petals>
      </bacachCuvee>
      <tiddlySulkerCouched pincherPouter="4" morgues="demeterOximateElvish">
        <viewyBaroquePrecook>depayse</viewyBaroquePrecook>
      </tiddlySulkerCouched>
      <teensBurgled kerchug="chammyBleaklyReciter" weemBodockIshmael="anodicDavit" ebbedBluetitLural="layman">
        <bubinga>timeliaHyadesUncute</bubinga>
      </teensBurgled>
    </colugoUndenUntold>
    <kabalas>
      <hegiraPsywarUrnism>intradaUnquick</hegiraPsywarUrnism>
      <pirogenTalwood gratersNazard="atiptoe">
        <zymosesMounteeAssamar>arcadiaBushes</zymosesMounteeAssamar>
      </pirogenTalwood>
      <focally creaghBirddom="andoke" possumBen="chuetHistoryPanes" cfsBurys="coasted" caponMiscueMullers="replyMages">
        <pukeHotspurAnthood>guidoCouhage</pukeHotspurAnthood>
      </focally>
      <ungildShrend>
        <freeze>studier</freeze>
      </ungildShrend>
      <annul idylAdamsEagrass="mollah">
        <csnet>vivificFarcing</csnet>
      </annul>
    </kabalas>
    <guabaHulu gazyCrickedAmplify="gagsterMomentoHosanna5645" pudicVirguleWordily="aphriteYakin48" amarthAmusiaGaels="599093" canari="uphill" enukkiDegass="snailsTeste1" gall="jollop734" unfitRefalls="digmeat">
      <virgalUnraspy>17588329</virgalUnraspy>
    </guabaHulu>
    <tumularHindooSlots>
      <mergedDhooti>removerValvedJadery</mergedDhooti>
    </tumularHindooSlots>
  </bisqueCurvingLeisten>
</upbuildLullaby>