<?xml version="1.0"?>
<frivolsInweed>
  <tuscanyRente fays="eagreLeaksVrother">
    <angers>
      <bimana>74421</bimana>
    </angers>
    <harminCatlapAdossed mohaSteepy="74" hardsetImpawnCracket="drogerHye7" peeversNexalKnifes="decibelAbwatt4">
      <carexSwiplesDisawa>coheadsSensismStuds8855</carexSwiplesDisawa>
    </harminCatlapAdossed>
    <liminalYahwehTiding scrogie="isomers" chicaneUncaped="covisit" shauweReefed="8">
      <bronzes>84607</bronzes>
      <titarRevisor volosts="pachasPlatterEstang" solaceKismat="972979302">
        <teamer>beaniesSpread</teamer>
      </titarRevisor>
      <talmud acoponDismitClifts="nervyScientBoobook" prorsa="sansLookeeShyam87" ulemas="senegasRatwood">
        <dipsosResins>agroan</dipsosResins>
      </talmud>
      <compedHuswife wopDeign="trevetsEpacmeLobolo">
        <naumkSelden>victorsBeloved</naumkSelden>
      </compedHuswife>
      <samucu blockedTutted="peggingBallamPinions" cyathusGoliardClods="errandsOutwell617">
        <apogamy>hencePatrist</apogamy>
      </samucu>
      <tampin mongoBumfs="rleNayarScatty" spitishOaty="ripcordCastorsDecreet" dezincEnlivenJammers="droylMopoke" deedeedFitchewMangeao="formersBindingAvenged">
        <quintetKinnor>eyotChop</quintetKinnor>
      </tampin>
      <contemn>
        <ccittGledsBatters>remicle2</ccittGledsBatters>
      </contemn>
      <nubblesWig saices="dsr">
        <thirsts>fircaGliss</thirsts>
      </nubblesWig>
      <barbingChous goodmanHunchet="51000434">
        <cyclingLamias>98293</cyclingLamias>
      </barbingChous>
      <lambCurbash cesureGloealAriot="sophist" lulavimSeisor="mannaiaNoilageUnhap" caroCedreStain="foughtyBehoot" foreranTeeter="lids">
        <twirlsMutates>lacatanFeels47</twirlsMutates>
      </lambCurbash>
      <thinkIchorsVannus moronesUnably="astralsUnbitDimiss">
        <rage>876</rage>
      </thinkIchorsVannus>
      <baritesBrame oselaAnaxial="fautCelom">
        <dclassTabber>olefineIntagli</dclassTabber>
      </baritesBrame>
      <benight rugateFennecPliancy="10218726" aqueity="opaledStarver" shookGuttler="meuse">
        <rungs>postic</rungs>
      </benight>
    </liminalYahwehTiding>
    <weirdieCathect holistLodger="pahlavi461" turnupsPlumcotDismain="pledges">
      <targumCulmPritch>9762</targumCulmPritch>
      <gageiteHurry ashlerPaddingKenneth="67506">
        <purpledEphebes>claude</purpledEphebes>
      </gageiteHurry>
      <rowdierMysteryLapeler engobe="collideAddnl" habble="armenicNuzzledVatman" orleansWithinCome="ursCosey1116">
        <choyaHankMaimer>amorite</choyaHankMaimer>
      </rowdierMysteryLapeler>
      <fetid oaringRoosersUloid="2908183" beepingSubsignWitworm="lochMorvinSnook" bechase="cystousCteneJake">
        <speedsNexus>73880</speedsNexus>
      </fetid>
      <pears leaguerGrummetAlnus="algoresUnclot" endows="sousPetalonCanille" violentEben="4877595" tachiolCyansEozoon="825">
        <siketBeep>yuncanMoneron</siketBeep>
      </pears>
      <keenaKnagNimmer congrioCrissalScrawl="havensImagingDamans" fanzineRampion="umbrelGurusVance">
        <ooplastJoyletAlums>filmyToddlesSplats</ooplastJoyletAlums>
      </keenaKnagNimmer>
      <oxgallNaevus dongaPinolesTiptoed="masse" bromidMitosis="trilobeYobTunu" asconiaBrazil="lei">
        <dunnoStubb>reiveMedleys</dunnoStubb>
      </oxgallNaevus>
      <beaterGawn muskierBooleanCondone="cavilBlousyRepoll" triaxonSapota="daybedMoseyDentata" spews="megaaraCaudae10">
        <cerciElisor>luffsUnarchPrevote8970</cerciElisor>
      </beaterGawn>
      <pigfoot emigrNingFloreal="larrupScleriaSpiroid">
        <prewrapMimmood>ignoresAneuric24</prewrapMimmood>
      </pigfoot>
      <hambroMilerVavasor zacClyerTithal="howishSadironRuckus" virago="619293961" hostalDualiBrand="leadedHoking" roperyEntrezFow="429890">
        <ivoriesSeronJohnnie>safelyJawline</ivoriesSeronJohnnie>
      </hambroMilerVavasor>
      <puszta loransAirfare="soarsTulisan" seriateAdelite="armilTitty">
        <nailSoft>introitHooley</nailSoft>
      </puszta>
      <hurdlesJaquima titrantCoccinGaz="guenonsNuzzleRhema">
        <ovenLaurylBurnies>1037</ovenLaurylBurnies>
      </hurdlesJaquima>
      <lurchesIssite cariedHolloed="dolisie" clangedDianiteRanses="picryDentalsBadges">
        <luketParsleySackman>heedsUdders954</luketParsleySackman>
      </lurchesIssite>
      <ilkaneTaalQueerly dryfarm="8550" pang="pomelyWeer" catenaZoon="donnockMeasure2" afros="raspite">
        <spumed>vuln</spumed>
      </ilkaneTaalQueerly>
    </weirdieCathect>
    <yenningPreanal>
      <gorals>dolente</gorals>
    </yenningPreanal>
    <warsaws>
      <humatesClaiverMezcal>isohelsNohWhittle1</humatesClaiverMezcal>
    </warsaws>
    <emigres>
      <trottieWavey>petalonPraiserMag2</trottieWavey>
    </emigres>
    <buoyageOsmosedNatrium stounPereira="cellistHaunceYeldrin36" dorper="cuirass">
      <dinsomeAsper>477053</dinsomeAsper>
    </buoyageOsmosedNatrium>
    <dognapBumblesJalapa>
      <battishKakkakAborter>luntPentoic</battishKakkakAborter>
      <langielDances peatmen="assyth" paddock="deduceCogidaJctn">
        <wacker>alewhap</wacker>
      </langielDances>
      <skyful umistPrisses="parerSafes3">
        <biolDeridedDarkey>ferieOmnist</biolDeridedDarkey>
      </skyful>
      <hattyDobson culvert="yorkistHaikh3218">
        <dionMameys>curtalsRifflerXylenyl30</dionMameys>
      </hattyDobson>
      <krypticHominalSweeps fishersEncage="yahwismBedrockAdamas" charcaAeaean="trokedVoiles">
        <ratansWraitheGrendel>sadheBromiusGorging2547</ratansWraitheGrendel>
      </krypticHominalSweeps>
      <ainsMatris farandAssbaa="fareArribaCerasus" loricae="yapping" excitonGaskins="tilesOdd">
        <mawseedSoakersHarmoot>15185245</mawseedSoakersHarmoot>
      </ainsMatris>
      <krissHoker beweepsMetages="845670">
        <vodunClutterGreyly>bedrugJuttied</vodunClutterGreyly>
      </krissHoker>
      <glouts defetWissNelsons="chromy">
        <tweakOenomelCaroa>cabblerPulperRewake</tweakOenomelCaroa>
      </glouts>
      <hutsTeriBumble shunner="vallate">
        <cadded>munch</cadded>
      </hutsTeriBumble>
      <lernaeaOcaSepoy floaty="plauditNettingPrees" dissavsWagesXiphoid="fat">
        <whirry>typistWitted</whirry>
      </lernaeaOcaSepoy>
      <minervaArteryDelaine hexapodKhula="lakeLambent6" seggedOswegan="321860" outplan="aflatSlimmerGnawing">
        <pinyObligesThalweg>onuses</pinyObligesThalweg>
      </minervaArteryDelaine>
      <tutmanPiddlerBudget turrellPecketBerry="passataTendent7">
        <paisans>1742</paisans>
      </tutmanPiddlerBudget>
    </dognapBumblesJalapa>
    <gabiesUpbye varvedHurf="vimen" poalesMermenSamadhi="974363960" boosDally="diotaElocuteGuywire">
      <diapsidDenial>redlegsUsurp450</diapsidDenial>
    </gabiesUpbye>
    <vrowsJebusi mistion="7750841" honeysRenet="bushingZant" coseys="visoredChorookYamp3031" coptisGum="ingulfsStatorDoyst" peckishSpatioStrond="pithed" warbird="mutantHordock" beliers="romeoQuodShavian">
      <yeukyOrthoFalsity>gigueBiosis</yeukyOrthoFalsity>
    </vrowsJebusi>
    <upwindCutline>
      <preshowPlateau>lantum</preshowPlateau>
      <gregGld pirnedFlammed="farcedApnealCaman" russud="howlers">
        <armillaIrohaJakarta>facer</armillaIrohaJakarta>
      </gregGld>
      <leakierSharki burgle="barbalFabliauStruma91">
        <surculiAllurer>radiosAnimoso</surculiAllurer>
      </leakierSharki>
      <furalTabaxirVerruca alertaParmese="mosurSotol28" gaudily="spews" meddledBugan="gluingLikings" tchwiTennisyDilos="baffles356">
        <fanwise>475</fanwise>
      </furalTabaxirVerruca>
      <amimideBrere gladfulBergamaNese="7639" yarelyAxillarCheken="6120567" sfmApioTowns="consist">
        <lauiaMoraeaDomitic>flaserCoypous6976</lauiaMoraeaDomitic>
      </amimideBrere>
      <taker najaCoffer="cyesisCuddly" marvelsEuchredGabbles="scolopsYulans" sallet="3894" langrel="tergal">
        <scagliaPupated>bepillAlltudViceroy</scagliaPupated>
      </taker>
      <narcism makondeChaliceMoxo="6797451" you="fixureShivs">
        <awlsAquerneEdgiest>3</awlsAquerneEdgiest>
      </narcism>
      <mise>
        <starkerSagesse>siperRotulus</starkerSagesse>
      </mise>
      <skitingCattle tortileWampish="kuli">
        <cruset>hotzonePaulina</cruset>
      </skitingCattle>
      <geastVacuefySumper murlockPhrasyMabela="almahsPiranasPallet">
        <danliHousage>grasperLimeman</danliHousage>
      </geastVacuefySumper>
      <hance bab="wrawlClupeaTashrif" ati="lytheCutsetHoping" calcite="uprein6" oud="gunyangJemmilyMaidan">
        <hexylsPomposo>ampycesMallei</hexylsPomposo>
      </hance>
      <vinasRedsearThurgi onehoodHerbierDormers="99887" ingreat="jubiliGhoulIsagoge6825" habeOxgoadAntifat="mollusc" delictiChevise="tieingCloacas">
        <slavifyFad>swooseDarnix</slavifyFad>
      </vinasRedsearThurgi>
      <thymomaLimer balantaDognap="baldlyFlysch" logic="resgatLeonora" spites="nicklesEddiedShuvra" wazirReboise="ocheredMobberSergio9932">
        <duntingWink>snocherDirtied</duntingWink>
      </thymomaLimer>
      <univCoke hop="jereedsPileataFlyness" wrimpleTineal="hoeyCogniseDossman" validDefectWhined="lovefulChistka6">
        <locumKangli>45</locumKangli>
      </univCoke>
    </upwindCutline>
  </tuscanyRente>
  <kininZither fluericBarbaryHoople="98" />
  <wurzelUnfeed smurryEpizoan="baccharToupees" stoshObrazil="falsityResignLeat" bumpilyAnthema="909726" />
  <decartNearing nebelPetterSpirits="mettarExch" />
  <bespice totten="mucky">
    <workmanSwathe>
      <heavy>laster</heavy>
      <suptSoapyEheu>
        <pilapil>bismarRoiledSoled</pilapil>
      </suptSoapyEheu>
      <tgn gnetumBackletEverse="howlsAndaqui" glairesFurane="doubtyBother" foothil="sibylicFunnier">
        <wabron>92475</wabron>
      </tgn>
      <bergutImpartRecomb eclatsCurchSamgha="unliked" parpalCaroba="4372526" edmundUpends="gummaDebye" aidenn="schlock">
        <inertCateryWhilie>rancelLacunaPunlet3737</inertCateryWhilie>
      </bergutImpartRecomb>
      <mastixArmedBedog alular="metria">
        <anadesmPawkyHoer>sockmanBenthal</anadesmPawkyHoer>
      </mastixArmedBedog>
      <fawn zygote="aciditePishes" kandMered="876392" inturns="laudersDrooledBobcats" usara="36">
        <kelvinsRemotedObside>marron</kelvinsRemotedObside>
      </fawn>
      <quabirdAet ubique="39432" palankStereoMuds="assbaaHote">
        <pumexEnsmall>gnessicGarget</pumexEnsmall>
      </quabirdAet>
      <beignetEffortBangs arvo="taiverAnoiaBedgown" zonitidPuffer="shakhaRejoneoCimbia" doolyTriumph="2371">
        <subsort>canetonJuviteCrisle</subsort>
      </beignetEffortBangs>
      <toxine stagersLankestChrysin="821032" unhomeUnwrungWhither="pegasidBarazaPiste">
        <prowls>altaianTolesTubes</prowls>
      </toxine>
      <wrongerDarzee rifePrimomo="iceleaf" endue="mashlamQuauk97" aquage="matteryCapitle">
        <agible>3363</agible>
      </wrongerDarzee>
      <barbeauPivotLeafed hyllus="exactly47" rpmEnmask="varices" surgeAyensRivell="4635" kainsiMedidii="604556359">
        <viscin>bruskly</viscin>
      </barbeauPivotLeafed>
      <laddishHelvellCompte scupful="sheldChasmal" hinterMurreAlesan="8862693" thickerShopsClithe="1319">
        <sebundyBegloze>rulable344</sebundyBegloze>
      </laddishHelvellCompte>
      <feline>
        <spyrosLaroidCovent>diagPirene</spyrosLaroidCovent>
      </feline>
      <midspan dolent="prunus" fullerQueerySafe="flappy" yapocksAtomityLeveful="fiantsSeamusArmitas" unbushSitcoms="majored">
        <zuluConnote>dkl</zuluConnote>
      </midspan>
      <cadyFactionMpret rani="deridesBodgeryNobatch" koprino="moyleCoudNeckar3951">
        <vegetalSlipupsNgoma>guniteTarpumBrolga</vegetalSlipupsNgoma>
      </cadyFactionMpret>
      <merligoBanque calidFustianDefray="embusNeeds" yodles="5">
        <gleeksBracts>gradino34</gleeksBracts>
      </merligoBanque>
      <sememes wisedBibb="pinko" lasersReguide="agrisedTrogons" mishavePluteusManurer="55940" evangGanoid="grillerPlinyRicks8839">
        <antwerpPotcherCarrs>cupulesPentitArgylls</antwerpPotcherCarrs>
      </sememes>
      <kainitBerlinTrianon pupasShutoku="outpopSplices" sapsBriny="mikedLinecutTumps2325" mintsCupidsBiltong="tylosesAshlingLekker3028">
        <tirrlieReswell>tinaja</tirrlieReswell>
      </kainitBerlinTrianon>
    </workmanSwathe>
    <juliottArcella plassonBygoing="haak">
      <kratersStopers>cytonBagneGiglet</kratersStopers>
      <bridoonPitside unboneSahliteGenin="doltishSandustWarbled">
        <number>6947</number>
      </bridoonPitside>
    </juliottArcella>
    <ursidaeCartsEmu bacauanThujasWarbles="tents497" hertzesThrones="swarfLobster" fright="phoss">
      <liken>cayapoDelatesTweesht45</liken>
    </ursidaeCartsEmu>
    <aburtonFistsWaxes hopiManchetMood="95829725" barging="41" suitersMapauPeavy="trawledOhioan" diademaTheurgy="unsoilTerm" billyer="90284133">
      <dietiesCoydog>bor</dietiesCoydog>
      <anormal crotaloApludaKeeler="upflareVaginal75">
        <cotypesCaveCanamo>labrasByssoidWinnow</cotypesCaveCanamo>
      </anormal>
      <curage kaluntiNadirs="44234" refutedEldredSridhar="sotsPaltock">
        <orbingAntwiseCurds>8</orbingAntwiseCurds>
      </curage>
      <armlessBaronsSherd>
        <haulage>atalayaAfreetCullers</haulage>
      </armlessBaronsSherd>
      <mucaroLitoral dazedUnbowedHyssops="679660504" isobathIsariaGregge="billyoDensateCupric" grampsArsons="939113414" zazenUterineEmbalms="peroneStokesKodkod">
        <befopEsopgiFiddled>snookInbred</befopEsopgiFiddled>
      </mucaroLitoral>
      <gargetyZatSpew givesPhillisCojudge="utricul" estafetSneathDeceive="192777375" ortyganViper="cannels">
        <chemistLangate>mildestAlurFlattop</chemistLangate>
      </gargetyZatSpew>
      <reseize gremmy="boundedShumal" barks="enchainGamsDotant">
        <osiKitab>pectoraQuoiterCaspar</osiKitab>
      </reseize>
      <guereba ulmicTormen="807" caiTitanyl="lemurid" pivoter="tangosCajolerMuon">
        <poyousDulias>baggilyShoal586</poyousDulias>
      </guereba>
      <stopAgohoCumsha>
        <stepwayBurgout>bemixSabotedForwean</stepwayBurgout>
      </stopAgohoCumsha>
      <repackSonny>
        <tran>vogie</tran>
      </repackSonny>
      <yuh diavoloCymaeBahnung="79957" saitheAmbrain="755" kirned="unheadyVogulZayins">
        <scrufWhirrooGatha>bespeteWoofer</scrufWhirrooGatha>
      </yuh>
      <untruthZamboFurze luntedJourno="moonsif" scrabe="eelpot" tapaCoggie="proetus">
        <locutorIndebt>bethRoaches</locutorIndebt>
      </untruthZamboFurze>
      <santirFixtureLanius silenTufter="taysmmCripplyFlamen" spane="forrit" erlking="cainismSyllid4" baselyAbreedEnnage="naplessMasoner52">
        <tolansHocksShedman>gradino</tolansHocksShedman>
      </santirFixtureLanius>
      <echevinReplod>
        <teleguEcesic>pondok</teleguEcesic>
      </echevinReplod>
      <biomass citrilPaiche="bavette" doniaLoselryScree="jacket">
        <protome>6650640</protome>
      </biomass>
      <curiageSiltsLettiga naiadCapraGodwits="4816" calomba="germyDecayerAllele">
        <rakely>bumfCloky</rakely>
      </curiageSiltsLettiga>
      <woesPargedPollist serveThawingQuanta="bedayShire">
        <moatedGutta>333506372</moatedGutta>
      </woesPargedPollist>
      <pastas quoinBemolWidgets="3535" kwelaInsectsTheorem="wrampApiose" kahala="496">
        <ricecarCablishHaggeis>lapins</ricecarCablishHaggeis>
      </pastas>
    </aburtonFistsWaxes>
    <idiomSunsets shottyGillianYoghs="376" penocheAfford="gewgawyBustiBalata" morro="5483" anaguaCoohee="sitiVerse" loredHydraeTalpify="thummin">
      <nadiralBuggyDato>easiesJikunguBiffed</nadiralBuggyDato>
    </idiomSunsets>
    <bktKwelaCrottle>
      <belovedBam>vulvate</belovedBam>
      <heritor surfleTugless="boeingShifted">
        <cfi>965118</cfi>
      </heritor>
      <goodmanFagoty embraveHeaders="oecusPyicSecque" kilah="gillingSlings" justledCymenes="zambra" kumniCirrose="quincesBracket">
        <uralianSunbird>nosPteHougher</uralianSunbird>
      </goodmanFagoty>
      <gappyOffenseInfused ramexSteery="homerBodikin">
        <butchaLexia>briteFrizzenPeyotl</butchaLexia>
      </gappyOffenseInfused>
      <wearSphenesTigress amoraicTubbing="tupeloLadenedDiazo4039" mimical="ethinylBowsman">
        <circe>kairinChoyHails</circe>
      </wearSphenesTigress>
      <dimplyStuporSherd>
        <roxieWiddrim>samaj</roxieWiddrim>
      </dimplyStuporSherd>
      <coosifyTurps lyrawayDiazomaShopman="cheloneLiganVisages" viablyLiggat="fibreProvenTho" mantle="slifterClochanApplier880" dunfishBedress="twangle">
        <vibrionCopymanBordun>prods</vibrionCopymanBordun>
      </coosifyTurps>
      <unstuffJaletCuckold>
        <walliesRousersKos>anamniaLunyieShammos</walliesRousersKos>
      </unstuffJaletCuckold>
      <frot contdRaser="minorsTunning" whorlsPrawnSkill="troysReaksSooey" capmintReburse="tranky">
        <effableGaller>22276633</effableGaller>
      </frot>
      <falselyStepson maypole="166" twankySoothedReslate="14" bagaRomanesIndoors="seekers">
        <oaringLions>fourer272</oaringLions>
      </falselyStepson>
      <guavasKeep ruddled="island174">
        <glacifyBuried>reesleRayonnePargana41</glacifyBuried>
      </guavasKeep>
      <louden unmount="becovet" egma="exitingPirene" jamboolReeled="75243276" oneself="36">
        <washdayMtge>cerat</washdayMtge>
      </louden>
      <cussesRiffles cepesMumpish="zaniestCarinaeGaize2285" slockSapwood="63828260" dryfootSnirtlePind="4114">
        <anomal>barrettIcelandFomes</anomal>
      </cussesRiffles>
      <barocoStacte oroide="togues54" beryls="notumAmutterMedula" malikiDalliesMoodle="proneurBlowen" topeUnto="urduAllylic">
        <girnieArkosicCyclode>resweatTaxitic</girnieArkosicCyclode>
      </barocoStacte>
      <premeds limacelLapachoAnisyl="tgtVials">
        <limbousMoyen>4787</limbousMoyen>
      </premeds>
      <spokesMuskeg ferrerChopaLaxate="shargarShrift" monikerRoiledMunchy="6489404">
        <ablates>430</ablates>
      </spokesMuskeg>
    </bktKwelaCrottle>
    <sunfoilBoucles>
      <rostral>2</rostral>
    </sunfoilBoucles>
    <hexingShanker cistoriLanketSloot="namers" unasked="schuytParsersPhilip20">
      <seweredDearyPlurify>subitemShowing</seweredDearyPlurify>
    </hexingShanker>
    <fuggyApprendUrgence chromyl="ixodesRotanStagey" canmanLucrineJoined="919971" copulasSmithamLango="plicaeConjectThreats" farerBiggin="osminaAtresiaStamp" hydridsWyches="2627932">
      <instilHordesUplaid>9221305</instilHordesUplaid>
      <renne roundy="policeBrinceUpturn" dweller="snarers" amalett="59284">
        <unbruteFamousTannoid>asaphicAdopter</unbruteFamousTannoid>
      </renne>
      <almuten araneidKerasin="lesseeCulverBurele">
        <subashi>leefang</subashi>
      </almuten>
      <pedesisHintedPythia weavedApproxFathmur="coloppe" becuna="juggerSpaysAblator">
        <biancoNaughts>eclatsWashes</biancoNaughts>
      </pedesisHintedPythia>
      <issei swageGidgeeYourn="filthMerodusPreyed" unmowedPottleJointer="mesole" stoutlyCustardSuerte="36883">
        <girdle>divanHoll</girdle>
      </issei>
      <klaus>
        <gloreAndroidSickish>900334793</gloreAndroidSickish>
      </klaus>
      <hersallIberian yirredIncubeResever="166">
        <anidianOsaminModus>couched</anidianOsaminModus>
      </hersallIberian>
      <luckieAwhet coheresInditedPelagic="1" bethinkAssetJams="pamlicoMuesliPests">
        <amess>culbutPleaserTramcar</amess>
      </luckieAwhet>
      <garrya>
        <ellagic>temneLalledOuches</ellagic>
      </garrya>
      <hindersArjun borable="649988">
        <drysterCotutor>enoch800</drysterCotutor>
      </hindersArjun>
      <prepackUnheleVaws alloyFenny="vinewBassyOwned" bruting="hayseedVersion" reblessHelming="healfulTalliComes" lamsterHerd="fadgingShunt">
        <weedery>465944749</weedery>
      </prepackUnheleVaws>
      <luperciGrittedDip>
        <ofterReimpelTwinism>lufberyJujuistOneism</ofterReimpelTwinism>
      </luperciGrittedDip>
      <auchtChampaSchizzo gammick="yogiQuacksSavored">
        <deturbSagingVerdins>reekedHooly6992</deturbSagingVerdins>
      </auchtChampaSchizzo>
      <salting>
        <releaseUnwhip>whoot</releaseUnwhip>
      </salting>
      <pumps>
        <finnierByplaceLazies>allegesFoodsIndure</finnierByplaceLazies>
      </pumps>
      <satarasYabble>
        <crib>vein</crib>
      </satarasYabble>
      <jowedProre hasher="601911">
        <auditor>swilledGalaxy</auditor>
      </jowedProre>
      <mnemic chechenStagsDucklet="borityArgema" snawleFrigageSegni="shushArgasidGrapsus35" realestUnsunkWorking="stalko">
        <lagetto>nitrify36</lagetto>
      </mnemic>
    </fuggyApprendUrgence>
    <unlured>
      <salloo>fluidic</salloo>
    </unlured>
    <amarantDrapetQuashy>
      <blitzesImprasa>47</blitzesImprasa>
    </amarantDrapetQuashy>
    <lakersCathionUntrend sacRem="1791626" kitting="barkArshineCordoba" sudsers="isopodsReworkSlows" alkenes="hoopmen" termorsIndunaCropman="42413">
      <toroArrentAdagy>altunRew2</toroArrentAdagy>
    </lakersCathionUntrend>
    <letuareLumina>
      <colmarsUppard>23</colmarsUppard>
      <yoginisThreeKopeck squaxonLepantoPacket="pergola9712" pitwood="pencilsStyingLuteum" buxerry="loneRacketNiuan" amchoorCrudeSpunked="cosesInkish">
        <asokSorren>semiorbBestuds749</asokSorren>
      </yoginisThreeKopeck>
      <infulaBelue suppageTockMarchen="bifteck">
        <mythizeDuxesBichy>bhishtiFilo49</mythizeDuxesBichy>
      </infulaBelue>
      <kirkmanUnmoldySmoochs>
        <shabble>boyangWyndDoketic802</shabble>
      </kirkmanUnmoldySmoochs>
      <galler axweedIngerAdeem="9" sprigNumbsCelling="92">
        <wyte>skouth</wyte>
      </galler>
      <jembleRibhus denseBreakupDawtie="curacoaTrawleyGluteus9" regentWakeelBodikin="ragoutRelumes" croupGnatter="cepaTarging" gaffesBoxiest="695906">
        <yoreBiskopHynde>80937218</yoreBiskopHynde>
      </jembleRibhus>
      <cuifsNawabsPouted>
        <suretteWhaurLui>begulfs</suretteWhaurLui>
      </cuifsNawabsPouted>
      <simultyAnticarAbasic abound="fazedBeastTatamis25">
        <ennoicLivery>latterMaudlinInrush</ennoicLivery>
      </simultyAnticarAbasic>
      <fulnessBecaps siccarRoxie="roddingBemock" voc="tautlyTrady">
        <fewBaymenTychite>dribUsherer</fewBaymenTychite>
      </fulnessBecaps>
      <hatless reavoid="ass" hameCuttage="7647" awatch="messageAlgors">
        <preyMealman>ganguesPiece</preyMealman>
      </hatless>
      <gleave>
        <clons>bridaleUnsealsPaussid</clons>
      </gleave>
      <ipecac tumidBurbots="djaveChoker" sfzQto="90227">
        <lepridFierteDel>weedaWallachCullies</lepridFierteDel>
      </ipecac>
      <lapilliRhemishPlanury roundleMaunderWergil="ixora464" deleterStrawed="57806780" jewellyThimble="6226467" shadowNaither="97">
        <earfulRubbingPaip>erysibe71</earfulRubbingPaip>
      </lapilliRhemishPlanury>
      <naukrar tinean="randalDowsesGoyle" acritan="untelicToldReemit" harmonAmeban="sunnudTibiale" cerinSmellerDefuze="conveth">
        <virgula>backyScobs</virgula>
      </naukrar>
      <vespersNigglerReeshle socagesDodgeThulir="pariahDecollIsohel" dewerUnfit="qiyasRepayed3387">
        <unkendResnub>tamonea</unkendResnub>
      </vespersNigglerReeshle>
      <kadi>
        <exudingDryadsExcreta>mantapaArollaDibhole83</exudingDryadsExcreta>
      </kadi>
    </letuareLumina>
    <loinedColoppeAnhima>
      <insectDeparkFass>topato</insectDeparkFass>
    </loinedColoppeAnhima>
    <kiaugh brollBeatae="wylingRefight" arblastEaglessPettled="waffleWroken" piscianCowalUndazed="lither29" unitaryDeriver="droneAscared" quaveCadNormans="140">
      <tunfulCent>95</tunfulCent>
      <myotomyMphps hordary="wabunga">
        <gawain>legalWiving</gawain>
      </myotomyMphps>
      <grueled proveneZokorPeise="moresco" thyminReemSospiro="conciteOuzel">
        <refiresDadoes>croftsHullJuturna</refiresDadoes>
      </grueled>
      <inbodyCumbleMoet>
        <pincher>trews</pincher>
      </inbodyCumbleMoet>
      <crig lomtaCymbel="cowperSnodRubbled" chettyLoatherOutlord="pelvicsFabricsPinkish" lungeLefter="taelDogsled">
        <injunGrownup>cohibitPlummerOutside4699</injunGrownup>
      </crig>
      <nilgaiAdoniaLavages doodiaYeh="ruinersWickyup" fanons="11" somma="daubs" angolar="swoosesBiabo160">
        <insetsWadesBilbie>feignsLinier</insetsWadesBilbie>
      </nilgaiAdoniaLavages>
      <mopederDedo sprodSarodsEncraty="523214337" zanjonaEeliestKuichua="truingMolucheEty" flakier="9034" orbed="1504">
        <rechafeMell>12877</rechafeMell>
      </mopederDedo>
      <dolciSpines tanakYowlers="quodOutwale" romanosUnlacesGodling="dairies" easternBeadmen="apheliaSplicer5556">
        <dialIroko>judokaDriechBiurate</dialIroko>
      </dolciSpines>
      <adeScapha ethoxylExorPrunus="giraffeGingili">
        <adolfDisallyDollish>nongame</adolfDisallyDollish>
      </adeScapha>
      <zonal churl="witsMho">
        <lawgiveFilmset>upturnsSuppostChicote</lawgiveFilmset>
      </zonal>
    </kiaugh>
    <incest>
      <discureAcouchi>4211</discureAcouchi>
      <sewingsCriddleEnglue>
        <abow>agelongRaggedyMumming36</abow>
      </sewingsCriddleEnglue>
      <milice expend="27894200" fardeBrookSargus="aworthOverply">
        <ralsSumph>scolocSnells</ralsSumph>
      </milice>
      <crimpedUtopist coroa="faqEmboloUnhasp" unreeveIonist="versualLuteomaAlumin" mimics="buffeRawnessScuttle">
        <moneyerTasajo>2571305</moneyerTasajo>
      </crimpedUtopist>
      <scrimpyRomanosLabby>
        <popely>mistoneRobot</popely>
      </scrimpyRomanosLabby>
      <catbirdSackage trogons="elicitsCrajuru" rippit="deprPreedit" ajarBambaraCoevals="cotoKamisTyphia">
        <intakesSwashy>torydomCrinate8781</intakesSwashy>
      </catbirdSackage>
      <germierThalersAzimene widthInvised="wispRebaitGirned" espritsFendyCarny="founte" nitred="imparNowthe" iterumWafture="doffer5">
        <remedy>grainyClops</remedy>
      </germierThalersAzimene>
      <parser vaccineCensus="wets4" canunTupunaCetid="copprasFarersVarsal" enmeshAlnathHoom="glutch" happierSpurt="530">
        <holesLeeshyy>howfing</holesLeeshyy>
      </parser>
      <steatin hobits="unakin309">
        <triages>steeds</triages>
      </steatin>
      <delayer moilAndiaJocoque="premedsLoggatsMantas">
        <scorch>secondiLimpyNatura</scorch>
      </delayer>
      <lathersNaivete bromals="3995" finalsSawyer="925984806" dyadicAwat="oleineAnba">
        <dicteryPrerent>alantic9483</dicteryPrerent>
      </lathersNaivete>
      <tallyHourlyNamma terataPongid="14" incipit="conjoin" tannySanjeev="whudDiscourMethyls">
        <ninthlySheuchsFordone>sibrede68</ninthlySheuchsFordone>
      </tallyHourlyNamma>
      <phallinMitoticCohog khatib="130" heretoShunted="swobberEduce" incages="gomboCopalsPalatia">
        <chawkGoos>whatsoCroker757</chawkGoos>
      </phallinMitoticCohog>
      <accSheepyMenkind>
        <gunwaleRakilyKareau>hoarserCrumbySnugged</gunwaleRakilyKareau>
      </accSheepyMenkind>
      <coelectGuzerat>
        <notaWudge>petro</notaWudge>
      </coelectGuzerat>
      <osamine bindGushing="benamesOuttearColibri" torque="stegTrocheeFluyt6030" scillaFermage="niffersPolaccaMyalgic" topazesGhettosTabi="lobatedOtaryPuffery">
        <goen>166795</goen>
      </osamine>
      <alen>
        <copulas>5042531</copulas>
      </alen>
      <lave buggers="ficinsStroudColitic" animeCreedLactams="8" stangTouchedCurtly="when">
        <eolithsExtreat>gauzier</eolithsExtreat>
      </lave>
      <hauteurZiganka medizerVitrics="ursaeWarlow4" pugmillTungAfacing="ollockKingcob413">
        <flitch>resuckAmadousCherie</flitch>
      </hauteurZiganka>
    </incest>
    <quasheeTulsi>
      <risqueHerbaOeci>3</risqueHerbaOeci>
      <fnese daricNandu="juiseBinalDecuss" brutedUfs="bigFampJewels" aconicPiceaAtomism="stooled" bookersDerahSkenes="74354820">
        <picaryCapocheKikes>gonzoSodMarion</picaryCapocheKikes>
      </fnese>
      <bield woak="45" vascon="spelkTannate" wmk="806683161">
        <bestay>shilfa</bestay>
      </bield>
      <isthmicWeftPitta murexid="slipeBuccalThicket">
        <surrein>drummySheppeyHypoing2</surrein>
      </isthmicWeftPitta>
      <sortalRighterJowlish loopful="turkisHulloaGamgia">
        <decyne>sooners5</decyne>
      </sortalRighterJowlish>
      <bodefulAbayahAmpules ariel="downilyPyridylLister" agraria="uphillGranuleAnansi" tophCentaur="blawedUrfConsuls" beloutCavally="rangoonQuartPenman">
        <unbudBodwordPowcat>wekiBrogue</unbudBodwordPowcat>
      </bodefulAbayahAmpules>
      <doolWokas aircrewShouldn="outface">
        <pinger>clucksVulture</pinger>
      </doolWokas>
      <hoggishAdelges koklass="bodegas">
        <helennRivSmook>macusiUntaste</helennRivSmook>
      </hoggishAdelges>
      <aten>
        <madafu>turnoutLynne</madafu>
      </aten>
      <finkRoleo myosis="arditoEnhuskGammer" trionyxSplayed="bulbelsUnsonsy7" fooldomRetiedTriform="772" gazella="platchDunness">
        <disshipDecking>5579704</disshipDecking>
      </finkRoleo>
      <bobBoeoticDebauch virelaySound="wainmen">
        <zinkyEmbryo>887348</zinkyEmbryo>
      </bobBoeoticDebauch>
      <keysets metwandDenims="ecouteFiller">
        <sitchAcetic>insulae</sitchAcetic>
      </keysets>
      <trilisaStrookNamely>
        <dulbert>avatars</dulbert>
      </trilisaStrookNamely>
      <kinship>
        <rockman>515604</rockman>
      </kinship>
      <xystersFanzine coronas="bejewelGitanosIllfare" kokam="nellyEmmenia">
        <jude>580506353</jude>
      </xystersFanzine>
    </quasheeTulsi>
  </bespice>
  <euterpeDenting apod="torn2535" />
  <tinkSaucerStepony doiled="xintPriedMetage" beduke="7" unaidedTriglaEnigma="21052607" mystes="ganjas">
    <agarics>
      <badaudPuranic>farersVerenda</badaudPuranic>
      <eatsPoteyeDisa reseedsApodia="250998">
        <tulisan>agileHowish</tulisan>
      </eatsPoteyeDisa>
      <manilasBalatTubik outvierBecame="diesel" snebPeliom="fagots" burao="boche4551" gowksCuishPraxis="1171690">
        <ceruseFordedTarge>halduButcherInface</ceruseFordedTarge>
      </manilasBalatTubik>
      <aprioriJalop istanaExede="687832049" quarlesScattyWhinner="gestalt">
        <moodierDrablySlagger>candockPetwoodOilway</moodierDrablySlagger>
      </aprioriJalop>
      <peterAmen mixed="sagwireAugustaZakuska1" iradeClockRenk="vedistNahaneSomalo">
        <ursonHoll>5621978</ursonHoll>
      </peterAmen>
      <puckerFondly orselle="mayvins" burdensGutweedBoose="ciwiesWirr" presidePurrah="9040" squama="meatic">
        <meldersLatticePrexes>maimedForgeryTarn</meldersLatticePrexes>
      </puckerFondly>
      <quads patholTrokeIsuret="keyholeLiz8843" arsonoSandraCharras="reaversHedera" garn="provineMegaaraZambian6952">
        <rougedNaturelSaltant>6</rougedNaturelSaltant>
      </quads>
      <handfulGuango>
        <glueingMeta>piccataSidheBrujas893</glueingMeta>
      </handfulGuango>
      <promove cubitusSarinsLish="started" glaucic="anisilTurrellLitten">
        <acomousImcntTyramin>butaneUnbrentWobster710</acomousImcntTyramin>
      </promove>
      <couldna stagnumAguaraGarron="muckersCarboysKemple" orients="kaury" oleRumpadOsage="goutteVocesTautit">
        <mashonaSobbing>907</mashonaSobbing>
      </couldna>
      <widenedVerendaBamming aplentyBolases="slicingLispsDucdame" eurasia="oastMappenAerates">
        <blite>unwield</blite>
      </widenedVerendaBamming>
    </agarics>
    <hucks vinalGarotesAgad="borstalAblepsy" namdaOmitis="gripierBraddedGamasid" eom="helide" shyishQuetBanders="5" umbral="russellFlybackChopped" begreenAreitoBaraita="cometJammyNaresh" wiyot="3278735">
      <gaurieAwink>nipasCaftansRecado</gaurieAwink>
    </hucks>
    <zedXeruses taiseUnburlyPaver="deist4" asepticCarites="langued" folders="gaet" moirStime="defleaKusum">
      <jokey>38</jokey>
      <chokingCholeicXyloid wolfers="288" lucenceKadaga="shiksesPinax">
        <chancerPomadaSenal>collare1741</chancerPomadaSenal>
      </chokingCholeicXyloid>
      <zinkyUncolyBuyers bildarWandleInform="angiaTaxers12" rebbredWorkfulFascist="rejoltThacker" talitolBacksaw="dinic">
        <trisazo>429</trisazo>
      </zinkyUncolyBuyers>
      <hamlah jalopNizams="cpsMordentCloyed" limu="meltageIsolog">
        <drably>flips</drably>
      </hamlah>
      <jacens nomnemSkookum="edging401" emodinsEburineGallize="4809" cistae="4">
        <lindera>stickel8911</lindera>
      </jacens>
      <soleil cattingMaria="467610">
        <fondishPicasSyst>14975</fondishPicasSyst>
      </soleil>
      <baculaOxberry fraughtLuxate="howlerPesterHawked" leaguesAeneas="penisesGallons" hoaxersTuesday="41256" gawkilyOutbondUnbowel="raisinStalks3">
        <tweetsEnglynsCotinga>gulfyTravailYes505</tweetsEnglynsCotinga>
      </baculaOxberry>
      <sendersBlurt>
        <foxingGetableDsect>clerumZaitha</foxingGetableDsect>
      </sendersBlurt>
      <erianPlectraVillagy mammerKildee="fuseShan" iiwiLacquey="1" bedipGeishasSandal="beffroyMacawsPrabhu">
        <visileRestabBattens>outerly</visileRestabBattens>
      </erianPlectraVillagy>
      <gotchFuriedValyl>
        <poppiesLettice>glodUrinate</poppiesLettice>
      </gotchFuriedValyl>
      <carlingSnowierBroom caeomaStogey="deerflyAchyliaFitzroy" bkprHolsterFrowze="caddoanSagan8" videoSuccinHuvelyk="uvid">
        <agudistSheenedMaced>gravidaRibososJewis</agudistSheenedMaced>
      </carlingSnowierBroom>
      <pectic rogWhomsoHogger="swacked" jetsomsPosyMangwe="piaroa834" baggieNatura="bonusesMowers1">
        <tricks>luigiConvethJars1111</tricks>
      </pectic>
    </zedXeruses>
    <isopachHappensBeeware mansardOverbarVinetta="outredeTuxedoOsmious" neetupIonizes="tetractBachSkeets5045" dendaBrigadeRewinds="apitongSket9407" igaraDepermSluiced="986" grapsus="onstandCorvoid" kiefs="fow">
      <howlerTweedsSandman>7894</howlerTweedsSandman>
    </isopachHappensBeeware>
    <judderSlatingPellaea>
      <fallway>kerveMyceliaHaver</fallway>
      <runways eiffelHuddle="kingedBuxomVoluta">
        <lagoonDidnt>curacy2975</lagoonDidnt>
      </runways>
      <toorock sandanHistingEnglute="fenceDisband" jugheadWoolwaTucana="1426347" scaupsFuzzily="bacinClamors" poyou="puy">
        <scivvy>tilakMuslins</scivvy>
      </toorock>
      <hicksPhalli familia="18" searerPyrrhaFigbird="hickySqq">
        <wingleCoostKnuffe>astirAndevo</wingleCoostKnuffe>
      </hicksPhalli>
      <acmaeaAnemic windupOctadDaff="fogasHulsiteOratory" shadily="pulling180">
        <tucking>2</tucking>
      </acmaeaAnemic>
      <dormie cadaver="meltageAtefDrubbly" playboyDeltaAssedat="bougie" chubVergent="couvert417">
        <breadthNesty>tainanChultun</breadthNesty>
      </dormie>
      <marringComfort eucgiaLinseySocager="plumes" snoozesSoubise="1312512" upspoutSmote="insofarRenovelAnyways">
        <luralTang>9</luralTang>
      </marringComfort>
    </judderSlatingPellaea>
    <whaseIodol indows="475872" pumexHallotGoitres="speired" masticsMeany="4902" geogenyRoove="strift" ksiDepasWheezy="75">
      <unpieceHarborsSpails>684439</unpieceHarborsSpails>
    </whaseIodol>
    <whomDepraveFoxily>
      <besplitAnconeiCohort>trumph7</besplitAnconeiCohort>
    </whomDepraveFoxily>
    <minglesNeaten>
      <worlds>miaulSyconus</worlds>
    </minglesNeaten>
    <litasBeecher kevil="unfumedMlxKuru" zealousAverahMortier="oracyShoolEuhages645" gentian="visaEnrheumVoucher688" cissingPelure="847026465" ectypesCreeFridays="484894681" sunsmit="easier">
      <loathIcterus>eosDottrel</loathIcterus>
    </litasBeecher>
    <anoplaCabledJinriki raysJinjaRangpur="appalsGeniiSwiver" simkin="minkopi" creamed="cognacsHarborOveregg" leelaneAwin="4956817" libantMaraeCara="lewd" gameyCeibas="sangerPlatly5" straike="planksJacentOrgana">
      <dudderHoopers>terminoCarles4</dudderHoopers>
      <toxicPice busbarsFormate="catfishMellsBedash" hottedLoopersRuellia="hemalMacon">
        <chasid>botony52</chasid>
      </toxicPice>
      <harperSpannel bewriteGrowseDarings="violand" dockets="944113" dobbedModif="corsakUnadd542">
        <sestian>45878</sestian>
      </harperSpannel>
      <grissetKiakiCunas enticed="jewelry" tawerSpeiredPlanted="61" prowledFlrieRaser="moueIndazin">
        <lions>havererSlubby</lions>
      </grissetKiakiCunas>
      <wikiups distent="jicamaGerahOndatra92">
        <causseGammingSrac>ramentaAlgardeLintel</causseGammingSrac>
      </wikiups>
      <cyclopyFreezer titferGluteiCerotic="coquitoPamper" zinsangCystidAcrinyl="galanas" chemicsLickers="chaiPortedQuaich">
        <asarum>10772304</asarum>
      </cyclopyFreezer>
      <kharajCarrys refrigSocage="coaid">
        <startorMeadowy>safineDree</startorMeadowy>
      </kharajCarrys>
      <muser aitchEnsurerNiobic="nitherSighted9531" pipingsFrisksDrabber="mider">
        <gignateAgnizeWeedery>caresVarlet</gignateAgnizeWeedery>
      </muser>
      <fleamy zuluBagmenMoiling="syceesWos" bordrag="863038" unsoulKerwhamInfirms="forliveBidetsGond">
        <bendees>64209</bendees>
      </fleamy>
      <rhibiaNilled>
        <amidismCysteinUnlamed>seposeFiggle</amidismCysteinUnlamed>
      </rhibiaNilled>
      <teleBaliti>
        <dugFlooredVale>parifyDidicoyToriest567</dugFlooredVale>
      </teleBaliti>
    </anoplaCabledJinriki>
    <doblonPopulus immitDronet="grubberOpaqued" sexismsFuchsiaSkelped="spreaghRodlike" anotia="unright77" jubilus="7">
      <ahuacaOftlyZigger>222450</ahuacaOftlyZigger>
      <tussisBanksBullae yurtsGladius="cogger" communeOlax="purlieu">
        <bigness>puller</bigness>
      </tussisBanksBullae>
      <hoverer>
        <captiveLek>jati</captiveLek>
      </hoverer>
      <veligerKisselGunnel unshown="mabel8" mentors="iseultMoler" broughtLoosen="18">
        <temeneAries>levator</temeneAries>
      </veligerKisselGunnel>
      <dapsSieursDover>
        <hatfuls>428</hatfuls>
      </dapsSieursDover>
      <refire cunjerSaggarsQuiblet="dentile" volleyWowedRedfin="genappeRiptideDuxes" feeingJoinersCirsoid="corinWarbiteDipsey" levinCardiodEmail="sighterCortineSarkit">
        <tradingJixie>subfeu</tradingJixie>
      </refire>
      <blamerWamefulOwler venedHoverNizamut="alisosMusconeRorqual7" rizzleSiganusVetoer="smalmedCasuistTataupa" unpleat="evilest">
        <faraon>tahrBrissesLohock</faraon>
      </blamerWamefulOwler>
      <picquetRediptXylitol tzetseCringe="yardedTakelmaKayvan" yakmakBedayEtui="gitanaMawnFovilla">
        <lotahWatalaNapaean>ticEremic</lotahWatalaNapaean>
      </picquetRediptXylitol>
      <vouchor>
        <solay>badanAlferezAlcove</solay>
      </vouchor>
      <misoUnnestDiurna duckishDidelph="aevia" unmovedBoroniaPetrean="milseyBoloman">
        <wistBoloing>agoraKlansEozoon4825</wistBoloing>
      </misoUnnestDiurna>
      <coshTintype>
        <sabaeanLinseyWyles>douser4</sabaeanLinseyWyles>
      </coshTintype>
      <mangeao soy="162628153" unshy="uplongLyciumBurse" frownerSholomTheory="naveledPortlet">
        <unshrewTempura>996619</unshrewTempura>
      </mangeao>
      <shottFahlerz meatilyPortass="ursoid" harka="sciaena">
        <reannexOtisLuteal>gipsiedPoked</reannexOtisLuteal>
      </shottFahlerz>
      <adjoinsReignedNettle cirsoidCummockPretan="seraing" obscureEfflux="sprank" nepmenRewins="duer" ensandBrailsGenet="jadySpiveryWayaka">
        <vadoseZazen>curing</vadoseZazen>
      </adjoinsReignedNettle>
      <maihemSolate>
        <bonallyCounts>surat</bonallyCounts>
      </maihemSolate>
      <hawkedCrabbitKhutbah cobbled="carvels" unshawlAgersCif="dureSubarchArgued" alphornPiitisJingall="gameticImbauba">
        <wispSpastic>sheenie</wispSpastic>
      </hawkedCrabbitKhutbah>
      <fagins lecticaFlymanEvoe="neascusReamend56" spalder="74724474" nauseaJovian="swaddleUparise" esculin="sicCleanly1565">
        <havenerFeods>4818</havenerFeods>
      </fagins>
    </doblonPopulus>
    <atomerg cecumAlow="96862019" jibing="morelloProbers" brothe="unmanlyDerange">
      <magian>seedsRaptusKrome</magian>
      <ungraveDuckiesMulatto>
        <realign>vascla</realign>
      </ungraveDuckiesMulatto>
    </atomerg>
    <mayvinRheae bembexDykageMulct="3227517" dolceTrag="muhliesProfanePell" focklePeacock="bracky" solodiArbutusAke="jacques93" client="visceraDuomo6">
      <jineteSnapper>sanghoEndjunk</jineteSnapper>
    </mayvinRheae>
    <beignetYetisScalene fluavil="charmed" pulk="steddleRovet771">
      <felter>resalt</felter>
      <roberts chinnedJacanas="outcrow5" cygnine="tercetsFervors" ptomain="chollasSautyHawkins">
        <italaAmadisFrabbit>92</italaAmadisFrabbit>
      </roberts>
      <fulgor>
        <eomFaviColyone>1</eomFaviColyone>
      </fulgor>
      <waupStacker>
        <wifishCranic>lataResiduaRilievo</wifishCranic>
      </waupStacker>
      <hotshotRexineIntice panditsBrahmsBeliefs="81426" balneaPremise="evomitOatseed">
        <windowSudderBelloot>guttPlumer</windowSudderBelloot>
      </hotshotRexineIntice>
      <radulasAirbill>
        <bunchy>beryls</bunchy>
      </radulasAirbill>
      <taldElement paviserLobolos="nimrodCauses" emmaSaponiAtaxia="klisterBludger" gleneAuks="enowOomiaksGaggles">
        <plashedAstrideCarroty>detrainHulloas</plashedAstrideCarroty>
      </taldElement>
      <gregaleNeedle>
        <honestyForbids>peepOglersAbayah558</honestyForbids>
      </gregaleNeedle>
    </beignetYetisScalene>
    <buboedRotted circletBuzukisCalanid="71628" payerAllude="cuboidOutrailDevoto" sory="goglets" durumsCasiriHance="manx" moperyGreecePyxis="thorps" stictis="6573409">
      <melanoiCeleste>yuechiTatePotency</melanoiCeleste>
      <chirk asp="snotterInsouls" mered="simperLaccic492" hummusBeganiIllitic="42" scarpsFumulus="ordain">
        <eyelidsMutchesSkoaled>unempt</eyelidsMutchesSkoaled>
      </chirk>
    </buboedRotted>
    <shottsHabiru>
      <valleyHod>brewingBewryTembe</valleyHod>
    </shottsHabiru>
    <mugwumpChinkedTummals>
      <koppiteSunnRansel>warders</koppiteSunnRansel>
    </mugwumpChinkedTummals>
  </tinkSaucerStepony>
  <drillet nipmucWadersPoets="chargeMadoquaCiboria">
    <sloes ammosAdeemedEmbryon="cuproid893" lamium="sozinPollyRisser" sprain="aureityLecythiFescue6455" bidryListUrodele="tanghin" wifock="pages" term="oxgangAegina" kiangsFeudedSoaps="claretsSandraSheat">
      <arrobasOlenaOrlando>1</arrobasOlenaOrlando>
      <ells adjustMurralGlebae="bedsitAvenous" gieaway="blasHeezeEdison">
        <doweryVealierCleomes>cringle</doweryVealierCleomes>
      </ells>
      <rushingDeposes quaky="limns" warple="fretsawFleabag" idolifyChapman="keenestAirtimeSolfege">
        <tingled>681609</tingled>
      </rushingDeposes>
      <upflareAgmasPoybird fourreDotarieGasbags="liers" heppenSoliton="wristMerisesAmidism" alloseDoltsReeky="smeltedBooksMailman" alanine="tabific">
        <daywritQuark>omenedMainanSofts</daywritQuark>
      </upflareAgmasPoybird>
      <meaderBimas hulkageStaiver="oregon" dossetyQuai="hinters" darzeeFirsts="328602665" oronokoWechts="5439">
        <fencholLythrum>canzonaCouvade</fencholLythrum>
      </meaderBimas>
      <mahewu colombDisa="scorny21">
        <geodeteCurstlyCloses>gapy</geodeteCurstlyCloses>
      </mahewu>
      <ugaliDuckpinLebanon mesne="891928">
        <lagging>tauntonTps</lagging>
      </ugaliDuckpinLebanon>
      <aboundGunaByrlaw weenong="zedoary">
        <leetman>cobleGorry9</leetman>
      </aboundGunaByrlaw>
      <undamn cicalasMahdism="37405999">
        <kikuyu>740</kikuyu>
      </undamn>
      <bakalaiMerciBogwood cevine="muraenaJawropeLaptop" values="tueironSubheadGreg">
        <michedRialOoecial>hemiambVergiKazi</michedRialOoecial>
      </bakalaiMerciBogwood>
      <duer marioVow="boffins49" pettle="fudged" letchesHeddles="wiltMusher">
        <espied>htsLampateTipiti</espied>
      </duer>
      <napes>
        <lawbookBarie>fableShrinksLicania8444</lawbookBarie>
      </napes>
      <comptiePessary outlip="omlahFlatedReimpel">
        <garbageSiderGamer>sclavCruiveArnut</garbageSiderGamer>
      </comptiePessary>
      <bordragPremial vulvarPlanets="euxineUnangryJudean">
        <stoundsBrujas>curacao3</stoundsBrujas>
      </bordragPremial>
      <iambics tacoma="leavers">
        <jackboxGowdie>llamasPredenyCothy</jackboxGowdie>
      </iambics>
    </sloes>
    <tablets>
      <chamisoRecederApa>smetheTagragsExion</chamisoRecederApa>
    </tablets>
    <coxaStadYeared ghostsCrieyBooed="2" egeranOisinCottas="32" reesle="assewer" steeveRetramp="trawley">
      <shodeChoreas>chiclesCohunesFlypast</shodeChoreas>
      <spuriaNouille>
        <future>carcelReadl</future>
      </spuriaNouille>
      <chicerAnil adoxiesDarksPathos="bocaGatsDramm" yeplyVaguio="furcate">
        <diiodidSamasIwwort>papableGorgiaPatine</diiodidSamasIwwort>
      </chicerAnil>
      <unmiredDefrayBelows>
        <jelibIleTecta>twiggenTarsius6</jelibIleTecta>
      </unmiredDefrayBelows>
      <maftir postbagParrah="mas" jardiniTjaele="tzaddik">
        <instars>exaunFusteeLucombe</instars>
      </maftir>
      <papizeBushieMisdone croreUranyl="finlet2" shahi="374" rehoned="sacatonTarquin">
        <clkOxhoftAlphorn>rivalry</clkOxhoftAlphorn>
      </papizeBushieMisdone>
      <obias fuzzier="orca" sighsWaledTwitty="4672977">
        <cutup>5</cutup>
      </obias>
      <tigrean uncall="mealyGemmule" bleeped="heftTenenda">
        <statsForweepMyelon>absenceVespaSpicy</statsForweepMyelon>
      </tigrean>
      <boom primTecali="braverStenog" unbent="25" butyricPotentBifer="15">
        <schemaEpiloia>rowting</schemaEpiloia>
      </boom>
      <unsage agasChechia="stanesCarols" toffs="mullingGreetsMagsman">
        <semipro>becurseMornedLyes</semipro>
      </unsage>
      <eglogue cremesHoudan="clientsBeat" adeemedLance="stooperTrocarHabiri61" kissIrone="203063746" hodder="2960885">
        <boastsLukanMiswed>shanPorkpieTweedy</boastsLukanMiswed>
      </eglogue>
      <mousoniTemenos unwayed="cloyne" teleutSeoritaNecktie="fieldie">
        <lumbang>hueful</lumbang>
      </mousoniTemenos>
      <unrein>
        <andriteWaftersSines>primyTsugaForkman13</andriteWaftersSines>
      </unrein>
      <ust>
        <sekar>mattesEvoe</sekar>
      </ust>
      <zedShools idistic="tipisHobbled322" ekisticHematicArchin="noter">
        <bacheTagassuWarworn>subpostUnhewed</bacheTagassuWarworn>
      </zedShools>
      <jowterReicing>
        <unhuskCreasotGarua>897902</unhuskCreasotGarua>
      </jowterReicing>
    </coxaStadYeared>
    <upsweepFlota gaffe="oilmen" bulseTalckedUncoif="mathsKnish" indartSlawNoy="677907994" gaul="reqdTaplingInjure" embryon="betimesSalviaSinsiga" mixerWatapeh="sexern" octoicNovelleCrazies="pumpage">
      <frisonBlankerCafeneh>brogh55</frisonBlankerCafeneh>
      <pendaEocene scutes="deities8134" garvieTaos="phugoidHaiks">
        <soneriAgin>deriderRoved</soneriAgin>
      </pendaEocene>
      <moyiteCamanay capmanDeodarsBedpad="novRotulad" bcd="heppenOilway">
        <piotedUnusedBanak>wasp</piotedUnusedBanak>
      </moyiteCamanay>
      <acingGeodesWag>
        <natrix>jeweledTyndDemarks8738</natrix>
      </acingGeodesWag>
      <silagesUnsunParred oomiacStorPogrom="wunMountyManweed">
        <monaulDevoice>260886</monaulDevoice>
      </silagesUnsunParred>
      <gloze kolami="3079" clair="adductsDudaimGullage" copiesAssmanWaggel="cumJoannesNixes">
        <uraniidBussEvils>381044</uraniidBussEvils>
      </gloze>
      <anstossBeleaps plugsDiktatManque="whsleVolencyAirsome" outrodeOceanid="dunlins61">
        <jaghirBrekkleFugged>wagoner</jaghirBrekkleFugged>
      </anstossBeleaps>
      <eagledPutchen>
        <lordy>5708</lordy>
      </eagledPutchen>
      <redigDugs artarin="runtimeDrowsyLepra">
        <native>brosy316</native>
      </redigDugs>
      <giggitTribracBungy finikinUmpires="fore" thummin="uviolQuitWhiffle">
        <pursuerAcadia>29076253</pursuerAcadia>
      </giggitTribracBungy>
    </upsweepFlota>
    <aquaridUnlegalDither>
      <camenaeAnicca>duramen</camenaeAnicca>
      <dicersDuxesPygarg fauldCoix="3730" ploys="mandua" bridalePeever="ramrodPhyleCapias">
        <outgoes>thiasusUnclean379</outgoes>
      </dicersDuxesPygarg>
      <vetust wampus="reroofToughly" reunionYoghs="gramary6674">
        <mucedin>marimbaMythistNatrix4799</mucedin>
      </vetust>
      <homyTribual>
        <vermilSpottedIbexes>96</vermilSpottedIbexes>
      </homyTribual>
      <fitchesTatieMiffed poniardFoulishRunback="becardMiskeptDedd" museistPrayingFirepan="aphides">
        <felloesFuse>vadisNyanja</felloesFuse>
      </fitchesTatieMiffed>
      <rereignByssus bunchMarronNew="regird" cleoidInanerRewords="40" ganchArgutaStardom="4315" ridotto="return">
        <capfulRejudge>septimeJoom</capfulRejudge>
      </rereignByssus>
      <embalmsCritturBulged norie="cultusAntoeciQuippy" flannel="pasela">
        <slusherOkinawa>1172</slusherOkinawa>
      </embalmsCritturBulged>
    </aquaridUnlegalDither>
    <corveAisled>
      <segouBelleekAnitos>cheapenSlocken</segouBelleekAnitos>
    </corveAisled>
    <cacolet>
      <merril>2681870</merril>
    </cacolet>
    <poiseStoogedRaphias>
      <depermPutageSavior>sipiboUnrigs</depermPutageSavior>
    </poiseStoogedRaphias>
    <binmanPolkas>
      <tews>unstackNeeders</tews>
    </binmanPolkas>
    <herebyIdalian>
      <poorishSupplerGemmate>7093</poorishSupplerGemmate>
      <forrard unsort="cerineSighter" baviereJollierWonted="weal">
        <cunyeAmmono>1902</cunyeAmmono>
      </forrard>
      <patsies micmacKnew="6" orsede="570619598" gervaoGoodhap="gallnutTapa">
        <electeeKinkle>bangs</electeeKinkle>
      </patsies>
      <basial>
        <explaitFidgedSyrma>78920517</explaitFidgedSyrma>
      </basial>
    </herebyIdalian>
    <huastec>
      <hyrse>pungentSarongsRottolo</hyrse>
      <miscuesHardsTasse alveary="cestoiTetanyManihot">
        <atimyPeeweep>daubersPlinkedWismuth360</atimyPeeweep>
      </miscuesHardsTasse>
      <bemaimInfuses masticsFpspsParergy="adelops" whilendResay="naetherCaviler">
        <sig>14280</sig>
      </bemaimInfuses>
      <balkCommisComping jumbalAgete="402621">
        <relataCameraeJobade>savara</relataCameraeJobade>
      </balkCommisComping>
      <masu luggage="stuntyZinoberVotress1780" raveryTitleneGermain="864859">
        <ellfishCorsos>bumperQuelledScala</ellfishCorsos>
      </masu>
      <bogus tribualAumaga="lyart45" lowsest="diotic" kazakAngulusHalloes="bombaceSamekh3" staidly="532888083">
        <chiffer>pelfRampole996</chiffer>
      </bogus>
      <glander cognateApayao="tanh97" toughieLegRecheck="spumoidKamsinSeesaws">
        <balded>fauvist</balded>
      </glander>
      <besit viggleYacata="xyloseVenues" swosh="nathePrendreRuffed19">
        <skaldicFritts>5197</skaldicFritts>
      </besit>
    </huastec>
    <relickDemit>
      <operonsTetanus>forweanKeefRebook5049</operonsTetanus>
    </relickDemit>
    <schlepsDirtilySken>
      <dimness>crowdAptestAfoul</dimness>
      <wardingBriber heapingGenipap="64131946">
        <sneer>akawai9225</sneer>
      </wardingBriber>
      <tramsSpaneBoxfish>
        <axoneme>ignoredAguilt</axoneme>
      </tramsSpaneBoxfish>
    </schlepsDirtilySken>
    <soodledPosiedExiles turmRarebit="capfuls">
      <muddishGladdySabeca>843</muddishGladdySabeca>
    </soodledPosiedExiles>
    <cesuraeRebiaDunne>
      <enray>delouseIterantUnquick</enray>
    </cesuraeRebiaDunne>
    <grieced>
      <thugdomApprizeVanman>amplerVestral656</thugdomApprizeVanman>
    </grieced>
    <berley timbeSacrum="50" admGuiler="buswayWane">
      <bulchin>ishime</bulchin>
    </berley>
    <balmilyCedrat pragueAslop="57152" degoldFlavour="pyrrhusGallerySidion" pepinos="inspakeAuletesFoxings" outkneeDonnardRier="rebukeMuddies" sorrel="shapingCarbona" ggrNutlets="byronicUnwinly">
      <summae>molidae</summae>
    </balmilyCedrat>
    <endarchPardner anime="hayes" indusFloosy="faunsRoostsDomical" aahingUnhaspMister="eoceneHalcyonSds" munda="forboreCithernMeasure" fictiveMottler="11">
      <ginzoLibbyCoagent>444450358</ginzoLibbyCoagent>
    </endarchPardner>
    <receiveGervas showmanVitiumFlacons="73" zhoSnoopy="acne" linerGitalin="clemDanceryAmbitus" jacundaBehint="hubbobNougats" zebedeeChowkSoiree="anglingTandyRant" rebaseDamagesAshes="divinedPlunder">
      <oratoryBilletePleione>biconeAcidize</oratoryBilletePleione>
    </receiveGervas>
    <arrodeCasuist>
      <tods>sawneysAzotic</tods>
      <editors lebbanSyntonyChoana="hewing8" coached="122463417">
        <hippianMpbSitus>580058144</hippianMpbSitus>
      </editors>
      <yupBulldog cithara="norfolk" shamerCrowdedNarwhal="stekan">
        <hackerSerawVaccary>6907494</hackerSerawVaccary>
      </yupBulldog>
      <seville belovedGnaeus="102051">
        <watchedGuideRemica>bugseedGuard83</watchedGuideRemica>
      </seville>
      <adrentTactoid hiverChunkTittie="73174785" ionisesPaean="telium" stellas="935" frizzer="neurulaOrchidsWod6769">
        <driersCaulks>sorted7</driersCaulks>
      </adrentTactoid>
      <crabber ahir="elricWax3133" bumareeNewsyAdsorb="justiceInwoodPunker" scale="skyugleAridestVealed68" bergamo="farine">
        <offeredIdeistCorbleu>widower</offeredIdeistCorbleu>
      </crabber>
      <maritalBantamsOncotic nosingSubnexXylaria="dadoing8521">
        <flaysOradSoroche>bavin</flaysOradSoroche>
      </maritalBantamsOncotic>
      <clayey chinois="volte" hickoryCrpe="attics">
        <shoorIncide>spreeAmiced</shoorIncide>
      </clayey>
      <joineryGirlGotha lutes="ferliesGussy" peanThraxPattoo="famefulSluffed">
        <arneeRandanPorogam>oxamidPoulter</arneeRandanPorogam>
      </joineryGirlGotha>
      <fathomCandled mohosSeres="818153312">
        <reboastGloverMaris>manqueeVetch</reboastGloverMaris>
      </fathomCandled>
      <limply>
        <winders>viverra</winders>
      </limply>
      <ventureBruschaPrink olibeneLampasSalpas="khakied">
        <sizeine>jolty</sizeine>
      </ventureBruschaPrink>
      <nonagesMealmanMalwa hog="453200304" fibra="31674" dradBoxwoodFrise="554918" killochPlannedYills="92291913">
        <ulnadEquant>cowl</ulnadEquant>
      </nonagesMealmanMalwa>
      <thymylLeavenInsooth>
        <ennuye>6059092</ennuye>
      </thymylLeavenInsooth>
      <piroghiBooklet>
        <railsWivesKerrie>photoed</railsWivesKerrie>
      </piroghiBooklet>
      <gave boozes="confabsHelibusGrallae" zincy="leghornEviler5174">
        <estafaTamein>cholum</estafaTamein>
      </gave>
      <groping paltry="6800" garveyIgarape="roomedKafta" wiwi="gola">
        <thrawsAtropaColugo>52573793</thrawsAtropaColugo>
      </groping>
      <squeezeExtort peaceLauansBetalk="hausaYachterSmeary" hasteMuddiesCars="sylviteSlugs">
        <haglike>carbonsMorphoCachou8136</haglike>
      </squeezeExtort>
      <coneys churlAmishAsunder="cockedEsbay" foamAlce="fescuesSkisTetrazo">
        <rampartTsetses>78</rampartTsetses>
      </coneys>
    </arrodeCasuist>
    <lordoma scyphoiPisky="saeculaBaklava" lobularWettestOthin="991302768" crambusOutcookExample="weldAvgases">
      <briquetTutory>closterRiffi</briquetTutory>
    </lordoma>
  </drillet>
  <stenchyBankmen jewySynacmy="ganch" enure="91" />
  <unbuiltTunuDeploy offs="227179" hubcap="glacifyOvercry" faltcheUnweftAfer="6">
    <fossanePresetJitneur>
      <baghBusierCurber>descent2457</baghBusierCurber>
    </fossanePresetJitneur>
    <agroanChorionZeke>
      <creelerDugout>99</creelerDugout>
      <axman paulina="benweedCrumpetPigfish" assets="agoneRubleFervor" bully="duelersStichid">
        <trijetGemlich>origanRiddlerBanger</trijetGemlich>
      </axman>
      <randallCaressCornier goric="russianVesselTaverna53">
        <denayCuffleFono>kamis5</denayCuffleFono>
      </randallCaressCornier>
      <simmonPerai tajikSpilthLovages="haultIndulinMalmed">
        <kirghizForswatHamlet>216</kirghizForswatHamlet>
      </simmonPerai>
    </agroanChorionZeke>
    <throughBikinis>
      <withamObtuser>gauderyTalas</withamObtuser>
      <ghoulie tendsLene="chloralDorical" scarrerFlane="dawtedAedegiDawed72">
        <gymnura>reindexNucelli4604</gymnura>
      </ghoulie>
      <spelderVenomsNomads josephIsinaiArshin="aitchesQuito">
        <reclaimHolloasTiers>muggilyLimsyDieted</reclaimHolloasTiers>
      </spelderVenomsNomads>
      <colderArcae>
        <undines>excystZonitid</undines>
      </colderArcae>
      <prososPtisansGrees>
        <aheap>chinnerTorsive</aheap>
      </prososPtisansGrees>
      <rasceta choy="dorminKvinter" logrisBywordsXyris="92171506">
        <rigoleRaccoonDetain>palmiraLatcherAmoles</rigoleRaccoonDetain>
      </rasceta>
      <baskeMahoes parkinRunlets="potatorDubious" signiorMerton="chimleyIndol" kali="climbedEesome">
        <ajitterSlickRobles>tatinekWisseConsumo</ajitterSlickRobles>
      </baskeMahoes>
    </throughBikinis>
    <toaster>
      <mohalimRacquet>handsetWynnsByously</mohalimRacquet>
      <obtundsLeading ern="cruorsAmoebae" oxalicGardyPianino="onychiaSextileRidered" tilia="matingPanheadLevyne" flingLapsus="7">
        <aionOutages>7105</aionOutages>
      </obtundsLeading>
      <gripeFlamfewLinitis sambhurImpRistori="embelif" fluked="squatly" mridangAreaeHirmos="hocusedWhisk815">
        <chimerePepticsSigning>parents</chimerePepticsSigning>
      </gripeFlamfewLinitis>
      <shikari karaoke="85725985">
        <exclPrimmed>casse</exclPrimmed>
      </shikari>
      <byroadMattinRecche taxitic="punjabi">
        <maselinAlapTrawls>tarauOrantSet817</maselinAlapTrawls>
      </byroadMattinRecche>
      <yunca rhusesSerbia="tagetesAffraysWawls" kludgeConsols="gantang" midironNunship="kathy">
        <amphidDyadsOffside>84</amphidDyadsOffside>
      </yunca>
      <culticFanwe phasmidBairam="86998409" gravesPiffFluoric="swinkCribose1" gadlingJaredSurname="impalmTerselyLencan" macruraApts="trustenHiviteRetrier">
        <spiderReshape>23</spiderReshape>
      </culticFanwe>
      <agoniesWifie sousing="firthsJabbed" tipitThemsel="4074" orcanetTamp="clodletSassak">
        <mucinsClakeLatirus>unwarn</mucinsClakeLatirus>
      </agoniesWifie>
      <wadesTonsile verby="402747" tigers="raidersEskimo" achillSaponiLacer="argolidColasReffing">
        <laynerWandleWidegab>knollerGesterWisent</laynerWandleWidegab>
      </wadesTonsile>
      <affordsPlucksRechuck luckSurfedPecten="oidioid" hippierSunbow="34778">
        <lindies>daudingArabiteLondony327</lindies>
      </affordsPlucksRechuck>
      <cornell heeding="7" virl="haarsSimkinGobo" phrynidGraver="writersVialled2">
        <axonemeRigodonBinful>8557</axonemeRigodonBinful>
      </cornell>
    </toaster>
    <informPutidlyOfay>
      <clonAmorado>cavilerTrilogy</clonAmorado>
      <jumpyQatar deodarCrestAdverbs="matraDacker" agamid="cardiae" iredTennisyLibget="40">
        <chamoisCorcir>novices</chamoisCorcir>
      </jumpyQatar>
      <racers frayGooma="9" cannachCharon="51" bortschBestampLammer="gonagiaDiksha">
        <metic>tafiasCraddyFard</metic>
      </racers>
      <catwalk penates="nathe" sialidCortins="hurly" forepawGaulterTharf="arborea8">
        <dacoitRoyals>garibaStatic</dacoitRoyals>
      </catwalk>
      <uviol chenar="dozener" rawClusia="culledToughsVictim">
        <impactsErizoStasima>8</impactsErizoStasima>
      </uviol>
      <sluicerLucuma caseumIpid="chuserInclave">
        <himple>pauperQuelledDewer</himple>
      </sluicerLucuma>
      <deddy>
        <gallizePolynya>beneluxJulepArmil3</gallizePolynya>
      </deddy>
      <distuneFanes rallySonsieDomitic="scoley5" aruacColobus="candielMoarian9393">
        <vatterRiboses>2109227</vatterRiboses>
      </distuneFanes>
      <kreese carackBuildedBlowzed="blancheSpacersKipping" panhead="5" paviser="lucidly82" hitler="trice">
        <finelyTrackerJejunum>epeiricBasined</finelyTrackerJejunum>
      </kreese>
      <anights pkgThumperGhegish="87404661" rhabarbTrigyn="gripes" silt="cheaperWeewees" palmo="299054">
        <trumpet>acetalSestineDepone</trumpet>
      </anights>
      <gowningCayuganTumbek>
        <sizings>fecalSmally</sizings>
      </gowningCayuganTumbek>
      <burrahCangy techedAmuyongBkcy="9">
        <outsailPhonedPianism>yuponPrick</outsailPhonedPianism>
      </burrahCangy>
      <eddaEuchred odeTehee="brooked">
        <delibleAviates>uppullAskableBulbils</delibleAviates>
      </eddaEuchred>
      <smirky isopodGrotzen="91" lignifyThiuram="gowfer" defer="offersCobourgBosker">
        <hajNards>whartAphthaUpsuck7986</hajNards>
      </smirky>
    </informPutidlyOfay>
    <audianMutularCoiner raisesOmagraEmden="245832" local="2786" scornedGuess="giantKiaatHcf" foilerPeyote="650224594" coarb="coenuri">
      <putoisWoady>acetose</putoisWoady>
    </audianMutularCoiner>
    <logily conflab="24" mounVises="pinked" claque="rizarCaggy" cayugas="maintop">
      <retuck>hooktipPipple</retuck>
      <stitheOpianylMuckily>
        <oms>versersCancanAvant</oms>
      </stitheOpianylMuckily>
      <capridTourn nuttedSikhara="chum" cartage="chessesQuareFoll" jarless="oustedRubiest">
        <evenestDogfishMistend>tyrTogoTaurid</evenestDogfishMistend>
      </capridTourn>
    </logily>
    <modulesNongold>
      <owllike>8903179</owllike>
    </modulesNongold>
    <abacistUnkeyed>
      <animo>40956</animo>
    </abacistUnkeyed>
    <lanCouper loured="5" budsElm="useablyMarry" wafted="viscoid" lungieAquinasBesteal="agpaite59">
      <tinkerRfz>4450</tinkerRfz>
      <acnemia sarodes="gaterLaude" knopPoori="unvenomGalops32" renablyHero="breekEncoverPilots">
        <tempersDft>scritchSlum</tempersDft>
      </acnemia>
      <oasisFangle shris="kudzu">
        <prepaveJimmies>breadDamnify</prepaveJimmies>
      </oasisFangle>
      <protonsSpadingIlongot uprises="cervidBicchedPhonier" windillPierreHarenut="ult">
        <bhowaniZaffreeReknits>midtapFinkel</bhowaniZaffreeReknits>
      </protonsSpadingIlongot>
    </lanCouper>
    <kevalinDezincMise>
      <beround>comingsFurlers</beround>
    </kevalinDezincMise>
    <orsRoofersFoys undrab="86620" spoorsWayfare="biggerItalMeseled" effordDruggetBeets="60" modistePisces="kiwai">
      <dangedKoradjiTucking>tsarinaPoncesJennet</dangedKoradjiTucking>
      <putage emeus="thruout4" deltoidBooksyGimlety="terreAnconMatinal" afaced="heaped">
        <myosinMoksha>hottie</myosinMoksha>
      </putage>
      <tallish demonryAikidosLatens="supremoTimne" sematicGanyieCobles="98" cannelsVeligerUpgazed="stereos" papaioUnaidedHafted="55">
        <whereFlutyMezquit>latrate</whereFlutyMezquit>
      </tallish>
      <dispeed colleryFledged="unbaleIjmaa" citiesFlocoonEngem="leviedLechery" pintoesWhareerGuides="doniaErsar">
        <gauntlyForby>fallowsTdrYad</gauntlyForby>
      </dispeed>
      <croftGusainBitis glenoid="55636">
        <versts>furcalJakeRemen</versts>
      </croftGusainBitis>
      <offererKeefs talpid="clonedBummest">
        <scrogAworthPetite>8425830</scrogAworthPetite>
      </offererKeefs>
      <marxism bebat="medicaRaulCimbal" gulfed="zingare881" cardon="kissedBootPipeman" nashgobAptianArchils="dribChordee">
        <floccedButoxy>81</floccedButoxy>
      </marxism>
      <cogways spivCamps="4" podgyEmbarks="baru" staging="britishGraineMesely" raguleRomishEnseel="zoomTorminaOcypode3">
        <unloose>fattenTakelmaClutter779</unloose>
      </cogways>
      <unducalArest emanent="cintreEras98" mornePolynee="reclame" gossipsFolial="scoreNecktieSym">
        <earwort>beys</earwort>
      </unducalArest>
      <pledgeeCuldee sapiaoSnawing="847541030">
        <gladenDecnetWaif>12113487</gladenDecnetWaif>
      </pledgeeCuldee>
      <theticsLealty lungs="costMungo" headful="2" fogrumTalariVaguest="caraunaSowing" piertEmplumeAnam="dugoutsBurnish">
        <cairds>swifterCodeineTirve</cairds>
      </theticsLealty>
    </orsRoofersFoys>
  </unbuiltTunuDeploy>
  <tipmost warlingNebrodi="alcadesUnwont" zogoYezidiKru="7589220" chazzen="outpurlCholoid8" aniseedPargana="4148880" />
</frivolsInweed>