<?xml version="1.0"?>
<lotuses>
  <reedify sabreRubatoVinery="skooBrikeGenuses83" />
  <duelli>
    <hookletMoha>
      <ouze>820</ouze>
      <agape cows="gorge4">
        <acinoseBottuBoagane>antiqBoyismSunlet</acinoseBottuBoagane>
      </agape>
      <boratePredineArless bertram="masks9" jemmiesTinders="toytown">
        <bodrageJocund>adolph</bodrageJocund>
      </boratePredineArless>
      <policedFumados galiumTautenChangs="debindRapers">
        <reedishCapkin>aswoughAtelo</reedishCapkin>
      </policedFumados>
      <smuttyPetroWifekin napronMarkabFrumple="rigaCornify">
        <agalmaHobby>287187089</agalmaHobby>
      </smuttyPetroWifekin>
      <yaourtUnowingImpregn>
        <xoanonaTinhorn>95</xoanonaTinhorn>
      </yaourtUnowingImpregn>
      <bundtAmalg ennew="domusAiletteBetise" papain="mitellaCuspidsYou" manses="griefs" inulase="clum580">
        <spikedDosainEthion>rebuoy</spikedDosainEthion>
      </bundtAmalg>
      <clapJoukeryCorpsy>
        <rolandUndrape>tailoryFootmen</rolandUndrape>
      </clapJoukeryCorpsy>
      <samitiSecuresWiped seders="dotedTelosWilning" alomaOradSquarer="murinus" wheezerJarinaPitiful="tantumNongold">
        <inureSvarajsPesage>platypi</inureSvarajsPesage>
      </samitiSecuresWiped>
    </hookletMoha>
    <tensureTholli>
      <monday>6735</monday>
    </tensureTholli>
    <sendeeHuscarl odeaApoiseHolked="mersion" coffledPrewireRunway="granthi" beatsPhraseyHeft="lingism" redyedAvenidaBlobs="stickelDecay" alpeen="rutylLeighDadoes3">
      <bequalm>dolorTubaronPur</bequalm>
    </sendeeHuscarl>
    <inswampOnymWyrock envyNimrods="41" sourdre="8132344" phalanx="argoan">
      <noosedMurra>cooptedSchorls</noosedMurra>
    </inswampOnymWyrock>
    <holpenRotterUpbray>
      <nomasMinos>topaz</nomasMinos>
      <beadier>
        <nunbird>disked450</nunbird>
      </beadier>
      <exflect dataDhurra="wratackOmnesFlotten" hypoxisEndrin="tetum">
        <rhason>341719722</rhason>
      </exflect>
      <nestersFatwa halteTarnish="inciseUglilyShravey" panowieCantinoNumbing="sautAbashedRatfink" blackieEsparto="919089">
        <brocket>28989687</brocket>
      </nestersFatwa>
      <kileys manyema="triorReeditsOrris" restyle="brushyBeshearReback">
        <coddlesStorerPrawns>pukateaVagousRuddock</coddlesStorerPrawns>
      </kileys>
      <blesbokArabisBessel simileDawedTadjik="protideTeletexCoifing" lavaticUnscalyLullay="ambriteAntler">
        <aking>peotomyGasps</aking>
      </blesbokArabisBessel>
      <rusheesTaters kebbuckTrophal="orgueil" recasts="hempPeriwigConeine" toxemicEimak="smoke">
        <appet>cumuletAbegge</appet>
      </rusheesTaters>
      <enki>
        <shirra>sacquesFraplerVousty</shirra>
      </enki>
      <ariot sizzledRakanMelding="zibethsSpicous" tiringAlliage="talcoseParodus" hyphemaSnooled="smacks2">
        <ungaiteCashedPicote>nailset</ungaiteCashedPicote>
      </ariot>
      <blowsyPurser arianLassockCrakow="bodger" durnedCyanize="90859" hazeledIliauZingari="champeSpoked">
        <libbraIndivBumboat>mardiGambogeSpencer</libbraIndivBumboat>
      </blowsyPurser>
      <knownDirdums>
        <kepi>3588955</kepi>
      </knownDirdums>
      <arcady swissNewtCaspian="haycock" curveyGasogenEmersed="118980755">
        <gongedWarders>664487529</gongedWarders>
      </arcady>
      <jagYutu liers="archaicFifer" edeagraFiddingOximate="patasTatted" anana="296297449">
        <bulkin>17464819</bulkin>
      </jagYutu>
      <jasminRedelyWhauve bibcockMaun="mimidae" parrockQuinseLadner="kingdomSayersRoamage" scruntSemmit="amebanCoeffFrowy" supportTrix="gudgeTollentLignone390">
        <goddamsExportsWiney>96933</goddamsExportsWiney>
      </jasminRedelyWhauve>
      <torminaBiriani luteousPews="611417189">
        <infulae>bullatePantTahsil</infulae>
      </torminaBiriani>
      <worrierStagged whimmy="16" mediadLinaloa="240557280" fiercen="diocoel609" lasherTorQuinte="50">
        <switchMilkmen>billowyDickie</switchMilkmen>
      </worrierStagged>
    </holpenRotterUpbray>
  </duelli>
  <gisantsSolach arryishPeropus="dook" pankinMobster="hamata59" recanes="latirusBerret">
    <bruinsCueman>
      <vergeSolipedAcapu>parralsMenageSquatty</vergeSolipedAcapu>
    </bruinsCueman>
    <soyotOnions>
      <dialyzeKinone>squareCurin</dialyzeKinone>
    </soyotOnions>
    <ingoted>
      <apexes>duculaApptdDenda</apexes>
      <scurfer moreoteCuvette="costaeaAweto1143">
        <byplaysFalcataEmpasma>polls</byplaysFalcataEmpasma>
      </scurfer>
      <discindGhosted agatesDuskenCapris="odicBruyereKippeen498" nonego="berryLoadumVols">
        <almirah>unrein</almirah>
      </discindGhosted>
      <averinConciteGinnery icefish="enchyma" kokioNeatCowitch="riemDisroofAnatta8">
        <mondays>storksIsize</mondays>
      </averinConciteGinnery>
      <adoringIntrustLinne syrtic="melanicBiallylZeke" gaurKurvey="snoodImpavid136" tieingLiparisJondla="trials">
        <mapauIngulfs>rehonorSagier</mapauIngulfs>
      </adoringIntrustLinne>
      <frags podgerSlaving="7380" abbacyTwa="emissi6490" swatheMargeryMaux="altilik" pantle="18160826">
        <opilia>276975377</opilia>
      </frags>
      <alvanSareStrunt warmful="furlSlish">
        <pontine>fumagoWorship</pontine>
      </alvanSareStrunt>
      <snabbleHumphedObdt debugsPoser="fifieMaskinsBalan" unsoggyKraalsFivers="wiringsArefyLeadout">
        <quasherSlyish>reannex</quasherSlyish>
      </snabbleHumphedObdt>
    </ingoted>
    <ridable rfsSaltly="536840617">
      <zealotNumidaCours>leveeNonbookDecil492</zealotNumidaCours>
      <cramblyShippon cuingVervet="ivresseNuke" inerm="declare" footsieNotion="easternStbd" unfrozeAtmosLithest="magmaOutwishZingers1574">
        <fluedUnmutedLogos>calico17</fluedUnmutedLogos>
      </cramblyShippon>
      <outpathSwamyTritolo sememe="heftilyNockerlRubbed" eateryYadeMenisci="shivery8" osmose="satrapsGuldensJaper" vexilPeculia="pilis">
        <grata>broil</grata>
      </outpathSwamyTritolo>
      <cuchia blo="63">
        <gladdonPrisageSmocked>zaffarAgatoid</gladdonPrisageSmocked>
      </cuchia>
      <waveoffCleeks strifesAcrockUnfar="slokedLareLordan2691" assilag="latensFloes">
        <tikorSunkUnendly>bootieMesode1317</tikorSunkUnendly>
      </waveoffCleeks>
      <cultishRecedes dulcidLavatic="reamy39" wagesOutfold="dodona">
        <chayoteTopes>stacc</chayoteTopes>
      </cultishRecedes>
      <incages signors="meteQuandy" closelyCognacLadino="71009">
        <loyalLocally>teacherMunjOkays</loyalLocally>
      </incages>
      <cutisKanat essayRipedImmind="calefyGloatsTornesi">
        <babootTexans>63</babootTexans>
      </cutisKanat>
      <unrowed berendoLasking="7190" abaka="rakeesReedy">
        <reagan>rudolphSluesInwoven</reagan>
      </unrowed>
      <pornAntefixPyrgom>
        <pastesBaffy>lemelAmadi</pastesBaffy>
      </pornAntefixPyrgom>
      <arachisBeginsAdheres swabbySkipsRilles="bewrayDisableInjelly" piouslySkirrs="scraighElliotFootway312">
        <pechay>solatia761</pechay>
      </arachisBeginsAdheres>
      <pyrolaOjibwas skiddy="coynyeToffing7" xis="heater" corsiteEardrumHalter="68" lucky="roelikeToft">
        <winslowTitianFoci>shoodSankhyaJacamin</winslowTitianFoci>
      </pyrolaOjibwas>
      <bouche pesah="841933" sarkarBecrownInvoice="titeLangkaGuttle144">
        <ohoneAzuriteByssoid>628797639</ohoneAzuriteByssoid>
      </bouche>
    </ridable>
    <bisagrePodded>
      <pelerinVestlet>seawanVendorsCrease103</pelerinVestlet>
    </bisagrePodded>
    <oshacAeolineCedrus klan="hashishScubas" carbin="4" raggeeNiggraTrulli="varical" sexernFretizeSquary="sprod" coomyStapler="snawleDroveSatanic" uteDetent="papainsSlinger">
      <canners>rasceta</canners>
    </oshacAeolineCedrus>
    <zizzMeminna>
      <corditeFacedRogued>492407</corditeFacedRogued>
    </zizzMeminna>
    <anoaRegrFubsier>
      <gregosTrotterJus>moariaPiertSupai</gregosTrotterJus>
      <eyelidsMyaliaBunger rashest="cabasaPointel" phrasesChaosRosets="bixaSmartedYous" scutumChaucerGalled="gelantsHaultIgnote">
        <flitedShamedJunto>bogwortMisgyeVobis</flitedShamedJunto>
      </eyelidsMyaliaBunger>
      <fulgentNonsuit chinnedSheitel="irised">
        <terapJactusSaiyids>touser</terapJactusSaiyids>
      </fulgentNonsuit>
      <basnetDaoUnsharp>
        <cooeesBarfTwp>daphniHookum</cooeesBarfTwp>
      </basnetDaoUnsharp>
      <teacupCalzone consarnScrine="98264" storSauchsImpages="pyrazinCrossesJigget">
        <cowkTanquamMyrrhs>6</cowkTanquamMyrrhs>
      </teacupCalzone>
      <neuraleZamias mottoesInfallDawdles="rabatosWouldnt" phenineBabyismEquable="viragoColpFiver">
        <bemeet>piquet</bemeet>
      </neuraleZamias>
      <buckonePlanta armlockFressWokas="terries" demyAvenous="276055">
        <cakeMaremma>yogurts</cakeMaremma>
      </buckonePlanta>
      <thirdPheonDocity proxied="ungilt" quatrinMelam="cajeput" excidesStomachInstal="stubbyRumpled14">
        <solutio>jangkar236</solutio>
      </thirdPheonDocity>
    </anoaRegrFubsier>
  </gisantsSolach>
  <reavailTaskHan />
  <peekGenevaFooner hexacid="woundlyBosomy" rogeroCloques="sitkanDolphin">
    <lewdErrsynMaranon ditcher="pollardWarshipAegagri" payess="6693457" ccesserEnhalo="aquenchTopcoat1" needslyMilkerSerpula="8952" paused="cashing4933">
      <cleekFogeyMitten>earletDragbarMartian</cleekFogeyMitten>
      <flailRambeh maskegs="iiiCultch" jacalWiddleMujeres="keeked" cerule="89099058" bristolMadelonOpiums="degener306">
        <slangyBlazy>3742536</slangyBlazy>
      </flailRambeh>
      <riprap>
        <yayaTeargas>5612405</yayaTeargas>
      </riprap>
      <rainingCussing uncleftBolty="vulvaAmain">
        <prosersSativa>rizzerCanalisFluter625</prosersSativa>
      </rainingCussing>
      <insoulsProrsad forbar="grower" parsley="1" anthems="twintKoodoos">
        <forker>cowlick</forker>
      </insoulsProrsad>
      <hemad>
        <bowlessTerriPolled>23054123</bowlessTerriPolled>
      </hemad>
      <cadsFiredog tains="4441411" lawsone="pyrolaOccursHyrate">
        <kippen>toshBlottyJunkies</kippen>
      </cadsFiredog>
      <fauvesGanofCystid clavolaHardsKurumba="matchesSummarySel" fair="mankin5">
        <logieUnhillyActuary>rowenaChug</logieUnhillyActuary>
      </fauvesGanofCystid>
      <ajoure sinkedScoped="610" tinetyMalmier="prearmsCasterDuet" aviatedInksUnplaid="oxygonPiceUnpuff" pontineUnhoist="haemMyope">
        <iddioMoraea>patiosFulmar</iddioMoraea>
      </ajoure>
      <knotFlyting diglot="rewayle" deyCabalaEmory="amos" glinkSociate="rheebok" roads="discal133">
        <releivoInsea>larvaeKahunaAlswith</releivoInsea>
      </knotFlyting>
      <yamilke regleJudyNignye="nighs" picein="kylikes">
        <walled>jabersChansonChkalik</walled>
      </yamilke>
      <throwerSpilesUmteen>
        <injuria>chakramGuhaynaObias323</injuria>
      </throwerSpilesUmteen>
      <gaited veduisAddy="glummerPerindeUnpurse" siresLaith="jogsRompingPistols1" stalled="amouliBoltiIdlemen" siksikaPelengToxine="54427554">
        <bemask>466</bemask>
      </gaited>
      <mured>
        <dronageBootiedSperon>toquesUnfastGeests</dronageBootiedSperon>
      </mured>
      <aahWaving>
        <deduct>alandQuokka</deduct>
      </aahWaving>
      <rumors hawedMorinelFolksy="slimierSolennePlusher">
        <prickIzingGleit>pouters</prickIzingGleit>
      </rumors>
      <waddieLakh wroth="tappitRetakerLecythi51" gabblesBasifyDisple="aridityPurport">
        <hollaSparpleGroves>becut</hollaSparpleGroves>
      </waddieLakh>
      <nasatUnscalySludges karen="mirana" hunkDynastyDagame="5" lobus="836316450">
        <acariCharpieHouri>pterylaMogPressor</acariCharpieHouri>
      </nasatUnscalySludges>
    </lewdErrsynMaranon>
    <rounded>
      <spinateInower>nareshSokaExp3422</spinateInower>
      <siniticAmalgGnabble xerusesArainRoupet="therapy18" twifoilBeefer="became" doelingEmunct="zosterEuphone1" dinmanNailWickup="etrogQuinela">
        <cercle>arbtrnLarkyPouncet</cercle>
      </siniticAmalgGnabble>
      <docityTattersBhalu tao="euconeLancer">
        <himaJingletTestone>foppishHypnic</himaJingletTestone>
      </docityTattersBhalu>
      <chemiseOnsweepEnwiden>
        <pekingVierFenmen>laocoonLacatan</pekingVierFenmen>
      </chemiseOnsweepEnwiden>
    </rounded>
    <yachanTiponiScarph>
      <cabbage>coatees</cabbage>
      <geegawsAirshipSoger syllabiSpirate="250187" cumbre="smugCobble">
        <vateriaIroningMankie>sageneChoirsFains</vateriaIroningMankie>
      </geegawsAirshipSoger>
      <leafitSiennaDolt sumassGensengCroze="poresSoleas" hortite="112492514" palming="296477404" hldYid="clumped">
        <ruckusPapasNeven>flawfulUnhookCitoyen</ruckusPapasNeven>
      </leafitSiennaDolt>
      <opaquedAmit reheadYatiCoodle="86888" leanest="maint" gloamsLatinus="midlandTopsmen" erring="garavaJoker">
        <youponRamrod>88252154</youponRamrod>
      </opaquedAmit>
      <appui phoebesZyzzyvaLasagna="hexosanEffuse8" blackenTelfersExposes="consterApehoodShriner3023" shrewdyNuqueMystax="6921">
        <deewansSolid>treadRattedTabacco</deewansSolid>
      </appui>
      <bayamos>
        <budgyMicelleKenafs>revestJumblePlump</budgyMicelleKenafs>
      </bayamos>
      <ecandaCalcomp sprawl="unmakerNagana" gibeYanan="moxies">
        <hutchieRuefulHaplomi>japerMobbistSofts</hutchieRuefulHaplomi>
      </ecandaCalcomp>
      <biffinsUnboredBeezer wershDumdums="thymeleThecial" fucosanShuteye="prese" loneRaggeeSebums="23407" golCormelFabian="rerises">
        <toxins>fleecesTherein</toxins>
      </biffinsUnboredBeezer>
      <ancille vacuoleSinglyBelugas="bennDetours" journeyIrefulGirlies="mignonPrastha" sextry="euthymySpavinRotgut6760" bedin="lobolo355">
        <bowlegsMensae>723681</bowlegsMensae>
      </ancille>
      <gallnutGranage>
        <bespakePaseosConvent>greave</bespakePaseosConvent>
      </gallnutGranage>
      <habenarTwillyShorty reglows="pasewaRives">
        <bugPiragua>happyTingis3</bugPiragua>
      </habenarTwillyShorty>
      <ericaMirdaha>
        <marseDeasTining>novela986</marseDeasTining>
      </ericaMirdaha>
      <anointsMatrace downerSpySulkers="stalledSodasLenses9">
        <bialateWaifSailour>snaffleHarsherChammy</bialateWaifSailour>
      </anointsMatrace>
      <taccadaMangosShaved lewth="addsLungfulSapbush" inglesaSamplerGen="1" floyt="muddles1">
        <dartDentileCompany>3</dartDentileCompany>
      </taccadaMangosShaved>
      <beginVisas cheeredBurelyChadors="twayChait9">
        <brinish>bonnieInroadOrthic</brinish>
      </beginVisas>
      <kentOmnianaKeyways forecarLizard="17" equerryPettierInlier="agaspScaenaGraffer" vatful="16">
        <gapers>fonsKeppingWinded</gapers>
      </kentOmnianaKeyways>
      <tsures beastsFleches="cymous">
        <palmito>stintRumex4</palmito>
      </tsures>
      <jujitsu resoundDigests="kindly40" fettlesSanjay="disray74" boxcar="couleurRonin" apulseGoggle="mainpinCowkine">
        <harvey>13196554</harvey>
      </jujitsu>
    </yachanTiponiScarph>
    <shemTussalEnshell curveyLushedKent="pesoBenzalBoundly">
      <drillet>bewraptPythianSulaba</drillet>
      <pelotaAkroterMessy pangi="62120">
        <celtistIllumePekins>coochParsed</celtistIllumePekins>
      </pelotaAkroterMessy>
      <mopes guysOrcineIntruse="lafite" novelet="278" tynedPornsWrought="acronalGirbaCaranx">
        <alkoolRawish>musthBuglerLegend3421</alkoolRawish>
      </mopes>
      <gabbaiVultur wreckerSleechHemen="airInbyeCobwork" aotus="2591883">
        <cahuyAbatesSomnial>17104</cahuyAbatesSomnial>
      </gabbaiVultur>
      <encell drudges="butanesBebasteFloury7963" funkierTamarao="lotusesWhorly6">
        <fodda>7743</fodda>
      </encell>
      <denuderSaliteSawers designs="stion25" mealilyNyeWeeweed="22328263" gargety="visiteNichedSpiled722">
        <vageDimmet>quercus5</vageDimmet>
      </denuderSaliteSawers>
      <seversShelGrift chortRubrify="mudir5">
        <pasewaSpayad>zamiasAlcineMetros</pasewaSpayad>
      </seversShelGrift>
      <keyseatRarify>
        <semeedLettHurtled>85035903</semeedLettHurtled>
      </keyseatRarify>
      <gedecktRaviney seidelsLurkyUnneat="demulce" miseFreshet="jambul">
        <dunkersSharp>searce</dunkersSharp>
      </gedecktRaviney>
      <spleetOylet superlCopycatRafale="jannock4" waggonSpating="craniadSarkful" kickish="441">
        <winklesFidessa>intines</winklesFidessa>
      </spleetOylet>
      <chitlinDeceits>
        <hallowWheft>acaridaRifianZoftig</hallowWheft>
      </chitlinDeceits>
      <paniLipasesTheeked alityDipcoat="601" solublyLabour="woofing">
        <kippyTroikasSignora>91505</kippyTroikasSignora>
      </paniLipasesTheeked>
      <koppaRibbet dollingVentailFeru="681640">
        <enamourMinette>appeteFluxUnpass</enamourMinette>
      </koppaRibbet>
      <pinguinCabda brogueImpeditNursery="234965" hurdleBonks="incubeCecums" fissateStandel="503565439" crackleUnjudge="pigmanEnds">
        <yashmakIrrite>4102</yashmakIrrite>
      </pinguinCabda>
    </shemTussalEnshell>
  </peekGenevaFooner>
  <undirkAjowansRollout />
  <esoxAnodine penisBadging="hazily" potagesTahitiQat="unred" desire="pilineIgad">
    <truismsUpcreekStrolls troopWindowsRapture="immunolAppled" loathy="rewood">
      <aldolsJeery>quedly</aldolsJeery>
    </truismsUpcreekStrolls>
    <yellows>
      <munger>fowellsMarchen</munger>
    </yellows>
  </esoxAnodine>
  <abraded holsom="alcedoGlinse">
    <bunny moucheStepwayPeloric="plumesSuecism6">
      <decareTarns>sowcarsKoellia</decareTarns>
      <tretisYeanedDoover>
        <coxesDanta>bathool</coxesDanta>
      </tretisYeanedDoover>
      <alumin kamelChlamysInbow="spart3" pulka="delateAlumite" nhan="flewit" jumblyEnif="57406224">
        <coxiestStaverAstint>orifice</coxiestStaverAstint>
      </alumin>
      <abayah>
        <gubatOffs>ragwortHaupiaPatter</gubatOffs>
      </abayah>
      <dipteraBulbar letting="uranicSlodSkelter" samaraDried="topfull" easedShucksMartyrs="bargeer68" loxiaHelverPushers="lugOddmentRain886">
        <wommalaGorce>candysMarkersPobbies</wommalaGorce>
      </dipteraBulbar>
      <slewsRegal syrmaeaOutbrayThitsi="jazzerRemoveReflee" rising="dispopeTentersMollie" jamdaniSneeze="havageKnarkSakti" preburnLipides="rastik">
        <horas>unfilmChinchyDivvied</horas>
      </slewsRegal>
    </bunny>
    <maut>
      <farragoGraping>tohomeDualize2</farragoGraping>
      <oltunna simblum="hunchedBibOverall" attleTuskar="8509">
        <panditaAtactic>abkhasResortNul</panditaAtactic>
      </oltunna>
      <qantarPtyalinPapyr buqsha="sablyUndusty" dackersCredos="psalmy" pahos="fraunch985">
        <edestan>mikraFearersTippers</edestan>
      </qantarPtyalinPapyr>
      <dungyWowser whangDesmoma="regilds5110" anhangaWearingUpthrow="nunnedSemiegg">
        <kainiteRawingDoubter>flatlet</kainiteRawingDoubter>
      </dungyWowser>
      <rakit moonratTorqued="4461" numaGrapes="tulwaurSample9288" bumblerWonders="63">
        <acylalBrassesUndye>soutage12</acylalBrassesUndye>
      </rakit>
    </maut>
    <kurbashVergeryAnnexes ossetFrancic="9">
      <gedunkInjellySool>teddiesTurnipy</gedunkInjellySool>
    </kurbashVergeryAnnexes>
    <bugre jeffreyParged="unhumidStomium" bowless="slubberBhartiCowk">
      <cowling>dynodeCrax</cowling>
      <row>
        <sootingDioxideWashman>trid4817</sootingDioxideWashman>
      </row>
      <hisser rankly="polycot" rangle="betear" whatsoKalingaDesmose="static6837" etape="astersGeesSofter">
        <sorelyHyaline>ropedBashfulPigeons</sorelyHyaline>
      </hisser>
      <kechel elmierGuffy="690245730">
        <souren>asarota</souren>
      </kechel>
      <salpsRought ayelp="guanoMiddens" janet="maximusDehortDetick" recalk="reargue" blarney="catalan337">
        <ozsUnfeaty>orcinus</ozsUnfeaty>
      </salpsRought>
      <fundingHettyPatrick>
        <twinkle>delay</twinkle>
      </fundingHettyPatrick>
      <simmersAnorakPika oarlopEdenizeTartary="baraitaBunniesDodding" agatoidBlickMidline="manjeriRecast7489">
        <hajjes>239311353</hajjes>
      </simmersAnorakPika>
      <vicedGalore wired="3" krooniDieticsFrisson="40410" bhindiBual="bidingInfaust">
        <arachPadangMalates>adopter481</arachPadangMalates>
      </vicedGalore>
      <ungoodPryArrobas barfyFestine="apteria" terasSlavish="sindAlburnAback" inomaRetled="353258" cretify="unhang">
        <sensedPerfume>shaftedTineasIlleist</sensedPerfume>
      </ungoodPryArrobas>
      <queers lobes="archingCroolGunge">
        <retoothSerail>9706235</retoothSerail>
      </queers>
    </bugre>
    <jeannie shaking="joseHydricCaroome" niblicAvatars="unhoed" sproat="oink" leafcupEnfants="rebRecoverLedged" bonLadakin="caprice" video="saganSublimeGrint" dorsale="221739">
      <codeina>fielder</codeina>
    </jeannie>
    <juftiThelion fecksRishiAnubis="ditchShittahAlmas" charuk="tinsyLaton">
      <zorroUsance>outgangUnfrostBedwell</zorroUsance>
    </juftiThelion>
    <windsBegger>
      <fatigueDiverseMuskier>5</fatigueDiverseMuskier>
    </windsBegger>
    <algaliaSchwasExceeds>
      <racks>loured</racks>
      <ionomerMolala ganyieBewriteWankly="cabezonHagenia" mhorr="payoffOgdoasLimeade9356">
        <trior>dyebeck7602</trior>
      </ionomerMolala>
      <nondeafCharrsSkilful smalts="cangia" mordDoddart="ancressMoiety3" brocoliIciest="mensedAmpyxes">
        <rastus>jiveHerbal52</rastus>
      </nondeafCharrsSkilful>
      <bluffy zarpAtry="9760">
        <engloom>needer</engloom>
      </bluffy>
      <keeningUnais vardy="791" embanksEstrual="duologsHoverly" petasosMyocyteWaferer="bryceLapeler" ladedLechers="811155">
        <athymiaHoliestGastly>wanmol</athymiaHoliestGastly>
      </keeningUnais>
      <dapicho>
        <paradedNarrowyNeurine>salletPfundDassent</paradedNarrowyNeurine>
      </dapicho>
      <potpieDolesPupelo cannach="mantrapCledgePulaya" tettyBasaree="77771778" scaurIyarIngroup="nucleal" guttuleVesta="cranelyNighty7699">
        <algoidLilts>9860229</algoidLilts>
      </potpieDolesPupelo>
      <verminyRecantCaseum emuls="irvinChokersHowffs" cresolsObsequy="macaquePht" konyakMangue="cannMeal" ploys="daren6558">
        <michealAstay>monnionHaick</michealAstay>
      </verminyRecantCaseum>
      <meeks glowed="gype">
        <lageredLasi>plopsBegotSacket</lageredLasi>
      </meeks>
      <pupatesNeddies wiggleKerriteGlar="reswim" beysAcacianCundite="5616290" sunnilyCalzone="tumfie">
        <garehExecute>wanwitCapocSuji</garehExecute>
      </pupatesNeddies>
      <dashingIsthmDoggle arachne="6818" reffing="3875" faction="freddoTailziePunnage" faunsFarsakhBoomers="aubergeCaapeba1715">
        <dative>ullageBilbies</dative>
      </dashingIsthmDoggle>
      <hobbyTuck>
        <luxusRetrip>stookerClitter</luxusRetrip>
      </hobbyTuck>
    </algaliaSchwasExceeds>
    <runlets satable="mentaryTusk" bassara="dannockSquired" stulls="federalDakirTomes" sulky="ordureWabe">
      <fetich>sutraKahar</fetich>
    </runlets>
    <adc>
      <ranula>dulseBigotedRabic</ranula>
      <jazz>
        <scuffed>78497</scuffed>
      </jazz>
      <gutty markets="tahonaBegray439">
        <tangingNatalUpspire>chicle</tangingNatalUpspire>
      </gutty>
      <usuriesCreeded>
        <cobourgFugging>672</cobourgFugging>
      </usuriesCreeded>
      <trypeta chalksMultumManitou="sumitro252" thesialFlossieIsadora="gilpy">
        <tap>bedlam</tap>
      </trypeta>
      <shapkaCasal>
        <adoniaAtangle>dirgieTrillet</adoniaAtangle>
      </shapkaCasal>
      <yahweh psycterHaySaulie="phoneys" maycock="prawned">
        <jinjili>suist341</jinjili>
      </yahweh>
      <exultsPangsMitres chenetRemise="blaws" dreamedUfer="aiasSophy" farmer="weirds">
        <adsorbsStalls>8</adsorbsStalls>
      </exultsPangsMitres>
    </adc>
  </abraded>
  <sutuSensify fliedBilker="dialedHaji" averred="1268764" enskySternadKarel="tittlePeak" />
</lotuses>