<?xml version="1.0"?>
<moidoreGlyoxim>
  <utrubi sanche="2" />
  <nigel deeInfulaGaine="eckleinSisesBalmily" escarsDiddest="unbarsMoniesSurely" halcyon="prongyGaviaQuicker">
    <sirupedBaladaBiocide viseman="lunierHauteinVagi" mysellLogionsBuxerry="chevronLeva" unbias="rosiedPivalic">
      <bemuse>buicksOutwash5</bemuse>
      <tusks>
        <upbrayBrisure>tubbishVelvetSekani</upbrayBrisure>
      </tusks>
      <tottenRudy clarifyFleyedRedden="tarponsAirwash">
        <hatesAlcazarBide>packmenWave</hatesAlcazarBide>
      </tottenRudy>
      <lithoidFuriesSalloo>
        <cloquesInchain>605771</cloquesInchain>
      </lithoidFuriesSalloo>
      <todayOutgrowEclegma bejig="96" caunchBunton="noddedLowishBowerly">
        <runnethWeighty>levefulAviateBasion37</runnethWeighty>
      </todayOutgrowEclegma>
      <teuchitFarinasPongees prolineSultam="punditaAlined">
        <agelongYow>delugedHarkeeJanet</agelongYow>
      </teuchitFarinasPongees>
      <souchieRiceApyrous zwitterStaccMuskat="aureiJacanasMachar52" injuryMosting="7489598" lepanto="becrySensiveTheater">
        <padrone>comose9856</padrone>
      </souchieRiceApyrous>
      <aurureSaprinNovator horrid="sayyidsAngler" phareLuriHart="wisent9" gemmedTussursAnapsid="dubInanersKim">
        <datingOut>ranchesAlulaMuzzler</datingOut>
      </aurureSaprinNovator>
      <wooers tricaAreola="agropeLod" misaver="fracidBedlamsCabret">
        <fellen>dogear</fellen>
      </wooers>
      <sexiest>
        <reefedEntwite>bicorneSlicksSpeirs1099</reefedEntwite>
      </sexiest>
      <halversFissleHebe tamponsBardsDrivel="6111158" pumpkin="ketiminHawser">
        <excludeDjins>largePanties24</excludeDjins>
      </halversFissleHebe>
      <glues>
        <visaed>218683768</visaed>
      </glues>
      <zerebaKauch>
        <idlebyPopean>kryptolFellahSonly</idlebyPopean>
      </zerebaKauch>
      <kaguraGangerRumens skeoughHassarComatik="jowedSamen" reapLyncine="bastiBrigsThuja" happing="spireasDimatisBeeman" freijoDisourEscrol="isologBitchesGuller">
        <jaunceRetiresPang>shantyBareRemoras</jaunceRetiresPang>
      </kaguraGangerRumens>
      <ortmanVitrics shakoes="781307412" weeplyBypGofer="bughtGujarPolloi">
        <setups>hamatumPeskierContenu</setups>
      </ortmanVitrics>
      <availerOozes norroyResoapBillion="darwanYeni" charges="warrishBrewery" algesisMatureLambert="vixensNatrium">
        <karreeRecrushDekko>financeCacao1456</karreeRecrushDekko>
      </availerOozes>
      <unroostHaggaiGunter chubbed="emend" samiteCither="398" crucifyHeeder="62566780" tontoBulluleCoggers="924412469">
        <nerving>etasYojanBaya</nerving>
      </unroostHaggaiGunter>
      <oofierLimpid twifoldCoptFopping="slivingFlutter" mangueFennerGoes="yokageAnnaleBeanier" sulfoneRibbedRefer="outsin" koppiesPoitrelStrook="snocatEnwoundAdicity">
        <viduityRatafee>cabbleHurt</viduityRatafee>
      </oofierLimpid>
      <dultLust forbowDensusRonin="dasRescue">
        <subformLizard>bidreeToadierRakily</subformLizard>
      </dultLust>
      <wingbowWifely dadingDucky="yarwhip" sacksIngenue="sendle">
        <hsienChamise>74263</hsienChamise>
      </wingbowWifely>
    </sirupedBaladaBiocide>
    <tarnal anguloaGeod="linkierMiseryDyphone" adores="1" doitZinc="juraneAneared" darshanSapa="liftersThrawed504" roundupHalfway="floranAtellanLamplet17">
      <joualSterno>38</joualSterno>
    </tarnal>
    <dresserFootman>
      <nags>234</nags>
      <rumicinPasoWager prewarmSandalsKats="antedonSheughsStrife" prude="610">
        <brasque>boskage</brasque>
      </rumicinPasoWager>
      <rejudgeRootery dirtier="640212768">
        <lhota>aguesErmines</lhota>
      </rejudgeRootery>
      <reysonSintocKlaxon>
        <scrunty>racklePyjamas</scrunty>
      </reysonSintocKlaxon>
      <gomerecReachy amiablyOchring="kneltUnsavedInhaust" macaco="ratafeeFowlpox">
        <paloma>hydride</paloma>
      </gomerecReachy>
      <chutedStend scythed="miauerCays1" gidBondon="pyralesGeicPuku" myxoRushersBull="ginkFutchelBrumbee">
        <berme>slatherMime</berme>
      </chutedStend>
    </dresserFootman>
  </nigel>
</moidoreGlyoxim>