<?xml version="1.0"?>
<gashfulDrowner>
  <hennaGrittenDogdom blooms="outworeGratherTournay" russine="pyrenesCoeTogger1866">
    <youre>
      <quoterBoogerTepor>insnare642</quoterBoogerTepor>
      <rabbitsGurgletLands mentery="sattar" chapterRebecksWhse="20695410" smeller="hopplesGaffle" dollinTutelarDunster="toftmen">
        <cibol>pipiAfocal</cibol>
      </rabbitsGurgletLands>
      <scarcy>
        <flairsRasping>sharesNaukrar</flairsRasping>
      </scarcy>
    </youre>
    <scatterBrace>
      <tollyMinterIdolise>cop</tollyMinterIdolise>
    </scatterBrace>
    <vitiate>
      <hodadsCeliac>4</hodadsCeliac>
      <waiveryBeratTelfer hurly="480552">
        <gombo>nettierHydroneFoam</gombo>
      </waiveryBeratTelfer>
      <townlet pooch="unmagicEmbueOneidas" billaLevir="octads" amanistTallest="70">
        <nettle>43831</nettle>
      </townlet>
      <gentlesTempersPaque lut="5">
        <pahlaviBadlingKeeks>mellow</pahlaviBadlingKeeks>
      </gentlesTempersPaque>
    </vitiate>
    <impostSuccus rulers="inworksParicaFeatous3145" aimedJainistArefact="fanitDramsDullify" spirlieLoxia="zealousGringos" welsherAlcyone="chopins" hulwortGunnageNosy="boobookAbseil3115">
      <unhull>dwellerBeearn</unhull>
      <galeae>
        <ising>9</ising>
      </galeae>
      <finspot yelping="affixt464">
        <sodless>cineneWark</sodless>
      </finspot>
      <klezmerPelias waulingSparker="clepes446" berry="beira" leally="keraciThais" bluish="88625">
        <rykingUnyokes>355</rykingUnyokes>
      </klezmerPelias>
      <jambosBuxom waggingSakis="cabaret">
        <anatomy>kick451</anatomy>
      </jambosBuxom>
      <agonies towneesSerbianGauby="517417428" pyxiesTowan="upbotchLapsingNomads">
        <inhumeScoke>deashes6019</inhumeScoke>
      </agonies>
      <itolandSeisor>
        <issitePutterLipwork>7131522</issitePutterLipwork>
      </itolandSeisor>
      <essoinLatrias khitanLaiUnplant="ulonataChallisBens" nieceFlacksFlyblow="83131579" poleynTrabea="poredBlaubok">
        <nonbook>beclog</nonbook>
      </essoinLatrias>
    </impostSuccus>
  </hennaGrittenDogdom>
  <renove />
  <bedfordPasternMalva dyceArdito="enwoodMessans" />
  <shluPodialGabgab scoffAtom="9312528" chuddarOpticalParisis="moieterEcbaticReddy" beehead="stovedPipidae" argilsLobatae="augendsFooler69">
    <dustpan>
      <hogmaneSebaCrocein>flybys</hogmaneSebaCrocein>
    </dustpan>
    <weals>
      <agaricsHobbler>lyres</agaricsHobbler>
    </weals>
    <kafkaAggros doats="85941739" idist="9" lemuridKnobbleRaisine="1" bartersUntooth="71">
      <clamorWandleLodowic>pasterWeaveOvile</clamorWandleLodowic>
    </kafkaAggros>
    <reisnerMothy jacals="glacialCypris" simmonScolitePander="54927" phylicCausseKyke="symtab18">
      <parulisRull>shechem6291</parulisRull>
      <enghle piertBeebeeAythya="alupag">
        <pushpin>esker</pushpin>
      </enghle>
      <entomReruns prankt="admixesRosetanTozee" koraitPending="wannestJazzistUnbud" sloveneCringe="frasera" smilerMuntins="2783173">
        <awfully>filmilyHailingUswards</awfully>
      </entomReruns>
      <organaJaypie allyic="dryable">
        <sravakaOes>6977632</sravakaOes>
      </organaJaypie>
      <benzole>
        <floush>smockerBambaraLumpkin</floush>
      </benzole>
      <tcheRoastsOtidae immissShrillsSkail="awlwort6418" trocaSiredBowser="jurallyKvar">
        <barrels>werooleMaunche</barrels>
      </tcheRoastsOtidae>
      <roosted getae="saitheCurineVailing" scillasZanderLayed="toelessLoungedUniat">
        <aequianAnkusesRials>elateIdeanDulcet450</aequianAnkusesRials>
      </roosted>
      <stacksHeep cataloStoppel="472020360" expects="unbrokeIsotelyNiobate" meropes="425873" markersAmusiaHumorer="uchee">
        <troupedArbiter>wardsFeezedAnonol</troupedArbiter>
      </stacksHeep>
      <arengaSalleTirl>
        <irrateFlattopBough>ovisOpiane</irrateFlattopBough>
      </arengaSalleTirl>
      <furlongGild slagmanSolutio="flexor" paceway="chousBuzzers" cartfulFerulaeJiggers="unwoof">
        <stoushAshamedGilgul>7701565</stoushAshamedGilgul>
      </furlongGild>
      <cushatArmlike jerseyUntamed="alogianFeces">
        <sudses>yumArzawa</sudses>
      </cushatArmlike>
      <lawlikeEndaseh margotSeptumsBurucha="patacoPandiedUnrid2" morphicWhereonBlushes="3" exinite="osmoseHaltBleb76">
        <hewers>ouncesHillMoil</hewers>
      </lawlikeEndaseh>
      <shikkenHeroinsDishy antiqueGodling="540" bythHyalinCalkage="881510261" podesta="grazesNoshesAmbits" cururos="hoselPitawasMahomet">
        <oralizeMudiriaHyoid>roemerFarfet</oralizeMudiriaHyoid>
      </shikkenHeroinsDishy>
      <tantivyComidZooglea deinkHooplasTubig="pelopidTopengAdsmith" laenSemic="prenameCatting816" basin="cryoselItches" ritard="pillasMadman61">
        <emitter>15618904</emitter>
      </tantivyComidZooglea>
      <tishiyaMobed triobolHelewou="pipery">
        <papoula>colunarQuartusMetes</papoula>
      </tishiyaMobed>
      <dulcianDorask lockJaghireCyprus="feezedHeftedCochair" exerted="pietePruigo3217" lota="vermix">
        <orangyGirlies>laticesPhenyls1</orangyGirlies>
      </dulcianDorask>
      <handyEnshellGrecing imponesLepromaLache="7948" talisayVernixSelago="53" sapeleRopilyCoremia="morrowsMettlesRone" grate="eosinesSchedarLaten">
        <choffer>48</choffer>
      </handyEnshellGrecing>
    </reisnerMothy>
    <stubbed readerFlyingsAtomic="waird" khud="dauded" arcadicWintryUnau="exhanceCaseltyBurrito">
      <murreys>iliauOfayTremble</murreys>
    </stubbed>
    <nounalBrum datoUpstamp="42" untaken="bufidin" timpana="seismolVinodFlagmen">
      <listsCrewmanLaugher>7</listsCrewmanLaugher>
      <officer enthuseAlumic="unbegetDockmanWoevine267" palew="clodderGagroot">
        <jaszWeakestDarius>coaledCestode</jaszWeakestDarius>
      </officer>
      <advised iliadicNou="cellistClysmicBuckras" yelpingMinyAleft="creche" notekinRufflerGell="64958805" deports="ponjaCheluraCancers">
        <nourish>vigourReakTjosite</nourish>
      </advised>
      <miasmasCecilia adelineNippier="carpetsNestlerCollect" eyeshotBloused="80019" gobbled="cooees" junkedClunist="tsarina">
        <wiccaHouvari>dolmas</wiccaHouvari>
      </miasmasCecilia>
      <nudateVersant>
        <tallis>pashm</tallis>
      </nudateVersant>
      <fimbleDamsonBoylas ephetaeShaivaPrisage="syllid" stridesUrgerAlonso="bastedNete8" cretinsLockyer="jubardy">
        <upgazedRelongBilking>araseMithers</upgazedRelongBilking>
      </fimbleDamsonBoylas>
      <roseryKoa>
        <scarvesDisegno>nacelleWhalingWabbles</scarvesDisegno>
      </roseryKoa>
      <pullersVerdins polluteSaggars="urology">
        <kitschColons>goliath</kitschColons>
      </pullersVerdins>
      <addulceSatiricFacade woibeKnawTonsil="soxhletFuryHership" nitrianManfulDuolog="goblets8981">
        <speltsVergery>95</speltsVergery>
      </addulceSatiricFacade>
      <lencanSpudderUnbloom cesta="801" cliquyTivyVermes="233659">
        <eyessLends>sandedPawned</eyessLends>
      </lencanSpudderUnbloom>
      <carrion scopesPayoffNeurula="dante">
        <tye>peisesLoathy</tye>
      </carrion>
      <raffledZanana doffGrigCorded="haetRatHums" fipplesAbidersSeeks="160" sinew="vapourEvestarClouted">
        <unneedySnewNaggly>sidledRimeryGlozer</unneedySnewNaggly>
      </raffledZanana>
      <furore annuityBututs="chesset" bunjaraSelfly="59981" whinnel="disladeAffixWanter" apsidesHillock="wainfulLinguet">
        <astely>pendentAccollMichery</astely>
      </furore>
    </nounalBrum>
    <haremReadmit>
      <cuscusIncurve>deterFarcy</cuscusIncurve>
      <hotbedsWritterPrimmer garlopa="shapoo">
        <damson>femursTricon</damson>
      </hotbedsWritterPrimmer>
      <dapperOverest pillars="7012837" olomaoFishersMuring="balldomScroo" griphGrimaceMumped="bullomCars" swarferChungaCerion="3">
        <nictate>98485</nictate>
      </dapperOverest>
      <nocksChhatri bardo="hoeyWhaler" gregalTeledusDacron="chazzen">
        <redbugsFilmilyRobbery>kurmiUlceryHerdics</redbugsFilmilyRobbery>
      </nocksChhatri>
      <saintly vocalsNutrias="141465" bowler="kalasieAlophasMairie" noxious="84006742" savviesPieshopScurfs="slop">
        <extrait>egilops</extrait>
      </saintly>
      <toisedKinkyMutters leone="boccaJowery">
        <lumbusAmebic>sloth</lumbusAmebic>
      </toisedKinkyMutters>
      <gladii dribberTirl="106049079">
        <yabberStrode>amatedDeemerAndi</yabberStrode>
      </gladii>
      <floatDynamJazzed>
        <heartsLorenzo>8723</heartsLorenzo>
      </floatDynamJazzed>
      <facyFresherJurel ristRated="lugmark" zingedMydine="fridayFname" fendyOrating="rinsingCaredQuirl">
        <hoorahsTagster>mossierTackler</hoorahsTagster>
      </facyFresherJurel>
      <dedanLobbers ramrodTucumanSwinger="asmalteMerlonWealth" muddied="69" upgoingDeanessInspect="linolicGages">
        <dogEnemataTunic>brelaw</dogEnemataTunic>
      </dedanLobbers>
      <maggotAlphasWarnoth>
        <sipidBenuBeati>mustee</sipidBenuBeati>
      </maggotAlphasWarnoth>
      <livablyDrachmaCopain usterCcwsBlocked="cereus">
        <grumpPalgatSwiple>colourSlavs</grumpPalgatSwiple>
      </livablyDrachmaCopain>
      <cainismVouchorUnivied drolledScolia="vivaMacan118" amoyanPetalsWhittaw="dalisOdoredFlosh" gabionsGowanyDariole="soeverIntra" kernsGelatinFiggier="tobyman">
        <bighaEndear>penes</bighaEndear>
      </cainismVouchorUnivied>
      <shards wouldst="axons">
        <mynahUlmin>8</mynahUlmin>
      </shards>
      <dorpsEveckFrisks scythes="227686814" algedoHilloTidely="strolld" grantAtingaDandy="cogFrother">
        <siller>31193</siller>
      </dorpsEveckFrisks>
    </haremReadmit>
    <marcidCrankly amidatePlatySusie="prosody" preoticSinnersAthymia="2" allium="857821" rowtedGrocersPillule="8391336" tree="varyingSurnameAsepses" hexene="vitrauxCassoniLampern">
      <acquest>clasheeFeudary</acquest>
      <holms>
        <jackeenDig>54005262</jackeenDig>
      </holms>
      <bileveTractNatuary>
        <covine>oxalatoRewetBingy</covine>
      </bileveTractNatuary>
      <ensaint gabionPastierCachaca="dorserVichies" tittyChaine="kuruba" pityGnarrsPained="elance">
        <agreersRounds>undightUnlavedSpieled</agreersRounds>
      </ensaint>
      <gaussesPreppy nerved="key" colkRotulus="impietyFloyd7892" scupper="211851">
        <kitchenEsprits>95400560</kitchenEsprits>
      </gaussesPreppy>
      <mixenGauds pandean="912011015" surcoat="defeitThitsiMoved">
        <tomiumCymesPirana>impanelBazoosBytime</tomiumCymesPirana>
      </mixenGauds>
      <jaspeIffyAddles bewest="louting" justoDamlike="luteum2009" enrages="molaveSubbiasMells">
        <kinbootJotting>anticorAshpanQuayful</kinbootJotting>
      </jaspeIffyAddles>
    </marcidCrankly>
    <fomitesSexes softishHulasBeeman="rosellaHavel" knappyZarfsSardana="11219">
      <estellaInsiteEqualed>unsameBaccies5181</estellaInsiteEqualed>
    </fomitesSexes>
    <noy>
      <lokaose>limoFalters3140</lokaose>
    </noy>
    <eachCoquina yoe="pyrites" stagedHumbo="agony" nib="ultimo" milkenAbaisedKerflop="yrsRubrailBowable">
      <jubas>puka</jubas>
    </eachCoquina>
    <charpai>
      <peccavi>uniremeTrombeGreeing</peccavi>
      <batture fichuFantee="bain">
        <anhanga>klutzyNoxious</anhanga>
      </batture>
      <volpaneGrawls stoae="canvasSuper" nachasBacker="weldingBelches" fizzArsonsTeas="toelikePale" ctsDosing="sculperWidowedBitable">
        <washing>footmen</washing>
      </volpaneGrawls>
      <kinesOtalgiaNuchals affineRullionSerge="uncurl" barraAgainCreasy="ife" urledManquee="dryadicBoguing" vividly="cozier">
        <dasyure>guseridLunkRaffles</dasyure>
      </kinesOtalgiaNuchals>
      <meeklyOvergot dewdrop="newer69">
        <bustier>suraminDevelsWanle</bustier>
      </meeklyOvergot>
    </charpai>
    <masserBelili>
      <genionTyning>24055</genionTyning>
      <bailsCuishPenda eparch="raider" mennonAbwab="harmStapleTuchit" hardTuskarRejourn="apioleEncy">
        <saffianCouthly>dictionSantene</saffianCouthly>
      </bailsCuishPenda>
      <astondEpulisChintzy steghGradesPathed="wizenNoyfulZinzar" codgers="pangLull5429">
        <modius>rudy</modius>
      </astondEpulisChintzy>
      <donnees scallopMirdahaOphir="2209" osmanli="libeledRauqueDogana">
        <espArcaAmala>dewalBatsUnwary</espArcaAmala>
      </donnees>
      <slaePensiveTaun>
        <madrasiManadaChinee>outweepEtude</madrasiManadaChinee>
      </slaePensiveTaun>
      <rotator bdeSparingTeasle="imbaseScoffedGowdnie" seafowlZinsang="snaggle" arioiRiel="begone">
        <marcatoSmuggleSirs>zaffirsAssify6</marcatoSmuggleSirs>
      </rotator>
    </masserBelili>
    <moonyAnteingBiofog>
      <hypos>whaleryWinerChopdar8</hypos>
    </moonyAnteingBiofog>
    <alidadeNanakoRests>
      <pseudoUnableHelldog>crochetGhostyBasqued</pseudoUnableHelldog>
    </alidadeNanakoRests>
    <lustrePungentPiannet valeriaTideway="92" palpusGradual="halidesAeonist482">
      <lanai>incense</lanai>
    </lustrePungentPiannet>
    <pawditeWeltersSoldo>
      <lynMossesMalmed>stabShikara534</lynMossesMalmed>
    </pawditeWeltersSoldo>
  </shluPodialGabgab>
  <bournsPropusVenues>
    <ocherBypathProxysm buntsHabiru="gigsmenLaneteBerries" criboMarriedWips="mandyaiCagierBilker9622" decadeCondEmbargo="morglayAllezHanking" leadsSuzanneTilters="ascianFibryTubings">
      <swipesKeslepRhaetic>168694485</swipesKeslepRhaetic>
    </ocherBypathProxysm>
    <abidingHessianFreith bikersIngotsCalmant="7" diddy="trionfi" howea="avowerZapateoTyrant" kneadMesuaTaphria="decoyerPiscisFub">
      <yaffing>glenoid8</yaffing>
      <bein>
        <mulct>377404</mulct>
      </bein>
      <cabujaPacificExalt bedewsShowmen="guyerHdbkLunet" radiumMohr="limbingLeerierDress" outlier="delimitDanaanTackey" morrosInitial="pultonAveugle">
        <yor>icecapsUpdoveTambac</yor>
      </cabujaPacificExalt>
      <arb jibbedVelate="glynGosainMafey" luggie="793197202">
        <samsienChinchaJawing>throwstWacSahibah</samsienChinchaJawing>
      </arb>
      <journalEndarchRoncet elflandBurial="flaskerStipateOchavo" chacra="upwring507" mopeier="yorkMikvahQuittor">
        <retinCgs>crees</retinCgs>
      </journalEndarchRoncet>
      <lyery crouponHob="511216769" amongstEuphonySubnex="jarvieAboral8" joualsAcone="leapsAramaic">
        <telicalInhalesWonky>atomics</telicalInhalesWonky>
      </lyery>
      <haggishBrisaAnnuler tucketsPockingSources="musconeOilersWhig">
        <valetedBipartyDacoits>warble4377</valetedBipartyDacoits>
      </haggishBrisaAnnuler>
    </abidingHessianFreith>
    <discure loots="crabletLambertQuitter" sdeign="5484">
      <sloshyAnimineCourt>scaleneSitulaeBindles</sloshyAnimineCourt>
      <narras niceishPercept="502645076">
        <avoyerUphillsPeening>aedegiScreams</avoyerUphillsPeening>
      </narras>
      <havageDripperHenna>
        <armyFrowze>diceEmerizeTiniest</armyFrowze>
      </havageDripperHenna>
      <joysPowdike saddlerBlushedThyrsi="lipoidsTummalsLessors" coigue="sculptCaredSowcars" rageCaliper="camacan" pengoNeem="cozDugalSleb">
        <amgarn>helderSiol</amgarn>
      </joysPowdike>
      <toxosis rasTootled="smellShuls" unhelmSynnema="tootlerDodgedRefreid">
        <widegabYocks>englutCoprose</widegabYocks>
      </toxosis>
      <picachoTouret>
        <trilobeAngakutClaires>unitedPectous2</trilobeAngakutClaires>
      </picachoTouret>
      <haremUpbelch edanaForgoesLuggar="stumerHeadend" numericGatha="propone7" lupanarOccurseParters="darioleOrles" hokerRayahsMahone="scroff11">
        <keepers>antical</keepers>
      </haremUpbelch>
      <epuloNaunt semenceOologicTotems="nocenceMackAzuline" hagwormNeaped="winnock978">
        <mimicalDoandDobby>lievest5264</mimicalDoandDobby>
      </epuloNaunt>
      <warsler chiopin="rumpadTitienBikeway" alcyonJealousLeet="jannockKitschy">
        <redaubWorral>pochardScur</redaubWorral>
      </warsler>
      <spignelFunster>
        <lapcock>todus</lapcock>
      </spignelFunster>
      <coppersAcronyxEstus rhoncalWurrup="tomaSitusComarum9" atinkleWeedierAnimi="haling">
        <stowce>552436</stowce>
      </coppersAcronyxEstus>
      <escrows debarObligeStew="gaolage" prisons="7751040">
        <balboa>elbowedNimbi</balboa>
      </escrows>
      <ineunt refugia="valetLepry" rodmanJukingRemask="barkeyGlimsArgyle" upcurl="marcanHortCooky" coolant="lefts">
        <aimerChimes>galoshPavedParings</aimerChimes>
      </ineunt>
      <rebore grouperHarrid="8351576" topmenKuldip="koldajiBotas9" ductile="olearia">
        <lushierEyresNeum>coppra</lushierEyresNeum>
      </rebore>
      <ernesNows hawokCorvinaTweeny="tapulFace26" mocoanCulpa="maillsUnteach847" florBuyers="enwind" jinglerSnellsLintol="8805">
        <heriotsNewerChumped>reclasp777</heriotsNewerChumped>
      </ernesNows>
      <equinalIrone upboilValerie="lemanrySnerp">
        <verserKalmuckBurster>sauria</verserKalmuckBurster>
      </equinalIrone>
      <huggery biogensCuna="redebitSwarmAminase" dimyaryCoulomb="7592" hortite="tajesArmloadProtore93" stolid="ness">
        <nifle>139</nifle>
      </huggery>
    </discure>
    <traps>
      <phytylPannier>disMimingPodial40</phytylPannier>
      <scoliteFitmentOrpheon diaper="inkbush" bayeteSolelySibs="beent1637">
        <doglegsAroras>magnaLakersCherry</doglegsAroras>
      </scoliteFitmentOrpheon>
      <punishMete curly="onsteadMalodorShedder" eschewJillsTails="civoryMarcher" bantery="hiddelsCaprockInsue" persueBilgy="thitherRackleForthby">
        <deaferHemself>danaisDipoleOgler</deaferHemself>
      </punishMete>
      <oozily tetrantBillot="bashawsOptions8587" reynold="jerkerFadme" humsSarnaWinned="skim8575" fthmMutantsLiftboy="cuminyl">
        <zootyHengeSulfide>oxalylCumuliSnacked6349</zootyHengeSulfide>
      </oozily>
      <urutuMeloe>
        <magots>betta</magots>
      </urutuMeloe>
    </traps>
    <dougl sodworkTearfulDrupes="chalcid">
      <failureFanners>gerusia1</failureFanners>
    </dougl>
    <desertsDlvy encaveGroggerKhatib="pelota" taxemeParpendChurn="3591" legionsAlcedoAnounou="3" sarkyZeteticSoleyne="apodemaStreetsIcefish" wiremenEntrezPerches="tizaMisnameSootily">
      <dulosisScareLogeion>9576</dulosisScareLogeion>
      <pulesEmerged untiltBala="liliedEaglesAriot" goupinLass="820249" rustledEratoSwipy="writsDes651" anconaDaffs="mistForpineDaubes">
        <clipseTenentSocman>lidManageeGushier212</clipseTenentSocman>
      </pulesEmerged>
      <murkyKneepan myops="slicingStaboy" kluck="griftsTaled8321" sensile="paprica" espinelBucketyUrachal="sitsRimesGrouchy">
        <allonym>kateDawnsIthand</allonym>
      </murkyKneepan>
      <seepsPlodsJoseph alegarsNeperEched="unreadUkasesGalyaks616">
        <gnawed>fileDelsMoot427</gnawed>
      </seepsPlodsJoseph>
      <guzulSwalloMinders craikUnsunny="fossil1" selfedBescourLeaked="ilicicGnetum30" sagbutWonner="tympani">
        <baleysBewidow>kuvaszIrrideRedcaps</baleysBewidow>
      </guzulSwalloMinders>
      <burgersStanjenParison outledWhitin="8534" naggierCoset="hoin" curtailMittleWand="postersMedickWickers" socmen="exxon494">
        <foroldBeek>haramTomandMaiid</foroldBeek>
      </burgersStanjenParison>
      <anyhowWaliRange>
        <holmosOsweganRizzle>98601410</holmosOsweganRizzle>
      </anyhowWaliRange>
      <nagual ufologyEntelamGuyer="655622" spaesTpk="crissalKexyMult" mariaTabificBazaars="tankahEvoe">
        <acopYirthsServoed>3</acopYirthsServoed>
      </nagual>
      <diacid embusqu="kussoBoxwoodHamotzi" pteleaLabis="2862">
        <atossaMinutes>silks</atossaMinutes>
      </diacid>
      <heyOkas crabs="pousyAbnet">
        <comoidFlaunch>skipper834</comoidFlaunch>
      </heyOkas>
      <flamensOutwalk usedly="mutatisPrimus" spheredPosnet="1083" beshine="addsEdison312" largetBatisLobs="abdatCoupureAvertin">
        <cassianTeiidaeSilly>zattareUrgineaSanify</cassianTeiidaeSilly>
      </flamensOutwalk>
      <seastarPseud jissomReweighDangers="imitateOutrazeRegime" caskMetaeWhyever="anteriEveneHor" suppedJewbird="paiocke">
        <vinyon>caulomeSieResaca</vinyon>
      </seastarPseud>
      <wovenEelbackImaged birlsVerver="alimonySlinteNurling733" dammar="alditolAbmhosCingle" geb="manoir" aralesGrata="tilburyOverseeBravoed">
        <loutsCarbons>foresin</loutsCarbons>
      </wovenEelbackImaged>
      <whiledOculistCreaky ascentFattiesNaira="smritiBridlesCaverns" cervix="whiptExcambBehight" balladeWeaselMaunge="unsaltFascist">
        <sambaMalangaDrailed>64534</sambaMalangaDrailed>
      </whiledOculistCreaky>
      <whittawTanwood oocyst="38" fallingPaneledMark="glints7">
        <topsmen>8</topsmen>
      </whittawTanwood>
      <ascenceDivvyTension lampersTapperSardoin="pellProb5241">
        <bursatiSithen>3</bursatiSithen>
      </ascenceDivvyTension>
      <doigteSahibsConga rhilaTangier="dianiteQuiresDogedom" stacksCatnip="dehusk" cumenylBeseamTembe="merrierTibertEngild">
        <tauriniGushed>qtamPalsied</tauriniGushed>
      </doigteSahibsConga>
      <aristaeMaqui genial="moilersOboists" atrophyPinene="chukkaCiscoWaney7750">
        <babcockHasidPirrmaw>bharaFientTaphole</babcockHasidPirrmaw>
      </aristaeMaqui>
      <pastilChasten>
        <hippa>etagreHopperBrahman</hippa>
      </pastilChasten>
      <mispensPresleySpavie>
        <hessiteHagbutTarpum>waco</hessiteHagbutTarpum>
      </mispensPresleySpavie>
    </desertsDlvy>
    <beseechSericon causaeCornuto="emender" dollarsPrunesConners="scroutOutpryGeikia982" tublikeDesmonBelue="crackyTxt">
      <raurici>fidibus</raurici>
      <alvus hooray="19246" engreen="powdery" shoolLumme="oaricPalling">
        <reddockBenchesOkapi>unornlyDefrostAlf</reddockBenchesOkapi>
      </alvus>
      <celliAbbie sighterBirdieAutecy="torquedFlisky" deblock="sothiacEnsate" toupeesPeengeOstitis="delverFaeBrides" zosters="rewidenLokeHaughs">
        <centumOsirianTunning>babbieChomp</centumOsirianTunning>
      </celliAbbie>
      <jewsAwaitTolanes chukkasMate="chaffyBurgallWaiving4881" camaligTortObols="surelyHausa" mockingArrgtWappato="meredSenegal54" telpherGaunty="rainbowGybing">
        <sealers>wheeshtManurePenochi</sealers>
      </jewsAwaitTolanes>
      <bioral grillee="nadiralSniperDefiber">
        <anapnea>pinworkTaffle9218</anapnea>
      </bioral>
      <dubiousSergipePoleaxe>
        <chaysFirlotTopia>intilSmoothRefined11</chaysFirlotTopia>
      </dubiousSergipePoleaxe>
      <bonnieSlich methylsBotein="turnupsSateWirble5842" fawnsJetwareMammon="tzetzesMalleus" arayneChinwag="fazendaAgoutis6" koontiAsgd="prostoa">
        <pechingFaciaOwlet>unbonedHooktip</pechingFaciaOwlet>
      </bonnieSlich>
      <cuarta filiiDisfameShaup="444" huemulSnecket="70778914" kiloton="unquietTulalip">
        <holdallPintoTitania>262</holdallPintoTitania>
      </cuarta>
      <dulcianDaymarkOliban>
        <valvula>vizslaCarrusReshook</valvula>
      </dulcianDaymarkOliban>
      <rakishFerular umbellaPitaya="dcor">
        <pipkinsAlypineAvalent>90</pipkinsAlypineAvalent>
      </rakishFerular>
      <ledol agazPschent="nuisomeMonierMysel" genrosDykes="cymbel">
        <lathenActivin>neshly</lathenActivin>
      </ledol>
      <fumeGhanaBruckle upgleanKerrie="wizierChunga" tarandReflets="laraliaEleven" amidism="fiancesBanlieu">
        <merrierHeloma>baitedMorcoteFroster</merrierHeloma>
      </fumeGhanaBruckle>
      <angrierClothedInching pilaf="rameal">
        <twosUnglobeOrly>canyonsPelted</twosUnglobeOrly>
      </angrierClothedInching>
      <premedNicotinWiggen>
        <unmarchBergutIvresse>57162522</unmarchBergutIvresse>
      </premedNicotinWiggen>
      <vaunted augural="litiopaDensely" avdp="mowedPulloutGumdrop" bukshiShoorDiscus="cotula395">
        <wodWaffsHebe>3709617</wodWaffsHebe>
      </vaunted>
      <gibbonMentEnvier dyassicPrebillAcidize="284" mistbowAlmagra="sinwardTopper">
        <wamelMindlySqually>doandDecodeGypsums</wamelMindlySqually>
      </gibbonMentEnvier>
      <okoumeKovil hourfulConygerPaisley="selaminFuguing" epizoon="9" librasKoorgUnowned="repileUniremeToluole">
        <wunnaRefiresLankest>revueMightsOutkept</wunnaRefiresLankest>
      </okoumeKovil>
      <easefulBavaroy gobianConsyAzo="purledPlottonYajenin1145">
        <nelumbo>epervaMiff6439</nelumbo>
      </easefulBavaroy>
      <blowfly ironerOrisonCompany="sagathySepadImprevu" abwattUnionicDkl="383590536">
        <condomDunnage>57293</condomDunnage>
      </blowfly>
      <lustsToustTweaks>
        <tetonLoftmenFanjet>5520042</tetonLoftmenFanjet>
      </lustsToustTweaks>
    </beseechSericon>
    <elfinFastenHedged dorad="sanpoil" grometIntrosTurkana="nenta904" oralShunter="nabobs3">
      <pangasFairest>18658</pangasFairest>
    </elfinFastenHedged>
    <hdkfBreezeAngulus>
      <neifsCasal>stionicPoxes</neifsCasal>
    </hdkfBreezeAngulus>
    <spurtleNumeral>
      <rebladeCorsacBraata>pixes</rebladeCorsacBraata>
    </spurtleNumeral>
    <whelpsWrithe>
      <vouchBecolorAtake>ochymyJunkier</vouchBecolorAtake>
    </whelpsWrithe>
    <fobsDumberIngreve>
      <langiel>406803</langiel>
    </fobsDumberIngreve>
    <firnsCoalifyUncrime gloggPignus="devoutGraded" grouped="preacts" damalic="flriePabulum" narySubfeu="62">
      <yentaTeentsyMoggan>loop</yentaTeentsyMoggan>
    </firnsCoalifyUncrime>
    <tubules>
      <pieticAmalgam>9399</pieticAmalgam>
    </tubules>
    <lended>
      <javelChopine>queliteBagandaTylose</javelChopine>
    </lended>
    <rehead piscoJampanBolden="jobs" zooniteBodachMicella="gundog" incusesLogoff="2096">
      <suttinCaffoy>77723649</suttinCaffoy>
    </rehead>
    <boatly rabatoInceptTurgy="warpathGalibi" yenitePondokFigury="outasAmaas" bioralDiallylSchmalz="42" stamnoiTrapRussel="geodeteSweeseOuthiss" garb="dulling">
      <furrowsRuinReprint>blench</furrowsRuinReprint>
      <rettory bealach="bilith">
        <scena>warchJazzbow</scena>
      </rettory>
      <tweaksHopbushGangava purseSeizinsAnuran="quibletBejelChalets" solioPanzerValeria="roomageChlamysCopist" tinkHustlerLaeti="uphurl7963" simpled="7998">
        <santyFungalIcones>tulchan857</santyFungalIcones>
      </tweaksHopbushGangava>
      <gigged epinardHigglesBrushet="smaltosInocyte71">
        <resets>136955</resets>
      </gigged>
      <dimplyVolubly>
        <trickyHarlockQuartes>twilitZebus</trickyHarlockQuartes>
      </dimplyVolubly>
      <tembetaTimbira hanseSnowPyxidia="fliedElversDuckies280" ettlingAcies="giggleSkybalToug" rooveAerieEaver="ails877" keckleRondelsHypnone="goladar">
        <dolcanMiaotseSadhana>phobiaAviticCourser9</dolcanMiaotseSadhana>
      </tembetaTimbira>
      <snakish neckletSkinfulSitrep="renoveRetree" infusedTaborinAlleger="flotsen" sendle="gushy" daringOrbicalSuccade="boutoUnorderMonody">
        <aposoroGunshop>wide</aposoroGunshop>
      </snakish>
    </boatly>
    <unmoral mondayVibrato="plankyKiddosOvampo" variantAstrierOnanism="mikie" unsawnMozettaUlnar="uppowocRick" musales="soapier" silasInocyte="tyronicXyst" cathinDreggyBaignet="pouter285">
      <pharmicWritter>soamAffyBeweeps</pharmicWritter>
      <hydatid>
        <laysNeascusNabs>goitchoVoitureVehicle</laysNeascusNabs>
      </hydatid>
      <makutas rippitRipedLelia="bilboesAchageCermets">
        <rampartScauperUnweal>fameCubbyAudio</rampartScauperUnweal>
      </makutas>
      <besand playaLuxesRacks="unblushAnnonce" rpm="affableKapasPalter" upscale="375" neurol="7613">
        <unevenBulby>lockMayhapsGouty</unevenBulby>
      </besand>
      <hoppyCoatersTolstoy>
        <analgiaSirione>assacu</analgiaSirione>
      </hoppyCoatersTolstoy>
      <orthianBerobedLadang inwaleDeemedPlica="375461" corp="testateFlinger">
        <alleges>ovalsGleets</alleges>
      </orthianBerobedLadang>
      <bonavUpupaRandal caselty="5" unplume="behindsRights" alinSponsal="tinealJiveass" drieAgad="135806">
        <paniDouches>mediumGuarder</paniDouches>
      </bonavUpupaRandal>
      <tonierHuffing rambehUpstayBenzols="slidderAphriteReader50" ostial="gambGasoholBurlaps">
        <boothesCroceusMakar>avowalsDisnewGrs</boothesCroceusMakar>
      </tonierHuffing>
      <rhus lidarJuicing="28155892">
        <baghCydippe>42481263</baghCydippe>
      </rhus>
      <pyladesMeerDornock passayOniumPreace="475" einkornLispsLateran="urial" patinae="adnexa">
        <ejects>retrustAdipoidCavers767</ejects>
      </pyladesMeerDornock>
      <fumify melinaeLinnetsFur="gabbard8" cassataEndearPreter="namareLanding" sovkhozFernierHuffish="pristavKilhigKernos">
        <adulterDhurnaSheroot>arrah</adulterDhurnaSheroot>
      </fumify>
      <byworkDungerShakoes laulau="nooks693" gobbetsBasialAgility="1101" hanked="curdlyReamagePlatans349">
        <faunas>circue</faunas>
      </byworkDungerShakoes>
      <cohens mesitaeVilayetSylvine="trumpetTravoyMigs3228" opplete="unvisorPanmixy">
        <sidlesShevelSorrier>ballets</sidlesShevelSorrier>
      </cohens>
    </unmoral>
    <shovedKrills gagesLudlowGopak="spurdieManidae" lakshmiAtreus="afifiGinglmiVucoms" tubuletFidfad="fixates" akeReached="decreteLaddies" manus="tickenChock8762">
      <briny>remove</briny>
    </shovedKrills>
    <glaiks>
      <oroideWasterRewed>1186567</oroideWasterRewed>
    </glaiks>
    <anstossVariacBelier>
      <oxbiter>unistArless1</oxbiter>
      <naziismTropesAhura itczeMegboteJibing="jirgahNuraghi">
        <jethroCardsSlopes>noisilyAmuseGusted</jethroCardsSlopes>
      </naziismTropesAhura>
      <kerbayaLuraRonyons otariaRupeeAmbalam="cyesisVowelly" chegoe="suzyOsmondBurked94" seiseBreachKnolls="umbrae" roomCoccyxNaysay="porty675">
        <seals>rewoundCapper</seals>
      </kerbayaLuraRonyons>
      <muladaBahoe>
        <huddlesGarblerSpumone>inwritFeminal</huddlesGarblerSpumone>
      </muladaBahoe>
      <under ginnleKercher="toleUptakeShuffle" romney="sandier">
        <undigne>artHeededRuing</undigne>
      </under>
      <fultz>
        <boltiFeatishBruno>deboise</boltiFeatishBruno>
      </fultz>
      <khulaCurlersHunnian wasternNagsterPushful="divastAmyclas" labretMagiric="umbilicEatingTunicin1">
        <var>subcityApnoealBesand</var>
      </khulaCurlersHunnian>
      <shunTuteleTalks stanek="49293321" royale="prefers2231" hazePulperAnight="kohlDoceticSemese">
        <primineSerpensFitchy>repale</primineSerpensFitchy>
      </shunTuteleTalks>
      <brachetBaratte mornsCedrusTernar="afarsShallyGuesses" troikaHoistsCarisa="ariette" tawdryKoyan="879407101">
        <condorCenses>actus</condorCenses>
      </brachetBaratte>
      <uleticSattle warrauInnsVesicae="papistZoos" egbaPhenate="reoilsVeeriesLoomed" minningAids="clade470">
        <borate>1983</borate>
      </uleticSattle>
      <spydomCambium kiersLandmen="2">
        <manzas>1970095</manzas>
      </spydomCambium>
      <mucinsGivenUnaimed>
        <smeeCintre>sext</smeeCintre>
      </mucinsGivenUnaimed>
      <pennameEidolonNullism aburaHeroins="ezba2750" mazdur="hygroma">
        <mustingJelib>bumpityInsider27</mustingJelib>
      </pennameEidolonNullism>
      <laioseRating>
        <galesUndeck>spigot82</galesUndeck>
      </laioseRating>
      <harpCrowedWowwows wenchelChicken="romsBestuds" potheenCaverns="mommetWindel" compLoupeUnborn="tiruraiTopnetPilot125" huldee="usneas">
        <ecodemeNeonateStatics>677687388</ecodemeNeonateStatics>
      </harpCrowedWowwows>
      <jugulum soilyScots="bushpigBoarded" karmas="durePicotedLaet" piques="33925" nongreyMongo="moneth1372">
        <gyronnyStad>cooper</gyronnyStad>
      </jugulum>
      <coniumsCirrate>
        <vadim>loutherCynismIbycus</vadim>
      </coniumsCirrate>
      <miscoinSnapeSurvise intents="bridesCubas" bywordsCrimp="464">
        <scribalGingelyChapel>26873</scribalGingelyChapel>
      </miscoinSnapeSurvise>
      <cabaretBombing dashStumbleAvail="tangile">
        <ballsyVertexMucins>pannelOtocyonTuba</ballsyVertexMucins>
      </cabaretBombing>
      <varvedLeonoraUni germanySmearyArsenyl="bruitsSwerves388" helleneSaracen="gillies5213">
        <prevailPinulusHaet>stuppCuffsGiher8925</prevailPinulusHaet>
      </varvedLeonoraUni>
    </anstossVariacBelier>
    <eshinArblastOrnith>
      <curtedGyrous>idicAuroralScybala</curtedGyrous>
    </eshinArblastOrnith>
    <metrize molviHarangEnhort="runtish" chase="tipsterSonnetsRebekah">
      <sigfileEnde>caridEdgersPinal</sigfileEnde>
      <dismarkKaliVotyak benshiAsconia="abow">
        <fineerGalantCantrap>oppida1</fineerGalantCantrap>
      </dismarkKaliVotyak>
      <vivax weetRupees="patriaBarsMilieu" losingOutspitEarsore="ensnarlWadding">
        <sharkedVirgateShemite>2</sharkedVirgateShemite>
      </vivax>
      <alshainBreardsGasting gadeKiddoes="sheelIonizesCarver" headmenPhononWiller="33926324" rulyFaikesMiauw="maywort">
        <demarchProcleiNeedles>leonistSpecifBlijver23</demarchProcleiNeedles>
      </alshainBreardsGasting>
      <caruageLappishDossil photosEmbogueUnfated="polers354" tentyPlumber="87134" yeastedPombeBribri="forsado" defamedAgathaGouter="isogoneBarff">
        <freshedIdo>vicugnaAedesMems8347</freshedIdo>
      </caruageLappishDossil>
      <reamsCharityTigerly corsacsSpearsGoogly="abakaScanterBeseige6" bawcockPruh="platersPraus" taboo="connieGathers">
        <atropia>croatanNorBalolo</atropia>
      </reamsCharityTigerly>
      <kuttarIndrawn>
        <giansarSkeggerTourt>indart16</giansarSkeggerTourt>
      </kuttarIndrawn>
      <carposMatrah flicker="heck">
        <maficPottah>93917559</maficPottah>
      </carposMatrah>
      <godPerhaps rebut="brickImpair">
        <atterr>flited</atterr>
      </godPerhaps>
      <granzaPirny shederHamiScoloc="827903" hobbism="panesFuglerMru" harminRatteryKavi="caiques" kaitakaVolutesDebugs="sternalRivery7">
        <yirthListedCann>idryl</yirthListedCann>
      </granzaPirny>
      <korova mindHor="112" eserineSpunkie="metGerres" elix="colombDaysman">
        <truvat>cautery</truvat>
      </korova>
      <solymaToumnah>
        <bubblerSourerColline>doug</bubblerSourerColline>
      </solymaToumnah>
      <unrobeHarmers crudestWikeno="semisesWharve" bassieEmbace="emirShagDecern" muscoseWavers="677">
        <illustJorramManid>gaudeteLewingGuaruan16</illustJorramManid>
      </unrobeHarmers>
    </metrize>
    <engr valvalShalesSmurks="ratchelOutleapSwird" neftgil="2028953" iambsMalmseyKeleh="gombo" aberiaMayence="frs" firerChide="fluible" tooartPapagoBeatles="pelopeaPrinkedPetites">
      <intimaeBergutQuayful>lionism</intimaeBergutQuayful>
    </engr>
    <gibbar potoosRedtab="mammieUppityGoons" meleneEau="railmenBireme" portaHoopingPanicum="dwellsRochea6883">
      <degauss>copisLevantArridge</degauss>
    </gibbar>
    <mangabyCapedNinja sciapodLapsedScrewer="frazil" marted="broomBetask" outwarFuns="68069" crinkCouthe="orexisBadaxe" endearsBoite="tanakCouped" streekEmpalesSocking="64758855">
      <statusGimletsIndowed>beaks41</statusGimletsIndowed>
      <sagelyNicotin>
        <thirtJingoed>sadhe</thirtJingoed>
      </sagelyNicotin>
      <kulmet bodeful="neckGeordieEaster" synodChymist="broncsCorverUntruer9" instore="entrer976" topengDuelsHostly="cuerpo5734">
        <hexingOmeliePirogue>bindingTaughtMiaotse</hexingOmeliePirogue>
      </kulmet>
    </mangabyCapedNinja>
    <troco lagged="taber37" diaseneVina="906001">
      <unsaltMickey>93625</unsaltMickey>
    </troco>
    <oleatesHarpy quondamGharry="urarisOecistXylopia" flueyPipi="strip1435">
      <foxchopNumda>footboy</foxchopNumda>
      <munguba merkhetAtwixtCeleb="lokeSootRatios" tradesRarest="319833" wicht="misruly">
        <konseal>saponulBilsted77</konseal>
      </munguba>
      <jottyVetusSpicule>
        <punishLayeryRadeau>97724</punishLayeryRadeau>
      </jottyVetusSpicule>
      <latania>
        <urari>yirrsTaglet</urari>
      </latania>
      <typesofDryster brattleAmpul="80230549" reshakeLeavensHuer="727" lyricsJaegers="99" retralAnthems="doodledNetworkOenomel6">
        <inswampUtteredReagan>popal</inswampUtteredReagan>
      </typesofDryster>
      <tannaic aswitheNaiveteRobot="pennonsCathead" meninx="lisetteStrewth44">
        <etrenneByrnieLaddie>585368032</etrenneByrnieLaddie>
      </tannaic>
      <gambsKairine epoxied="limniad9753" fossageLatrateCharque="croker">
        <congreeHiemate>42674417</congreeHiemate>
      </gambsKairine>
      <roarsReboard sarsarsBluest="358131643" touse="mammate" druggetPainted="snugglyMordant9">
        <libidosNervoseCoxing>52845</libidosNervoseCoxing>
      </roarsReboard>
      <hedeomaPanther pandersReefy="3">
        <gilim>gieselBuddledToledan</gilim>
      </hedeomaPanther>
      <angloMeropeGret amueixaBoregat="211">
        <disputePalpateKnouted>budTolanes</disputePalpateKnouted>
      </angloMeropeGret>
      <stippen antedTanalaVastly="vacate" animate="tazzeSubtone8618" troddenRapely="drengh">
        <shawwalWhooArachic>clart</shawwalWhooArachic>
      </stippen>
      <teammanRotatesHungry aghastMalleal="swashed" spirtleDosselsAteba="53">
        <whulter>paraphStatue122</whulter>
      </teammanRotatesHungry>
      <mainour queakUrnlikeZoos="elapheEupione">
        <wabayoHeifer>bravo</wabayoHeifer>
      </mainour>
      <debates slueQuickSirree="7279" apionolEmersed="chimereLoaders">
        <snorty>986048</snorty>
      </debates>
      <soulfulGrenade nessusBragi="6837">
        <untiledSamucu>indabas</untiledSamucu>
      </soulfulGrenade>
      <dairaParolesLechers>
        <unmaidUsersSacque>bukshiUnloop</unmaidUsersSacque>
      </dairaParolesLechers>
      <voltCharierLuket>
        <swollenDozent>pyvurilNimb</swollenDozent>
      </voltCharierLuket>
    </oleatesHarpy>
    <dalkWun balkingIdiocy="84">
      <lienalCrainLinkups>juggledSiever</lienalCrainLinkups>
      <doggierSowlth rumnessPentoicSord="zygotesLegatoMelosa" sticksCunjer="rebbes" skoutCrampsBootes="sippingNephele">
        <hrsMormon>extinct710</hrsMormon>
      </doggierSowlth>
    </dalkWun>
  </bournsPropusVenues>
</gashfulDrowner>