<?xml version="1.0"?>
<lychnicVinery>
  <undyingGusle volensAttendFen="fuglingPausalTao">
    <weevilsBoxman buzzsaw="trunnelRefoldsUnacted" salinan="renetClons6" futharc="terebicBurRatals" yarthenAbiding="france7263" abdomen="wastesGuzzle" oxman="lindies">
      <jillFazeSwigs>86787799</jillFazeSwigs>
    </weevilsBoxman>
    <stowp turpis="miniCoperCokery" aphanesSettersQuippe="inhiveChlamys1266" bebump="ihsCraw">
      <cabalStoppelBeemen>bayouFieriCoat</cabalStoppelBeemen>
    </stowp>
  </undyingGusle>
  <likefulPageboy solusParkers="hagdon" />
  <undam>
    <grippleCrabut ketoseAridlyUnburly="spaidMouldedTapster328" hugerDograArgots="urinaryNocket1170" passedBodegonOutish="carrieGoitralGit" spielDaroga="neth" cudaLeptite="stewishDarkey" loochTideful="sawtGasless" implode="coffled">
      <razzia>2567</razzia>
      <viscousAnkles xylogenGeneris="pumicesTickle">
        <berdashKithed>872</berdashKithed>
      </viscousAnkles>
    </grippleCrabut>
    <buffoWeighinLessee>
      <shikkerNonagon>fissionFurlersArolla87</shikkerNonagon>
    </buffoWeighinLessee>
    <morocTowheesGnathic shinzaAdeems="5" lintolsChaa="tippler" leveled="sparkPardao26" riotBraceJeon="377660" drawboy="positif" crined="648201" fennigFoot="sunckeFianna">
      <mockWaitersOverpay>908571902</mockWaitersOverpay>
    </morocTowheesGnathic>
    <hoppingCrowdieGuttera pam="takeful">
      <tineasYoteShouse>bepasteFluericOrtman</tineasYoteShouse>
    </hoppingCrowdieGuttera>
    <rereadsHogheadInglut rediveOpsonia="caeomasSpignel" rytina="glucidTrawl731" snorter="oasisSectors" ovulist="delugedSpookySandlot" adanceOleose="8">
      <encakeCaminoScomm>chastenLyraid3577</encakeCaminoScomm>
      <whortShodden loosesComplinHorst="nutriaRhombi" twicerQuinasGrungy="456241">
        <uranideTiresLivery>887953552</uranideTiresLivery>
      </whortShodden>
      <couponsBennies>
        <elapoidVeery>boodlerRingers</elapoidVeery>
      </couponsBennies>
      <doughtSciurid>
        <dihalid>927643556</dihalid>
      </doughtSciurid>
    </rereadsHogheadInglut>
    <wishfulBrummy purreAgroanPowter="91851" tritoneEyerootMentis="2938" oki="andanteMipsUpcurve" samletsFillingAghast="blestSitka">
      <upbrayGoodhapNovelly>pirolAlemana</upbrayGoodhapNovelly>
      <pigginYarak>
        <vessesCond>95717636</vessesCond>
      </pigginYarak>
      <timber triggedReraiseExsec="tachs" godfulLemmonRavine="vulcan">
        <bilayerPresaVeri>cloutsVirgulaSag</bilayerPresaVeri>
      </timber>
      <snooperSepd focusedPhoceanRiveled="copaiyeScomber" karmaChinkAnils="frilledMavin34" suddensOuthurlColley="glaceedFashedTelial" welderTumbaki="sinwardTermesPythia908">
        <wheyishFolksay>murinaeMogs</wheyishFolksay>
      </snooperSepd>
    </wishfulBrummy>
    <yappersCleeksLunda>
      <mortaryTearletPaterae>leapfulGrenadoAleshot</mortaryTearletPaterae>
      <xylenes tawpieThankee="daroo" themaVolcanoUrucury="agamousCobbBeguine65" acuity="623752037">
        <lexemic>corahBlsDance</lexemic>
      </xylenes>
      <funbreWannerRemixt>
        <unbeardEstMutase>shojoAssetEcon</unbeardEstMutase>
      </funbreWannerRemixt>
      <chincofHop unglovePlacets="smirkerFrom" soldanExitsPotager="talliedDoughty" ovonics="pumper" octagonYangsImpugn="secIncisalSaturn">
        <estuant>337790906</estuant>
      </chincofHop>
      <alumnolBluffly kumkumHeadway="stators" bogymenAlanCroiik="imperii" guranShiner="dennedEnluteCookies" amerindPaludic="alanins">
        <mensingRase>vulva</mensingRase>
      </alumnolBluffly>
      <sparidToa rupert="abricoPrf" tradersSlag="assedatBizantBarile" unseeBotonnUndern="wechtsPretium">
        <hafted>crysteNpfxTrios</hafted>
      </sparidToa>
      <izzardsVend>
        <diglotsButles>arthraChylify</diglotsButles>
      </izzardsVend>
      <blaflum khasaGulfy="weemBlakeUsually" chichaScrimsDianoia="vouchTerron" mottosThetine="59" risersTuathNiblic="mothierBrewageIndrape92">
        <corrie>bapBeflagsClaudio</corrie>
      </blaflum>
    </yappersCleeksLunda>
    <linacLoobyOcotea>
      <vignin>aubaineJuris</vignin>
    </linacLoobyOcotea>
    <goldtit>
      <blowing>angloLatestsNerols8</blowing>
      <remitsUnwaxedHanch>
        <sucketJaloppyUpheap>globousHagbornAdagial</sucketJaloppyUpheap>
      </remitsUnwaxedHanch>
      <auger ursidaeRheReswage="jinns3438" shrabWaiwodeRemicle="likedPlatyKeto">
        <dossersFreezyRodsman>4583</dossersFreezyRodsman>
      </auger>
      <aggrateLeapt asexual="knatteCrommeCabook" skurry="funker" kukuiVidianHora="2">
        <shauweAmmelinWisped>anburySties</shauweAmmelinWisped>
      </aggrateLeapt>
      <stopple gubboGrigs="plain" teopanSmout="wollop" bernieVeleta="biennia" minter="emfMisedit">
        <jacales>faqSamadh</jacales>
      </stopple>
      <oilmanDomajig simiansBallism="holmium" stomionMesnageRonquil="7672040" dobroes="prodderEgest">
        <citronsChasma>alifeGrapta</citronsChasma>
      </oilmanDomajig>
      <ladingLampflyVenues besaiel="beerishSievyLanolin" foolOccurs="zapota22" viandenCulpeoIndazin="anginalMiriam" sauter="cueballTaximenMilky">
        <citiedDirging>behalfBrichenDeucing</citiedDirging>
      </ladingLampflyVenues>
      <acarinaHuso crisset="rutinMoutlerRetries" pistolKlopCorpus="galen">
        <lumperCooterMetate>ocas</lumperCooterMetate>
      </acarinaHuso>
      <askanceOregano>
        <getupZanyismNad>tussuck2585</getupZanyismNad>
      </askanceOregano>
      <gulfingBawdierBrasque bowsingScramb="debindIllumerToupee" unnoblyComedo="locableDegger">
        <detentsPocoButyrin>831619064</detentsPocoButyrin>
      </gulfingBawdierBrasque>
      <lawtonBlenny treitreResorbsBriguer="thiaminPhoebusBari" ortmanOrbateBedcase="cusecsFogman" soree="5067019">
        <stlgTarsals>tenlaStrokes1</stlgTarsals>
      </lawtonBlenny>
      <hellcatObb teleostDopped="platoonArline659" americaBrads="rapeful">
        <medimnoPolkaed>aegipanKilns</medimnoPolkaed>
      </hellcatObb>
      <mangold murexidCates="zits">
        <market>neoramaFaeroe</market>
      </mangold>
      <juryman>
        <volunty>32673</volunty>
      </juryman>
      <schemerDintTogata bundledReopensAleger="litasShannonRepleve" breamedPenbard="rekeyOasitic" eyebrow="deavelyPielike" barundi="kaas">
        <netballGorbitLibget>wealdBreakax</netballGorbitLibget>
      </schemerDintTogata>
      <poolyMoonbow outpeerArtiePhratry="pobsSkeanes" edictBeng="benamiStouterAlnath" cullenSpiraneVatfuls="craal">
        <caribanBas>unlunarWispish</caribanBas>
      </poolyMoonbow>
    </goldtit>
    <tastingMurgeonLas myzontCham="5521" outborn="parafle" ambrainCruller="reetOilcake270" formaPadina="3019618" chattyBabbledTanghin="aldmUppentOnboard" kippur="4700" emicateSobersFadable="ulansNitrous">
      <allelesBasteWimpler>64</allelesBasteWimpler>
      <serbiaWoomeraLilts wenched="incasesWidegab2421" radeau="spatedTilsitTewed" cargos="sowcars">
        <pageboyNongrayPileup>ligableStoogesSnip</pageboyNongrayPileup>
      </serbiaWoomeraLilts>
      <massier dilemiPshaws="9317042" anilsMartialEntwist="fensterMiter">
        <chiveElevensDimyary>sunyie65</chiveElevensDimyary>
      </massier>
      <villainJureManks>
        <exurbiaEumenid>howitzEmerson</exurbiaEumenid>
      </villainJureManks>
      <agralFaintTheurgy>
        <zoogene>pidgin1</zoogene>
      </agralFaintTheurgy>
      <gurnetBosquesMomisms editionEugenol="287650" hocusesDramme="aloxite91">
        <janiceSeedage>whoreHiems</janiceSeedage>
      </gurnetBosquesMomisms>
      <nulloStoater balao="42937029" muridsAecialTpke="limpetMoggingZymomin" ruvidPredictBeento="joyrideAvosMyoma">
        <dwarfsBemeal>cagily</dwarfsBemeal>
      </nulloStoater>
      <linkmanGazoz>
        <axiallyBailedKippy>agyieusEire</axiallyBailedKippy>
      </linkmanGazoz>
      <guldensWindigoAftaba deckers="toppyDachaAmouret" aleftSatd="unladenPloveryDiluvy3" turrelGhee="kriton686">
        <gulsach>furzier7</gulsach>
      </guldensWindigoAftaba>
      <monaeneBeefilyFuriosa>
        <echelon>romanceAiluroSlapped</echelon>
      </monaeneBeefilyFuriosa>
    </tastingMurgeonLas>
    <cognacs>
      <adiposeLikkerBalker>versate</adiposeLikkerBalker>
      <intraGablingBitch carlotTricked="gadiAlchem" amnionKelehBehn="subfuskTrionesAdalat">
        <granite>salpaGrimmer</granite>
      </intraGablingBitch>
      <simnelPagansFlocky haupia="rinsesCeviche">
        <naucrarSlalom>nookiesSgadNoachic</naucrarSlalom>
      </simnelPagansFlocky>
      <ripplerTaoistRevoke ernesDemotTrisomy="geal" foulderHayweedRabbies="stickyEnnedra" velureAxonsRewove="939716852">
        <stotElsa>recrowdWadsKiranti</stotElsa>
      </ripplerTaoistRevoke>
      <stepups elided="33148745">
        <reputed>amakosaBetornFan2630</reputed>
      </stepups>
      <cruiveBoleros unbowPinene="meak">
        <maynt>pyinsBlarny360</maynt>
      </cruiveBoleros>
      <pluriesVerbum roamBaguetsSinaic="7473">
        <aglyconQuos>839111</aglyconQuos>
      </pluriesVerbum>
      <litoral toisedGawkers="enerve" wovokaDooleesGriotte="fantailSaiyid" modulet="omahaRacemicLilian" stuccosSharki="furnace58">
        <ethSinewedWaxcomb>pennetSnorkLawk9</ethSinewedWaxcomb>
      </litoral>
      <nodally>
        <redlyLaquaisMeletin>asaprol</redlyLaquaisMeletin>
      </nodally>
    </cognacs>
    <yelledPulvino faciataRybat="temporeMapachLiber" paleateDayalKapuka="4557" jackies="helleryAccollVaster" paularGenianPacu="sourShaper" stooryPreaged="cre313" petoSayers="pitris3173">
      <barhopsDezincs>kibble38</barhopsDezincs>
    </yelledPulvino>
    <hamitalLadlerSlup gasanSambara="agnail" bangashDugdugMixt="poonNomismaHutch" conidae="barcanEvoke">
      <bonismToilsJataco>heriotsStoptVireos</bonismToilsJataco>
    </hamitalLadlerSlup>
    <mastage goodmenOniony="punters673" reppedTedsTarble="5" snigJagsLawrie="22968813" gola="840" shearsOutwork="slayedLithia">
      <scotomyAwaveKenches>atelier4</scotomyAwaveKenches>
      <spinels rimate="arkosic" bhpCoactedIncipit="grunth3" baptize="porosSonant">
        <ern>roger</ern>
      </spinels>
      <desaltSeggromFitted bibcockUncaps="furmint" emicateTrasy="wafters" cockard="8023467" refiredOscanTrogons="didy">
        <gyrant>carvageHosemanTussuck</gyrant>
      </desaltSeggromFitted>
      <burgs brumes="thraver" heminQiviutGuild="8" naiveWarpleFairing="tails">
        <vadyTrowman>iseLiegelyAssoin3095</vadyTrowman>
      </burgs>
      <aefaldyPenible piecers="592207" patmos="magenta" awash="927">
        <ventailNubbinsLeg>shaw</ventailNubbinsLeg>
      </aefaldyPenible>
      <napierGizz>
        <knishesHeard>sone287</knishesHeard>
      </napierGizz>
      <keglerSandboy pomphus="wrox" weighinShookPelick="orthoseOxyopiaCabiri" wasangoChamperUnbored="89448" crone="simarreRaspite57">
        <tuingaWoolf>pelengColmars</tuingaWoolf>
      </keglerSandboy>
      <zeniths percyJemmied="adrenal" bejanAuditorSovran="grumlyBlsMitanni" urgersTetanusGarn="baritPieris">
        <naren>trizoic</naren>
      </zeniths>
      <tavern whitingLift="kwintraMinningIdeatum" coveysSkald="entea">
        <bendees>57646454</bendees>
      </tavern>
      <santols filingRev="cribose" lunts="maggedMorlopBlunges" civicalValvesRhizome="43" whitishPeriost="assaultQuiver">
        <trysailSwishedScegger>yuksJantyDidna</trysailSwishedScegger>
      </santols>
      <induingWaikly>
        <fit>retoldCeintHuashi</fit>
      </induingWaikly>
      <orgal bedawee="sevener151">
        <uncharmSurinamBainie>ramplerTankard</uncharmSurinamBainie>
      </orgal>
      <gershon ridgelHewhallVolador="pigsney" flue="jocasta9983" clootie="myophanHabitusTrt" disburyEdea="psiCutoverAcnes4713">
        <mauriDirndls>oximesAdonianAbdest</mauriDirndls>
      </gershon>
      <natuarySstorEnfants teachyUnloftyKunk="menkind" danged="42695472" brigadeMomism="tarpsLadens521" snarerComasGushier="4749">
        <tilture>aldime7</tilture>
      </natuarySstorEnfants>
      <anemicSclawNappie looeyCurlewsPannum="41862" oppRhombs="5131" keblahsTricepsSulung="borani">
        <mashes>8248</mashes>
      </anemicSclawNappie>
      <jud specsCutleryAsiatic="jundyNaiveteSiva" duoleSexipedParto="outshut" obsignSibness="mycetes">
        <bemudLuggingWooing>efflate5556</bemudLuggingWooing>
      </jud>
      <cedrolDrafty goldcupSipapu="eyliad" tracyDrablyIdrisid="dotardChriaBedpad" pirotEmmoveAtopite="alochiaParcels" tootses="alecupMaduroYuki">
        <yemsel>detractCablets</yemsel>
      </cedrolDrafty>
      <coy dreamyLulled="rappini" flexureBonging="jigsawnTribadyShaku">
        <socage>retchedAdinoleSaunt</socage>
      </coy>
      <spilerLazied loungerJak="447105315" wizards="oatlike3" muzzles="loangeCowweedHaircap" isogon="ateuchiTarasc433">
        <steps>tilture</steps>
      </spilerLazied>
    </mastage>
  </undam>
  <dykesSahib sudoric="rerises48" />
  <girkinCupcake gaining="suppageAnatoleFixt685" moringa="hadithCuriara" tayir="vanmost" />
  <tartana garageDelightCurbash="kirkingAhypnia" fanumsQuibElemong="feute" bladesBocheImpala="1">
    <tardeYelpingGoslet>
      <kilterShariatMirligo>ponChirk</kilterShariatMirligo>
      <erasmus nileToda="hooIsuretPodical307" cages="glarryAttribBobooti" vetoerNakhodaOntic="waesuck">
        <neatenDonorChun>35034</neatenDonorChun>
      </erasmus>
      <umsetJoeyes biureaCarcer="quaintJicamaEngarb">
        <pamlicoMeatusEnhort>wells</pamlicoMeatusEnhort>
      </umsetJoeyes>
      <suldanAtopies>
        <landway>methoxyFritzMaximin</landway>
      </suldanAtopies>
      <myzontSantene robaloTeinderSeafare="iceleaf" jargleSoarers="redrillSignoff" gatemenTroland="clarion4003" gundieIngraftResalt="19">
        <zattare>irishlyGougedPigpen</zattare>
      </myzontSantene>
      <gyromaWintryYeven bisterFloyd="sind" cobberScrimer="cusie">
        <witsafeDurango>gnathicLakeGazer</witsafeDurango>
      </gyromaWintryYeven>
      <vocableCeltsKeypad washingRended="triduamLitster">
        <hersheyLeakier>pedaryTexture</hersheyLeakier>
      </vocableCeltsKeypad>
      <sottageCals loom="boxroom">
        <abduce>dudeensMuriel</abduce>
      </sottageCals>
      <topedEjected>
        <abbasidHencoteOuten>5</abbasidHencoteOuten>
      </topedEjected>
      <helixes adalatChroma="snippyBoraxesNielli" culticPrexies="saucilyPoindWauks" wastrie="incurseSyrinxJuglone">
        <watherUtahiteJaeger>headmenFumble</watherUtahiteJaeger>
      </helixes>
      <manilioRigsby delversRadidii="balkerEnvoysSculls" purredCladusNeurula="tilling" darwanPomfret="89" jugsfulEnmass="9">
        <latonLeftLasting>trismicTinted</latonLeftLasting>
      </manilioRigsby>
      <kuchenAflare>
        <appmtFuriant>orfeEwder</appmtFuriant>
      </kuchenAflare>
      <sliveSlakier tummy="270">
        <neoned>lockageAttalStean</neoned>
      </sliveSlakier>
      <ascesisMangoroClavel>
        <pinaxApinaeLeporid>smilet</pinaxApinaeLeporid>
      </ascesisMangoroClavel>
      <aspersWarble ottomanObias="muchPledges" whishts="361891">
        <visesAlphylsOsphere>68</visesAlphylsOsphere>
      </aspersWarble>
      <pulsBreezyMangles>
        <eemis>leafenSurnoun9</eemis>
      </pulsBreezyMangles>
      <loansBarbolaFactor>
        <philia>falutinMarcsAlbify</philia>
      </loansBarbolaFactor>
    </tardeYelpingGoslet>
    <athymy>
      <pops>vinegar4</pops>
      <mazdeanHer>
        <evaderCarafes>rumensMarsSons</evaderCarafes>
      </mazdeanHer>
      <baneTrumpsShinza xyloChavishHulloos="dibbingEarnerTiters">
        <dollin>twas</dollin>
      </baneTrumpsShinza>
      <oatbinOliver dangsTecta="bemottoEscalin382" volvell="upknitSeqwlClaire7005" baureLegacyWhils="isonomyPoliced" flecksFrizer="adverbsDot">
        <cushTabesCymbel>pense</cushTabesCymbel>
      </oatbinOliver>
      <barbaraReduces>
        <sensismReefing>bewwept9051</sensismReefing>
      </barbaraReduces>
      <scornerTchastBlk wolfman="84">
        <redskin>tauliaRishis</redskin>
      </scornerTchastBlk>
      <unlivedTeest mickeryLyomeriPoisson="footleEchidnaFucosan" ixtleTheody="scrieveUnpSeagoer" blirtLegatos="wantingCauked" reimply="cervid">
        <shtcheeBespiceTeer>9</shtcheeBespiceTeer>
      </unlivedTeest>
      <polyactBlareFuryl hyphoTriakid="skiisBoneIdist">
        <uteriTavy>latinosCowrieTanya3661</uteriTavy>
      </polyactBlareFuryl>
    </athymy>
    <wolfed>
      <popelerDetinetCorinna>briarLlautu</popelerDetinetCorinna>
    </wolfed>
    <oxalisBruteHippi nobby="axheadSpirol">
      <purelyVelellaVersin>508</purelyVelellaVersin>
      <bankmen atinkleMyotomeBungo="calandoFascisBenorth">
        <thrall>phenicKali</thrall>
      </bankmen>
      <mutablyAgatesPolygyn tearMurlin="71" upstandManshipJumfru="53586">
        <juntoHaboobHalves>platch6305</juntoHaboobHalves>
      </mutablyAgatesPolygyn>
      <plangi minuses="aggie7">
        <piliferDropped>yipeSmashed</piliferDropped>
      </plangi>
      <claiverTibiae>
        <flexionExoleteRazzed>antheiaStaying</flexionExoleteRazzed>
      </claiverTibiae>
      <rukbat>
        <exhanceGaleus>bokharaCupcake</exhanceGaleus>
      </rukbat>
      <antlionHoaxee sukCrepesHomo="cingleDuntedYeans" flatmenParent="cycadShivs4">
        <kneader>starvedDwarfedFuture</kneader>
      </antlionHoaxee>
      <zaparaQuotha cannonSolo="reptBineForager" akonge="nanakoQueechyBurman" hamCerris="furredOutbids" fixtureHyloid="tors5203">
        <porgies>whincowBoveyCeliac</porgies>
      </zaparaQuotha>
      <areniteRheums solanosRanina="aeqPrudist" sarindaGateage="seqfchk" kinsmenIngraveCoronet="monoskiSparest" sixesSaddle="testule">
        <calcTopside>okie</calcTopside>
      </areniteRheums>
      <tibbiePyemiaGuimpes>
        <tineidFriarly>canepinDeddRecip</tineidFriarly>
      </tibbiePyemiaGuimpes>
      <ankusesSlaeAfeard chudTepanecRollmop="fucateOdinist9" hairedChiloma="heretoMoile" fadingsAssert="bywordNetterOutecho" mainsBindery="unsty">
        <syrmaeaDilemi>shaka</syrmaeaDilemi>
      </ankusesSlaeAfeard>
      <refugesTss cozierUnsweatEttarre="534451483" bonaciJollily="92360" prex="frothsGhastlyFrigga8" oximBesmutsWaur="ribbedCouldnaCyclops">
        <pansitWears>cotrine</pansitWears>
      </refugesTss>
    </oxalisBruteHippi>
    <gunnar>
      <abaissePobbyStewy>squirmRousts</abaissePobbyStewy>
      <sighsVeddoidAttune mooleyMaulviCoronis="crispGrouzeRonions" unslateBingeysMasher="subdueZarSteamer" kendirDrooperCand="anottoBaclin">
        <anglistJibs>1569</anglistJibs>
      </sighsVeddoidAttune>
      <bendellGesithHicoria yatBaioc="falces" cdfMutatorAtom="plotterArundoChazzan803" athleteRedfins="45615">
        <cookeryPinoleFibbing>livedBusedMott</cookeryPinoleFibbing>
      </bendellGesithHicoria>
      <burelle footpadMarage="gaddedDodransGlass" tonemicDebatFelids="cloggerSkimmer528">
        <galjoenEmulant>casimir</galjoenEmulant>
      </burelle>
      <scaly>
        <stanjenDowdierAseethe>pignut</stanjenDowdierAseethe>
      </scaly>
      <tenuisBute regradeMarred="81613030" pardieuOphidiaPerfidy="oaritisMukade" largenDelfOdylic="assizes">
        <lease>ihleiteChorion</lease>
      </tenuisBute>
      <fornentMudheadChandul geishaMost="shinney" clk="cabiriChoicy3783" autorFlexed="9278622" leaperDillAvenged="montonHirer">
        <amoveCifCunt>63520</amoveCifCunt>
      </fornentMudheadChandul>
      <wraithsFinletRunners dearie="2266">
        <evirate>rabbies</evirate>
      </wraithsFinletRunners>
    </gunnar>
    <viverraKvutzaWidener kupper="16">
      <skelicCutler>trocaDsri</skelicCutler>
    </viverraKvutzaWidener>
    <blowflyTeasle>
      <algidNonpros>grisardRetime</algidNonpros>
      <oncost bidpaiJemidarOdyssey="7" merseLire="88" cinctOwn="teazelOvine" fleeced="archValinch">
        <kainsiLamigerWasty>62</kainsiLamigerWasty>
      </oncost>
      <pajamas skimmerAgrito="ksar129" stileTaig="vara">
        <hosta>frazerScrauch</hosta>
      </pajamas>
      <routhEnosisGingras crumberShored="wrokeRites" unheadSunned="238579742">
        <assegaiDidache>inswept</assegaiDidache>
      </routhEnosisGingras>
      <keglers norsk="calicesAnasaSigh" sleetsSoldanTonus="capomo">
        <gellertBarest>coemptLedum8340</gellertBarest>
      </keglers>
      <campier oology="7" cobironCowbyreHaffet="70537" huldee="haeZaffirsCalf">
        <bedirt>thawsOuthearLiards</bedirt>
      </campier>
      <vaws ensear="selfish29" hathElflikeMucuses="lysin1">
        <sofane>dimmest6018</sofane>
      </vaws>
      <oxygasHedera trullerGou="76">
        <colladaAsideu>chassisSawflomTuracus</colladaAsideu>
      </oxygasHedera>
      <mitosesYocco cedaredHokum="168700">
        <sluiced>seldom</sluiced>
      </mitosesYocco>
      <amadiRedelayFells headful="suersFagara" infumeProxies="accordSquawks">
        <presold>siliconFrithQuippus</presold>
      </amadiRedelayFells>
    </blowflyTeasle>
    <linnetsCoaxAbobra>
      <ecorchFortletEphyrae>rewardsNoo</ecorchFortletEphyrae>
      <tagragsWhalyLactate zanellaZorillaWading="trendel">
        <threepsTutsanSights>fluked</threepsTutsanSights>
      </tagragsWhalyLactate>
      <scrumFlawier tournai="gaunty" turboBagne="shantEndazeTrid" coblesJillsKakapos="soultre" crozzlyTetradsTeave="bullarySapleDraba">
        <booseMaru>dustPulletsEmblaze</booseMaru>
      </scrumFlawier>
      <becrimeJimsonHutch>
        <waymate>cedriumHalmsRemain</waymate>
      </becrimeJimsonHutch>
      <jewelly reweaveSaulter="smirkerCloudsJuicers">
        <unquit>nunnery</unquit>
      </jewelly>
      <onionetMosser mammeysFirepan="sliderCapannaCobiron9" stalderMadcapsGluteal="cavemenPuggry" tousesXiphiasColet="outswum" hosterFrier="havenPhrensyStrings">
        <angiloTuteleProems>usnic</angiloTuteleProems>
      </onionetMosser>
      <surmit applotTombal="fallenNumda" vellalaBandhor="bedown4" nicety="bainitePossum">
        <myosote>bebrineSubclan</myosote>
      </surmit>
      <mailingWaymarkShudder immixtUnchary="370382764" chaouia="siliconAmerceMinoize" cantaro="tabardWeenier" caliche="showy">
        <rafeMoutan>lengthy</rafeMoutan>
      </mailingWaymarkShudder>
      <vanned wake="wrister8" hawerArrases="blankyNettlerVishnu" chousedMoansHatrail="492112">
        <discalGhaut>choupic</discalGhaut>
      </vanned>
      <flybyCanelasTittler fudgesMortise="35344852" psocidsStrigae="5813423">
        <specifLathierYese>raffCajeput</specifLathierYese>
      </flybyCanelasTittler>
      <anomic urubuKhattiBucko="obscura" stotEskar="worryBitolylTetotum" mortCoyan="kludgedTooters">
        <procarp>componeCultual</procarp>
      </anomic>
      <moltingSpooler>
        <seesPrimal>shaggedUngull</seesPrimal>
      </moltingSpooler>
      <frozeExsert voetenDorser="4173" tapettaGulyGateage="404656">
        <virledFuss>utterly</virledFuss>
      </frozeExsert>
      <valeriaPaeonic wagener="70154">
        <cumenylAsterBhotiya>lagettaBikedCuittle</cumenylAsterBhotiya>
      </valeriaPaeonic>
      <beduck jesuistMousy="danaite" stalelyHeeled="cudaConer" adigheStopa="approxKokil" jiveassMoira="avowsDives540">
        <kantNylast>expireBeckett</kantNylast>
      </beduck>
      <achage whileenShapen="quim" grammar="hagdons" zoonist="cunni" armingsLoopers="spongerAnteriTurgid">
        <reseausWei>93</reseausWei>
      </achage>
      <wotlink iota="248829988" sunwiseTachi="lepidlyDital">
        <lateralSungha>1513827</lateralSungha>
      </wotlink>
    </linnetsCoaxAbobra>
    <eras dropt="amazonsBenzoylPudu" subbias="predoom" hungXylans="safari" guests="guppiesObeliac" retund="anam">
      <lustfulQuartaTwirled>43993134</lustfulQuartaTwirled>
    </eras>
    <fucoseGreigesMumpers>
      <youdAurochsUnblind>vowers</youdAurochsUnblind>
    </fucoseGreigesMumpers>
    <coypusFanback>
      <marlerPreset>undyeHulasBimahs</marlerPreset>
      <dormiePorcula operaryStrenthDehwar="fard" burionEuglena="limpishPeltedJobbery">
        <eldred>med</eldred>
      </dormiePorcula>
      <savouryPlantaeTekke wrenOrtolWant="5454" smiddumReclass="34755245" nidaryTacheAbegge="exptIgarape5318" gualacaMistoldAltilik="appearFineishCommode">
        <moralesAgatoid>carteGry</moralesAgatoid>
      </savouryPlantaeTekke>
    </coypusFanback>
    <keramicTattoo thein="dabbyTibiae423" wartsDollNonsine="tropinsOutgainUnhaunt">
      <purviewCloots>4</purviewCloots>
      <oiledGleeted nankeen="kernMagging" talutoMinnow="poppets4" spryer="20504965">
        <sunbakeEyen>ahs</sunbakeEyen>
      </oiledGleeted>
      <cringleFsiest bargain="hotkey">
        <essoin>upristNeil</essoin>
      </cringleFsiest>
      <enhalosHayrackRun mopyRebaled="silicicProtaxFacty" enhatFormate="duncery">
        <cumbentBeamer>deducesMarge</cumbentBeamer>
      </enhalosHayrackRun>
      <hopple arrasedLoppedHutched="jeffGorgio">
        <scoukNamdaLepiota>pittoidOutfits</scoukNamdaLepiota>
      </hopple>
      <acubens yomimHatred="56" jokers="escaperKyacks">
        <lodowic>baldie</lodowic>
      </acubens>
      <recallsProfitsPeril>
        <whiptHelmage>eaterDahomey</whiptHelmage>
      </recallsProfitsPeril>
      <haiverDeludeCrux kubongGiggled="hangsBenzoic6" camisesPrunt="uppilesPodogyn" reurgeHawseMisniac="5672654" jarinas="requiteTooshHaptic818">
        <dayment>9215977</dayment>
      </haiverDeludeCrux>
      <intrPrickly twirled="cardiac" filchesLiven="livyersUnmeteCowbell3746">
        <captainSepianStipes>conjectInnate36</captainSepianStipes>
      </intrPrickly>
      <doitsBatingUpcreek fylfot="poke40">
        <unmixtMisdo>aleckGainedBrans</unmixtMisdo>
      </doitsBatingUpcreek>
      <fowentCriance parganaOctette="subnude">
        <aboulia>hackbut</aboulia>
      </fowentCriance>
      <geodeBudders girritSkun="162057" bywalkGaroo="ratedAhuacaHumuses" protore="trinityAuxinsLichens" misbill="discousMitres">
        <xylylicMutuateCampane>ark1</xylylicMutuateCampane>
      </geodeBudders>
      <carpaleUrsolic usehold="verstes" tarpsOgamsWaymark="urgineaChayote" ogivedBodockNucleli="choupPresent">
        <colugos>14676947</colugos>
      </carpaleUrsolic>
      <wavierEvelyn encHoodshyMarishy="kartelUndenTurnor" elodElleckMarkeb="undrawEddying" scorpiiWhealy="durries" liang="girls">
        <calletCoostGrump>endentAnhinga3</calletCoostGrump>
      </wavierEvelyn>
    </keramicTattoo>
    <wahineLordWauled>
      <visagesBreiNepali>lebanNibbyBromism</visagesBreiNepali>
    </wahineLordWauled>
  </tartana>
  <delete tipoffsPlautusKitamat="proofedHafts" wrierForblow="6059557" pericuSideTecture="477402919" warehouGeist="mlange" />
  <moister atauntoOutcrow="liftman" />
</lychnicVinery>