<?xml version="1.0"?>
<rangierCotula>
  <pangwe>
    <bicrons>
      <reteneTipleUnsolar>loselsTestis</reteneTipleUnsolar>
      <avalMaltyPuggle oyelet="26">
        <scantyBillian>picinaeUnmoors1</scantyBillian>
      </avalMaltyPuggle>
      <geelbecVotressDescale coexertCadism="726339">
        <fumifyPummelFowling>geonomaCentageBuddage</fumifyPummelFowling>
      </geelbecVotressDescale>
      <progeny>
        <ptarmicTeacher>berimed</ptarmicTeacher>
      </progeny>
      <tensorsAntibugOttroye>
        <ungripeGlaiks>deistsArcos</ungripeGlaiks>
      </tensorsAntibugOttroye>
      <fratchyAntiar ferlySordineVegas="bawsuntEndsealObesely" velouteHexoicSmurks="tabel" rawkyBafflesRochet="acnode" rebaitsIsn="veal">
        <paraiba>143673675</paraiba>
      </fratchyAntiar>
      <rappedHuffingSopites amuses="ickiest" rakeageSpinner="conicRacetteUnrid">
        <maries>thraverPand</maries>
      </rappedHuffingSopites>
      <dropsyChria>
        <wutFlasherStrung>scrolls</wutFlasherStrung>
      </dropsyChria>
      <theresPanfryFingers>
        <excerpOpp>498</excerpOpp>
      </theresPanfryFingers>
      <felon lawlikeAvahiKitted="forthbyGidgeaStarers">
        <unfixed>fullamsThenal</unfixed>
      </felon>
      <amlaSonship broomerScott="ahtYagi7589" densVictorSlumps="eraSetfast" limn="simbaFoveaSteeves">
        <hortiteGummoseSylvine>microns</hortiteGummoseSylvine>
      </amlaSonship>
      <liquidy strikenManihot="appling" uncomicHarpoon="mantonBagdad287" flukingGalaxBurials="dammishNiton">
        <frizedGerenukCathars>8561</frizedGerenukCathars>
      </liquidy>
      <thymey undaredAirglow="wealth" diehardLiz="arpentFustleMaugis">
        <flankedStropHobbed>craving</flankedStropHobbed>
      </thymey>
      <parking bubbyLooneryQuasars="78" tropistFleecerCivics="6904056" crassFaithsMouzah="latirusCymriteYield444">
        <gazonRetrot>camaka87</gazonRetrot>
      </parking>
      <evap sheenedAdvisesWahahe="9" dallanHab="nirisTemaIncites" inangaLuiginiOxheart="4">
        <ariki>elemiUnsack</ariki>
      </evap>
      <glimsNeritjc mahmalGrits="parc">
        <eloped>bearpawCoarse</eloped>
      </glimsNeritjc>
      <zymosanQuinceTweeded>
        <deburseTwinReisner>92404</deburseTwinReisner>
      </zymosanQuinceTweeded>
      <shaslik stagersAdor="choiceFeofferHerries" sopitedHarderOstent="topazyDoweredCodbank">
        <cartierRouesShudna>avie</cartierRouesShudna>
      </shaslik>
      <mikvehAry groanerUnhardCaleb="goddingBootesArmlike" humblyBurette="impave" guywireBough="absumeLansatUncall7623">
        <berimed>nick8572</berimed>
      </mikvehAry>
    </bicrons>
    <gynecicMinions triton="cheet" babydomKeeRyepeck="rezonedZymeJeans" curupayShoggieBurgled="frogDuppiesPlouter2466" veta="dovensVagratePhlomis" littenLocoes="pyrroleWeakestUppish" seed="cgs" coationLogoes="dregs">
      <tattiesShockedMissish>upperDandieBarite57</tattiesShockedMissish>
    </gynecicMinions>
    <replica anatifa="76537060">
      <formantUmbrate>6802</formantUmbrate>
      <oxalato confedCulliedPoses="flangedWillow2939" abacAminDern="baugeGades">
        <bruang>8</bruang>
      </oxalato>
      <sources skiffleCullays="abattuBadiner" cururoWaymate="fconvPitylus9676">
        <aprioriAlphol>arneeAriettaGether</aprioriAlphol>
      </sources>
      <gangues mandlenUntile="brazedZoeform" rehears="synagogEarnsOperate" pedeeHisself="standup">
        <druidShakoesInbd>bulimusOverwet</druidShakoesInbd>
      </gangues>
      <luchuan>
        <lira>marcels78</lira>
      </luchuan>
      <koibalHuzzasMucked>
        <necking>thereat</necking>
      </koibalHuzzasMucked>
      <enrankEqual hoast="subveneBadgesPaggle135" fijian="oast" cantabBanjaraMuscle="argeersHeating13" salamatYcladEden="19879071">
        <matings>vendsKaser</matings>
      </enrankEqual>
      <smellsFifthsPrussia nisi="pisachi" ladronsBalksGrayish="13326" subtleEncasesMairs="9864">
        <nacryHallboyBinate>globusInkosi</nacryHallboyBinate>
      </smellsFifthsPrussia>
      <megRarest>
        <laskMinimisLichis>131018</laskMinimisLichis>
      </megRarest>
      <harpersGumly>
        <howdahArkie>sokeRemarch3</howdahArkie>
      </harpersGumly>
      <rhinos biune="nutsMeatus" murkilyKamachiLatosol="85" succussKurmiVetusty="firth">
        <airmassFesteLinking>4</airmassFesteLinking>
      </rhinos>
      <baroloQuarry murphy="elfwort" caper="pumpers">
        <biltongFamelic>goujons</biltongFamelic>
      </baroloQuarry>
    </replica>
    <loaninPresiftMeropic quabird="snobdomBeat" glandScotale="smackGrouserRosaker" iacchic="213195" tommerSorning="azothAdroit">
      <bonaMammees>89591054</bonaMammees>
      <arborCushaw paiking="becrossTurmit" yfacksSubport="adhereDeek" hunch="onerose" eruptsBerylUnaided="locarno">
        <rosario>cupsful55</rosario>
      </arborCushaw>
      <tensorsPallies>
        <dodeKythes>kneelSexlikeEnglut</dodeKythes>
      </tensorsPallies>
      <embolusAdatomAwatch>
        <wardman>3</wardman>
      </embolusAdatomAwatch>
      <truff idoliseSakell="jivesScoutMuleta56">
        <protons>tumeFigurer</protons>
      </truff>
      <swoonCabane>
        <aupaka>2485</aupaka>
      </swoonCabane>
      <synacmy mimed="phasicLeavyFabes">
        <nippy>aveneryBeaToper</nippy>
      </synacmy>
    </loaninPresiftMeropic>
    <diaxialKannu>
      <mammals>kirbies</mammals>
      <tetroseDetect araraRerose="scharfGaudishMarram41" crinetWatchetMudfat="soterUlcerWekeen" comdrLithest="petasusRodger" capotKiowaPidgin="mihrab">
        <enrobed>viagramOffererMilts</enrobed>
      </tetroseDetect>
      <uncheck wyrockSamites="grimlyAmatolsAnguish">
        <jeffGinnyTinpot>roddersDelianBefogs</jeffGinnyTinpot>
      </uncheck>
      <cloning>
        <toronja>boniata</toronja>
      </cloning>
      <elusiveHulloo>
        <gushesTuaregExpiate>275</gushesTuaregExpiate>
      </elusiveHulloo>
      <viti wipedRawingMurillo="sheenlyScalenaBemail" chiroMyrtolTendoor="sistenFurlana" licheeOmnify="shruff">
        <karsha>theurgyVaconaGiher98</karsha>
      </viti>
      <nako sjomil="2">
        <illish>gripsDanklySubplow</illish>
      </nako>
      <kishon>
        <tweeterEelOutwith>3796527</tweeterEelOutwith>
      </kishon>
      <acrisia levy="tweedleBedamp" mightDammishOchrana="pribbleJeanServius" boatingNiobite="dialin">
        <atimon>retractClinkum</atimon>
      </acrisia>
      <alkesFancilyBindis gummite="runoffsHuntley" spouseCaldenStably="lopeman">
        <avgasScadEburine>flowed</avgasScadEburine>
      </alkesFancilyBindis>
      <peliom>
        <darvon>15</darvon>
      </peliom>
      <slickerReruns impackLxxUndark="kakkeChyles" weasand="amadousMarfikNonene" debeakBagnutCymes="dartles" jubusShuler="merrilyGambasGrowan">
        <gatsAcremanLich>952</gatsAcremanLich>
      </slickerReruns>
      <yemenicYuccas dupingEscapesBuyback="leppy" sneckedJinks="acatery" creepUnlegal="lavishSullensBeastie">
        <scungy>invt79</scungy>
      </yemenicYuccas>
      <drosser bowledSpeelsSixain="1994" exquire="prehealLubrifyAlmahs">
        <anoliAtlasesClangs>1816</anoliAtlasesClangs>
      </drosser>
      <orbyDowned honorerEructed="libya" dernlyUnhabit="zanzaFixageTactus">
        <barrel>unhewed</barrel>
      </orbyDowned>
    </diaxialKannu>
    <chironBedwarf>
      <rundelQuirky>925</rundelQuirky>
      <achiestPlumaTurfy ashiver="gougersCuinage" dabster="gedacktEchinusKedger">
        <gladHaemicUhlans>boggySpolia</gladHaemicUhlans>
      </achiestPlumaTurfy>
      <baleareWharlAssam>
        <septave>unshyTyking</septave>
      </baleareWharlAssam>
      <ramular anamFallersCaelum="steakSuccesPinbush1735" unboredShaulPabalum="2833154">
        <groove>culla349</groove>
      </ramular>
      <isatinAclinic sumple="974" slirtSwumLurdans="klunk" foveateShikariCerillo="lemonyFrocksHosier">
        <immovWewenocAblach>death9</immovWewenocAblach>
      </isatinAclinic>
      <sursise hookey="410180880" alesLaissez="ellingBrainsPsyllid" lyssaGalatae="enseteDinning" ditties="97277">
        <kotowsMuftis>haltica</kotowsMuftis>
      </sursise>
      <jinMagism>
        <seceshOutcaseRite>cgmTashrifMyalgic</seceshOutcaseRite>
      </jinMagism>
      <patoMisbillHuddock defluxBricoleSwirl="spaadArum" cambaloEclat="150894">
        <orchid>wastrelMarci</orchid>
      </patoMisbillHuddock>
      <decree loggiaHaggle="gammersPlonkoCaecity">
        <gavyutiDeicer>carnal</gavyutiDeicer>
      </decree>
      <triazinPadshahFurbish cantataOlogy="cubeletUnsatin" twyer="agyrateOpataAxillae">
        <swiftRammingFisted>chinoaOnside</swiftRammingFisted>
      </triazinPadshahFurbish>
      <dedalDinar sealeryPalmingRidably="azofierPrimaScaul" thanah="62415">
        <buzukiaRondBeady>931954219</buzukiaRondBeady>
      </dedalDinar>
      <cavetti zoariumRudesbyChard="bematHutmentInwrapt3" granetAxiformUsward="tahil">
        <palsiesAmeluCamlets>haplontPieton</palsiesAmeluCamlets>
      </cavetti>
      <raspersEvery owenismProette="jogging" strafesChoiak="titiSpooks" burdenSkiechReasons="40786194">
        <introitPawnorsDyker>stentor</introitPawnorsDyker>
      </raspersEvery>
      <piuPanging dekkosBoneyRuble="767">
        <vatterSattie>pourerWifekin3451</vatterSattie>
      </piuPanging>
      <details godlike="xicakDepleteBonacis" struthSpole="ambrain3" mallets="tewing1147">
        <egboGlided>joypopsFrankly589</egboGlided>
      </details>
    </chironBedwarf>
    <genosRunsy>
      <bowshot>spickleShotman90</bowshot>
      <barleySemen>
        <fetesLelwel>penmanTracingPintura</fetesLelwel>
      </barleySemen>
      <ausharAuberge dimply="mudpackSnedded" rebels="jiaoPathosArcella" buccaRemoldsCendre="2" araucan="amyRelique">
        <issuersWizzens>135680</issuersWizzens>
      </ausharAuberge>
      <gaupCabritoUntouch>
        <abridge>humanSiliquaGemmule</abridge>
      </gaupCabritoUntouch>
      <aldaminGeosid mugfulBobbies="kantianHulks" recksJams="80" esculinIodinForhooy="clypeal" keranaWorming="alkalic">
        <bakedMislie>ducts</bakedMislie>
      </aldaminGeosid>
      <unsaltyRepatch mersion="4234294" sooners="caapebaJuice" dilliBeweptSebilla="arri9" ornaryRentsBeltene="gargler">
        <elfinCruel>dachasCoutureMacing</elfinCruel>
      </unsaltyRepatch>
      <clasperAlodialDreepy inboardExhume="tureensReplete">
        <retieMilpas>ererDrant3</retieMilpas>
      </clasperAlodialDreepy>
      <noshed crewcutSterolsLotus="422451" usw="sid8">
        <iberiaDepeche>teammanFive</iberiaDepeche>
      </noshed>
    </genosRunsy>
    <fledge>
      <yochel>sortiedYlemAbanga</yochel>
    </fledge>
    <amutterGuerdon yippiesFineish="buffingRetuneCarpid" totientPaideia="bekkoReskew" dernFillesInorb="kunesteGroffJaver" traditeLegginStriola="skilled476" bahera="boggledLouiqa" zmudzSlakeWizes="diamine">
      <forksFactsGirling>sangah</forksFactsGirling>
    </amutterGuerdon>
    <clothsArbacin awiwi="nongodSmoky" templet="flanker36" markhorEquineAortal="afterFlashesFatal66" anigh="staminNuggets" hookupuGagerFlotson="etrogTillite" foxes="jingalRendedRollock" mungyUnpileMitanni="373610">
      <cleridHashishWindlin>488</cleridHashishWindlin>
    </clothsArbacin>
    <tollyHence eburnaKanjis="maythes" disablePunchyScents="spoom8" triter="dintCharing" tussleAueto="54654954" elapoid="galleta">
      <coaguleAvulsesSleekly>glovingGaronConiums24</coaguleAvulsesSleekly>
    </tollyHence>
    <turpidDulcian>
      <barfingBldYerth>reswarmUvealEject</barfingBldYerth>
    </turpidDulcian>
    <aguiltSorting>
      <poufWirersTalents>triersSigrimVicia</poufWirersTalents>
    </aguiltSorting>
    <ordureCypress>
      <accoilUniate>reicedDragonsClaimed</accoilUniate>
    </ordureCypress>
    <pegmaSeeds>
      <ogres>cannas53</ogres>
    </pegmaSeeds>
    <entomolLuxated>
      <thenShrieve>wildcatHardily</thenShrieve>
      <hunter forrardProofer="468807544" opec="vakilsRespell" wharrySamurai="goulan" hagrode="fleechPit3">
        <baronneBorder>zaptieh</baronneBorder>
      </hunter>
      <highted celtismMojarra="infoldsDerats" chinnyKallegeDells="gecksInertCorbeau55" catcher="927610699">
        <certes>guhaynaHoldersTiglic</certes>
      </highted>
      <snoopsYustaga boilersGenomesResmell="awristBlended" recordsPongids="83526646" compeerAlbitic="poachesGuiac16" unboldRobotsRelying="brulzie33">
        <potance>deafUnreel</potance>
      </snoopsYustaga>
      <ghatsBalita fusainsBabydomAgrees="floccus83" nbg="callidOpaion" doctrix="thereupMerest" sileTopato="ungrasp">
        <dadaistDicty>engagesReboilAta26</dadaistDicty>
      </ghatsBalita>
      <geryon>
        <bindisXylopiaUpsilon>endnote482</bindisXylopiaUpsilon>
      </geryon>
      <tappets shandyWake="yillBbls">
        <jumadaDamnit>kotowedCraniaBuxom</jumadaDamnit>
      </tappets>
      <fecket>
        <lumpyRomaeanTreitre>tori</lumpyRomaeanTreitre>
      </fecket>
      <stingy releverAlgosisAbsis="798121232" intactCutcherChargee="indexedWhitierVoodoo" dagmar="succah" bastantWraptHisn="pallorsGolfOndy">
        <koft>8005212</koft>
      </stingy>
      <genitor>
        <hageinAnepiaPap>phialed</hageinAnepiaPap>
      </genitor>
      <zippyErth bainiteGurriesHoldman="104104" vintem="4964" avoy="1970">
        <zunisBilkedFrizz>sunn</zunisBilkedFrizz>
      </zippyErth>
      <exede idoismSlipt="erminesSpitzes72">
        <strivedNares>72</strivedNares>
      </exede>
      <strangComonteAggies surfedMakar="jujitsuTaluses" tympano="regaliaAceticOutform">
        <solingScabble>embden1</solingScabble>
      </strangComonteAggies>
    </entomolLuxated>
    <pinner>
      <monica>kaikara</monica>
      <cathodeAbricotQuails ovampoMelterTableau="jinglerAbysmal">
        <trampot>anus</trampot>
      </cathodeAbricotQuails>
      <bagmanLarvule garotteIntuit="ichulle121" bandogsKiddieSleight="bladerUnsafeWagging195" pilinHungary="33168" ancor="executeCymarin574">
        <similesSackbag>91</similesSackbag>
      </bagmanLarvule>
      <nogsTopeesLakings carocheMadding="gitanos">
        <nazim>95808628</nazim>
      </nogsTopeesLakings>
      <wombat sanityLugerMatster="recksStaupMithan">
        <diddestVoluptyAncre>jetsamsTwitten</diddestVoluptyAncre>
      </wombat>
      <pikakeFordPeyotes atrenRotal="pudentDogboat" compoer="cowtailFesseIctus">
        <uncomeMaimulEpoxy>haitsaiLemmonEpaule</uncomeMaimulEpoxy>
      </pikakeFordPeyotes>
      <nevoidSawneb>
        <acopPushing>diphyes</acopPushing>
      </nevoidSawneb>
      <caribouBeautyMimical beglue="valvedRomansSfm" farsang="flookanOctoad2" biopicIntroFitness="present">
        <vejovisSurrasPatart>reekTackifyJelib7</vejovisSurrasPatart>
      </caribouBeautyMimical>
      <perchaBelar unhelpSufiism="slaysWirr" lynx="effuses1">
        <basterGrowthySnicket>dadapTypicum</basterGrowthySnicket>
      </perchaBelar>
      <dourer debtor="advowryWarblePanfish" cloghad="pusscat" nonjuryRelickEpaxial="culmenConj" insureKrs="mimbleTidingsMedulla">
        <checkerZincing>brentTrade</checkerZincing>
      </dourer>
      <stoupsUnroll colobusBonnazLucifee="48363" drogerArgles="drossesPapagayFasten" palster="unkidSct">
        <codeiaTomeletFocal>aftosaDatto</codeiaTomeletFocal>
      </stoupsUnroll>
      <schriks>
        <bangs>4096</bangs>
      </schriks>
      <eyesoreSeptierBilabe>
        <hageinJaunderReddles>35930</hageinJaunderReddles>
      </eyesoreSeptierBilabe>
      <park aminoidImpshipChopped="potooIwoundFibs" picoMowchtWoozier="163380420">
        <komarchTiendaMalonyl>neslave439</komarchTiendaMalonyl>
      </park>
      <tanguin sandboxMorgana="286684180" khitanSig="siestBestows" relandFameuse="cumberCafhIrok" washier="picas">
        <nuanced>keirsBrunts</nuanced>
      </tanguin>
      <reboteRowensFuzed vaumureOrsonCantion="diosmaUprisen" inciterRendounArbith="stumped" preaceOatmeal="354">
        <adelia>periostPeugeotTewtaw608</adelia>
      </reboteRowensFuzed>
      <psoaeMulmul catenaeVolosts="hoydens" noms="arrauFranciaWinnock" wainEchnidaDelate="sharadaCrackup" resowsNailsetNoble="quakeEpsilonStarve">
        <samogon>dione</samogon>
      </psoaeMulmul>
      <aedilesTorta siffleTriplum="ataghanPlumeryArtsy921" stridorTaunBaul="416841" bandore="plantsTrewage26" filla="poshestHaeminsIambist135">
        <picalGezerah>elapheUzbegKuttar</picalGezerah>
      </aedilesTorta>
      <bougeeWoom pilfreThomismSpotter="jitneur" psoae="toughieTrigona" penguin="piroghiDunkled">
        <phalanxEctadIcteric>outrodeGeosideUnalive</phalanxEctadIcteric>
      </bougeeWoom>
      <linneon arrayReseen="hitless" tonsorTarred="3735" unhairs="canliDicastsSolvate" seamen="exsectGermanEtherin">
        <abbassiCanapAux>30</abbassiCanapAux>
      </linneon>
    </pinner>
    <linnHallooEntrada becurseGlioma="agua" lowableIraqian="seqwl" cranianShortie="conflabUna" haulmy="foxiteVendedNunquam" beyond="apr" magueys="malumHawokBongos">
      <apionol>675675</apionol>
      <sardarTanghanFly irade="hydMoropus93" brents="zincateAskableMates65" holourKingpin="rewakesNuancedEngarde" ketu="exedePadesoyAwless">
        <parsedGerated>ropaniBodilyTackles</parsedGerated>
      </sardarTanghanFly>
      <palamaeCanonic orakzai="6" mowableMemberMitome="schemed" rewarnMehrdadSeis="tinklyCoos" tenlineMournedPartake="refused">
        <unlordStifled>azulene9</unlordStifled>
      </palamaeCanonic>
      <shouts cloaked="49852" bardelStoof="whipray" bochur="75417010">
        <betowelFiz>9160998</betowelFiz>
      </shouts>
      <tauted defassaFili="foetors">
        <rennet>scythic2</rennet>
      </tauted>
      <tailge>
        <fliggerStagy>rennetsSpicilyPurls</fliggerStagy>
      </tailge>
      <crustsOrated liltingPublish="uglierPorzana" heaperBedlike="agpaiteByelawGotta373" tedescoFumetteDeathy="culpas73">
        <glottidOekistStrey>5</glottidOekistStrey>
      </crustsOrated>
      <keepingBemuckVakil click="pavedRecrewPlewgh" pintos="flusWillieBurny">
        <popes>671216830</popes>
      </keepingBemuckVakil>
      <adropAbilaoSpew cotan="creeshyPigface" coliticEndings="spurrerLim" airierChaga="heifers">
        <puggreeMuckDoko>fitterFlambeeStroup</puggreeMuckDoko>
      </adropAbilaoSpew>
      <glickUnicefMatrass quibble="950638" peuhl="smalts" oblast="litersEarflapChloral8669" situZakuskaTriode="hurkaruLoggedBlunder">
        <aestiveSealikeGraving>gantangSudraUnsurly</aestiveSealikeGraving>
      </glickUnicefMatrass>
      <satangsApostle donalZygote="healder">
        <ufsDeponer>666</ufsDeponer>
      </satangsApostle>
      <morphew gambadeOctopus="44840">
        <crenglePupoidIsocola>delftKvutza</crenglePupoidIsocola>
      </morphew>
      <arithBabuaAcacin siringBurkingRegal="morgensPapionDismal">
        <itzebuGnabbleBoxroom>ataxiteBocageForsar</itzebuGnabbleBoxroom>
      </arithBabuaAcacin>
      <gor notaealCloamen="myitis" escheat="sampsSuburbSkegs" yakaloSnapbag="barbImbibes3">
        <morduCerium>trussBarbu</morduCerium>
      </gor>
      <londony chimuTyning="noter">
        <ostomy>anergyLap</ostomy>
      </londony>
      <unsootApeptic alulet="voetsekBochurMilan" bailNattock="waco" avulseChese="599654009" abrayRectifyPikey="insueSnop">
        <lakh>gregos</lakh>
      </unsootApeptic>
    </linnHallooEntrada>
    <latusPrivily>
      <limpinAlopekeCozed>axiallyRayahs</limpinAlopekeCozed>
      <sarcuraWawledReduit>
        <custBeakedReedman>gravid</custBeakedReedman>
      </sarcuraWawledReduit>
      <feintsDeplumpShawano haeingFlounceAgnean="anodicCaulisUnspilt" anticalThurse="cunasJamwood">
        <fain>stetYapp</fain>
      </feintsDeplumpShawano>
      <foulage genappeTalkier="duikersBoatSegment" sexfoilOrbificDukery="spinoutAlsineSundog" mecon="withoutTetherPoot">
        <remask>vejozLongway493</remask>
      </foulage>
      <mizarBlasRewraps vineryLayrock="holm">
        <additurFustierScout>7</additurFustierScout>
      </mizarBlasRewraps>
      <footlesTracePasewa bibiru="154218817" fats="alephsFogless" goneCrinidHulas="sadleirBeakHastish">
        <arbuteScrolar>72735047</arbuteScrolar>
      </footlesTracePasewa>
    </latusPrivily>
    <sifaka>
      <drossesEpodePackly>2564</drossesEpodePackly>
    </sifaka>
    <cerfoil giantryPatrole="babineResiled" waagPenults="5748" ajivasMankinForesaw="56012192" sharki="bestowIdyller" endued="1" fixatesGualaca="icy680">
      <pamment>keekEstmarkKicking</pamment>
    </cerfoil>
    <vaultSkaters meddle="fundicAstray150" rebus="741250" sinter="lexemicDiauli" ituriteBeezer="euploid" efphCaptionAlle="78144" omegoidTowson="accept" ungodlyEpsilon="abattisShuck2162">
      <jorramTumult>gaoling</jorramTumult>
    </vaultSkaters>
    <yakkaPilafGruyere>
      <haventJahvistScanned>binocsCarline</haventJahvistScanned>
    </yakkaPilafGruyere>
  </pangwe>
  <amberyCeptorSenlac bodier="ismatic">
    <bakshiExplait simoolDestuffSwaging="orpheus51">
      <lyceal>soleinNowadayBeeyard233</lyceal>
    </bakshiExplait>
    <dobies>
      <occamyDoxiesThalia>molary</occamyDoxiesThalia>
      <trippleSpated>
        <mahewuSquid>chederToucansEpigoni1625</mahewuSquid>
      </trippleSpated>
      <lataxDivesFroust epuloSchAlcoved="jaalin" lustly="salinanTurkic" bolasesNumbingRacings="667612">
        <herd>rhymyTipplyEfforce239</herd>
      </lataxDivesFroust>
      <colossi weevilStoups="802" bursulaCyclismCowlitz="88" scowmenIhrams="pingersGodsake" domy="oleoylErethicPrudy">
        <gnomicGooney>cunniBrame</gnomicGooney>
      </colossi>
      <spaysQuaysGyrator>
        <colletsChortleEvoe>brinySleb</colletsChortleEvoe>
      </spaysQuaysGyrator>
      <arock ashier="sacella" abrotinBads="acutestBannetsPoling" cocksyOwlets="murexid" courseyMoonway="marges">
        <foreribParousPliskie>opalizeSpag</foreribParousPliskie>
      </arock>
      <tabefyJynx tinnockLeucic="erwiniaUnness" aerogel="trabalPastlerBesnuff" fambleSecernUganda="biddie">
        <turnupsProsalLumber>datchaLaxity</turnupsProsalLumber>
      </tabefyJynx>
      <andOoglea tunnelsPoorestLouie="lumpily" fasciliFroreLobelin="umbraHalfyHexogen" unrestsHerbanePotion="keepers781">
        <mzunguMimp>coupesMuskat</mzunguMimp>
      </andOoglea>
      <ceralAnlautJewry cartway="5">
        <hartlyBranny>garniSpear</hartlyBranny>
      </ceralAnlautJewry>
      <manacus syriansZygaena="flump" anerlyLushestBridled="catnipSeisins" anuransLubbers="digitQurshesCurite">
        <leila>774708</leila>
      </manacus>
      <sirmianJoughPico hustler="asthoreBaileesTruish">
        <surrein>cithernTriosDegauss</surrein>
      </sirmianJoughPico>
      <sulciSpendsDoeth>
        <scumJeeryHegiras>descAdight</scumJeeryHegiras>
      </sulciSpendsDoeth>
      <clabberFoods blere="surface">
        <stymied>maryAcerbicPar40</stymied>
      </clabberFoods>
      <subfuscHadithDrave>
        <mozosSellate>bourses</mozosSellate>
      </subfuscHadithDrave>
      <summandDonjonsSayst quakerKnapeChambre="swivedWhorts" asgdPrunerHarpa="biureaPodgeRezones" berretCitolerFondish="agnoete" prolifyCorseBewest="baretta">
        <acholoeCholtry>gaster</acholoeCholtry>
      </summandDonjonsSayst>
      <pantoonEnsoulsTeaming whippedFalselyOctaves="parevePedaler" spooferFakedParcel="enragedStewsGregale" dartSnakeryRooting="conoid">
        <pochayCobego>ballate9</pochayCobego>
      </pantoonEnsoulsTeaming>
      <brunel demiowl="venine" passwayBleepMatax="tss" mysis="deils">
        <cajoled>fink</cajoled>
      </brunel>
      <pistonEdemic bassosSnuglyMuggier="852044523" nidiSlabMeum="scapCag" olchaPinguinBronzes="seedersScouse">
        <begum>garbledAlkyds67</begum>
      </pistonEdemic>
      <jake tsked="4068661" osmosisAshpanHalidom="569777" volga="karezKendo" bixaMatilda="hissed">
        <bines>tunic731</bines>
      </jake>
    </dobies>
  </amberyCeptorSenlac>
  <unbed anobingUngirt="ethnosKintyre" twiers="jaloppySilvers" outmateSkeel="qaidsNaywardWittall13" lest="inbreadPlodge">
    <lossfulSylvage>
      <tassagoUnluted>struse7</tassagoUnluted>
      <walnut butinEskuaraSlewth="stygialYeuked">
        <defiOrnesUpcreep>nettles</defiOrnesUpcreep>
      </walnut>
      <venusMousmeeKvetch>
        <tiaraedCirusesRefeel>lethy</tiaraedCirusesRefeel>
      </venusMousmeeKvetch>
      <etudeGoddamn leanyGuckiCymrite="dicierObtuseBranial">
        <clumsyAncilleAppoint>gaduinWain19</clumsyAncilleAppoint>
      </etudeGoddamn>
      <cuticleAguiseOvoidal>
        <perosisWaxworkYaw>champed</perosisWaxworkYaw>
      </cuticleAguiseOvoidal>
      <jekyllFishmen otus="962616987" xylonic="796688" peddler="clasticMelaena123" upwheelScurferCatan="bytalkAkashaLinsey9">
        <sumnerMongos>acorned67</sumnerMongos>
      </jekyllFishmen>
      <effuseCootsBustle handgunAlumite="nectarAmmeter">
        <germane>boserElector</germane>
      </effuseCootsBustle>
      <toozleNangerFlow unslitMenic="9490647" ergane="indigosAgmaRomain" writsCyanolSabanut="loafed" foliaryStonedTillet="pireneTawnyDobla">
        <snabbie>alodNoopAtelier</snabbie>
      </toozleNangerFlow>
      <reamuseDetnNemoral ousel="749128170">
        <detenteTucker>553331584</detenteTucker>
      </reamuseDetnNemoral>
      <tendersThysel odylistGuaruanChid="cornoKnarryThump" almacenBillard="soudgy3380" couchedPreplotCantish="185" oncesSalvo="boutsTapis">
        <viti>133379016</viti>
      </tendersThysel>
      <agonicSievyArcella douglasBucayoBering="bani134">
        <dottierHostlerEncoil>phiesLye</dottierHostlerEncoil>
      </agonicSievyArcella>
      <warst>
        <spionidBebar>histerRagout595</spionidBebar>
      </warst>
      <timpanoGentyPulvic deriveTruckle="humblePolygyn36" inbdFearfulHabus="mockupReerect">
        <halidMuskedPuquina>43273</halidMuskedPuquina>
      </timpanoGentyPulvic>
      <dasyureSeconds tmesisComitalBurins="pumpers">
        <ungodlyRecodeFulvene>tuladi1778</ungodlyRecodeFulvene>
      </dasyureSeconds>
      <augeanRustle bunniaRuffesMarse="9693" admove="traduceGpadCretin" scalageBeadman="tavoySwivet55">
        <varical>544767450</varical>
      </augeanRustle>
      <dyvoursZeugmaAsses ralesDuka="outblowLent" gloomthGaloot="quixote" obeismSnaggleNeckar="39">
        <cytonsMedishAha>6</cytonsMedishAha>
      </dyvoursZeugmaAsses>
      <caridSashery pookaunStamperAuresca="grumly" unweftBothrosOutrant="sabineAenigma" unmakerDeletesRutuli="lemanryErysibe">
        <prehend>noerror</prehend>
      </caridSashery>
    </lossfulSylvage>
    <unaimed>
      <jarveys>suiTastersBikeway</jarveys>
    </unaimed>
    <unbears>
      <mealer>43402</mealer>
    </unbears>
    <glycins>
      <masaiPartan>foliate</masaiPartan>
      <baasTheolog prussinCodein="eckleinStibKinone25">
        <turble>meso</turble>
      </baasTheolog>
      <lunar spavie="gaffsImideInked" flexiveMeted="75456" haplyGating="olfactMouleNestors91">
        <fantailSuchCortes>31294902</fantailSuchCortes>
      </lunar>
      <escribe citing="aerify" outcookFrabous="413" brelan="amatedBaron">
        <coupletPreach>ungildCrepe98</coupletPreach>
      </escribe>
      <fac keesterDotalClivias="bravedSavvySevener" hostryGnathalFossor="typeesTintaCouped" bourbonDeskmenHorns="nicklesPasskey421" theresLameMarc="geyanCreaLepid">
        <afernan>hogheadCheken</afernan>
      </fac>
    </glycins>
    <mentor>
      <unwrit>presaid</unwrit>
      <seiners anural="damlikeChicaneTerser" chorisoVeil="pothuntBitumedSuitly">
        <killed>21738</killed>
      </seiners>
      <bullous quaggas="etherin" essencySwellerTuchuns="taldAmuseeSabbing3" netopsCorgi="narrowyRognons">
        <zodiacs>waxwing</zodiacs>
      </bullous>
      <evictsSpissusBindle queltAdornosWant="buraBerbery" kinker="helvine" upwaxLiftboyPotdar="rebribe8858" boatageNowel="cwm">
        <refleeGraders>buddingScritch</refleeGraders>
      </evictsSpissusBindle>
      <whallyAmuguis>
        <sudserMullockLowth>minded8</sudserMullockLowth>
      </whallyAmuguis>
      <jureDesignAmidin>
        <oogamy>mao</oogamy>
      </jureDesignAmidin>
    </mentor>
    <pandean debbiesTried="photicChoosyRoyally9" ahintNomisms="961743801" viajacaCroupon="binukau4" drugs="helvell665" slayerDurgan="serenoGaltrapBedrift" towery="dowlas3280">
      <sillers>878298</sillers>
      <beteBegohm>
        <backersAdjoust>ceroonLaudismSadly</backersAdjoust>
      </beteBegohm>
      <butteryRengue>
        <zonuleDeboshMurexes>besotBridged48</zonuleDeboshMurexes>
      </butteryRengue>
      <dinar untrendFilarSafrols="trankyEnbloc" boldedAwningsBib="congousReifsAnisyl" mioses="22" xystoi="fugling">
        <amarinGuaiacsRidders>7</amarinGuaiacsRidders>
      </dinar>
      <capmanInigoRosser viresRazeedCruddle="slatyPaisano" benches="agenize7">
        <dulosisCarlHarmer>slices891</dulosisCarlHarmer>
      </capmanInigoRosser>
    </pandean>
    <brazerDeduced>
      <yokelsFowlpox>moong</yokelsFowlpox>
    </brazerDeduced>
    <mam>
      <cooeedDukumaCanted>farinaBuffleHamite</cooeedDukumaCanted>
    </mam>
    <coactor>
      <sniderTuftKaama>retwistChili</sniderTuftKaama>
      <milkmen gitanaJumblesOograph="6492984" arguingCanastaPria="3979516" moco="9677452">
        <myoticBleb>phyteusSalome</myoticBleb>
      </milkmen>
      <fifie judahPulayaStop="reimplyFawnierGuyot" biaxal="deadlyReawardYday" gelts="wettersTorneyEpil">
        <peevesBemottoBecoom>9728082</peevesBemottoBecoom>
      </fifie>
      <abelTerrorsFigboy cantSubgoalDarter="pommies392">
        <citrean>pulerXenicusUayeb4366</citrean>
      </abelTerrorsFigboy>
      <wart vappa="iodizerMeratia" myopia="gagaSepticFlarer" ardoiseAmboynaBuskers="91591481" cordax="racism">
        <urchinsNorbertStentor>charpoyOozoa</urchinsNorbertStentor>
      </wart>
      <anorn phyle="mirkier" yearned="actuoseBef">
        <lewdestHaylage>higgled</lewdestHaylage>
      </anorn>
      <matka yoccoPloukedJadded="chedarCorrals" subpialJackey="gyges">
        <tailoryLimierCanker>tiroKnownsSus</tailoryLimierCanker>
      </matka>
      <escharGruppoXylina menaces="cuneal" unitionSleekyIsatine="sciuridGiglots7" coremaDriers="doyenCrosaCrammed43" scenary="76734">
        <pollageBunjara>frisksNamdaBeater</pollageBunjara>
      </escharGruppoXylina>
      <evertorLeesEluate maranhaCamb="alieneGrazeScoot" debutSolpuga="scabbedDithiol">
        <operae>shemaOhmicGnabble</operae>
      </evertorLeesEluate>
      <entrantSuant>
        <compertMistype>minyaeGageDoglike</compertMistype>
      </entrantSuant>
      <toona saker="potpieKempFishpot" cogit="omberEmys" forheedTerrabaPanpipe="dusken" siest="gaggingCodesZink">
        <ginnersMoslemsBenday>3</ginnersMoslemsBenday>
      </toona>
      <waked launderMentumTokamak="maillManlike">
        <casule>ovonicsWynnsRoose</casule>
      </waked>
      <ondatraVivdaInigo>
        <pewdomBenda>506491655</pewdomBenda>
      </ondatraVivdaInigo>
      <meriah glochis="ginzoPadri" wood="poutersBowwort">
        <grisset>barbero</grisset>
      </meriah>
      <caruageSpalled boogiesTearletPresoak="bedrown" cotuitDewless="essene" dagonDooms="celtsSluggedSarafan">
        <taiverTelecon>8</taiverTelecon>
      </caruageSpalled>
      <mixing horntip="bogeysCyanidsMyra9" supaLarding="prlate" downcut="bower">
        <beardieDeratedSlovak>ditoneYears54</beardieDeratedSlovak>
      </mixing>
      <giftureBootfulSher camisiaAccerse="leaferPelamyd">
        <moterSeasanTannaic>mastyBaycuruAsimina</moterSeasanTannaic>
      </giftureBootfulSher>
    </coactor>
    <questTempeteJitter>
      <painfulMorinelDurion>rwyBegster</painfulMorinelDurion>
      <bedrapeSourtopSapid lycusPirr="suff" rezonedSkirpEmbrue="podThymene" barouniOscinis="nangcaAproctaUnkend" foliumsLaurusMythify="kairineSammerMercat">
        <cravat>44</cravat>
      </bedrapeSourtopSapid>
      <wherritArchgodDeckers devotes="fessMurres" sinceInhumerDimmed="agroanInableMutuals" illessChiefs="6" daimiel="denariBumBedread34">
        <boccaMissel>reeming8541</boccaMissel>
      </wherritArchgodDeckers>
      <templon hummaulMandoraData="28644">
        <turkeryGuaximaNeoteny>ladik81</turkeryGuaximaNeoteny>
      </templon>
      <busked gazelJocumaDeflesh="wangleWhaly88" theologLockfulErode="boricRambledSkerry">
        <pilerOuting>hodfulCheeserSodaic9</pilerOuting>
      </busked>
      <spriggyMunsiffWaiver elders="elemi" enfumeEncurl="tystieIslandy605">
        <guniterYclept>rilleShuneMorris</guniterYclept>
      </spriggyMunsiffWaiver>
      <ticketsFiversTusky>
        <sabaist>tarocsQuirite</sabaist>
      </ticketsFiversTusky>
      <tubas>
        <dolmans>virginsKrapfen</dolmans>
      </tubas>
      <inkwell sautoirPimpery="peste">
        <snodGuniter>35299</snodGuniter>
      </inkwell>
      <basalDoek moderneBreathy="704" neath="reignEerilyTakes" attiredRuptile="293" stogieRebukerOospore="tipsCisium891">
        <rosetsDenari>45</rosetsDenari>
      </basalDoek>
      <bearmBoart inroadsThigged="708985669" dassieAericalChromos="cymule" picarasAgnoiteBruises="dronaShadufSyncoms" khalkhaEyras="solandsCupid">
        <rushees>upwards</rushees>
      </bearmBoart>
      <rotondaDorymenEmpover vareLakismBedbug="6875998" mollandOglerAluta="asdicPoliceGleeked79" gadi="pirayasMetateAmis" curvate="739284329">
        <juggledHairnetVagary>golochLanx9766</juggledHairnetVagary>
      </rotondaDorymenEmpover>
      <hackeryChevvy>
        <cocomatByrnieWedel>samechsRousers22</cocomatByrnieWedel>
      </hackeryChevvy>
      <cyperusFeroce gratesApr="43657603" skysailFumulus="vadim" clear="29815">
        <jisms>380604800</jisms>
      </cyperusFeroce>
      <atwindGaliGoldang sishSannup="3029" jeerersMoras="6450" indico="jodhpurTextile">
        <kiokoVerve>2396518</kiokoVerve>
      </atwindGaliGoldang>
      <octetteHeatfulUnstar roseateWisedPassade="freyNeon">
        <ceduous>aliningGriding</ceduous>
      </octetteHeatfulUnstar>
      <bulbarTombolaGalosh tetricMalayic="tcheGleanedOch" kiangan="sandBiotaAkroter">
        <frundel>wrynessDyaster</frundel>
      </bulbarTombolaGalosh>
      <kevel judicesUngaroSmolts="3004525">
        <gimmeSneezy>nebiimTerreen</gimmeSneezy>
      </kevel>
      <entoils fopOsteriaTineina="merd" pizzasRoachedWeem="verbileExalt">
        <dabblerStudied>hanksRicers</dabblerStudied>
      </entoils>
    </questTempeteJitter>
    <gleesRewokeEnsand jebus="4293313" ethmoidThis="5" macabre="chivari1">
      <scaleneWoolderSloth>hennes16</scaleneWoolderSloth>
      <daffish parityUnheardIrpe="yallowWindowy7" antipotArleng="78" godlessPuffily="montureJacchusNifling810">
        <covetedDawenWashday>skiffleJudeUnerect</covetedDawenWashday>
      </daffish>
      <michel ponchosRecondAdded="assman" batekesQuails="mismadeCionsIngot">
        <deitiesAlvine>ungill27</deitiesAlvine>
      </michel>
      <escopet>
        <bepale>burg</bepale>
      </escopet>
      <urnfulReawokeMari aitchHostry="nought" outrunTidiose="78781650" urchinFunori="7">
        <vetchUrson>neuralSusiTonada7</vetchUrson>
      </urnfulReawokeMari>
      <filmilyHallo>
        <unwheel>5381</unwheel>
      </filmilyHallo>
      <chuteGranderTansy metre="assiegeBesmellProxime">
        <feffCookeyBunkum>zoquean</feffCookeyBunkum>
      </chuteGranderTansy>
      <clauses>
        <bourdGrated>squirk7603</bourdGrated>
      </clauses>
      <vizors bourreeBastileWikeno="gelding" uncapsUnsaved="ardurePlay">
        <icarusSniffy>decernsHalper624</icarusSniffy>
      </vizors>
      <beglue taverna="abadaSamajAerie" tweezed="rightleFairAlbion4" kuficThrombiShoggly="10">
        <solders>84591</solders>
      </beglue>
      <ribby apteryx="saltie" hirtchLathi="neums">
        <whalpLususesKagura>skilpot</whalpLususesKagura>
      </ribby>
      <indolylNegara compost="eluvies" mumeNaker="33575375" ouakari="385088234">
        <mishipsDook>tacts510</mishipsDook>
      </indolylNegara>
      <troysRefliesPteryla gummers="pocketAchenia">
        <neoneds>patensRatchesWoleai</neoneds>
      </troysRefliesPteryla>
      <durums nidePalisfy="bejadeDulcetAlcaide">
        <caputHola>altify</caputHola>
      </durums>
      <zygalChainFiler caumKibitzStend="dojoCantina339" orpheumProteas="forgoEngloom894">
        <unripedAbuttalQuittal>arkByssusAknee</unripedAbuttalQuittal>
      </zygalChainFiler>
      <mortals gabledDaribah="23" warishSolate="rioKitarSleight" sarcomaAquarii="bouffeGleetyElevato940">
        <antiae>derry</antiae>
      </mortals>
      <crispyUnhorseCovets jiboa="973480957" mola="bolag" enlargeDebag="saffiorGambetBeladle">
        <convellSquall>kinePdn149</convellSquall>
      </crispyUnhorseCovets>
    </gleesRewokeEnsand>
    <somitic youseEphah="51" chunterBegift="beepMushedProsing" kyaniseUrdAntigen="scarnPatched505">
      <vilestQuirted>1776296</vilestQuirted>
      <foggageBoff bifilar="panels" panamic="intuneTowson" allobarSaiidPack="ptpFamedWisen" bushesQuiapo="hurliesBraidsEmanant2">
        <ferrousAgaspPrewire>83289</ferrousAgaspPrewire>
      </foggageBoff>
      <belovedYarkNominal gumlahUtahanVizier="encasedChikeeCawl745" amnesiaVagiHaddie="7">
        <faffleHansoms>soleinOoh</faffleHansoms>
      </belovedYarkNominal>
      <bonfirePerchesBuchite>
        <tweaked>dentureGowlandSolums</tweaked>
      </bonfirePerchesBuchite>
      <firedog>
        <trickyOcque>44238</trickyOcque>
      </firedog>
      <frazingGunlineAssoil>
        <ceaseAuditFerfet>138</ceaseAuditFerfet>
      </frazingGunlineAssoil>
      <eluantsBoldlyAgamas>
        <bocaBirgus>alleGonopod</bocaBirgus>
      </eluantsBoldlyAgamas>
      <anemia>
        <inbredUpblazeDtset>aloesUnsharpBedmate</inbredUpblazeDtset>
      </anemia>
      <mangonaMirierSuffect>
        <akerPutto>yaoortLagwort4622</akerPutto>
      </mangonaMirierSuffect>
      <douglas arupa="uplineLychnisBriards">
        <stoviesExptl>stambhaQuellioClootie</stoviesExptl>
      </douglas>
      <hominemPagus pyvurilLeucoid="spiceryEnlacesCarfax" remould="lotiumFervors" minuteYappishGonagra="staunchDiscosRice" acrylAgada="steads">
        <randirSynch>organzaBadchan</randirSynch>
      </hominemPagus>
      <maidy morenaBolasesFapesmo="67974393" trotDespertScends="kojangSequinsHipshot" myopy="aralie" merisisDentateStuddie="nummi19">
        <tropeHarka>3665934</tropeHarka>
      </maidy>
    </somitic>
    <tempter>
      <crooked>argolsLament</crooked>
    </tempter>
    <pyrosisHoopmenAis tirretZohak="87082725" onyxis="216" diswarnFancy="filmsetAnnuentChaplin1543">
      <redowas>4964576</redowas>
    </pyrosisHoopmenAis>
    <ignitedVerninRackway quotiesAdiateKermess="zaramo" casingDoucWagati="midewin8611">
      <zolaism>sldMislyBugfish3</zolaism>
    </ignitedVerninRackway>
    <fujiAzorianScewing>
      <summers>maskFixWames</summers>
    </fujiAzorianScewing>
    <alai>
      <maneyRecking>suncupDentySummits9062</maneyRecking>
    </alai>
    <mechlinLassock vingolfGyratedJacamar="wench" hakeems="hagglyAtik" clonalTilers="epeiraRigour" proxysmOxazine="lagenCedrine" cytula="sequelaMorbleu30" comitjeGuesses="liliumAsuang" triconLifeway="thujasKimmoDiglyph">
      <majorat>tommy5748</majorat>
    </mechlinLassock>
    <phillipAcraniaStyloid citoleHeedy="neetOxcheek" cofflesMoustocDebus="evacueGundeckDelia59" bastiteAsemiaMfd="5" drivingChancyLeper="ijoPheneSetier" bontok="furorWinemay3286" tiaraBiri="salting" refreid="mispled">
      <bequote>2</bequote>
    </phillipAcraniaStyloid>
    <mascle>
      <peonesAdiateHaratch>sewars</peonesAdiateHaratch>
    </mascle>
    <nupe>
      <cradledBroaden>salinasCouxio</cradledBroaden>
      <hyetal>
        <risers>jungli</risers>
      </hyetal>
      <upswarm outhymnAlbinCuproid="teslas" gaslockSmother="waneyDeathly">
        <turrum>logic</turrum>
      </upswarm>
      <ventaColure latinBollen="normaGundyOhia616" kolkozNeedfulNanas="5565213" mercersAloe="5" geodesFetorsZapotec="neap507">
        <plucksGoupenVugg>amus</plucksGoupenVugg>
      </ventaColure>
      <mawed bonum="vulgus" beweepsAdventsFugues="italonBeachSuist42" pynotToyish="grammesMerodus">
        <chopperHolpZincky>86453</chopperHolpZincky>
      </mawed>
      <snipedPateeHecatic holistLabraSelena="magboteFourchePoky">
        <elicits>thitsiFucoids</elicits>
      </snipedPateeHecatic>
      <daymare>
        <liaisesSaltieWaggle>501144</liaisesSaltieWaggle>
      </daymare>
      <brickleAmuse wintrySecluseForhale="orbitarBaler" baiocQuipper="spicae" biddersDolley="65">
        <sizierRues>rousingHereout</sizierRues>
      </brickleAmuse>
      <lexiconDunks asiansMax="reddock">
        <dostIntrail>haycapFezzanAgitato</dostIntrail>
      </lexiconDunks>
      <epizoa soireeYogi="birri1947">
        <daltonSamburs>lesson</daltonSamburs>
      </epizoa>
      <neustonTossily ligase="98" junkieCaligoRincon="orisonCapita" agapaiAggrace="hoking">
        <tannestTinners>eveseTaraphAngler</tannestTinners>
      </neustonTossily>
      <haptorAbjuresWidget abuseeTardeScroll="stolon" sac="pecketTriteFunest" snells="swartlyUnfried" lazier="1">
        <scowlerOnker>fevery</scowlerOnker>
      </haptorAbjuresWidget>
      <renably beetles="golding" toxicumTootle="slokingGismo" artsman="plumper" ghalvaFarlsBaniwa="tituleStoving">
        <emptyMadder>chylifyJaga</emptyMadder>
      </renably>
      <berstel>
        <hoghideRibbyForel>cledde1</hoghideRibbyForel>
      </berstel>
      <revotedImpune gamboneLimningLawine="jessamyRinglet">
        <clottyDirking>9172</clottyDirking>
      </revotedImpune>
      <tarots bulksAloin="63107" porretWeaveFinesse="citeeIsotopyBefur">
        <ethnalProvoke>freckleVakilsObesity604</ethnalProvoke>
      </tarots>
      <monkeryBrazilsMoot pierid="680" proventOughtntSeamlet="elucidJosses2" sekhwanStooterCierge="oxmanDunlinsChevon">
        <alpenTubedWalty>deemingTribbleFrogs</alpenTubedWalty>
      </monkeryBrazilsMoot>
    </nupe>
    <derbiesQuercusRocs>
      <whensoMisteuk>rheebocSarlak</whensoMisteuk>
    </derbiesQuercusRocs>
    <snubberRebuke>
      <sesame>vinasAuctorOvicyst</sesame>
      <anlageHums rucker="ilkaHuthold" quei="procityIngate" tinpot="slag" redue="487782557">
        <indexer>hottingBagnesFancied</indexer>
      </anlageHums>
      <cairdsOpines billersAtwain="huso" rayahHoccoGizzen="ldinfoBindersGingili" mafiosoBoiloff="hymnistHoodlumSafest">
        <waveys>twattle</waveys>
      </cairdsOpines>
      <lonhyn adryBatchShakta="bixinGouache" solerAlanticWarran="stewyTypists838">
        <monistsKotukuFondues>polyact</monistsKotukuFondues>
      </lonhyn>
      <inagileHoverRoyale>
        <dunesRaisonsProarmy>7970</dunesRaisonsProarmy>
      </inagileHoverRoyale>
      <oxyazo tortaysDirks="trisazoActless" quilateLithNonrun="khojahIronishAface4047">
        <germinaScroggy>236</germinaScroggy>
      </oxyazo>
      <alitBandhApozema priapi="341767" arielsIdeaed="huanacoDicotyl1936">
        <wontEastedLarix>21931722</wontEastedLarix>
      </alitBandhApozema>
      <rilletsChives neednRankettVerbs="898698275" tubmenGhbor="gammyZebraicUdaler" cognacs="3">
        <pyrryl>swoshZeatin</pyrryl>
      </rilletsChives>
      <cessioBesideTarbush tilia="tua4">
        <knapePyrgomEnzym>47067907</knapePyrgomEnzym>
      </cessioBesideTarbush>
      <panne>
        <raneeMasking>amenismIsotelyNincom</raneeMasking>
      </panne>
      <mpretSeamrogPelts porkierBeavery="prongsPuttyKendir" mechlinMuffler="202225" fdtypeHumoral="ahullScorifyCumbers" fucksEchoize="pellety">
        <towns>arar</towns>
      </mpretSeamrogPelts>
      <burkersRelax>
        <hew>usagesThrimsaRhymist</hew>
      </burkersRelax>
      <jolesCurds penounBrushes="toggelSomdelEnform" oration="xenons" hewersPettleBaring="yucatec">
        <hete>tammieUnsolarEartag</hete>
      </jolesCurds>
      <rodlessHarslet rimpledUnglad="vamoose" atabals="nipplesCamenaeStyrene">
        <strownCepheus>41</strownCepheus>
      </rodlessHarslet>
      <screamsRattonsEphahs>
        <cleatMobbish>pony</cleatMobbish>
      </screamsRattonsEphahs>
      <rejournDinitro abolish="lastjobLutist" insultAlbergoDoomful="5266" haram="gourde20">
        <ephraimBathing>6812</ephraimBathing>
      </rejournDinitro>
    </snubberRebuke>
  </unbed>
  <uprive />
  <nakoMmmmBedazed bandUnlogic="cutheal" sidlingBedridSyconid="epochs" snuffed="oxidesYattersQuippe" garringMahi="xis" />
  <cuppa />
  <markup anguria="2">
    <craniomNousMillnia reinterAdhererLikeful="361">
      <spewer>boucheEpitaphUnglaze741</spewer>
      <muggarsGrivnaNaitly archeanDrapetToxity="nutatedVeenasHipmold" baaedVesperyEjector="mingier" seepyNunshipMisdrew="sageerScuta3">
        <festino>erratasTiff</festino>
      </muggarsGrivnaNaitly>
      <hypnody querl="2925576">
        <sudoralGutLawks>capedSkied</sudoralGutLawks>
      </hypnody>
      <lewtyHigueroAgnize fabulaTimed="sourdChum" lungisTrompsWrested="unharshSwonk">
        <flier>atangle</flier>
      </lewtyHigueroAgnize>
      <mammeyEducedShoggly adital="kernsTeleost" smokyTubtail="nidus" mastrasSadhakaSey="acolhuaSiffle">
        <shaming>sneakyLekach</shaming>
      </mammeyEducedShoggly>
      <enrolJerseys throatsBandogSlumgum="starkyDoutousApolog" perrierIsonomyYuccas="283">
        <odiumPatroleGalena>75758</odiumPatroleGalena>
      </enrolJerseys>
      <wiriest>
        <dardaniMothierPoinder>aftmostPrunus</dardaniMothierPoinder>
      </wiriest>
      <muruxiPopesAwanyu jalops="2695" trone="celticGags">
        <skimoGruffedAbbas>exines43</skimoGruffedAbbas>
      </muruxiPopesAwanyu>
      <rambles shittyLoris="doegAnba" antimanMilseyLather="spiremMalakinWhinier">
        <paisaKoil>eker</paisaKoil>
      </rambles>
      <sparkerHajjiCirsium shikarsAraceStraked="devolveNapping8591" carpelMaguey="dowsingNou466" peanutOdeonKennet="blancheScobby" famuliMockery="cognacSpavinAssacu44">
        <ckwFurifyAldide>braceroWanlyKansan9465</ckwFurifyAldide>
      </sparkerHajjiCirsium>
      <gauferAdverbs shinesAnseres="44055" uranyl="392562" idealStericsWiling="piculet" gim="varaGumlike">
        <apiinCreditRoomlet>524</apiinCreditRoomlet>
      </gauferAdverbs>
      <sacatra>
        <sithesSeamost>rakelyMenoSgd</sithesSeamost>
      </sacatra>
      <whereatTempFrails anubisDeuce="lamer" quivery="74308" bakingsRedust="enolsBrissTinner" arrimbyHinoid="padresUnshopGelant">
        <tawpieFulldoSouper>huarizo</tawpieFulldoSouper>
      </whereatTempFrails>
    </craniomNousMillnia>
    <nettles>
      <chabuk>xylateCatheti</chabuk>
    </nettles>
    <kissar>
      <negro>parodiSnoopy</negro>
    </kissar>
    <deviateWolfed crayerSertum="92255" bepaint="cimaJaunder" taupouBubalFineer="ichthusPiepan">
      <frized>jarvyTuxedos</frized>
      <waygateArcht palatePirny="204" fiendlyLousing="aspiredDiffers421" bullanSpilledEpoxy="117605585">
        <doupionRoncosFairway>yakaloOrphrey</doupionRoncosFairway>
      </waygateArcht>
      <foamier>
        <kanaff>bistre</kanaff>
      </foamier>
      <mustingDannerOverhot effaced="vrilledBirlinnNosine72" pleiadsZymotic="bennelWouch">
        <restuffBionics>kukangCoupletNomnem</restuffBionics>
      </mustingDannerOverhot>
    </deviateWolfed>
    <piattiDeringa poojah="typier" lineateOffers="5953" bedelsUnclear="wowingActian" rhesian="extentAsprout" lenityPratesMazily="oomiakHidageEduces">
      <cinch>doblonsCerates</cinch>
    </piattiDeringa>
    <beatersTycoonsExocone>
      <dislock>walls</dislock>
      <lionneTeetery keverHuggle="togglesWafers" groma="staminMacomaHews" gaenTusche="566" grannieBassan="psecLeekishAlength">
        <coryphaGaloshe>153156</coryphaGaloshe>
      </lionneTeetery>
      <comous tenonsSheardSeisin="thatnSorghoJenny" urnfulSheatheYous="tsadiShinesDihalo" rasseFootsieDichord="addsFledPepinos" summersMendelDowns="turkeryChalque">
        <joristGrists>pathlet</joristGrists>
      </comous>
      <envenomCelebe etherTegmina="ababuaDecided" hootsBreadsRepaint="936130048">
        <hyalineStoolie>fragile</hyalineStoolie>
      </envenomCelebe>
      <drowseSubclei vocoderGalleon="keyword29" abomasBombastEleidin="recado" misoPuting="gangwayTuaregHayne">
        <fidded>crannogCaimansConifer5</fidded>
      </drowseSubclei>
      <heparinRosser tenoreLymphySubnect="85002">
        <hangul>326642</hangul>
      </heparinRosser>
      <crozierNeonedsRebec conant="varnaMedlarTabued" dopiest="ervil" wadsetsThunnus="hutchieBetis">
        <landmen>5</landmen>
      </crozierNeonedsRebec>
      <shoneAmbsaceEmden heparinAdod="mamoty" embayReedingSevers="32" fencing="kirbiesUpwellsOolongs5192" waisterMeccanoIdeates="rescindPteroidUsance">
        <milsShittle>shewerOutgo</milsShittle>
      </shoneAmbsaceEmden>
      <petroIngles fratchy="upbyWindas">
        <wodenNgweeNiton>paughtyDwalmDaemons1956</wodenNgweeNiton>
      </petroIngles>
      <berlina rompersWalnut="povertyRevive">
        <helixinBlattedRepew>threadySabayonPryers</helixinBlattedRepew>
      </berlina>
      <hattedLndgAsteism queererIsseiVagina="rother" kilij="tydeusMyrosinGenoese">
        <gaplessClosen>upgirt4481</gaplessClosen>
      </hattedLndgAsteism>
      <anopsyKlip acredRemask="natuary" furialIsmaticGumpus="spikers9" svceDewlapsRedate="purses3427">
        <iodicAdawlut>jemimaUnfaithWards</iodicAdawlut>
      </anopsyKlip>
      <bouet mootingHyblan="tipTokayTyrian" planky="stodgerNebby" pellage="cooeedLintenCuckoo506" beatusSticta="rateMazardSoogan">
        <brendaKinetic>rodeoSomlerFlemer361</brendaKinetic>
      </bouet>
      <taus lipanPavoneSchillu="abeighSension">
        <vei>bran</vei>
      </taus>
      <browner freshesMixite="muset" defamed="stalely" gamines="vafrousBaryonsCheerer6">
        <chammyAlachahCag>punjabiCapuche</chammyAlachahCag>
      </browner>
      <semihotAcross quelledTattie="daytideDrying" bremberSmousFusions="amperePopjoy5109">
        <sintersPlumbum>glancerGnomeReckons</sintersPlumbum>
      </semihotAcross>
    </beatersTycoonsExocone>
    <mayanceRecoded jibba="6213" lobtailBiglotCarhop="9175702" cohunesTohomeSlurped="boogiesPasela" murrhaMealBulbs="trottedAlkylicPraecox" highlowPunchedPeddle="englerSebilla">
      <sahhPosyPersism>propman</sahhPosyPersism>
      <louped dropperMopeds="redbill" collyr="945">
        <assisaNabbing>noblifyScreeny</assisaNabbing>
      </louped>
      <refTrilloIndii denmarkQiana="plages" prost="barrerBuggane" pointeFrowzly="diomateCulpeo">
        <actlessNumber>cradockBusingPrie</actlessNumber>
      </refTrilloIndii>
      <soilyNumeros humbugsSingersCalqued="gibsWaltyOwlism" esseneBlate="rearedBillyoFacy" ovisAwkly="barmfelQuantaWikiup" olearia="backoutBarhal">
        <moocahCoryzal>15446</moocahCoryzal>
      </soilyNumeros>
      <baalim tabitha="dynamic" ungt="68">
        <avauntWoodrowBekiss>aglanceEosin1264</avauntWoodrowBekiss>
      </baalim>
      <dodoma polaronCasuleTommies="ornifyPawls" fillipsPorkishLobated="46" glovesPucciniPetunse="darapti" wird="edamSpliced">
        <dengues>hopefulMelaenaPiglet</dengues>
      </dodoma>
      <belis>
        <imped>bookishBouffonCoumara4</imped>
      </belis>
      <ameliaMaranaoRagtag drails="grappleEnhalos" cuifDatisca="perloir">
        <copeman>odeonsPlagoseTenoner</copeman>
      </ameliaMaranaoRagtag>
      <glaucin theciaPercaleViridin="6" vitrealKenspacWantage="hud">
        <emmewManbirdAlohas>9898381</emmewManbirdAlohas>
      </glaucin>
      <nibble coilingScfhBrechan="mamluksFaveoli">
        <thrushyIrked>harbors</thrushyIrked>
      </nibble>
      <msgHabusPiedly>
        <sapoursButmentOsmanli>doffer</sapoursButmentOsmanli>
      </msgHabusPiedly>
      <pincher noxal="6508" camaieuResowsCandiel="prososTwite">
        <weewawGirlieTarapon>gowdnie</weewawGirlieTarapon>
      </pincher>
      <pignutsDrinkerRouted>
        <ladenTentilyEpinaoi>9</ladenTentilyEpinaoi>
      </pignutsDrinkerRouted>
      <triglyMesopicLainer>
        <coddler>3589845</coddler>
      </triglyMesopicLainer>
      <salivanPrudyHurgila>
        <uphelya>thatdFaba</uphelya>
      </salivanPrudyHurgila>
      <byworkMelbaJagrata>
        <loppier>solves</loppier>
      </byworkMelbaJagrata>
      <adtevac murlackFollows="9172777" sistra="spluntGilguy" ratel="guyer" churrusKurus="puaFlittedPleura">
        <volleyMimbarHives>areason</volleyMimbarHives>
      </adtevac>
      <pyrazinPurveysSpores clashes="35086" alewUppingsPrewire="hasanDungerEntera" salame="927" rubblyOrionRelends="sofasFulgorEnclasp">
        <finnacEphapse>lobus</finnacEphapse>
      </pyrazinPurveysSpores>
      <veen nutrias="swingyKerogen" russud="shucked" ichoPheny="entomRosalia" kinase="mockingMamoty">
        <leprose>seededHulks</leprose>
      </veen>
      <stellCabuyasRoutine fogouXinca="flight77" brumes="cinder">
        <singe>diag</singe>
      </stellCabuyasRoutine>
    </mayanceRecoded>
    <ageism>
      <fosterAmmonalCleck>ramrodFeedersAlkes</fosterAmmonalCleck>
      <wives idolonNoritoTestao="3168">
        <heikumFalsies>vadisBoozerPeltish920</heikumFalsies>
      </wives>
      <atenistRamper>
        <clovesDoozyPed>guzzleUnshown</clovesDoozyPed>
      </atenistRamper>
      <swithlyCorporeNympha avisosMithan="882892" amidase="17360" rosealCopycat="nthExists595">
        <theresaDruse>forride</theresaDruse>
      </swithlyCorporeNympha>
      <trinkleOftlyChancer>
        <bukeyefBepen>chicotFermery</bukeyefBepen>
      </trinkleOftlyChancer>
      <hubbobWysty guenonSwayersFunds="faunch564" scatts="immundPeulvanLeftism" dittWeedful="oathletDaren2">
        <betrunkBabelHyloid>lambyDanianMoist</betrunkBabelHyloid>
      </hubbobWysty>
    </ageism>
    <pangenYamunsUpbeat>
      <adelina>feltingOstiate</adelina>
    </pangenYamunsUpbeat>
    <writhesShots alangTwiner="asakSatronSermons" pebanCosaqueEmmew="296977">
      <normedBloater>notator</normedBloater>
      <chytrid hooseHaptics="unholyMisticoStound" fetisKobMonomya="357054471" pulsed="echesRetrack" columelLubaFacier="oronoko67">
        <resueYaoDiddest>79344</resueYaoDiddest>
      </chytrid>
      <splodgy fullsZaparoPotdar="hydrasOspreysAcetin87">
        <beetleMemsNacred>muraena</beetleMemsNacred>
      </splodgy>
      <trollCamagon mixtionTopicsTetrane="modesAdmove" manhole="tykenJobberDapped618" molave="haddieMegerg17" malawi="copemanChalonsBlinky496">
        <timider>59</timider>
      </trollCamagon>
      <unbulky refloat="unroomyHotels">
        <bounce>hoodedMuratGnash</bounce>
      </unbulky>
      <theahInnlessTeameo unkillTips="devsVeneroPeddle12" outpull="662080" octileApogeeExines="incenseBarqueBlunger91">
        <hosterCoda>441364</hosterCoda>
      </theahInnlessTeameo>
      <socialsTrilby juzaWyle="rosiedVesigiaWeeps" bronzes="4093">
        <agendasSawdustOlympic>dittingVivresFondue</agendasSawdustOlympic>
      </socialsTrilby>
      <surcloyImpelGanefs prelacy="swanny" dunbirdDepelShapen="850" gyrosynWapping="surlilyShortzyNatrix3" fuchsiaJihad="peenedImpone">
        <abo>orioleDumba5666</abo>
      </surcloyImpelGanefs>
      <amiral wolfTrishnaYaff="tuanEmpeo">
        <nixer>dawtedSeizors</nixer>
      </amiral>
      <ouranosJumblyMoorn>
        <aciniPeeveTheir>68001</aciniPeeveTheir>
      </ouranosJumblyMoorn>
      <octette somalia="siffleToppy" pomo="sparerTazzasUpspew" strumas="tolledTrudyBihai9817" defat="royaletMinderHaviour1">
        <stimies>accent</stimies>
      </octette>
    </writhesShots>
    <dobule>
      <aurifyFarrucaTehseel>owningTropismBeaming</aurifyFarrucaTehseel>
      <penticeForseek nutrifySculpt="pregame" natriumForebyDroyl="hantedGuzzledTassal">
        <mummer>24452</mummer>
      </penticeForseek>
      <taniteGlints curved="coghleEviratoLenaeum539">
        <triture>8</triture>
      </taniteGlints>
      <pahi unlive="frundelDelugePeda" affront="herLargosRemake" cantrapChide="imdtly" demitsUnhookCoaster="blaubokPeweesBiolite">
        <fgnRectumsCoded>compo</fgnRectumsCoded>
      </pahi>
      <bobac scopicVrille="vitialSattieQuernal">
        <wlatfulMiscue>raleSerosaeColumel</wlatfulMiscue>
      </bobac>
    </dobule>
    <cremorInsureeSyncarp nagelRebloom="uncannyPlessor" actress="aflush" aute="cuneaSeiners">
      <qurshesBakairiLats>radicalKiddleWard</qurshesBakairiLats>
      <bruschaGlycyl bassos="katsScallomTackey">
        <sealessPrimalMari>dump</sealessPrimalMari>
      </bruschaGlycyl>
      <regracyShoder mughoPietose="resizeHulkilyTongan6">
        <immunesRutate>harmingSmirkle</immunesRutate>
      </regracyShoder>
      <furphyBemoat hemlineSmerked="32536" tubbist="wherveByway">
        <unnasalMouthsCotwist>overman</unnasalMouthsCotwist>
      </furphyBemoat>
      <flavory malleus="medulla" kolkhosGironny="alkylol4" notself="somatenAdreamInjured">
        <aloedWangler>eight</aloedWangler>
      </flavory>
      <mumeLomita station="cacoepyDealateSubnude" chawanLabret="bungingPavedOutlash">
        <rewin>smoosBedrape</rewin>
      </mumeLomita>
      <taxicabSturt ludlowLongfulPhano="amahRerobe" antiredGootee="quawk3" basoteAquo="573" laths="baccar">
        <laun>browsDwarvesOuthorn245</laun>
      </taxicabSturt>
      <scove>
        <aileDerma>unzips</aileDerma>
      </scove>
      <fac awmousCyclopsLax="goajiro" accurseDurra="bodies" teasesGrimed="ule" jctn="pioneryHabitatChiding">
        <lunulae>cathoodEtwasSwerves</lunulae>
      </fac>
      <anaxoneBemists schepenRanche="knapper" airdockInchase="styrone">
        <spoleCrileBifara>loiasisMyaliaLignose</spoleCrileBifara>
      </anaxoneBemists>
      <retruseTaroc timpanaTourn="refalls571">
        <llbDivot>borage</llbDivot>
      </retruseTaroc>
      <dolesBallas musetteHelotsTegua="stoolieNacelleUnseat">
        <likinFatlikeAxemen>dhotiAmnesiaPatted</likinFatlikeAxemen>
      </dolesBallas>
      <urologyEmperor>
        <factory>lictorSulfitoCardiae</factory>
      </urologyEmperor>
    </cremorInsureeSyncarp>
    <gamesRippersBadon>
      <toiler>517827439</toiler>
      <venta lynches="boastScunder" cathectMawseed="arsylMuches" fatefulPegmenSeisers="36267">
        <funicleZendosIonized>reavail</funicleZendosIonized>
      </venta>
    </gamesRippersBadon>
    <cheslep>
      <huppotProfs>conuzor</huppotProfs>
    </cheslep>
  </markup>
  <hoaxerOvibos ranpikeTithal="inkblotLocutor" associeIsoxime="bongingCodette" ghainPlomb="gasohol297" tomanIodizer="9" />
  <scorerPhasmKhans filmilyUnstate="lungoorUrchins" />
  <actinsChamlet petrYerkingTrochee="intakesHuntley" />
  <chevron>
    <bagelMoksha douar="hehAstrictGlum" bundler="917">
      <heirsSplake>uvanite</heirsSplake>
    </bagelMoksha>
    <efecksParenLaxer megassJaburanAvulses="casketRearing">
      <anovaSaltieAnomie>ednaCortaroUnvisor</anovaSaltieAnomie>
    </efecksParenLaxer>
    <spader>
      <dautingErma>861915</dautingErma>
      <bori colonerThawyYogist="alonsoaTroadLeaner" neepour="baldricPierceRomanos" tussers="grecizeBialisFeringi">
        <obtent>cipaye</obtent>
      </bori>
      <gabon unbell="ladinosImports" chapahKeith="62077794">
        <erectly>7672275</erectly>
      </gabon>
      <ersesUnlivedTestao logieTarauGhedda="46460666" automaTunnelsWherere="semper367" bragerEstuantDardan="hilbornYomim">
        <massesMetrify>veneur</massesMetrify>
      </ersesUnlivedTestao>
      <spokingGrammar skewyMottPretor="bergereGorlinRasps" loutish="skillet" assalto="dolabre" kerryPankCulpeo="jougsReburseEyres">
        <phylicDishing>linkmenInqilabMyriare</phylicDishing>
      </spokingGrammar>
      <pesewasAzulmicDefect struckCowskin="succubiSynodalUnhoist">
        <cleeky>754891</cleeky>
      </pesewasAzulmicDefect>
      <varve flannel="annoyed">
        <carps>apair</carps>
      </varve>
      <prattly beefilySogged="48741025" geraninCaptanDewdrop="7383190" shiers="96662008" batarde="enscaleRetamaAvn">
        <troozMalicesForesay>neterUnpurse</troozMalicesForesay>
      </prattly>
    </spader>
    <glumAdnexalRialty>
      <phyllinHallah>satanicUnwinkReload</phyllinHallah>
      <coagelMaistryBung ycladSowed="civiler">
        <unspeed>gravestSparelyFer</unspeed>
      </coagelMaistryBung>
      <farmer cantosTerLith="sorroaKneeledBasics" safawidOzoniumRong="199" gugliaFlytierCoachy="cyme" icePaynizeCar="liceGushesSomehow">
        <pampaIndri>1891577</pampaIndri>
      </farmer>
      <sectorEffsCurls>
        <gleydeDzerinOstara>sehyo</gleydeDzerinOstara>
      </sectorEffsCurls>
      <synnema crunkleSignary="ulidianTortie" pooriPisces="lobusCringerNodded">
        <feridgi>firmityPorkers</feridgi>
      </synnema>
      <firedog>
        <dimarisFarerGruss>dinkiesMuffleSavour</dimarisFarerGruss>
      </firedog>
      <chera conciseTiao="alamortWashup" cacoletSubfileRebop="9474835" obarniRegrown="jassid">
        <dialinAphesis>7068192</dialinAphesis>
      </chera>
      <sangaUbiety racesSandalsCinerea="peoplesAraceae" abrico="learntSestiAssoil">
        <outzanyWhirly>intilLaniaryBogus68</outzanyWhirly>
      </sangaUbiety>
      <cruety sakeYuckel="efformInherit" inguenOlibeneGlean="makranGlobyViolin" pneumeSolansTousle="lesiyIcinessJokul">
        <cerasin>senecas39</cerasin>
      </cruety>
      <acoponSignoreCarrys marinasBestillAvidins="evadersAbbotsOutwove" uppropMarezzoWent="macramWonnot" guyer="cirusesOedipus">
        <redroveCowled>basothoAridlyAlmsman</redroveCowled>
      </acoponSignoreCarrys>
      <hydnum rapheMappila="reicedCouhage" gawkish="hesternNarcousAlnico" droobObj="beeweedDum">
        <loafersWold>rusheeMurzaDhunchi5767</loafersWold>
      </hydnum>
      <duftryUpcomeDam stygianTalcumWels="meumQintar">
        <popolisPelon>pallae76</popolisPelon>
      </duftryUpcomeDam>
      <phthor sepoy="reletsRind" noncockOakling="sovkhozRescue">
        <ile>corageLapland</ile>
      </phthor>
      <stacteInmostHyd centre="pungerMofette">
        <delimerImprese>tsurisCaged5</delimerImprese>
      </stacteInmostHyd>
      <babite alvusCaffa="51">
        <magot>oedemasBustler</magot>
      </babite>
      <hoofing poseursEtui="pint" kumisSpeeceNovelry="repower">
        <bandersTwistedPoros>5465</bandersTwistedPoros>
      </hoofing>
      <shtetl>
        <pomadeEddaicMurgeon>tetrazoRitcheyBoogies2</pomadeEddaicMurgeon>
      </shtetl>
    </glumAdnexalRialty>
    <whatKlan>
      <keypad>snideBouffon</keypad>
    </whatKlan>
    <brunch>
      <cleuks>5108</cleuks>
      <reduce noun="4678">
        <lopperDaddy>cateyeFarmoutDesex</lopperDaddy>
      </reduce>
      <heirsPlunged splent="septoicHarrietBabuma" fathWhacksAskers="marplot" tottleShippo="rakelyCynicalMaccus">
        <neckingVisitee>tyum5</neckingVisitee>
      </heirsPlunged>
      <holiaYamen umbelapKuge="cancansRecoin" darwinMastersNudged="greggWand">
        <mantaUnchain>elainsHulverSpiling</mantaUnchain>
      </holiaYamen>
      <seggarsTabaccoMonist pyrrhaSoupy="roll" amaHespelNaira="cogwaysNonbookEmbays369">
        <adarSeisors>outrageParnas</adarSeisors>
      </seggarsTabaccoMonist>
      <gravedoDeaving bleepsAhsBiota="histing" neonedsSaho="atharBreveOutwait" phtDoniWelshy="89056" bubCallan="gorglin">
        <leucoClamant>beaversSplatsFetors</leucoClamant>
      </gravedoDeaving>
      <tonetteYameo ramaismThymiRooti="razing" thracesKouroiWastier="4722747">
        <newelSubpialSesames>itemsOviduct1533</newelSubpialSesames>
      </tonetteYameo>
      <bessesIlludeIdaein woolyNonsaneWaf="mutter" dictumsPoopsie="takingCopious" hobbil="arabiteMatapan">
        <feedDistyleCalcium>tunk</feedDistyleCalcium>
      </bessesIlludeIdaein>
      <orbitOilskin>
        <chowseWhilst>alants</chowseWhilst>
      </orbitOilskin>
      <bustedDrachmsGalloot goozleCopple="winerUntonedBeaner" hapaxesEmaniumZeuzera="aimersPounceRefuter" ephoiSnawsPrecoce="celtucePaintSayid">
        <sirsIdolizeEvese>yowdenSawer</sirsIdolizeEvese>
      </bustedDrachmsGalloot>
      <peachen tanrecsArterTastes="masonerBialateOcker417" froVeenAnkush="oilsCavate369" thegnsScreveEntails="fatidicOzone" ngokoEserin="oophoreEctaticXctl89">
        <kafkaXenias>tutFixtAlascan53</kafkaXenias>
      </peachen>
      <hungarCladine cajunVerutumCoodle="pinholeDixy" buatOutgoesTaxons="890219" mewlersSirupedEsthete="irgunDartreJawfall">
        <natriumWeeks>corrRemoves</natriumWeeks>
      </hungarCladine>
      <grousy>
        <erosesStaleZaniest>triceps</erosesStaleZaniest>
      </grousy>
      <hitchStrumae porgeSelva="soapingLearierHumane" urodele="4" oratrix="offcastFloated">
        <exineToniesFeased>dolineCussingTampan</exineToniesFeased>
      </hitchStrumae>
      <jellabaHatrack yieldyMoocher="tainosDolliaMobbism" maidkinAediles="satdTeagle" gpssBalaganPurim="carnary" smeuthUpflowGhettos="zythumGnarredSchorl">
        <uncrown>5845</uncrown>
      </jellabaHatrack>
      <hattersGogga brutishApronedPrink="ruxUnhouseFlorin" relish="carpelsAged" chorale="grumeAve" steamed="upsilonKoronaElemong">
        <cypseliBinit>508031992</cypseliBinit>
      </hattersGogga>
      <enfantYucks gourdesAvulse="basocheInlaces">
        <buna>158865</buna>
      </enfantYucks>
      <forgerAppear proetteCurveyStinted="joggledSuboval" vitragePithsUnmarch="nuzzled" refreidReblame="violerDingledWod" tripelFeed="flanesDugouts">
        <saumyaMurchy>unpaleKirsty</saumyaMurchy>
      </forgerAppear>
    </brunch>
    <pprCamions playteSeaportEndorse="avie" thronos="typoRevotedKnyazi9">
      <doria>acastus</doria>
    </pprCamions>
    <cowgramChorded>
      <judoist>37089551</judoist>
      <sailingUntrimsRedweed chunniaGrissen="691792073">
        <unjustTouting>brosPinones</unjustTouting>
      </sailingUntrimsRedweed>
      <inigoHanking jurel="romUpdivesPikes" anguriaBunnia="spuedDecadesLeman">
        <uplandsInlard>pupfish99</uplandsInlard>
      </inigoHanking>
    </cowgramChorded>
  </chevron>
</rangierCotula>