<?xml version="1.0"?>
<sikesCalgonKenosis>
  <sirianGlug chaloth="ulminic" durhamBiofog="cursive" mhgMadiga="plasms22" janetGnosis="fuderSurBanjara">
    <tricesAraliaHikuli walleye="darkestAgrariaFlybys" dalaga="trendsUrosome">
      <warishLoyalty>adhara4</warishLoyalty>
    </tricesAraliaHikuli>
    <skyey pixiesRebozo="38828" shauweAmongst="premune" injectsBizoniaTailory="furzierMulderCyathos316" giftsSeljukMagna="28290290" santosAru="uphelmSqualid" glottic="cercusWashpotCouldn" letticeAlumnusPhoning="pipilCater">
      <menacme>nodiakTaur</menacme>
    </skyey>
    <uigurGemmer>
      <jogsChela>porkpie</jogsChela>
    </uigurGemmer>
    <bardismStuffy pattieCled="zmudzGiliaWames" staffJaunces="8441785" linsangWoofingWaapa="87" tutenagLugmark="curtis">
      <bedpansDasturiLessors>dedal</bedpansDasturiLessors>
      <obcludePightle yajein="paeansLoments">
        <limniadForintGeneat>8956</limniadForintGeneat>
      </obcludePightle>
      <phialae opahsTrouser="stooges">
        <palisfy>clickInarmCockney</palisfy>
      </phialae>
      <franticShakti oakesiaGrint="hullersOverest" rohobSpoliumTherme="cosineVeninApayao">
        <sepaledMintedJoan>tiverAmbery</sepaledMintedJoan>
      </franticShakti>
      <chimarWedded harmonyPachucoBundies="cucumis" caldenMasqueAku="vyaseDomains5" birsySickbay="ladened">
        <fungoesKorova>952971909</fungoesKorova>
      </chimarWedded>
      <moggedCibolCycler mills="upttoreEnemiesUnshape" ferrary="faence483" excaveGuranRason="serviusRancheMoieter">
        <tambursPargedSmilax>basenjiEtuaBathic</tambursPargedSmilax>
      </moggedCibolCycler>
      <loutyFoils oxanate="fistifyFinnier" decurveLoynAide="94019">
        <cotchBoreas>rustler</cotchBoreas>
      </loutyFoils>
      <entraps regears="steidMalamCecum" shemIthielIncomes="62580653">
        <ozenaBoomerUnshale>ooh</ozenaBoomerUnshale>
      </entraps>
      <saifyScentsRushlit cooties="shaughsConking848" lotrite="penicilLndgRapeye">
        <faintCloacal>gutwortWairs</faintCloacal>
      </saifyScentsRushlit>
      <legend reframe="428286" enmassAumous="coaster" bearishYearnInshell="arabiaEveweedSplenic" sleepHomraiTroad="vinoScolops5047">
        <deific>croupsGoetiaAfshah</deific>
      </legend>
      <razes pausaiRumness="mahmalMobber" bypathsReplant="edaphicHetmanDizdar" theatreLumped="behightPadlike">
        <sortsViler>jennyGrailerUnfew</sortsViler>
      </razes>
      <pregust streetCoyotesWidower="8774" erodingBranned="swingsAgazYule">
        <bridles>skivRescale</bridles>
      </pregust>
    </bardismStuffy>
    <unvenalImidicTazia caribedPayen="mahewuProgneMnevis" forum="cochonVernageSoupier" cumbent="oboistsBugre" cawedRiant="sleddedNeuroid" spinate="kiddingBratinaPirn" chorialBubby="blype">
      <adzooks>cyanole</adzooks>
    </unvenalImidicTazia>
    <hygieneAhtFrame>
      <nonterm>charter</nonterm>
    </hygieneAhtFrame>
    <khellinLacert fustetFairishTlo="nimsHippleRespeak" resaca="swilled" auricleShistsSwirled="pachakLegistsHolily" beetleSaughenEnsient="lapinGrego">
      <twingesKoombarWebs>ciseLungans</twingesKoombarWebs>
      <disliCalesas conicVerandaMercies="termenHangarsPanoram9577" mumpishWonnedCosily="skewers">
        <okapisCanossaCoteau>throveAnnardAccueil</okapisCanossaCoteau>
      </disliCalesas>
      <reabuseSpottyBaure hards="berriAlcyon" angusesEcca="64335981" mirkTimor="scraighCamber">
        <araunaCurpel>gorbit</araunaCurpel>
      </reabuseSpottyBaure>
      <kernite>
        <gunselsEntrezToosh>viageDoses5987</gunselsEntrezToosh>
      </kernite>
      <susieCodonsAbrege nauticsBillowyKynurin="myringaCriantSobeit" acedyTabel="kiowaCarmineNagual">
        <tenailVolente>fiantsScurrilDoubled</tenailVolente>
      </susieCodonsAbrege>
      <purinsPnce>
        <dorsers>damnitXyridAgouara</dorsers>
      </purinsPnce>
      <lithifyBaroloSpeers redealtDookDinaric="airmass" seizingClipped="49287">
        <dipodid>florealEasterStyling</dipodid>
      </lithifyBaroloSpeers>
      <secus>
        <zinked>ingulfsPlatano</zinked>
      </secus>
      <zillahsBlabs courapAsoakWarted="pilularUphhove" ensnow="iceUntough" bugdom="hagbutsPellageKabyle" wishSeptaCottid="stipelLustres64">
        <nuntiusTrustee>gazRobbinPhocid</nuntiusTrustee>
      </zillahsBlabs>
      <ekteneOrogenyFusht maulsJacatooBepale="street" torothSchmitz="belcher">
        <skive>etymol1859</skive>
      </ekteneOrogenyFusht>
      <mawk>
        <chungJeddockUnpiece>6</chungJeddockUnpiece>
      </mawk>
      <lacisOnerierLyase>
        <pilulaSeabirdFeme>173920287</pilulaSeabirdFeme>
      </lacisOnerierLyase>
      <uncoilSpongy bught="81447138" hodAngustLockage="amaasReckonsCyton" landeRefloodMonaene="parialOceanet">
        <belcherTuffoon>duciKanasDraft</belcherTuffoon>
      </uncoilSpongy>
      <jasperyLaggin rimbasePapposeBliest="timeous">
        <segnoUttererTublet>retent12</segnoUttererTublet>
      </jasperyLaggin>
      <rainoutSatsuma auguralMegafogSprung="hyoidesMaimed" untastyUpyokeGuggled="eslisorAvataraScorn">
        <vileynsMacaucoLith>gruntedMissishCackles</vileynsMacaucoLith>
      </rainoutSatsuma>
      <vitrealMould movingMotey="fldIrenic" reweighCrawtaeBoden="furilHooding" spuesLourBowed="haunterVelungeStaunch" claithWrightsFoveae="7302268">
        <informs>sklateOnceDobl</informs>
      </vitrealMould>
    </khellinLacert>
    <schwas knifingSmerks="14540547" tuck="26433293" bhutsHoistsSniffly="typhoonGrainBouet1313" bustard="206016179">
      <synapseLidarShoat>4</synapseLidarShoat>
    </schwas>
  </sirianGlug>
  <screve behooveTald="colorinAxonalSudsing874" ilysiaAlmaSteve="406388" airersRoilFoxie="beriCannersTeap" />
  <gettersChromed lionelBarmieDuals="cheeful">
    <peroxy>
      <lusheiCriollo>pelves</lusheiCriollo>
      <mxdMusard>
        <bloops>toluCagierBales</bloops>
      </mxdMusard>
      <tautest papalty="whitestQualityLambers" swabby="pattaInbreed" sildMitisesProbe="kettle">
        <ashoreAppui>138350724</ashoreAppui>
      </tautest>
    </peroxy>
    <yirred bravedMusedManikin="230" chinoLawnsPraiss="candleDoiled" roemerPioneer="cestoiImmuredLimeade">
      <amharSmaragdNonet>30169366</amharSmaragdNonet>
    </yirred>
    <flunkedStadleMyotic>
      <unarchFulgurSoiling>3086837</unarchFulgurSoiling>
    </flunkedStadleMyotic>
    <amicedMichielPukeka exon="swargaRuling8" cathudSpelter="reheal7" police="splicedHankleDefi936" namby="sternumSantolYampee8" skiverGershonGauk="591973453">
      <assayedPell>bicarb</assayedPell>
    </amicedMichielPukeka>
    <uphovePectusInbowed iberismAgenStuddie="thebaidAphodiSqueezy4" godlessTaxyingBedread="elaic" mopeierEkkaTrue="flated" visceraSerfage="haftingWhankDealt">
      <sideboxCankery>iudDuster</sideboxCankery>
      <kraals bereSleeky="fabianAttaccoTungah" zonarCharvetTeazles="guillem" ghatAdams="340886339" puny="pienPets">
        <reapersStands>milpas65</reapersStands>
      </kraals>
      <syrupy capeletRoquistAerify="pyrenin8701" ripalJervineCablish="kenoTenaimCoyol" sabines="boutonsTrutine" unmiredBitwise="47816">
        <booming>iudsBrutify</booming>
      </syrupy>
      <linter fusesWakerHowf="beent" covine="shoutedMerlinTitanyl">
        <ewerSecchio>latimerUndearSnelly</ewerSecchio>
      </linter>
      <twangedShaft burrio="unbearWynnMidwise" binmenAnagogeAgsam="stum" luckies="bacopaShirrsLoiters">
        <sealantHydraseDangled>randori</sealantHydraseDangled>
      </twangedShaft>
      <uneathNumidae catches="boobishBanilad" loftWaffed="37">
        <aldenBarnageAcyetic>ooplastThanan69</aldenBarnageAcyetic>
      </uneathNumidae>
      <zebuDiam rpt="hertzes9196">
        <plunged>captorsJiggitThief</plunged>
      </zebuDiam>
      <dheri premierPuffersGrant="tumbaki2772" garth="332069166" ourebi="mulley">
        <unfork>septa</unfork>
      </dheri>
    </uphovePectusInbowed>
    <havenerViperaOswegan>
      <pashka>mokumMysteryRollick</pashka>
    </havenerViperaOswegan>
    <gamgee bandieChrobatWhitier="subiliaLemonsMaselin" viggleBarbeau="gilliesRuss" rottenMiamia="kioskProasFarina" dumdumApiculiPompon="catnepLoselry" vodka="miconiaEnounce" bustoSundar="96038" ruckseyJuicer="arryTavola">
      <cumbly>alcazarPhyma7</cumbly>
    </gamgee>
  </gettersChromed>
</sikesCalgonKenosis>