<?xml version="1.0"?>
<nobatchHiatal>
  <eluders euploidGlintsSac="gonaPodtiaSerab" />
  <ifugao lintieIturiteZygotes="392494" agatineGrousedTwirk="chmSubjackUnfurl8" dirlXicak="mimzyCuyasBapt">
    <alfakisCarless ototoi="enjoin8653" aoudad="74818" beedomBoloney="pessaryLoosely6" sumoist="76">
      <unkindDaerPasties>194</unkindDaerPasties>
    </alfakisCarless>
    <deaved>
      <admiresDusioSwiwet>78</admiresDusioSwiwet>
    </deaved>
    <anlagenBalter>
      <googolsDobbyMunchet>pappainProctorRimose</googolsDobbyMunchet>
    </anlagenBalter>
    <radonTortureDornic>
      <acrinyl>43954</acrinyl>
    </radonTortureDornic>
    <plasmin>
      <hamaulExult>914315</hamaulExult>
      <deglory>
        <regiveKinahRapiers>kanaff</regiveKinahRapiers>
      </deglory>
      <zaniesLatestsCite outledInchestBarrage="sirkeer363" aribine="itacistAtte9194" wittolsScamsUngill="cedrene475" dozes="54559436">
        <menison>humiteGentlyGenu</menison>
      </zaniesLatestsCite>
      <basal>
        <chukorNeese>calasLimply3322</chukorNeese>
      </basal>
      <boxballEdoniNig margotYecch="778">
        <croker>brinnyMoschi</croker>
      </boxballEdoniNig>
      <imphee midmost="misbrewAtonicPotus14" jigsawsHeedingLeas="sorningBibber" dunnockMinkeryUpcry="snipsStrigaTutted">
        <mammonGiggetWartlet>quarrelYaldCoppery</mammonGiggetWartlet>
      </imphee>
      <pintadaPaesanoSocages tievineWanlyBatell="pagina55">
        <darksFrumety>2949971</darksFrumety>
      </pintadaPaesanoSocages>
      <joshLatosolLaiser>
        <deline>iconizeFlatlet2</deline>
      </joshLatosolLaiser>
      <pickeerSealer turbans="servExurbDekarch49" uranylIfecks="upnessTallboyDioptry" synoviaPadnagSayers="biffinMese">
        <holsSwashed>costaCowpony</holsSwashed>
      </pickeerSealer>
      <loginsPlexors>
        <stelaiMoricheSpeiss>zigsMachineEmigre3</stelaiMoricheSpeiss>
      </loginsPlexors>
      <aggros divellBumkins="ejector1636" nutcakeTurcism="corinna" gladier="threepQuavers" chalehByplaceBrooks="bilksBalaenaCrzette">
        <pantler>280786</pantler>
      </aggros>
      <shoredZillaTagua loobSunupsWoodish="57">
        <saggerAllelePoseur>4</saggerAllelePoseur>
      </shoredZillaTagua>
      <maggy acinarPreaverHarpies="maidsStanzaEclipse" reverToggleStewbum="parton7" subdueBathmatGroundy="camorra">
        <sikhraStaphsElbower>453112937</sikhraStaphsElbower>
      </maggy>
      <cubicaUncoatAnnals fitchyMurrah="attests">
        <dehisceEluent>stang</dehisceEluent>
      </cubicaUncoatAnnals>
      <tylocin flewed="testaoSmidginPravous78" sorbingNightLaunce="debased">
        <balled>braize6</balled>
      </tylocin>
      <golly crumply="desueteZinniasClassed5">
        <firringSwowOutgone>monody8069</firringSwowOutgone>
      </golly>
      <grads smythForerunChoking="braysHadrons" accountConredMeioses="485387">
        <taygeta>laccic</taygeta>
      </grads>
      <emperor delightJogs="jamnia" awakingPsoas="misniacForminArtily42" leafyFrozeSpaeing="misshodPariti" procne="divataVolutin">
        <tilture>aking</tilture>
      </emperor>
      <waverAblest athecaeAcreakBolti="aidant9" shippy="outgaveGwenAramaic" manegesOxlikeRisking="pinyl">
        <quica>wumbleStartly</quica>
      </waverAblest>
    </plasmin>
    <wavablyTheftsNoxa>
      <alarums>jinchaoLum</alarums>
    </wavablyTheftsNoxa>
    <franzy snafuThorGripple="82833" uncomfyRotates="muckily" mammate="pioneerJocoseWinding9923" karandaHeelAssort="pyin" rectaArmseye="66642309">
      <kainsiOlefins>endues</kainsiOlefins>
    </franzy>
    <retableEstradaCleoid fordySelsyns="anaxon">
      <gae>platans</gae>
    </retableEstradaCleoid>
    <stopersIrfan>
      <nailbin>daybill61</nailbin>
    </stopersIrfan>
    <messorShippoLiberia bugheadQuaysFinfish="upboreSykeCredo" cutted="74" birnHobbedBenin="roesDazzledHuave" ramananAluminaPyrone="novalia" gullied="lowbrowSaimLadner" fitness="grissen3">
      <rhubarbBloomedMewled>bushfulHivesCassock1896</rhubarbBloomedMewled>
      <revivedChamoix warri="823686" lathieWaygangMultum="705622907" fontletUnawake="lakeletBalterYupons">
        <hallockHellers>stutterRhonda</hallockHellers>
      </revivedChamoix>
      <stooreyBeclip>
        <eddoes>harmelThings</eddoes>
      </stooreyBeclip>
      <palikar healfulHauntySayst="perryFeebleThemes" kainitsInguenArchil="619975" suavityMandola="shiiticIndigen803" findingManei="looks">
        <daza>swumRought</daza>
      </palikar>
      <lokiChigoeUnannex>
        <palmeryAnomy>pixels</palmeryAnomy>
      </lokiChigoeUnannex>
      <fugio chatiFlaredBejuco="123491" jaggerPettiShaban="trick">
        <idaSkemmel>4423</idaSkemmel>
      </fugio>
      <cockled>
        <writhyAbele>216</writhyAbele>
      </cockled>
      <frustaFlyman paeoniaSalukiDriest="2989599" dapicoMuralsInvigor="genrosEntombs">
        <haunted>752557953</haunted>
      </frustaFlyman>
      <mockupsGiesGuenons ghentVotress="nearishUnoiled" borasArsons="notalia" dftOverrimChris="abohmsHarpula7" tangle="picongNoyfulByrlady">
        <highlowOperonsExcreta>760</highlowOperonsExcreta>
      </mockupsGiesGuenons>
      <quizzerDudmanGubbo>
        <rhumba>smilesKokuMymarid225</rhumba>
      </quizzerDudmanGubbo>
      <howMararie unwarnUnthawLagger="themDashingBidget" fitchyArchgodAmbrose="upfurl" miasmalCarnateDetains="toqueMimeosCyamoid">
        <clamour>boughed</clamour>
      </howMararie>
      <whereBatan densityDuryl="65625234" explat="eyahSaufSealkie">
        <seedlip>gaspingDetect</seedlip>
      </whereBatan>
    </messorShippoLiberia>
    <horstsJaiWeirdy bromousBerme="clemmed355" absurdCepes="hackersKutcha" casuleBailReachy="terataBatlikeIrrupt" pedageSoddenSeech="promicMucosa11" inactFences="valuesSapwortPreverb706" modallyRomp="7">
      <flutina>cambio</flutina>
      <maskerInnerlyOnmun>
        <abettorDehullInducts>98530748</abettorDehullInducts>
      </maskerInnerlyOnmun>
      <yellersDogtrotBoon cognati="clouted">
        <tartenHoddinMagnify>cowersMahuNeritic</tartenHoddinMagnify>
      </yellersDogtrotBoon>
      <wombatHokiest vineletGnawing="wienerBehoved197" peckfulScurvy="presealHuffcapForesaw8357" outhut="perisBedawn">
        <douaneLugingInkwood>unslack511</douaneLugingInkwood>
      </wombatHokiest>
      <countHomagedMelanic>
        <bumwood>fitter32</bumwood>
      </countHomagedMelanic>
      <bollingEpacris betrim="finingsWaistMinow" shavee="babis" stulty="carolusUppuffKythed" howfAxman="hawserLed">
        <eprisPraosPitless>fusterHarmine</eprisPraosPitless>
      </bollingEpacris>
      <marquis>
        <paniscaBergamaLockage>tyum83</paniscaBergamaLockage>
      </marquis>
      <miguelScovel>
        <perpetBatchedWoodbin>2</perpetBatchedWoodbin>
      </miguelScovel>
    </horstsJaiWeirdy>
    <hawokTodayllDrepane>
      <serolin>strigaCoffs3143</serolin>
    </hawokTodayllDrepane>
    <kemptsFulth>
      <backjawKearnTroak>18768</backjawKearnTroak>
    </kemptsFulth>
    <behenSachem>
      <spelledAbase>tripyWampeeConyza</spelledAbase>
    </behenSachem>
    <mirabelInnuate mcgMisseat="mussierDiseasyOtotomy" emotersCringerSeptula="776330613" casted="gloatGives" redialStandel="osazoneWhiptLowboys714" tesseraBridale="dissaitHighman" dingerVergingHoppy="rerival" cosieKalis="fewer">
      <goshenChronal>levityMurkier</goshenChronal>
      <wagwitOenolin ursExcessFumade="ingramPettishUreas" clysmicVitrum="canyRigid" numa="subslotPipers88">
        <thirdlyYarkeeVauxite>895</thirdlyYarkeeVauxite>
      </wagwitOenolin>
      <pungies forkful="icelessFurred" punkyOxalylTumbler="pursedLobby">
        <miters>caused</miters>
      </pungies>
      <flentesWagingUnyoke>
        <amorinoRibaldRobbed>535043417</amorinoRibaldRobbed>
      </flentesWagingUnyoke>
      <ascyrumScurvy suaveSeismol="295674524" whipraySlifterGozzard="36773366" sloushNingpo="septierGlamourMyope" buroo="292509">
        <ecorchMidi>axemenSiddursSpiking</ecorchMidi>
      </ascyrumScurvy>
      <scutaAngilo>
        <eyelash>purserAirted</eyelash>
      </scutaAngilo>
      <yirthPamirIraqis nappy="4">
        <jazzedMambasGenesis>misgrewUbiiVentage</jazzedMambasGenesis>
      </yirthPamirIraqis>
      <shargerYoyoPaip mixing="tipeAired5" minoize="outfits" reckons="ramentaRagfish504">
        <uponUnladesHardies>matmanKodaked</uponUnladesHardies>
      </shargerYoyoPaip>
      <martiniJollyer bustleOogeny="iterateLaxate" archspyBewaste="mandrel9" tavernaBaffiesBrought="1" suchosDindon="towniesArmored9">
        <acryl>bezanty41</acryl>
      </martiniJollyer>
      <pornosCorrive scouter="problem" sweens="athrobDresses" cynthiaPrelaw="appalLooverLoupes" agismProssHewable="tathataAggurAmoy6866">
        <quayDorbugsPernod>26</quayDorbugsPernod>
      </pornosCorrive>
      <libkinWhill graftByganeMouse="bravureGerated" memoSagwire="439536142" shellXyliaDupion="poohsFagin94" acastSetnessAmra="swerverHieland">
        <guggleDetectDeicide>serootUskokCannele</guggleDetectDeicide>
      </libkinWhill>
      <plushesGrouted wines="gunateNymph" grudgesBonally="tanburRuffer" wawledDoneNonbase="verdoyCoomOltonde">
        <dhobie>7770</dhobie>
      </plushesGrouted>
      <russify noodledBorer="kurubaBeamsAwait" totanus="atoningOverinkCelebs" amurca="rottleMouzah">
        <cist>entityLunker38</cist>
      </russify>
      <bulgari mustntVeriestMeow="ptyalinMoeReachy" hitchyWarmful="retrim7">
        <kivasGrondManzil>serinsMilch</kivasGrondManzil>
      </bulgari>
      <runletSeakReswage gruffs="aisledFarcistFlaked" bonersLetterOrigans="bounds" begrownKojangElephas="sharn23" stroky="cormelsCamber">
        <fifoThames>kubachiHarr</fifoThames>
      </runletSeakReswage>
      <egriot>
        <maire>pestis</maire>
      </egriot>
      <encinas pishu="ratchesKiwisTeary">
        <jewelrySpatule>94146</jewelrySpatule>
      </encinas>
      <jotisiTolylZikurat joreeCoquetsMomotus="meleSwirly9" moeck="virifyMeetersChere" druggetVisor="aleckKenned" infelt="racks">
        <feridgiBamboos>hamzasSinatra</feridgiBamboos>
      </jotisiTolylZikurat>
      <giron smutty="rookus1" dandie="4369119">
        <canulas>20523</canulas>
      </giron>
      <coquitoZeguhaChirp kimmo="tuingaWartlet16" unyokesBowered="carcoonWooded681">
        <beden>zenaga</beden>
      </coquitoZeguhaChirp>
    </mirabelInnuate>
    <dormersRunbackKayoed tiniestTerreKwarta="vareDailRepour">
      <pardoThalersElkanah>415582</pardoThalersElkanah>
    </dormersRunbackKayoed>
    <prowerIman choiler="ankouFumant" dorado="caviarsFloreta" resiner="26">
      <granger>brinded</granger>
      <jassid xenonElzevir="mony" teinds="joyful">
        <tartenFriborg>pigful25</tartenFriborg>
      </jassid>
      <jawfallClothoAmalic>
        <infernPuffer>chelaWesteRyots</infernPuffer>
      </jawfallClothoAmalic>
      <guigne overplyBifoil="fiacre205" vairee="graalsTutorNeve2">
        <slagsUnbears>kinkedElbowFiggum</slagsUnbears>
      </guigne>
      <turkQuilted>
        <punditsBoutadePretend>filmily</punditsBoutadePretend>
      </turkQuilted>
    </prowerIman>
    <killjoyWahahe>
      <adm>kandeTinmenCodens</adm>
    </killjoyWahahe>
    <pannerOolakRashful>
      <bounderFriezedCantala>myeline</bounderFriezedCantala>
      <jarvisEscape gavelAus="annalChiliad279">
        <quicheUnmutedFinback>assacu</quicheUnmutedFinback>
      </jarvisEscape>
      <alpistWriestBlats cav="chudChenetDandles2" rompuPurifyGrippit="bolomen" tulipsScorperHolster="96402083" duckierPeikthaKeirs="4996">
        <deviledLamishPavanne>yergaAcnode</deviledLamishPavanne>
      </alpistWriestBlats>
      <stakingJower tinwork="duledgeEndgameConcupy">
        <litchisDespendStounds>4</litchisDespendStounds>
      </stakingJower>
      <relaxReverdiCadeau ranklesHadithEmpory="sepg">
        <tahilElbow>exponeHander</tahilElbow>
      </relaxReverdiCadeau>
      <guilderBailo>
        <oothecaOxeyeWapatoo>3181369</oothecaOxeyeWapatoo>
      </guilderBailo>
      <nibbledBeadrow upsup="615899" plerome="lereToaster">
        <ardeaWakamba>irruptChalkosDrays</ardeaWakamba>
      </nibbledBeadrow>
      <bumfs>
        <drosserThraso>541567776</drosserThraso>
      </bumfs>
    </pannerOolakRashful>
    <mudcapsEthionsLoros>
      <lamus>dreeingSarafanBesteer940</lamus>
      <rechurnChaletPlates borneol="30" deeper="948122946" airths="abuleiaFurlerChut" zooming="gambrelYawners">
        <cuscutaBeaglesLindane>swayingTetrodeIncised</cuscutaBeaglesLindane>
      </rechurnChaletPlates>
      <ferfetAtamansPhenene jactureBrawly="wealAvenin" puggy="affiesAxileCrittur" squaresMayda="pounds">
        <boudoir>mean8874</boudoir>
      </ferfetAtamansPhenene>
      <tymbal italiAmores="meinie146" unhook="slowishPreenedNaysay3">
        <foetorsTakeout>hiderInspansMelosa</foetorsTakeout>
      </tymbal>
      <boughed denierHdlcRagas="chirresBoarded5716" jerichoLienor="horsifyGarniec850" fridayWyethiaDunder="wrntInteger" leelang="511745906">
        <byousJinnyDeedier>bawn</byousJinnyDeedier>
      </boughed>
      <hoarderMonethExult rebated="ascitic" expiree="5" gallops="benzoylQuakier" treeLiatris="wrap7610">
        <acouasm>passay</acouasm>
      </hoarderMonethExult>
      <yaff>
        <honeyDewitt>leafingUpboundCrepy</honeyDewitt>
      </yaff>
      <cymbel tetanicBitless="wetsuitEugeCroyden" evanishBarkaryHidage="26" batikerMiladyBernard="dalasiFaginsPropyls4">
        <bubblesDoorway>gangliaBroncsRelends</bubblesDoorway>
      </cymbel>
      <choirGrapedBren nebrodiHapticLuffed="shrover" tattaOrioleScungy="304">
        <postal>carverGangersAntisun2</postal>
      </choirGrapedBren>
      <logans>
        <trubu>denarii</trubu>
      </logans>
      <chopineCeros>
        <specieEnocyteCapelin>saran</specieEnocyteCapelin>
      </chopineCeros>
      <cotesTurkifyReedits folicHeminaAmnion="guffyTirmaTumulus" unworldNoddiSalix="outmostWather">
        <saloon>medlarMissingVively740</saloon>
      </cotesTurkifyReedits>
      <mergedBouses insculpPampers="gestaltCurrockTassal9908" idlesseKeenest="waftingUrlar4230" tunketGizzardMasseur="6312274">
        <ethers>ogonium</ethers>
      </mergedBouses>
      <anderun medicalSputtaCuscuta="unhaunt5" lodensSpas="431" gesithDuff="56">
        <beat>loanersDrowsed</beat>
      </anderun>
    </mudcapsEthionsLoros>
    <zokorUnfugal>
      <neigherBusbarsRapillo>32</neigherBusbarsRapillo>
      <jiggetCausateAliped clallamGeticPorting="frowlHylodes" fibrose="swift" looters="lignoneJarsfulDeathly">
        <testrilCroupon>49988</testrilCroupon>
      </jiggetCausateAliped>
    </zokorUnfugal>
    <ingiverVeenaTriply hybridMyopiaMiek="condo" borismHanderErnest="ogaireKnellAtypy" rexRechar="corinnePinkey">
      <ronnelsHoardedTidbit>dobbieEyebolt</ronnelsHoardedTidbit>
    </ingiverVeenaTriply>
    <scalperConines>
      <averil>queachyReorderPhajus366</averil>
    </scalperConines>
    <barillaMulatto>
      <insolidTogas>pusleys5743</insolidTogas>
    </barillaMulatto>
    <fausantKolamiPapular swelled="1380218" tidder="77" leakerLavinia="clocked" peavey="hurdisWouldntSlich819">
      <dentalsEnvierGangs>plasomePammentLutfisk</dentalsEnvierGangs>
    </fausantKolamiPapular>
  </ifugao>
  <whid modelerRepute="uncurl" upstaff="tenablyIschiaClinker" slogans="chaggaOutkeptOuttore" />
  <achyLookedPosses rectifyMiships="7" poolingBuffos="364019864" tokay="rightedLupusesRugosa">
    <agallopSpangleChappal>
      <safener>elodea</safener>
    </agallopSpangleChappal>
    <celtdomAssistCats>
      <keupPoolyBided>sandhogDiplexBurler</keupPoolyBided>
    </celtdomAssistCats>
    <caption>
      <unlikenCanulaeSteeler>180448</unlikenCanulaeSteeler>
    </caption>
    <reportsHasslet>
      <fdtypeArmyFigment>80</fdtypeArmyFigment>
    </reportsHasslet>
    <jeersSoferHainch>
      <gustedKabelElevons>kotoiteApodsRoderic</gustedKabelElevons>
    </jeersSoferHainch>
    <tannateEupneasPapua>
      <passewaIsoneph>beadingKanwarPotamic</passewaIsoneph>
      <unscentDuxes>
        <treadsSplitAmido>mollahs</treadsSplitAmido>
      </unscentDuxes>
      <coaling lowderPhialedDankish="shypooUncock">
        <bardel>varifyZeuxian</bardel>
      </coaling>
      <sillerTungoBenin upsidesMetrifyAryl="oxonianTantiObeys" middler="1225463" ronchoCunyie="smoggySweetieTumbrel621">
        <granado>hameilBemean</granado>
      </sillerTungoBenin>
      <gaugers milked="asserts" odist="wifekinKniaziRater72" staggie="tabutQuercusColas46" hoveniaQuemely="vacheLame">
        <snidest>slingeLagersTapirs</snidest>
      </gaugers>
      <muktiSignary delianGoldestBabism="becrownFakirsNat" alurSagesse="linkingGoggled" balderWithingSeral="2945369" pulsive="ihs">
        <runwaysPhineasCrows>scopetChargeeBasalia</runwaysPhineasCrows>
      </muktiSignary>
      <pablo recanesCassockCorners="outfelt" snastClaggyBisagre="qualm">
        <apatanAbcess>iodous</apatanAbcess>
      </pablo>
      <glossalFlattieLabrus eugeAdazzleGiher="lomboyMicros" caresSeagirt="theresaMormaer" momotus="fess" borismInputsDodd="cautivoHughoc8">
        <arrideMidget>hastierSubdualWhacky</arrideMidget>
      </glossalFlattieLabrus>
    </tannateEupneasPapua>
    <titienRedeemFooled>
      <lesghLongly>narcissBurrierClose</lesghLongly>
    </titienRedeemFooled>
    <butea>
      <yackedRatos>dabby</yackedRatos>
      <flavicRoquist unbeard="nigCuspuleOnyxes1" shadersCacur="harts">
        <dropsEpidiaWedders>bestickFiver</dropsEpidiaWedders>
      </flavicRoquist>
      <nonsine agendasUnluck="rappees328" phenols="heathyHunkers" mhorrVanload="81408064">
        <ambasSebundy>143600</ambasSebundy>
      </nonsine>
      <sicily dimmestCrotch="50997" sindhiLonge="spittedMatronsElm2">
        <feasing>99581544</feasing>
      </sicily>
      <jackoOasts wheemCourapAccosts="sair" cushats="5624862" nuculaWigwam="aeronefLetten" mawwormSwoose="jeffScrinCumulus">
        <glooms>tawniesMensing</glooms>
      </jackoOasts>
      <winareJuttedInteger>
        <waitersStrapsBrended>unleadNache</waitersStrapsBrended>
      </winareJuttedInteger>
      <kukri daimiosHepteneBoolean="lapperDaikers" chronUnturnLande="furrilyCamaileToppled">
        <bahaismTerai>wattledAnnealTyping2836</bahaismTerai>
      </kukri>
      <sulkyChurrus ropingDelatorGerres="abortinWryest7473" stying="knitTarried" vita="oldsterHigdon542" siegurd="663">
        <bifoliaNotcher>maunche</bifoliaNotcher>
      </sulkyChurrus>
      <basterFerling maiefic="55201003" sigmoidTweag="unequalTilde" baitNgoma="76443">
        <loglogRegulus>495870571</loglogRegulus>
      </basterFerling>
      <rehingeCashel struct="woo" bergere="hardilyCml">
        <chem>airmassScatter</chem>
      </rehingeCashel>
      <cunyeNegritaMokihi skald="walingCobless">
        <murva>teagleAutoingOssal</murva>
      </cunyeNegritaMokihi>
      <gweducsCasabeBbls>
        <fauteDrie>saka</fauteDrie>
      </gweducsCasabeBbls>
      <galoreViewyTernes cosmism="631941" enshawlPogies="jundyBreengeFergus" pipper="9" trilliSocking="43709762">
        <scourgeMeselGrumose>875531</scourgeMeselGrumose>
      </galoreViewyTernes>
      <salepByrledRayons yentesFunest="atingleCasitas" kafila="88566384" gushyTaureanTamarin="beparchLimps7">
        <wanwit>dementsCadsMaranta</wanwit>
      </salepByrledRayons>
      <hoggerJujube devoirs="raid" bugged="imploreSirraSenates">
        <linacWhitret>argolHalibut</linacWhitret>
      </hoggerJujube>
      <cededEffareVealers teety="scokeLeasers" victoryBices="99" rakisArrieMeharis="herbalsSextarAequi">
        <grainyCombesChytra>4</grainyCombesChytra>
      </cededEffareVealers>
      <minims>
        <hizz>ruachFlemingFlecker</hizz>
      </minims>
    </butea>
    <tentingCorpus>
      <busses>huerKalingaGrecize</busses>
      <upsoarJesper diablo="inmeats" fehDereismHaida="pregainSortingGlazers626" burkerGlucidFawnery="beroundMocker460">
        <birettaGideon>dawkin</birettaGideon>
      </upsoarJesper>
      <dagmarStover moed="gigglesTophiSenit">
        <rondoCoendouAtveen>unnigh</rondoCoendouAtveen>
      </dagmarStover>
      <samajRocketySharded>
        <hurkle>alidadaChapelShrogs</hurkle>
      </samajRocketySharded>
      <vigors scopesGagsEstate="opsinsCoo866">
        <cootNiobicLauans>593127</cootNiobicLauans>
      </vigors>
      <tenury borasca="yowe">
        <twaiteColeenSecret>hijraForhooyCullion</twaiteColeenSecret>
      </tenury>
      <nacrite yoven="8153" arpanet="73454154" ropemenRewins="obrizeArcate" enosistDetiRicardo="dfault">
        <taringOxyacidHipped>908833</taringOxyacidHipped>
      </nacrite>
      <squamyArdebTotora fiscus="26230720">
        <storeen>ekedGlanced</storeen>
      </squamyArdebTotora>
      <spitter>
        <wriveHectarDurwaun>ampaleaRenegue</wriveHectarDurwaun>
      </spitter>
      <dilated raidersUnhasty="hold" mesonyxChenGawcey="frillsIdorganForwore" aswailBarocoGalenas="stonerRieSectile" ragees="potting">
        <killedOvertop>ototoiCamphol</killedOvertop>
      </dilated>
      <monoecy dadapHurt="maidinNoses" haunted="tabel" knobblySchmitzIsobars="7842">
        <pontes>uleticKiltie5405</pontes>
      </monoecy>
      <costaTrior curses="chirk">
        <momo>70766</momo>
      </costaTrior>
      <indabasImpregn beauneDhooras="cunPigmy" minimaxAleftFussier="saktism" angekokVatterAreng="subdure">
        <cohen>cateyeNijholtMafiosi</cohen>
      </indabasImpregn>
      <hclBossetSegged rouerieTonn="64998852" pastoraDalton="quirlVenter" eupionEnlMazdur="anopsia" createUnlevel="theinsMalocaMargay">
        <caliliDiiambGroup>agentryApteraJiffies</caliliDiiambGroup>
      </hclBossetSegged>
      <oufAcylFossa thumminJanes="debaserHiper">
        <trendedYirring>numineAdrenin</trendedYirring>
      </oufAcylFossa>
      <ricine cuitleHalberdInhive="komeGtcMugwump80" repaperFamines="cherguiSoroche" parasolMarries="2258" sautPesos="hunyak">
        <bastant>hohe</bastant>
      </ricine>
      <adoorsHillersMisdoer uparise="ambushGatewaySuburbs">
        <flipeBinnite>turnipsRetoast</flipeBinnite>
      </adoorsHillersMisdoer>
      <votersYizkorAmok ronnelsGranam="oodlesHits" lupins="333667" distuneReopens="4782">
        <scowderTorgotPaean>sundogBluntie</scowderTorgotPaean>
      </votersYizkorAmok>
      <twiggen pratesFaence="chiasmSpans" flied="dicesSquegRavison">
        <hazzanSlung>igad</hazzanSlung>
      </twiggen>
    </tentingCorpus>
    <seldorManquStyx>
      <nobisCanales>2780896</nobisCanales>
      <spaitMildishDiazoic darkingShew="8582641" verbene="92855648" tice="exitingHom" tetrol="reburseMolge">
        <malaya>amusiaFucales</malaya>
      </spaitMildishDiazoic>
      <flaxierGynecolGirons cultive="97525">
        <lobosaBleu>tineidSwagmen</lobosaBleu>
      </flaxierGynecolGirons>
      <succorsGlum plyersSokeBludged="bigateCymryHurdis" casinos="eeriestRoddin624" gaminPeels="sameksLondonAccusor" shoggieBryan="olibanDottlerUnlight">
        <rumpusAbrusKampong>flo</rumpusAbrusKampong>
      </succorsGlum>
      <uskokTheclaMelamed odell="agnamed104" clionaTibbu="frottonTyauve870">
        <palatalSink>abord110</palatalSink>
      </uskokTheclaMelamed>
      <komarchMoonish oheloOdylism="shopmanPadlike">
        <antirun>206</antirun>
      </komarchMoonish>
      <pikyTykeRehoop>
        <laralia>saltieThraver</laralia>
      </pikyTykeRehoop>
    </seldorManquStyx>
  </achyLookedPosses>
  <risperRemindHans aefauldSlaKiosk="gobbleWatapes" />
  <rummagy pulsarsRanses="tomoloBrambly" guineas="59" />
  <warfare />
  <sottiseSoulishDetick demisesBefoulsLingoum="jellifyAlleged" calmly="919">
    <paregal jellab="wayment" brekkleEttleMatipo="coddlerBahama" bakedRutinVehme="dolour" hardimProlans="638305" clinicsPiqued="cancansObiterMidmain">
      <horselyTout>alkanol</horselyTout>
    </paregal>
    <ratingsLotah picudoPhytomeBastian="perneaCotonam" seatBulgyBiotic="dhotyWaft" armyRanquelBulter="kookeryLayiaSneller" nulledSaidi="ahaunchIulusMuras" volutin="gyppoInhaul">
      <wraitlyReffos>volutes</wraitlyReffos>
      <moulterSpading freonBlunks="chukkarBriesCapilli" beblood="jobless" grommet="unkey" embeliaSprunkSides="cropmanRakiAnergia">
        <fahlore>throuch</fahlore>
      </moulterSpading>
    </ratingsLotah>
    <weirderAraban>
      <arsinoLoesses>amosLimens75</arsinoLoesses>
    </weirderAraban>
    <arabismTalkers>
      <cowboys>tunnel6386</cowboys>
      <alamortPicrisPich opah="varletsDouane" sinaeLambent="auneBurrerTakers9" interjReblessMaucaco="68">
        <russety>681199909</russety>
      </alamortPicrisPich>
      <becloutCahillLoftmen rept="vegGamma" unseam="worldyDjersaRummage">
        <gustsCorsairRelists>6074</gustsCorsairRelists>
      </becloutCahillLoftmen>
      <tacoma inlikeKidnaps="zaribaUraliumSulfury">
        <chymesMeet>cuttleHawokLefter</chymesMeet>
      </tacoma>
      <saltireUngulpSiros ductusLottaPrecise="911806552">
        <quittedExies>9974178</quittedExies>
      </saltireUngulpSiros>
      <requinThyrseSchepel pylades="nintuHassleUme" enticerLeelangKou="gymniteDietedBemoans6" aswellOwnhoodPrut="catalo">
        <surreyInhold>27</surreyInhold>
      </requinThyrseSchepel>
      <pickery menthaIle="kahili" citola="834382">
        <swaggie>furalAmainAshman</swaggie>
      </pickery>
      <cardedIndear sippedAdepterTippled="gumlyErelong" kedgyJellyTabs="174">
        <xxvKogia>correaAbromaEnemata</xxvKogia>
      </cardedIndear>
      <bowfinAscomaLambish>
        <zakahSika>379163</zakahSika>
      </bowfinAscomaLambish>
      <heckleZophoriTetrao>
        <arsonEnskies>pennageAnychiaBakunda</arsonEnskies>
      </heckleZophoriTetrao>
      <basto eunomyAbeResever="choicesBritishIreland" dernerKhaki="ostreaMeters" kokilSquegsTelary="pulmentVestalPrecut">
        <crepineNeiGrazed>kamminaAdamantPardy</crepineNeiGrazed>
      </basto>
      <carandaSpedGaddi tophFijianSeam="chirkHaysuck" asyleQuiblet="snup" revives="54">
        <holm>felony</holm>
      </carandaSpedGaddi>
      <thyroidLvalueGether>
        <volts>11</volts>
      </thyroidLvalueGether>
      <panelaTroncAliya kande="soth" poireBrevity="eupathyUnshot" serfish="daidlie" yoginiRubberTaxons="moineau">
        <audibleVell>coasted8</audibleVell>
      </panelaTroncAliya>
      <celaenoTalleroRubigo mands="1403" gleysAlliageGilders="animalsFestino" halid="hushful77" sesiaAways="pulsingCitralsAlmous">
        <begaudNitrylVivify>cholerLophine1</begaudNitrylVivify>
      </celaenoTalleroRubigo>
      <ramism rimous="oory" chibolPannery="amuyon" bleoRansomVowless="ambientCaban">
        <mulseFalaFeff>bowles55</mulseFalaFeff>
      </ramism>
    </arabismTalkers>
    <molmanGospelsReduit>
      <benaCainian>anomalyGobelinFinick47</benaCainian>
      <soakagePolonia unshed="hayfork" apptEncased="ihlatUncramInscape" pondletApptFlails="68737">
        <jumada>myriad</jumada>
      </soakagePolonia>
      <manosPukhtunMuttony>
        <cippi>289</cippi>
      </manosPukhtunMuttony>
      <litseaAmalgHuey ingests="pomadesSercialGezerah">
        <heedilyQuasarCabezon>kismats</heedilyQuasarCabezon>
      </litseaAmalgHuey>
      <leewardReflairSolenne apianBetulin="80490" buildup="hexactAvidya" quinoylAsaroneSond="corvineYustaga" linenyMask="nauseasMilling563">
        <slaskSel>elvisBenemptShan755</slaskSel>
      </leewardReflairSolenne>
      <sorner shorerFecula="nona199" mammoniFytteRealer="beliesCoteleDoon" cowbindGumpusBoidae="saleHarvStyptic" beforeHolders="ancileDudleyManroot">
        <santoIsseiAdonin>inlaysKeelingRadeur</santoIsseiAdonin>
      </sorner>
    </molmanGospelsReduit>
    <layfolkGironsReshown>
      <gullet>pooling</gullet>
      <unnobleMangled unteam="delible" larry="teutonSieved" upbreedSody="schtick" whupPocky="moe">
        <tattilyAddictsTerra>purines</tattilyAddictsTerra>
      </unnobleMangled>
      <morphicHervati cawNizamAchkan="panusStad2" codingJoblots="213">
        <obligorReelPropoxy>mollugo</obligorReelPropoxy>
      </morphicHervati>
      <garmentSputtaEstops syzygia="tibialeSexualWorthy2473">
        <paddledBabongoGlasser>mandan</paddledBabongoGlasser>
      </garmentSputtaEstops>
      <tweakHophead tidy="fitting" manxmanCoochesBobac="tressesSoleretRedact" pternaDetray="warmsRepealAsp">
        <drysterAfacedBlypes>deotaAirheadLily</drysterAfacedBlypes>
      </tweakHophead>
      <unhewedBunueloUpshore horsedTolt="aggroOocystYerga35" pomeroyGangerLunted="wintlesHarim">
        <vince>randiesScots</vince>
      </unhewedBunueloUpshore>
      <kininPintura upleaps="944902" infeftFreezes="mems" pistonsRage="craveLai">
        <laudesScreesMicmac>chaysCarlinsJostles</laudesScreesMicmac>
      </kininPintura>
      <shaping brogansAboradAnticly="triply" parralTerceSulfone="antholStoun" noticeDenar="clemBowledBetsey">
        <leadierCosmine>ming</leadierCosmine>
      </shaping>
      <redfin scaleniOzophenSizeman="neciaUnowed" joltedGratifyBouget="moulin">
        <soueef>theinEnapt5319</soueef>
      </redfin>
      <margaAppui shairdsPariRouting="acridly7" extructMachs="bemaHarelipToffees9569" khahoonTriteShrap="kabbalaEngregeWaky" fencersBaggers="fill">
        <excuss>colentBossNabu</excuss>
      </margaAppui>
      <otiticMaimer saponin="7" pledger="78432" bloodyTopes="unbittFactoSpunny752" neuronsClachsUnvest="nitid">
        <intlAlodium>55</intlAlodium>
      </otiticMaimer>
      <haftedIgnoble>
        <prismsTailAfrican>carriedAmulae</prismsTailAfrican>
      </haftedIgnoble>
      <maoriArretez skirtedLimper="thrower" gregStruckAngloid="7843">
        <cedaryIdolsLexemic>886959402</cedaryIdolsLexemic>
      </maoriArretez>
      <aguraAmpouleGlick cathinNocketBabite="jinchao" escotEnsteep="gatterSruti" opaloidNetopsPteryla="1735414" sequoiaCotula="mincerClipt">
        <coigned>unthawLekBelanda</coigned>
      </aguraAmpouleGlick>
      <geoidal>
        <opaleyeBesteerHengest>taulchBubonicDrails</opaleyeBesteerHengest>
      </geoidal>
      <shrined toadyCasate="5219868" boffs="wholesMirableBowbent57" manus="tapalos">
        <distyleKuchen>learnsMoodier6</distyleKuchen>
      </shrined>
    </layfolkGironsReshown>
  </sottiseSoulishDetick>
  <layfolk impubic="tirasseBhunder" muggarHumistIpomoea="filbert" figeterMilvago="forebarSynchroFervors" dulbertPeshwa="44264328" />
</nobatchHiatal>