<?xml version="1.0"?>
<kip>
  <alfaqui nomen="bepeltBoarder" phobismTimefulTitling="lamDandierUnnice4889" spatteeGoran="impowerMattoirTindery" />
  <awiwiOutsigh lupinin="309306042">
    <purlerNomoiQuayful>
      <palm>trioleSthene</palm>
    </purlerNomoiQuayful>
    <shillooYowiesRealgar>
      <canonry>cesiumLadler526</canonry>
      <hurdlePindy acetoin="brooCaffein" murder="marquisTaheen" chteau="subsoilWartime9390" massyLettishPyridic="9864">
        <cyclopyMilken>wimpled</cyclopyMilken>
      </hurdlePindy>
      <tragedySweepup>
        <eyeablePapal>273216</eyeablePapal>
      </tragedySweepup>
      <bajriAnalog rummierYuncanBaiting="vergesRewPastil" outbuyTither="viraGoyle">
        <arsoiteThenarArchine>pestersArtel1</arsoiteThenarArchine>
      </bajriAnalog>
      <surlilyUnsay>
        <emrode>gall</emrode>
      </surlilyUnsay>
      <marlierRivageCrusca>
        <phasersFortinWest>vistlik</phasersFortinWest>
      </marlierRivageCrusca>
    </shillooYowiesRealgar>
    <fetichAzotedRaisin>
      <empiryQuannetOlearia>8</empiryQuannetOlearia>
      <chichTurbitRased neil="28190265" zoeasHatti="dictums" balsamoGlopnenSaves="guttuleHopoffCsw19">
        <larine>779097719</larine>
      </chichTurbitRased>
      <bunchy>
        <prevued>93948898</prevued>
      </bunchy>
      <endysis adding="befalls" criboseGodletAahed="798618593">
        <lamblyOverbarTuladis>headsSextet</lamblyOverbarTuladis>
      </endysis>
      <tape theinsHid="jetportWastedPizzle" tobiasBergsCopular="36906278" glucinePhotism="glutter">
        <ailie>jiglikeRampage</ailie>
      </tape>
      <jujubes betrimTirwit="cymraegEnrange2056">
        <mafias>57130</mafias>
      </jujubes>
      <yautias owed="dianaSidled">
        <kibblesLehrsKiack>suiTaxemeStaph</kibblesLehrsKiack>
      </yautias>
      <premovePocosenMashpee>
        <billionAudadOligist>2</billionAudadOligist>
      </premovePocosenMashpee>
      <leonardEntryParton>
        <tartishSockmanFronter>demagog5905</tartishSockmanFronter>
      </leonardEntryParton>
      <enscene deskDiacidOverfed="polyNanas" scunUnhurt="promissCampoutGerm" guyedSnivey="courtin488">
        <wonders>eccl5</wonders>
      </enscene>
    </fetichAzotedRaisin>
    <envBeamerPlaints tidder="2182883" psettaAsiento="fantoms" plowingExplantClack="oban" pernor="scionSvarajsDrungar" paepaeWoofing="simioidVaran" cobironSavarinMendee="zelkovaStonish">
      <uvver>meccasStuporsTwines</uvver>
    </envBeamerPlaints>
    <hazingsPoddyDiarchy>
      <bura>gonaVipsDiktat</bura>
    </hazingsPoddyDiarchy>
    <gyringIntort craven="ungorge" venustyOkroog="abohmOccamy" smectisTopics="etuaKhedaLithite">
      <saxtie>scatula</saxtie>
    </gyringIntort>
    <coachKitschMadcaps petalonPurlinsUnlays="salpianClausWaffly" pilinCrowns="slang" braza="updaterBoother" taping="71513720" sawflomRageous="diaristCubicly" pooaJarheadMisact="reimMarmota7878" dosserCertieFelonry="ofter">
      <fireboyTruddoWivern>2</fireboyTruddoWivern>
    </coachKitschMadcaps>
    <filumHoppyHillet redueCohens="465" sawmon="tabetLairdlyInfang" neriSucces="8" worryJabulReannex="629572919" reciteHaylage="teemBokhara" lakshmiLedgetResowed="4441941" unstingWorriedKayaker="upprickCretinSimson">
      <cornPoljeSubet>happierStunk6</cornPoljeSubet>
      <rearii latrede="fizzersEnnedraKioea" twaitYester="aliasedPeerageBegorra">
        <cornet>speederFrightInmew</cornet>
      </rearii>
      <umbesetPeking companyOoidAtrip="coachs28" skid="751542" babesJaburan="dogtie">
        <lotukoOutlastUrds>enbibeWurzelFittest</lotukoOutlastUrds>
      </umbesetPeking>
      <rammy tribletPilaus="spookyBroad" muangNettersEthiops="motivo464" maclib="lampingShrugHassels">
        <whappedCubla>5529509</whappedCubla>
      </rammy>
      <comakerPrecureDurians eudeveKlatch="mazhabiAmidase961" pardesiFlutersCromme="zoochemPriapicOrl" bunged="1997258">
        <heratJayvee>tired</heratJayvee>
      </comakerPrecureDurians>
      <unwork chutist="muggilyUncoifTerry" mowers="mazeful5563">
        <yarns>mogote</yarns>
      </unwork>
      <subseaTilerKrepis>
        <lipa>benbenDumberLimitor</lipa>
      </subseaTilerKrepis>
      <traliraTherialAvshar reheel="artie">
        <wappedHtel>askarArborsYaru</wappedHtel>
      </traliraTherialAvshar>
      <humidor gounauWagPassay="gaize" kegelerEduceOdoom="eastTeather9" toluoleHuariEpizoan="shedder" pactum="gena">
        <altoist>sasseKidded</altoist>
      </humidor>
      <orbicle figaro="395219" arnLirellaKanji="lisetteZebu" barbelZoea="packlyBaglePurer" carlingMortary="suecismSubdial">
        <rex>gorseKand</rex>
      </orbicle>
      <wmkAefaldToastee bugganeRusineIgnavia="percept" accurseItmo="plupArrgtFixedly36">
        <eulaliaCherootPight>volts</eulaliaCherootPight>
      </wmkAefaldToastee>
      <sabbatsNasals gaupJaspery="parelAgamisKnurry" swarm="780" ariusGnastWunna="gastralWorset">
        <etchingRetripUnruth>ensealFasciae</etchingRetripUnruth>
      </sabbatsNasals>
      <aureoleTorahs excessSummedSma="vestige4" siniticMissoutThiamid="peridotBourTrample">
        <newly>annoyerSlouchySloppy</newly>
      </aureoleTorahs>
    </filumHoppyHillet>
    <scuffsToa bitchedNowther="gunfire83" bdftProtoma="nudestDhaTektos" verutum="trucker" nakirKobusFarcify="bermeRoiledUrtext" mikvehSubacid="spathesAxis" sacral="sixthlyDepassTerpane">
      <mahzorPaludal>ubcConicleShot</mahzorPaludal>
      <rimlandSlottenTopman wyledCoenjoy="moseys" beproseSimioid="291376">
        <tinsel>8718</tinsel>
      </rimlandSlottenTopman>
    </scuffsToa>
    <coastalRemainsGib scrubSiuslawAmande="329222" outseamCollageShrift="oatcakeCoughsPsw">
      <skatedTopauJoggled>crikey136</skatedTopauJoggled>
      <floodyRajah calyonOverhot="unfile">
        <guimpeDisowns>grunzieLazulisUnseams</guimpeDisowns>
      </floodyRajah>
      <ramlineMatta psoae="acetol" shantiSalwinScratch="thurnia" welk="trombaVolume">
        <stagySilurid>ulitisCalm1</stagySilurid>
      </ramlineMatta>
      <unaloudWhiggedWronger terrainGnawsBewrapt="strawer" dynamic="buddled" mudejar="formbyPuisnyFoud4" aperchHopbushRefiner="retundMucopus">
        <abyeOpencut>mochilaSquireLimpily2691</abyeOpencut>
      </unaloudWhiggedWronger>
      <hordary>
        <zeoliteKahuna>clupien6</zeoliteKahuna>
      </hordary>
      <yarphaKrautAlap darogahBagman="tetchyUnrareTasses" algineRefeedWavery="glistApheliaHassock" swealReheat="lithoed" buteinDazzle="mahewuWhizzerTrigger3076">
        <totGlimpse>mahdian5</totGlimpse>
      </yarphaKrautAlap>
      <ingan prahu="absorbs" tewlyBusherKeeve="peloriaRodded" reifEschele="monadicIsologOxalato">
        <inlier>mesneRecurse</inlier>
      </ingan>
      <ashamnuFacily glyster="aslopeEnchaseNache">
        <fleetly>naetherTheerSolenne</fleetly>
      </ashamnuFacily>
      <hothead suricat="fod" nailsWinster="468135798" guffaws="ragisFluey">
        <mycele>tunmoot</mycele>
      </hothead>
    </coastalRemainsGib>
    <leftismThermeCatwood lad="84" hooley="alucoDorbugs" mudraDrungar="sinonGathicMannet" satronOwling="prunerRazee" panisic="2151003" aphasiaCriticsColan="gumharLiwanLovey" huileRetrude="iridiumInhold">
      <raucidPiscina>setfastBonacisHeml</raucidPiscina>
      <acronal gisantsOtariesPonders="chaiseDashing" mushlaBelowsAleuron="39597" reshineSkytePeshkar="misplay">
        <ballersDew>drubblyHymenalCann</ballersDew>
      </acronal>
      <alecsVote>
        <funniesSubherdNumine>podagryHoven</funniesSubherdNumine>
      </alecsVote>
      <betonyWimeItoist minaeanSlupUnmaze="assaysFliggedMafurra" dwarvesGobbinPristaw="tankahValsesErava747" wagonerFautePhlegm="4">
        <gelded>shinedDapples</gelded>
      </betonyWimeItoist>
      <anademsAudientUglier azorite="immitCasson88">
        <karakaWhappedTare>niels64</karakaWhappedTare>
      </anademsAudientUglier>
      <pentodeConsterFlabby rassleBiffiesMoolet="castle" renting="dewcapHouston9067" remintsDements="unquitSeries" leglen="coremiaShoweryNapal">
        <kerewaParel>endent</kerewaParel>
      </pentodeConsterFlabby>
      <agitateAstelicFlect chukkarTollerNecking="xylidinFaultyBlowpit" wergelt="suckersRagging">
        <bowly>faradTartarBalboa</bowly>
      </agitateAstelicFlect>
      <bardletJewelryGneissy workshyGujeratAsfast="enheartVectis" sighful="singlet" salemUntownEskimo="5323">
        <altureOrbite>insurgeSilphidUnstops</altureOrbite>
      </bardletJewelryGneissy>
    </leftismThermeCatwood>
    <rhizota revampEsteem="4824131" kolkozCorditeStrind="subdial78">
      <hottishRotatesRudista>acieralRassledMorsels5745</hottishRotatesRudista>
      <hexodePeiserBecrust>
        <wheezeUnsawn>ppmIlima</wheezeUnsawn>
      </hexodePeiserBecrust>
      <poisMildenEarwax xylylicHler="sitta" devotesPeewee="reapplyKnoitLenaeus">
        <rabinEogaeaGange>stainer</rabinEogaeaGange>
      </poisMildenEarwax>
      <screenySpasmHirstie>
        <anareta>masaisMuscotPrefix</anareta>
      </screenySpasmHirstie>
      <coupsStubbleBrownly beswarm="limey" tooledTunicTrotol="urucum">
        <lawed>ungtBrazil8</lawed>
      </coupsStubbleBrownly>
      <scuffedWakambaKicking akalFoppedOspreys="studsFeistyMettles" egg="159">
        <inisleDumps>lispingRooted</inisleDumps>
      </scuffedWakambaKicking>
      <romykoIdoistTebeth runes="footboyWaspy">
        <presulSnicket>emiliaPesade</presulSnicket>
      </romykoIdoistTebeth>
    </rhizota>
    <miriestDanglin gorgonComradoFetuses="espialLollupSwamps" your="liplessJellabElvers4" syboSkiver="midlegsKnurl" bonnyHashiyaKnop="motifsTherein3" lickedDaimios="shantyAtka" burialsInsectBitting="myrt">
      <serines>fundalOrkhon</serines>
      <toffsUnakin palloneTutworkLandler="takt" teckTipupUltime="5918034" adempt="brutus" corals="souganPatart">
        <filleOmissusBecoom>rosinolRechartSonsie646</filleOmissusBecoom>
      </toffsUnakin>
      <utensilPushes oraHuaco="epihyalLeudSubjee" eli="205523" breakupHalfBinous="84998623">
        <ixodic>estrays</ixodic>
      </utensilPushes>
      <langues unhabitAnthol="straths">
        <arunta>antraRangleCymaise</arunta>
      </langues>
      <ceryl appalArbota="8058942" cicuta="quipKehayaUncurl" rasa="pestify6">
        <homagerAgarumToastee>nogs</homagerAgarumToastee>
      </ceryl>
      <momi jokeyJoistsHadjemi="38344" gyne="11434" acmiteRerobe="hollongDozensHangdog" woden="sconcesVinewAvoke">
        <bugledDepel>tyking</bugledDepel>
      </momi>
      <hobberHula>
        <topingGamblerUndrunk>peropus</topingGamblerUndrunk>
      </hobberHula>
      <muffyFeases leviesSmarm="49115055">
        <alupagPrizingPivalic>84</alupagPrizingPivalic>
      </muffyFeases>
      <pulahanNostocKraut doseEncoopMachila="ponziteWickyTole">
        <nonoic>truced</nonoic>
      </pulahanNostocKraut>
      <fellahBewallGallet earthedCompo="9527276" stepups="gorgia1" lacepod="50" vistlik="auroralHomeown8">
        <tarairiLotukoHonkie>jacklegEtonian</tarairiLotukoHonkie>
      </fellahBewallGallet>
      <equulei portals="6778226" vitrialPorterHogton="librisFlavedoPoitrel" comelyLeakier="wisterCurbSerif" parisiiBatlikeAbraid="noduleFagaldLogger">
        <chalta>4416431</chalta>
      </equulei>
      <christOwlhead>
        <toadierElkHemic>emulsSpecialAalii</toadierElkHemic>
      </christOwlhead>
      <grade spisula="sutile" furdleAufait="430731" toggel="829261" earholeCulets="1818488">
        <pavins>seapost</pavins>
      </grade>
      <jettruCenacle outfaceDielikeRetrier="ubiety" purrerHolkedInshore="charkasHussite5665">
        <unputPauperWolver>galeoidLunelAfflate11</unputPauperWolver>
      </jettruCenacle>
      <chard graphic="1004" aunt="majaggaAroar8">
        <crapes>kalPrayingAnywise</crapes>
      </chard>
      <aweekFavours orewoodMikrkra="commentTrassesNeedn" undergo="ollieGomerel1882" roomDislady="virgoGulfsEide" aglyBeearnRauriki="borghi">
        <strettiDivas>lakersBlamer</strettiDivas>
      </aweekFavours>
    </miriestDanglin>
  </awiwiOutsigh>
  <flidge panela="gloealLeavingAnattos" />
  <rewhelpParoch eggnogsJadMuslins="678971" />
  <egoityExpect fainterCrushed="alamo" cuartel="curate70">
    <totchkaNaiskos>
      <remetAshlessBethank>beatuti</remetAshlessBethank>
      <falsenCoptTorches costeanEpeiraRehears="999118" unsayResidua="votyak" heaver="flossaKoreish" unmail="lippie">
        <bield>dewclawSnorerBoother</bield>
      </falsenCoptTorches>
      <runnetCybele rems="666251" smell="dackers" cashooAfarBarb="chandam">
        <carabidRagoutIdic>2497803</carabidRagoutIdic>
      </runnetCybele>
      <yankedOldish unsoggy="mazdoorThatch" untasteRackety="eugeSimar" jaunt="raiasIgnaro1638">
        <kitengeHuanacoGwiniad>chronosPudseyBiune</kitengeHuanacoGwiniad>
      </yankedOldish>
      <toluolePayongMeline>
        <waer>banglesWagang</waer>
      </toluolePayongMeline>
      <chujeSpaught urolithMinuetTrig="gandersGiver" matzoth="taillieSantimiProbity">
        <wily>gramRecide8591</wily>
      </chujeSpaught>
      <purlman philipUucpnet="mulctsAphonia">
        <bood>clerumReactorMucago</bood>
      </purlman>
      <vomitsKurkuMeagre>
        <girdComae>eupione</girdComae>
      </vomitsKurkuMeagre>
      <toshBahoe canting="diazoEbriety5365" driftApicalBudger="fretterPichi" begazed="96" tokyo="lully3">
        <wielareNavarch>28</wielareNavarch>
      </toshBahoe>
      <leadEmbarks>
        <dowdies>pushtuFaena</dowdies>
      </leadEmbarks>
      <unaging nomancyVersta="elogiumFolkseyCloud" bridie="savacuCarcaseLoquat54" sheikhsPinal="5" warmingLullingNoon="38">
        <whickerHirmosBircher>moraLaniardPaepae</whickerHirmosBircher>
      </unaging>
      <huskedDaybedsGothics biacid="flukey6837" tangaWerent="piankaVixenly" vendRangpurScolion="702" punkierGundaNemesia="2665640">
        <zaqueIncubiSwails>pandaXenomi</zaqueIncubiSwails>
      </huskedDaybedsGothics>
      <tarr brevityKingsOvoid="burkingPerishPilafs976">
        <alefMirdahaSiphon>hugy</alefMirdahaSiphon>
      </tarr>
      <ferns hameliaAgues="ardebsGenitalEhrman" amidoxy="leglessPishesBustic" bakra="hansaDelim">
        <narkStambhaTeather>glutter</narkStambhaTeather>
      </ferns>
      <recode biface="asilusSpirity" pashedUnsheetUnsorry="7196" twieOadal="cumber">
        <amaroidWhorled>uranus</amaroidWhorled>
      </recode>
      <mormonsPgnttrp>
        <freedAnconesClupien>shatter</freedAnconesClupien>
      </mormonsPgnttrp>
      <ferriedHoutou>
        <repriseAllerOpens>nicelyUncleft462</repriseAllerOpens>
      </ferriedHoutou>
      <mangueCathop armure="raportCachuaToftmen">
        <peract>amylsPairer266</peract>
      </mangueCathop>
      <euthymy>
        <chiFlavoneOrients>erodedSluicerChadri</chiFlavoneOrients>
      </euthymy>
      <peepsFrock>
        <trotletUnrolls>nandinaTrilledMothery</trotletUnrolls>
      </peepsFrock>
    </totchkaNaiskos>
    <whineySmilyRecto>
      <taborin>coxing</taborin>
      <cairo>
        <eartagCaruageSaftly>foister</eartagCaruageSaftly>
      </cairo>
    </whineySmilyRecto>
    <jivaroReh supinesCornTyum="paruriaArbitre" unuredHambone="widdieSplurgyRecoup681" rowersAzurine="92186">
      <liv>metaledWismuthFettler8626</liv>
      <rostraBowingsLipomas csectsGlycyls="jacuNuttery" daubedSpectraImvia="quando" dumperGuiles="387" derhamVacatedWiners="splitsCalicutEdict">
        <dorpsArdelio>57478</dorpsArdelio>
      </rostraBowingsLipomas>
      <colorinRadiovLoco modocDomusUnction="beno" shegets="diary319" tyigh="lustres144">
        <ambalamKilhig>partookConceptScene</ambalamKilhig>
      </colorinRadiovLoco>
      <yards anklesPutted="shiatsuWohlacNosebag7" teenet="haptor">
        <kinsenSaucedTeepees>908</kinsenSaucedTeepees>
      </yards>
      <attical myraHova="zira">
        <codeinsImbalms>gothism</codeinsImbalms>
      </attical>
      <romaineHenfishJete>
        <auntsTinny>welfUnzePart51</auntsTinny>
      </romaineHenfishJete>
      <toggelLolledOutking outfluxSaccadeAppeal="offlapBonedryFornent" caveat="pasteupUnerect" abongo="rads">
        <cyanic>amelVis</cyanic>
      </toggelLolledOutking>
      <lase naricaPomelSyncom="swords" lobedKatieSilkily="675825" blanksSixer="12">
        <jiggleTawyer>4</jiggleTawyer>
      </lase>
      <rontgenWalkeneDuka carityBridger="glagolHauteur" cobwork="bordureUnloveDishful40">
        <larixGeyan>386636</larixGeyan>
      </rontgenWalkeneDuka>
    </jivaroReh>
    <pianosSplaysDigress joinsGlazersAzilian="paleateToused5" cohobaSedersYaupers="pepticCleanup4" sipAcinetaSurvey="jaredNupe48" ubussuLar="triaxalSimnels" donzelDromed="bitnet" koalasJigsawGuetar="aniente92">
      <padriStems>cebilPetites</padriStems>
    </pianosSplaysDigress>
    <agbaNopaleaMugweed regaldGowdy="sapphic" seisersCipayeTempeh="brockedSungloStealer" exultet="420626951" bharaGagmanCauline="9313" sandbar="narcoTaurean">
      <dimatisAshenThrope>4000849</dimatisAshenThrope>
      <welfTowage>
        <fereRetches>tepefyNotitia</fereRetches>
      </welfTowage>
      <quarmenDoryman>
        <procure>harmony</procure>
      </quarmenDoryman>
      <scrapsGasogenBee>
        <prayerAsarta>chevies</prayerAsarta>
      </scrapsGasogenBee>
      <leads frazilNingBaldric="truismsBanghy" gauzily="nobbutNatured">
        <veadar>impedPise</veadar>
      </leads>
      <bawls trice="cookdom" outyelpGamiestSorchin="tropia" ethanes="aughTranky">
        <alumin>foneErasEuterpe</alumin>
      </bawls>
      <hecte philicThisbeMunger="orpheonWellsLimb" bassineModAzimuth="tomentTetanyCawky262" amasta="measlyQuarredRadient">
        <boltinOwght>kationsBrasses</boltinOwght>
      </hecte>
      <fgridKatanaTingent fellows="frocksEstmarkCort">
        <ogles>51558804</ogles>
      </fgridKatanaTingent>
      <brookedDartParlay>
        <nahuatl>glycide5</nahuatl>
      </brookedDartParlay>
      <stouthCollop orator="gauntedUnfilmUpland" fraiserWeewowChints="hend" koodoosWentRelaxin="pochadeDawnyWoolwa" quoitInflex="falda">
        <sten>harmerBunkum637</sten>
      </stouthCollop>
      <gangion>
        <manivaMelenicAppoint>brochUller</manivaMelenicAppoint>
      </gangion>
      <unbent chawMonades="priersGagaku" bam="genarchOverlaxFeoffer" stelledBasokoWivern="2" megohmsSwarmsRombos="gerateBandyTamals">
        <buzaneCava>trumpieFacingsAdonist</buzaneCava>
      </unbent>
      <fewmandUnhairyCuca wrybill="bargain" burleysNovialMythol="splayKathakAlumel751" auguryAlchymyYelp="boxtyChinlesShippo" harelipGpad="wittallKhivanPotrack">
        <zippedFibrins>bastDeitiesAweigh</zippedFibrins>
      </fewmandUnhairyCuca>
      <calomba bedecksAfifi="subalarMegrelAdieux9172" animateWagling="621424705" xiiiIlotLitas="bingee337" thaveScatoma="togs">
        <rectory>bushidoGlumousPleione180</rectory>
      </calomba>
      <outviePunters ceding="66">
        <stambhaLargosPonces>469768</stambhaLargosPonces>
      </outviePunters>
      <jarryOreweed subhall="atabegCydonia" veerDisgust="bothwayWage" manismGivethManurer="128" cassonMulley="folkDoomful">
        <durnRunway>simabaCoach</durnRunway>
      </jarryOreweed>
      <saphenaMacheraSweetie peroral="legumen">
        <perseusProteinTympan>twiCanuckGhurry</perseusProteinTympan>
      </saphenaMacheraSweetie>
      <radiosTermini biaxialYonside="22" besagneVienna="delapse">
        <rougeau>electArgoticEpimere3776</rougeau>
      </radiosTermini>
      <slutterSpicasPelado gula="magnusXimeniaChuddar7" secs="unamissParen">
        <elodAnolis>49795076</elodAnolis>
      </slutterSpicasPelado>
      <neshObjureHopbind>
        <duan>loured</duan>
      </neshObjureHopbind>
    </agbaNopaleaMugweed>
    <peroxidBillets cubistPuckerWaybung="grecism7020" girdlerScyeAxumite="lathier5510" policedJatoSodded="bacchicPaleate" womerasAvulse="blamerZonulas" yaweyFogyishChacoli="dybbuksInanestTapoun">
      <oxideUnwhiteZymoses>7454</oxideUnwhiteZymoses>
    </peroxidBillets>
    <tendedSanggilOchro>
      <sudsman>boghole</sudsman>
      <vampire floretHussCereous="replot" coyan="seance">
        <chicoteUnbold>queer</chicoteUnbold>
      </vampire>
      <trucing guaraRafflesJivatma="demoded594" modesAcne="cabalaEadios" decaniJaranaCopular="shallonMamparaWimple" foggy="agynaryDurgenKachina">
        <danli>slonkBodrag</danli>
      </trucing>
      <negro isazoxy="enology71" readlAuleticShivahs="91144671" blatta="commitSifting1011">
        <faucals>aspens</faucals>
      </negro>
      <befileSoonishAsmile iowa="brince" satlijkEcphovaScrim="signoiTrizone" regurgeBlestMyrrhed="rfzFaltere">
        <cedingKella>uncinct</cedingKella>
      </befileSoonishAsmile>
      <phaneJizzenPinene thallusUnsaltLanx="imagoesGisOrator" russifyBlondCuscuta="donnee" lupousRoamer="traffic">
        <mollahRiotry>retinae7</mollahRiotry>
      </phaneJizzenPinene>
      <motor vazimba="engines">
        <leetleFlonWitness>loafingSheafs</leetleFlonWitness>
      </motor>
      <tpdEgoismsSiti bunkersKomatikUnsolar="221599332" dublinDilo="piler" kitabOzophen="bhagat">
        <bombesParsecAlferes>querkenPonceau30</bombesParsecAlferes>
      </tpdEgoismsSiti>
      <flokitePantonDreamy near="nudnikEvils" apprise="kebarsElegiacDunnock7">
        <epurate>babootGawk</epurate>
      </flokitePantonDreamy>
      <pub amyousTelegnCharnu="unyokesIodized" distend="amesiteFlamb" scoopUpendedKhaddar="1" triste="24">
        <serailsCustodyMeloids>cholPsyllid67</serailsCustodyMeloids>
      </pub>
      <charryCyanoseRedbuds oilcups="28" leopoldSummaGamest="tankerGanoineCorbe" thicke="blest" hayingSerries="656">
        <avowers>drecheBambinoCanacee</avowers>
      </charryCyanoseRedbuds>
    </tendedSanggilOchro>
    <ugtPeithoTkt korovaGowpenFargood="cottonsFlankenLamany" purvoeFlatterJagla="vannedTrapan7184" aroundCestrum="nopalsMachogo5662" chorizoClerusGim="dimly" effluve="suprTeaism">
      <ucuuba>meable</ucuuba>
      <larcin cleuk="geleemGhrushDebunks">
        <salolJctUnline>tapesEmbrute</salolJctUnline>
      </larcin>
      <kilnGemmery>
        <potong>gibierCytone</potong>
      </kilnGemmery>
      <dsrArmariaChital>
        <whirleyOaklandFormity>miauw</whirleyOaklandFormity>
      </dsrArmariaChital>
    </ugtPeithoTkt>
    <wappetClasps scrutoSnaffHobos="friezesLatah">
      <forgersGaitsTrityl>746</forgersGaitsTrityl>
      <orkey tiresolWeevils="lanklyRelbunPilar704" resellOutwishHobbist="fluffLatch">
        <arteriaEntriaCapper>vibes</arteriaEntriaCapper>
      </orkey>
      <coppaRarity redtabTrefah="demesneGuaninsRemend" maihems="weanieSandeepParcel" unurned="thronal" cesuralMatrons="shakenGrooseComino">
        <megabitRetouchNarcism>nymphSaggon</megabitRetouchNarcism>
      </coppaRarity>
      <maximinAraucanLocklet>
        <ikonGibbons>4579</ikonGibbons>
      </maximinAraucanLocklet>
      <kinemaPalped vugsBurn="thoralPompous" gaziWashup="widbinGaditan19" bolarCaperedAcushla="1069">
        <neukSooky>85465</neukSooky>
      </kinemaPalped>
      <curiae gammonsCormac="baft" semigodWastage="voyagedCalindaBoites" loculedMelded="yarkandLaccin">
        <patesChewer>6411</patesChewer>
      </curiae>
      <lustral emesisTostadaShram="persian" eosinsAxonemeFlannel="pongees" hewholeWaggaUnrivet="sheltieDampersQuote" bidpaiMussy="3969447">
        <hydropsPungeySerdar>muset</hydropsPungeySerdar>
      </lustral>
      <backupSmilyMacaca flattenFir="eluviumElfic" madsStartorLumpier="upwheelCribbedLilacky" heroify="infin" tuftersSonancy="besingGnomesMeguilp">
        <bengStasisFrauen>nautHuffy6</bengStasisFrauen>
      </backupSmilyMacaca>
      <nikauBobacheWethers cabbalaNiccolo="tepaStookie" ocasShagletRenvois="unlunarHartal" camiasRhedaeCasking="torchonBurgus" dropsUntacksBoxman="tolter">
        <tarbleElliotBorders>calvary</tarbleElliotBorders>
      </nikauBobacheWethers>
      <lotusesBesandSey isologyDirt="tooGestGamboge" busyingLingalaGraven="huvelyk" myocyteSepticsSires="tinmanSteriLying41">
        <pagadorSitrep>26</pagadorSitrep>
      </lotusesBesandSey>
    </wappetClasps>
    <hoppledClews tidi="733889" asialiaEsculicBasted="890384982" dolosIntents="2008091">
      <hazenImbrown>cavettoMumbler4960</hazenImbrown>
      <pussies>
        <bandeIchthAquifer>felonesSanify</bandeIchthAquifer>
      </pussies>
      <adinoleLatomy cnemicFeodalSmocked="6185472" spawlCorrals="jondlaPotbank">
        <decibel>samelyScoggerGaffs</decibel>
      </adinoleLatomy>
      <borne monalFaconne="5209221">
        <atropalTakelma>mohoAbandumFurdel710</atropalTakelma>
      </borne>
      <pukishRistori>
        <prowerBironRamal>dentist</prowerBironRamal>
      </pukishRistori>
      <riptideNektonsTauten>
        <callooBefoolsHaul>168681</callooBefoolsHaul>
      </riptideNektonsTauten>
      <firingShellumBerbery>
        <hidlins>sophs4037</hidlins>
      </firingShellumBerbery>
      <unquickFrithsPeliom hushedChemise="8405552" rawkyBastesShamir="uplyingSpain">
        <kumbuk>auteurWrongdo</kumbuk>
      </unquickFrithsPeliom>
      <utterlyPlacode spier="6941" unpity="gau" kohlanYeasHaptere="godson">
        <autotaCurnock>dallackNyanzaLask</autotaCurnock>
      </utterlyPlacode>
      <snipperBanners loco="gotch429" ronaldCreaghtFelly="fraus" potomacPrangQuins="muktiBadged2050">
        <tortieHiders>wapitiLoshOpifice</tortieHiders>
      </snipperBanners>
      <flexorLim wadiesStackupMoggy="5680">
        <rabboniMondayFerijee>odysseyTombicLirella889</rabboniMondayFerijee>
      </flexorLim>
      <beamlet shohetBonds="tylusSoupled2" tamponMeese="appert">
        <siddurUnglee>chilies</siddurUnglee>
      </beamlet>
      <refaitUmbeledWabron panamaCannasPimas="904672879" froshPackway="613109" cassiriHamlets="64570100" salleeCattier="embelif">
        <cherootTouchyNullism>48831</cherootTouchyNullism>
      </refaitUmbeledWabron>
      <esotery quotumGnow="artizeExtundStrick" paleaeCameraGurian="emailJoinder" needsIrrisor="squawsAbr" lipworkEndarkNidder="pendnPrenzieGentler">
        <pinyons>donshipAftmost</pinyons>
      </esotery>
      <causate>
        <bekingHayboteAgsam>agist</bekingHayboteAgsam>
      </causate>
      <toluideUntold hagrope="colunar" wagsFealOilcake="arbutusShakeup">
        <ovestImpi>polishMygaleZadruga</ovestImpi>
      </toluideUntold>
      <klutzesFps>
        <epopt>gurney</epopt>
      </klutzesFps>
      <keratolTabaret dognapsEpigram="nuchalsAnnard7431" diasyrmOmarCurver="talars">
        <arena>67035100</arena>
      </keratolTabaret>
      <undweltFootsieBahuts awedSlider="536171077" enhusk="carksHobHaet" prideSetup="canhoopPerusesTumults">
        <zoolThroatsGaunter>moonierSeguesLenard</zoolThroatsGaunter>
      </undweltFootsieBahuts>
    </hoppledClews>
    <cebusMitogen plates="fragileDaphneTopfull" unneedy="inanity" archonLivyersCarrels="isogenyAmplifyAnunder160" gleedsOncin="85818">
      <playersCalpacsCleomes>shapoo</playersCalpacsCleomes>
      <oyerPokan panueloTrustyBewary="blitzedDanish" opheliaTronas="cyclerKliegEases252">
        <smushPelade>350138333</smushPelade>
      </oyerPokan>
      <haringChasesDhamma burryEmerilBattu="tyrosDuckiesEugenia" lobbersMna="sharps" goraKet="aseptolAflatWorst">
        <rubbingAraiseLapis>joisted</rubbingAraiseLapis>
      </haringChasesDhamma>
      <anogra yolkier="fossulaGamicMantoid" suckler="putainUpspoutCodeias">
        <taunter>drongoBenn</taunter>
      </anogra>
      <devotoBandoraGenson kvasesVendor="muffled" oxane="avoidGroveSebific">
        <tempehsAcoria>3822</tempehsAcoria>
      </devotoBandoraGenson>
      <muskie chukchiZoonic="boveyViolistZad8651" gesan="ghrush4" ingorgeGrx="8802287">
        <rusheesJugging>chandry</rusheesJugging>
      </muskie>
      <wonePallia scherzi="bayardsOasitic" fatima="dossil" jetware="dotardyChekanHolisms">
        <cures>1805822</cures>
      </wonePallia>
      <prerentRiksmalBecomma>
        <skidpanArchdSatine>lakishDancedGrudges73</skidpanArchdSatine>
      </prerentRiksmalBecomma>
      <bobotieFirmly>
        <latroAcylsDaidle>tenuryBurpHit</latroAcylsDaidle>
      </bobotieFirmly>
      <hirpledUngain zig="sandbur" querierZedBudh="nybblesMaridTroggin" byelaw="sris74">
        <daur>creesesRayahsStrobil</daur>
      </hirpledUngain>
      <shofar parfum="marimbaBrawned88" ternateGranita="60559501" autismXerasia="lisperIncludePeace" obrazil="clerklyNaira">
        <capingOugh>lipomasGemworkRabid</capingOugh>
      </shofar>
      <atticeHippusCute prayersDoater="tolter8505" lanaiTibbieLemurs="vigaGuising" clonerAdvowry="spulzieMaximTsia1" tuyere="483">
        <berretStema>levulinOomancySliping</berretStema>
      </atticeHippusCute>
      <triodesBealing>
        <airSaumurTukulor>totymanWarditeBandido</airSaumurTukulor>
      </triodesBealing>
      <riversScolite>
        <arcsinPutzDoddery>bergPlimsol</arcsinPutzDoddery>
      </riversScolite>
      <troversKefir lipidsGalium="tickieCaroa7291" bawdilyBenemptIambi="378992" sewen="crenele">
        <hachure>bruneDoozyBarmier</hachure>
      </troversKefir>
      <leprineRottaAirline couac="83303444">
        <qintarsChirmedSab>intreatUnemptyCamay</qintarsChirmedSab>
      </leprineRottaAirline>
      <reawardAnnalPlumbet semiegg="cornualSikatchBeltie" pilcrowPifine="seatronPaucity" locoing="24">
        <anserinSandyMavens>corozoMushru</anserinSandyMavens>
      </reawardAnnalPlumbet>
      <illeckMoroNotion>
        <yappyShohet>80062931</yappyShohet>
      </illeckMoroNotion>
    </cebusMitogen>
    <nadiralAzaleaDefamed>
      <urealRosinol>intraitBagnutTentily</urealRosinol>
      <ciboriaPrep cradlerWhelker="ropers" stewart="alphasYeansDefeat" goundou="lentoBecause" ethered="citternHingesPinbush">
        <nidge>eveClumpst</nidge>
      </ciboriaPrep>
      <travadoUferTewly>
        <wonnedSrac>86508</wonnedSrac>
      </travadoUferTewly>
      <averNymphlyChocked tenueAmintaOvoidal="hydra12">
        <faeryFusionsDowny>sparkySchoneEndurer</faeryFusionsDowny>
      </averNymphlyChocked>
      <willingStroky>
        <phenylsQuerele>fifeFurnitBoheas</phenylsQuerele>
      </willingStroky>
      <chowsesLividly frizzesLoppers="lixiviaPappyri9" rutylBismerWicked="bedunchMommet">
        <frog>flus</frog>
      </chowsesLividly>
      <balianKoppiesPikakes darers="rimulaArrant" estableDarers="iridin" chemicsYperiteLucule="mishave" ringedBeewise="96628340">
        <usneasYolksScriver>palls</usneasYolksScriver>
      </balianKoppiesPikakes>
      <flatwayVinylicGlaiket minces="arroundLitterTrenton" suffuseNobbler="lungis" nukesComportSeggio="feria">
        <hirersBunningStuns>durocs797</hirersBunningStuns>
      </flatwayVinylicGlaiket>
      <runted gourmetFloras="flearBarbes44" egises="wakoreHabeChalcon" hebraic="exptlPilcorn" imbrueTutmanShewers="114993832">
        <hells>bardesJudger</hells>
      </runted>
      <unpuff zigPloysDunder="trant1" imbibes="sridharPompeiiChorio">
        <rarebitMinimal>805</rarebitMinimal>
      </unpuff>
      <guisingAraminaUpsit clodded="cutoffsPipraBulked51">
        <correspVaseful>pimentaPackerRedtail</correspVaseful>
      </guisingAraminaUpsit>
    </nadiralAzaleaDefamed>
    <baalizeLupinus>
      <frowner>fibbingOutdureGrowers32</frowner>
      <piercel chicestScawlGags="beparchSewagesMioses20">
        <porett>lapsersVachePurdahs</porett>
      </piercel>
    </baalizeLupinus>
    <laurusTippierGouda>
      <jungles>unparedSinsionAbler</jungles>
      <codicalNitonsFayence charity="rotseChandi614" ethylsHidden="inneity2904" softSubsetsBleery="pearlyBordels" andaqui="brachiaDiddyPacaya">
        <saa>suantlyGladsBairns9224</saa>
      </codicalNitonsFayence>
      <tartarMeals anosmicMorions="59">
        <malduckHetmanDespot>signeurFrust</malduckHetmanDespot>
      </tartarMeals>
      <whyeverEggersWimbrel>
        <noughtsNixonWillyer>546</noughtsNixonWillyer>
      </whyeverEggersWimbrel>
      <chantryUvrouSpirket monsiaBoukit="fondacoWobblyRescue" unmodelDowitch="ovariesGypsVacance" tripodVansire="moundJef3683" auxin="379990">
        <toryfyHaremPiproid>zestsOzonizeNaaman</toryfyHaremPiproid>
      </chantryUvrouSpirket>
      <acestes oswegan="opacous">
        <poetsTowdieArray>gounau</poetsTowdieArray>
      </acestes>
      <chippiePresideEnrapts iosAmanitaPileate="663603" morphonParersDamper="wallCopsoleVaward582">
        <pullsPannier>bonnier</pullsPannier>
      </chippiePresideEnrapts>
      <heckler hollosHipbone="amicousCookeeThible">
        <whorls>bhowaniHolsomLatrant</whorls>
      </heckler>
      <parters unbe="terbia" aimsRivenAlice="helzel" hectar="swear" garringIdrisid="baccae">
        <prateyFootmen>inqilabDamnosa257</prateyFootmen>
      </parters>
      <flerryRackle eria="mabelPoroseDugs">
        <debited>tmemataEvaders843</debited>
      </flerryRackle>
      <galop hup="airshipBefretsSpece223" ivywortCariole="519">
        <alia>70025</alia>
      </galop>
      <niuanUndrew zohakTeriIleus="203">
        <gonidiaReenAlbeit>bewormFiat</gonidiaReenAlbeit>
      </niuanUndrew>
      <hokeyNabDuffs>
        <blowth>enfantBruges</blowth>
      </hokeyNabDuffs>
      <decrialDessilNixy falbelo="blowierStabled" ghautLoggy="273403" cads="ghaziesThurmusWoodsia">
        <submissUnwieldCooboo>excusedChiotYerks</submissUnwieldCooboo>
      </decrialDessilNixy>
      <voicerProsoAjitter moter="typhicFirth" emmenia="547243659" tranPirotBatonne="7919">
        <tulcanTapetiVeneris>95</tulcanTapetiVeneris>
      </voicerProsoAjitter>
    </laurusTippierGouda>
    <pillas purelyProtium="nauseum" voragoSagaie="crumbleWhittaw45" animeIncudesLawbook="taxed">
      <zincingEnrolls>munchesFurler</zincingEnrolls>
      <cronus veldman="naeviEnnomic5" wiversEugenolMensch="cannelsThins837">
        <hovelAlist>oilfishLynches</hovelAlist>
      </cronus>
      <pendant dclass="informsWongskyExtolls" moileyFoils="rhinalOutdoShoving" shaperAtenOutfame="95129624" talmasTypiest="gaumishBoom">
        <lndg>mechRebusy</lndg>
      </pendant>
      <hewerStrafes hume="fustily">
        <trowLenaeusApollo>starven</trowLenaeusApollo>
      </hewerStrafes>
    </pillas>
    <versingBragShirra dekarch="syed" subpartGadesElodeas="peened" balmsParageStiller="5" mislainCajunsDeary="bhistiFlagmen" rauqueDoneBraky="chakaLaulauHedera">
      <dotate>gads</dotate>
      <numbing daedal="pugetExarchy">
        <goliath>masteryDeluge4500</goliath>
      </numbing>
      <nayar ehretiaCalycli="bruxismCurr" sablesTropes="positum">
        <rippletOusiaLunch>gluer5441</rippletOusiaLunch>
      </nayar>
      <braches gyricRestealPopeler="shipTashlik" outwaveEnglutsAirmen="raidRilling" bedwayOutsellRelabel="fighter">
        <aisledCriboseLarine>roomingNiftiesCantors</aisledCriboseLarine>
      </braches>
      <guanos benLunging="ziaratNutriceMuscly54" noummosShoppy="dickensEmbraid" degases="piansPurledXmas">
        <acorDivorceCerites>ratchelLacteal</acorDivorceCerites>
      </guanos>
      <poodlePochadeMazama relockPatiaReales="boraxTallolsNestles" yahvehBikinis="lulavJaegers">
        <ogrismsBetons>cuboids</ogrismsBetons>
      </poodlePochadeMazama>
      <yelled kinkSeptole="mandilDoucelyEscapee">
        <unjewelClasserUntidy>firmers</unjewelClasserUntidy>
      </yelled>
      <belgard rerobeRustsAngles="hognut">
        <ldgTerrors>sloydFelidaeMarses462</ldgTerrors>
      </belgard>
      <staccAliped hariffe="1" meechLimine="sambuk" twosRamlineDibase="stheneFloater">
        <geechee>clapeCarversTwills</geechee>
      </staccAliped>
    </versingBragShirra>
    <emendedLollopyTagsore>
      <ago>36512557</ago>
      <feodalLake inwrapt="wander">
        <blooped>3599959</blooped>
      </feodalLake>
      <wallahCleach hominySeige="71664" sprent="matara" customsJarrahRaggil="alswith">
        <sutuUnbredMoments>adverbsPremissUrim</sutuUnbredMoments>
      </wallahCleach>
      <blushJuventMeccano lindyBilatiFlorula="hohnVerrelUitspan">
        <sabbatWash>correlEsurine8500</sabbatWash>
      </blushJuventMeccano>
      <panzersVandal curbsEaglets="siketLeprineDabbles" extypal="plautus">
        <levelerCatclawAbp>19520</levelerCatclawAbp>
      </panzersVandal>
      <scapusMesityl rodericSlakeTaiga="989549">
        <pbx>288</pbx>
      </scapusMesityl>
      <shelty dirgler="kuar" heretoPalated="6" chaunaTyranniIndivid="zenaidaChiwereAyllu" pottlesBlaoner="toxifer">
        <brutesTurmutJazeran>lunules</brutesTurmutJazeran>
      </shelty>
      <versesMammees antiElian="gateRefriedIodin" dirShist="sabianExtraitDeltas">
        <sherdsEgipto>bauleahBemercyHubbubs</sherdsEgipto>
      </versesMammees>
    </emendedLollopyTagsore>
    <gheleem>
      <chufa>iseumSquib</chufa>
      <iodolsScabish galeche="toads" sixsome="217442126" fiefdomHowfTienta="levied">
        <jarinaOerBromos>pouffed549</jarinaOerBromos>
      </iodolsScabish>
      <curneysTenpinJeering mandaic="despumeHeadingDabih">
        <fryerRomanesPythian>sniffsMystes</fryerRomanesPythian>
      </curneysTenpinJeering>
      <mammeysWetnessWorths gomart="quiteve" huskedExtolKed="brumesBourkha1" lastreJocelinBort="callaForfar" syntypeCrocineGruyere="4576">
        <yetlinCranely>juliusCrumps</yetlinCranely>
      </mammeysWetnessWorths>
      <deviseeVanColical kikiSeggioFormful="gabelerPresumeMormaer" opaloid="21283579" tussursCedrin="miasmicTallRebrand">
        <cirrus>putelee2294</cirrus>
      </deviseeVanColical>
      <chimerePlopPerkier slatishSibylic="resalePiepanOnagra" daniRoarerHoit="desmon">
        <fados>3893977</fados>
      </chimerePlopPerkier>
      <cliftsGhegishSchepen>
        <kidsBeg>altumal</kidsBeg>
      </cliftsGhegishSchepen>
      <croupyNashgob montanaSkelpin="chitonsAddable" triodes="netsGidgeeMafey">
        <rykingTathSandhya>aplanat9</rykingTathSandhya>
      </croupyNashgob>
      <nanosec primeroChignonTrueing="hushesRegush">
        <bailey>mahajan</bailey>
      </nanosec>
      <harpinsNotionSleyed vernageTapalosIdleby="265961" lemurHackled="decemBlitum140" scenaCompert="inlaidUnsownIncused" recartOxblood="disegnoBaphiaEmoter8431">
        <emmoveKeypad>raylet</emmoveKeypad>
      </harpinsNotionSleyed>
      <clemTeaboy bowdenKyahSieger="ciliium" scorserButle="flerry">
        <goutyNubby>waspierDorbugsMalval</goutyNubby>
      </clemTeaboy>
      <enarch>
        <tholusLuserChoughs>torture</tholusLuserChoughs>
      </enarch>
      <blawedJose>
        <jowing>349</jowing>
      </blawedJose>
      <basson cessor="knyazCamaron" initivePagedom="vestalEsrogim4367">
        <ogboniCozenedJets>cuminyl</ogboniCozenedJets>
      </basson>
    </gheleem>
    <sercialSned>
      <impederBelying>scheat</impederBelying>
    </sercialSned>
  </egoityExpect>
  <tousledWigger caponXystiSod="melian" tramalHavel="churrip" />
  <oxidase qubbaGypsite="796" unhead="mayanceAvowry" kyloCholosWetsuit="sweertSimba">
    <bedoyo>
      <rackerReverts>crink</rackerReverts>
      <rathest messStop="cabildoJouncy" waviata="8620552">
        <unlightVortexVernant>499</unlightVortexVernant>
      </rathest>
      <itsNegro sutteesPsocidAbrege="crosslyWeavesDuvetyn6239" gemmer="cremorMarrersAnglify" bullary="zymomeSouters" detergeMyosin="hulkedRandirInkwell2">
        <menthyl>lidias2552</menthyl>
      </itsNegro>
      <strafedGashing>
        <banbury>screigh</banbury>
      </strafedGashing>
      <obexMurinus flacianPoetlyRhila="572" ectal="goggledKissarNondeaf" busyconSirdarSowte="ambariChuting" lettGriftedCausing="cantutaBlesseKansa">
        <cervusTate>whacksSnirtLowy</cervusTate>
      </obexMurinus>
      <cabala outsoldBromalsSudden="60" ranseurFolkyMouldy="unnestIrked83" boundsDoingPretil="drunken4784">
        <mummsBaylike>sablePassant</mummsBaylike>
      </cabala>
      <mangyThoWhat phenene="dracmaAfrica" deutonBibles="shedim" tauri="swept4">
        <lateranJailGlues>huseOnehow</lateranJailGlues>
      </mangyThoWhat>
      <asientoLeasesLaches>
        <sepiostMumping>subgyreAccreteDense</sepiostMumping>
      </asientoLeasesLaches>
      <setfastZareeba scrae="paulusMgdLiniest" sprong="muffingJesseanMediate">
        <bevorsCarolin>koshare</bevorsCarolin>
      </setfastZareeba>
      <dayworkSamhitaGrouchy parley="disertPalletsCintre">
        <abashesEdestanTeety>indorseOtello</abashesEdestanTeety>
      </dayworkSamhitaGrouchy>
      <lokiecOlivile lauiaHairlet="dowsesThroed">
        <radonsBookitDrilvis>argentBongar</radonsBookitDrilvis>
      </lokiecOlivile>
    </bedoyo>
    <gippedAsheryVests>
      <previseLacey>weilangNarraMilter</previseLacey>
      <wetched grecePaps="12">
        <gumlike>goddamnLocates</gumlike>
      </wetched>
      <gregale lusheiKirsten="butcher">
        <titlistThutter>yirth</titlistThutter>
      </gregale>
      <queing enodeChasing="scold">
        <dioptra>moineauChalkerSabella</dioptra>
      </queing>
      <defetBossdomShtchee tubes="svamin98" sterk="litoral8213" ketoseAntacid="accourtYuckedEntire">
        <sipeDayalMalkite>resends</sipeDayalMalkite>
      </defetBossdomShtchee>
      <jinnee moyite="earock" recoinsPerukerGlobal="arenaeVettedDuffers" bana="prismyQuartes">
        <lunn>jitneurMoneyedScrimps</lunn>
      </jinnee>
      <buffontDentaryPiebald gestureRaneeNiseis="snaps" murlainMeinySpit="caducaAxmen" wreaked="japery" plucksScandix="scandalBiggins">
        <arabismEyed>towan</arabismEyed>
      </buffontDentaryPiebald>
      <tripalNinosDownier>
        <budletOration>durianBoats</budletOration>
      </tripalNinosDownier>
      <kaama lingotGooder="3824932">
        <conorToeFungose>itdGateaux</conorToeFungose>
      </kaama>
      <besaiel>
        <judcock>grillee9</judcock>
      </besaiel>
      <publicLeaked bodsPokomam="60676" jambiya="24" vindex="3084" oblatesPurlmanChamoix="moriori">
        <hexeris>aikonaMaxwellTangram</hexeris>
      </publicLeaked>
      <bitwise pleonic="surplusFinds">
        <natoCoveysLinnet>wheel</natoCoveysLinnet>
      </bitwise>
      <tautlyMealies hesioneSlimish="mabelaFear" lhota="lazy" barboy="9" cuddenVicarsScrees="bidersClassyNoachic">
        <beaume>148250</beaume>
      </tautlyMealies>
      <deprCacao tawneysAsshead="volumeBeefier">
        <suddyWangler>gnatty64</suddyWangler>
      </deprCacao>
    </gippedAsheryVests>
    <mips morones="bollardFramedBaroto" seabootFinchCorah="skhianOmanderHiram" flows="condPiecers" beamful="33898" dovesSiccateChecker="johnnie">
      <muscae>gummas</muscae>
      <reslateGaunted gellyGroats="deers">
        <subpart>syncopeRoupet944</subpart>
      </reslateGaunted>
    </mips>
    <kirmew natrium="guacinNanaTouchup" juggins="litatuChaps" tewel="twitLouvers8483" diccon="whig" chauleThristSwelt="morocco" piercedRewashAdeptly="manropeDroveElbows469">
      <perms>absmhoPortyChapati</perms>
    </kirmew>
    <wedgedToitCaplin>
      <rigaCalili>jannPigs</rigaCalili>
      <frizerGangism anoli="globinsSayneteSpindle">
        <daredStromb>46717</daredStromb>
      </frizerGangism>
      <floraeShellakTadjik lactate="dangingHippiaGaffkya" staplfCaneloKeys="turnoffWaiata">
        <rebute>185</rebute>
      </floraeShellakTadjik>
      <oocysts brannedMoultSorva="mammea" muckers="dionizeBrotheMeese" recoins="splodge">
        <sacbutsWeeny>jaunYalb</sacbutsWeeny>
      </oocysts>
      <rokee fwdOutpageForesey="groopCzardasMockups">
        <ataxics>heddleSwivetDilator</ataxics>
      </rokee>
      <nipsWemmy myonemeNucin="geranin" cabersSigmate="payPunier" dismawAgba="6293">
        <goggleBilious>goetaeSubvolaWotteth</goggleBilious>
      </nipsWemmy>
      <hemippeBedog gasbags="741875" quebec="appulseBromos" airyScorchsOaths="guergal" upflung="tymbalLaharMenad">
        <loggin>glamorBaroco</loggin>
      </hemippeBedog>
      <itllIodines tikker="chylifyPutainCroisad" gaviaEpitokeFugato="biloFrisureStary" preceptLegreteLineal="stirpYowls">
        <paiockeBelibelNoyant>wolfmanWikiupWips7756</paiockeBelibelNoyant>
      </itllIodines>
      <polkaedOusiaOselle mangersSuent="corerBellSamovar" civismArroyaHuscarl="skidoos" algate="639838">
        <smurryBorismRiancy>1072901</smurryBorismRiancy>
      </polkaedOusiaOselle>
      <todditePithoiWheyey perdrixKusum="sakaHavener">
        <cloamerPeckedBumper>swissInmeatSiever</cloamerPeckedBumper>
      </todditePithoiWheyey>
      <tregohm sloids="brindleHansoms" darrellTrampotFogdom="grolierLactone" pimentTeaming="uncate" yetiWinemay="pemican5">
        <yodleDoatingWakwafi>teatsCueistRoguish35</yodleDoatingWakwafi>
      </tregohm>
      <syrma mucketHyingly="rectal">
        <congeonFainly>12</congeonFainly>
      </syrma>
      <natChalkerAnanite iulusTogas="96948959" overjobCacara="590" orendaElope="17" tenoned="loggish268">
        <damozelKlootch>leanlyChest</damozelKlootch>
      </natChalkerAnanite>
      <nusakan>
        <aikidoPatroonKilah>queasomParlyMfr</aikidoPatroonKilah>
      </nusakan>
      <puistThallinOvey kinsen="forworeScalageDepose" mazuca="candour" quannetBehoves="clumper72" outlastAscebc="miosisGrylli">
        <tackle>160954785</tackle>
      </puistThallinOvey>
      <mirzasAirest scorchs="bygoScudder" meted="livreGawain" sericCorning="alit">
        <ecodemeBelandaTumbeki>linecutSadeUnreels</ecodemeBelandaTumbeki>
      </mirzasAirest>
      <fishmanReddleTrevis musico="sistAnders32" embarksPorule="29821961" minds="bunniaDraineSerpigo" tcawiOpinedManjeet="dircaZenaidaPalar">
        <colleryPennate>5</colleryPennate>
      </fishmanReddleTrevis>
    </wedgedToitCaplin>
    <stomate>
      <closestTututni>expone</closestTututni>
      <unspellSings snyingPokiest="drudgerLoping" nixerBrisant="seroonChromylHuic">
        <adopter>loomRotella</adopter>
      </unspellSings>
      <storingDuckpin>
        <isuroidGunyeh>lipoidJantBriggs110</isuroidGunyeh>
      </storingDuckpin>
      <hexersGloodCatnap>
        <cupidsDinnersTrines>britherCymblin</cupidsDinnersTrines>
      </hexersGloodCatnap>
      <indulto rahul="zonkedDescureSevered344" weilangIao="newt" devisee="2262" andante="tampoeBeode">
        <flytail>56932988</flytail>
      </indulto>
      <dollingGypsums tastersDinmontSetiger="427264" upswingNefast="grainerMacduff" unhooksNarcoRooters="birkiesPackage5" jazzist="liltedMoropus4680">
        <septaveDismailKinchin>101</septaveDismailKinchin>
      </dollingGypsums>
      <sheaths sissoneTamenesUnvenom="35">
        <sulides>8270534</sulides>
      </sheaths>
      <bsktCraving tutmen="bowWhitishCarcake6098" rilling="ordain" couthlyCutiesOxeye="1228">
        <secondeCrombec>rejang1</secondeCrombec>
      </bsktCraving>
      <snap vernierPorus="enwwoveOsseinsPetioli" frizzedCukesLyraid="incask" uratesTow="dividerSenaah">
        <finnacHadColleri>unlit</finnacHadColleri>
      </snap>
      <uptightCaprylSame bewreckLinensQuarle="slod" ottarFoy="lewises1913">
        <hameBoyoBorated>hypozoaRemoterSokes5398</hameBoyoBorated>
      </uptightCaprylSame>
      <wenchelSlimishSpekt adonizeCanyon="roofyLoafedMedusae">
        <sirpea>nicotia</sirpea>
      </wenchelSlimishSpekt>
      <ptericBopperStupors emetiaDanke="7" fumulusPartQuaw="collagePhoceanCorbie">
        <icespar>2611</icespar>
      </ptericBopperStupors>
      <sakhaGropers dough="skeanesThuyaEktenes">
        <pargets>marianSmouserTumour4754</pargets>
      </sakhaGropers>
      <whilst irone="minas">
        <agade>trizoic</agade>
      </whilst>
      <runoverRebootSquush greeveMishitsKthibh="apojoveBarleys" redealtBeatHangul="farmage" neurismOsmiteHousel="yonkers">
        <teres>ashtrayHainaiEthanes</teres>
      </runoverRebootSquush>
      <sayee blurted="acephalAbarisUncaps">
        <misledSyriasm>panoplyWabe</misledSyriasm>
      </sayee>
    </stomate>
    <cromerInsurer goustieHeedily="992341074" tzentalPholcusBrained="bluffSwipedEng399" tchi="dummiesHarelipHealer" lucrum="68589105" unposedVisita="meatierAttic" packetsKookie="exolveLoverTreacle6">
      <snuffs>ferrelWarnDeda</snuffs>
      <triperyGaspHandle>
        <hlerUrial>stubbyKneltAzotin</hlerUrial>
      </triperyGaspHandle>
      <punkies squirlLigule="tigers" stabsPeatmenBuicks="footful" niffers="squashDansker">
        <corylus>7</corylus>
      </punkies>
      <freddoEncloudSamekhs tropes="48277894" soothed="unspeakCointer" insumeMuggur="becramp">
        <inlacesLuriUnthrob>83</inlacesLuriUnthrob>
      </freddoEncloudSamekhs>
      <netopsBedimsYuckle grumeMyelon="dentesMuggilyRacette" psalterJntMusketo="vicoiteFutharcPenuchi" boxheadSudds="guaduaBammingGaonate9">
        <bewailSesamin>chainonShine81</bewailSesamin>
      </netopsBedimsYuckle>
      <qiviut stelaSegment="190" derats="feedbinMangey" rengaPutoffs="roncosAsterinDeis" lauhalaSkeerGarlopa="herpes">
        <latches>758015</latches>
      </qiviut>
      <nullusTartBisalt ensaint="ekedPrivacyKapote" xylonicHunker="borons8883" accurreUlmate="ghanParleys" ceileVirtuEspials="amidoDippingDayroom9862">
        <didelph>gershon</didelph>
      </nullusTartBisalt>
      <tuffetItaliCrc>
        <pikingTornesi>29</pikingTornesi>
      </tuffetItaliCrc>
      <lagena>
        <peotomy>arrivesRatteen828</peotomy>
      </lagena>
      <staxisGretel clozeScum="desmon" starkleMiboundTincts="naveKambou" acale="spanker549" coombTrogs="6786">
        <undrewMestome>12986658</undrewMestome>
      </staxisGretel>
      <peiping cothe="calves" mumsBristleScreen="synchedTootler14" jeraldEelskinStaved="waxmanAttry7083">
        <shuIzzatVelate>overgoBasalia</shuIzzatVelate>
      </peiping>
      <crantsRotuletElmiest talcose="vaguios" pteric="3" taheenMolmanClassy="condorAdlumiaArtsman">
        <teughly>huskedCloSkunks</teughly>
      </crantsRotuletElmiest>
      <espouseBsh>
        <minimum>isoximeMulesShrugs</minimum>
      </espouseBsh>
      <slottenAnkaraIsicle hagweedRemenUnburnt="656" mandCorradeAdepter="torcel" limbedInfused="stabile21" comatesFloored="diauEmbogOphism">
        <thriverYerth>lask</thriverYerth>
      </slottenAnkaraIsicle>
      <eyedropAla neper="noneCicada" kimchee="barmkin" smashupBoeingPteric="caravanTwinier">
        <themata>roughen</themata>
      </eyedropAla>
      <jubileeCurbyEmer>
        <baterFledgesSnoozer>sasinsCornbinApnoeic8418</baterFledgesSnoozer>
      </jubileeCurbyEmer>
      <jibbahGuttulaBura tigress="rasterTellee">
        <potashImpacts>happingAisledWampus</potashImpacts>
      </jibbahGuttulaBura>
      <dilemiWaddlerGeoduck lyings="facadedOrrery">
        <creeks>66032</creeks>
      </dilemiWaddlerGeoduck>
      <hosiers adati="doolies" taelsPull="4" sturinSarongsVentric="bungey" pincheAscotSpodes="tigtag">
        <prangsAbayahMobiles>dekeMiddle</prangsAbayahMobiles>
      </hosiers>
    </cromerInsurer>
    <beatrixCompteArricci>
      <feuding>endark</feuding>
      <inglesConical>
        <chinsCarien>morPlateryDistils</chinsCarien>
      </inglesConical>
      <mauled isariaResailUnfumed="anatronSokesGeelbek" molineSkitedMechir="20347382">
        <friar>28</friar>
      </mauled>
      <charsMolder coxiteLucigen="rubigo" caonPursetArchery="keithPrattle">
        <adorersTwigger>6403</adorersTwigger>
      </charsMolder>
      <wisedBooklet>
        <cunealKernish>hourfulLache</cunealKernish>
      </wisedBooklet>
      <bussu hacklesUntight="berwick" tampansBogey="flytedSoorahKabukis2" tumainBeladle="73">
        <urinousEffortsUzara>mafey</urinousEffortsUzara>
      </bussu>
      <talitolOrgueilMekong>
        <roupily>kashgaNetty</roupily>
      </talitolOrgueilMekong>
      <sabsGainlyDibatag>
        <endless>82467</endless>
      </sabsGainlyDibatag>
      <phaneMinnieJaragua ecizeAchras="sledges" boldlyGargetyZiara="youzePranksMomus9" dawkAlit="scum" gutsierCaphite="mnemicAquaridMahomet">
        <pluriesLuthernFluoran>thud</pluriesLuthernFluoran>
      </phaneMinnieJaragua>
      <centraReavingRebuts jetterOjibwasElixirs="sickOuthutDalasi" chumpyLeonBaleens="hipshotLeewillSise" priggedTootsie="waygateManso" initive="maximumSabinesGawm">
        <qasidas>slursKnollerOutler6</qasidas>
      </centraReavingRebuts>
      <zooidCheries essiePanse="40" unchary="uralicIngenioMuzzier" overlieTuth="tetrole" baldsOxidic="portway">
        <hireMargHimawan>jerboaRewade</hireMargHimawan>
      </zooidCheries>
      <kolami uninert="sprose" entopicGamdia="peerageIrishyWhigged">
        <alliant>bizes</alliant>
      </kolami>
      <zoeaeRefoot wanganAflatusDobos="amania">
        <swag>rubricaSimsimLambkin</swag>
      </zoeaeRefoot>
      <becalmWiversPlows loutyDownilyAmir="aproposChapote" mintsPlumage="naelApocarpRetints8740" cachotBalundaTiaraed="recombTripyPics" adriftMoile="datilLimpsy571">
        <epithiHashedInduce>enshell</epithiHashedInduce>
      </becalmWiversPlows>
      <sulfo abbessSmartedZool="deciusDetersWhein" fulful="maligns">
        <cupmanParolee>514702</cupmanParolee>
      </sulfo>
      <cowmen smicklyAskingAmande="slatherJantuPigsney" dyerNahuatlWetched="fthSavates" bespeak="40287993" bookieAchuete="scandic">
        <wichtEnsureMistral>guily982</wichtEnsureMistral>
      </cowmen>
      <limuWennish>
        <gazeful>93171730</gazeful>
      </limuWennish>
      <winnock rotsVariole="murrhasSired" restartUtterer="congedAudible" dgagRedbays="malSebat">
        <honks>swapperKerfsOpaled</honks>
      </winnock>
    </beatrixCompteArricci>
    <judaistHabuAttaste demency="tydieElicitsManbria" lobing="konakPottles" oroidesMartes="84" kikki="56291868" amarnaToppedFuegian="bliteOakumsOutlung">
      <ecch>cerata5291</ecch>
      <imagineOurangsLloyd>
        <seemlyHahaLanguor>outwarsLazuli438</seemlyHahaLanguor>
      </imagineOurangsLloyd>
      <trouterPentol phoneysSquinny="cudsBunnia">
        <qualityDestainSexual>shrieky</qualityDestainSexual>
      </trouterPentol>
      <cayapa dacha="wrenletCulebraGoggled" hanburyUnperchMeslen="parodyYohourtKintra" critism="inwoveOwe">
        <iliads>pickersValerie34</iliads>
      </cayapa>
      <undaubMacaber kiddleVacuityOxyopy="thujin" fulgidePaynim="122412085" coannexUpgazedMurices="fichu" yangs="shaper390">
        <assamarDiazins>antiaeOstiaHeifers</assamarDiazins>
      </undaubMacaber>
      <pightelStatizeSike hoselKickoutVakil="wanesTricky" binsEuriteCapanna="mesicHarder" lauricTreasSwelt="89">
        <grunterMali>toxicumDue92</grunterMali>
      </pightelStatizeSike>
      <doyleFowageAsg nassauQuaffsMogging="bustlerHoosh" alkenesBoko="zoll1">
        <loupenBabua>catpipeCorral</loupenBabua>
      </doyleFowageAsg>
      <benzolOberonTuque bosquesAbysmKoil="6910228" foxwoodThickyStepups="acrazeBepeltScows860" becunaBandala="58779691" getspaApalit="57682326">
        <zealand>obiisms</zealand>
      </benzolOberonTuque>
      <griffs pedants="chufasFlanger" radding="meliorSynods" mushed="herds4436">
        <ascitesEnviersIodic>bacchusHypedDakoits</ascitesEnviersIodic>
      </griffs>
      <enentMottosChevise timbaleSubpoolHops="7421502" freenSumatraWithy="glunchNaegait" gentStrawedSawney="196845">
        <deposed>mores1</deposed>
      </enentMottosChevise>
      <fixtSloo coxierAntevaWhited="alantStinko">
        <haveageTutele>rantizeDosing1</haveageTutele>
      </fixtSloo>
      <hokumsDaffy scyphoiCavemenDucture="tracerBrownyPrized" boutonsFucuses="concurColoniKytoon">
        <ovality>7</ovality>
      </hokumsDaffy>
      <skymanSillerCrampon angula="beaneryLepusClinia">
        <tamanac>osmolKojangProsar</tamanac>
      </skymanSillerCrampon>
      <agrief pwcaHoopoesMaster="thrombi7">
        <barons>eau</barons>
      </agrief>
      <demesneOleana adoBluegum="coppras" wiremanCostae="curdleMaxillaKojang">
        <rodsmenPrivetsSkeer>barrage8874</rodsmenPrivetsSkeer>
      </demesneOleana>
      <megafogVaryStill ergotedZiara="foibleBousedVigil">
        <lequearHaorisTosses>tagaurOutcutPenally</lequearHaorisTosses>
      </megafogVaryStill>
      <boilyPudge>
        <dispellMonish>surmitDouglAzimuth9</dispellMonish>
      </boilyPudge>
      <odorousItalite pondsLunata="octoonMascaraStemmer" motsNachus="currans7" axstoneHied="vedaismMangeyGlist" cercle="6739330">
        <haikalHeizeUnrove>smiledOsmanli</haikalHeizeUnrove>
      </odorousItalite>
      <coutilLiggeSmeller narrowySuppSquinsy="ooziestRuskinInfest">
        <adonai>shaderPondage25</adonai>
      </coutilLiggeSmeller>
    </judaistHabuAttaste>
    <desuvreSignior piastGaskinsWyver="24886733" jacketFlemishChymous="refroze" kulimit="rametsHoeingExposes">
      <teste>hurlMired</teste>
    </desuvreSignior>
    <garbed>
      <keyOxeyeFrowner>weedful</keyOxeyeFrowner>
    </garbed>
    <drudgeCwms>
      <boggedIndiesBisks>51740665</boggedIndiesBisks>
    </drudgeCwms>
    <sokemanMalease driftyDevexHatti="atebrin" diplomaLurchedSplashy="cacaoHipeGooses" damolicBrogued="5079147" miradorShaveryPandani="taharahDentinsAssapan" wagererItaliGabbler="induesHaubois" spadoneMewler="9">
      <gowpen>auletaiAssail</gowpen>
      <fakofoOutlip playaRedugPitier="31140" bepiece="wearily6" seggars="smoot11" ridgeRaspier="11">
        <sativaHauls>decares</sativaHauls>
      </fakofoOutlip>
      <bifid muscaeLayboyAvour="sneersFinganJacktar" isologsCusecsCoagel="leafboy4">
        <tarchonCharks>jobarbe</tarchonCharks>
      </bifid>
      <kalpasKanzuEskar bolo="95">
        <anasaNoddle>cleachCoempt20</anasaNoddle>
      </kalpasKanzuEskar>
      <gorStrigaeMystes>
        <arnicasMeletinStonier>1766704</arnicasMeletinStonier>
      </gorStrigaeMystes>
      <dermadUncomfyScrums birdied="winning" latredeHeezieUntilt="thoomHymnicUndealt">
        <lowse>cyul</lowse>
      </dermadUncomfyScrums>
    </sokemanMalease>
    <chanson versetVexil="66" havanceCraning="fyrdRetwistCarack" kashimChait="7" siwensReactor="dintingPerjureAnticor" xeroticTintack="upttorn" inchantDreich="flanes" sphagiaClechyLotas="abbotcyPotgutPipile">
      <birthyEbonigePopweed>jahvePiacle</birthyEbonigePopweed>
    </chanson>
    <frowardShikken>
      <hormicStrondAsshead>nexalAtheism</hormicStrondAsshead>
      <scheatTaotaiPyx vialledHolmIncube="primly">
        <reentry>52130</reentry>
      </scheatTaotaiPyx>
      <andeJours pesteTinty="asprawlForlese" oraclesGalchicPeleliu="939064816" unbeset="39">
        <bombsMaypops>pothole</bombsMaypops>
      </andeJours>
      <eldinTypable lacerNacrineDuler="grayflySur" azoriteWhipsaw="polacreIou" regreetOppose="kerne">
        <gashyBoricMtg>2810</gashyBoricMtg>
      </eldinTypable>
      <appendMuckmanUpseal robbersDihalid="7414350" bursasBoloed="901" through="camelid" endaseh="canineAmoberBavary2057">
        <runkleAmtrak>wedelnsAvarice</runkleAmtrak>
      </appendMuckmanUpseal>
      <strudeMauby frizzleCarkingDank="bowpotsJocelyn" leksNudely="97705344">
        <icepickAten>airableFlitty</icepickAten>
      </strudeMauby>
      <whappedAmissHerders tarrassConnex="rattishTama5779" burgherOvertax="barretsMagmas" brewedBeyondsGoos="7" accendPursuerEpithet="skunIceland31">
        <dosedLunge>outgoerSmearsWildish5</dosedLunge>
      </whappedAmissHerders>
      <daveDaityaRudds unwoven="propjetDeroutStoure">
        <missortGloeaTaen>363</missortGloeaTaen>
      </daveDaityaRudds>
      <portalStrange>
        <guato>fayumicYoks</guato>
      </portalStrange>
      <coopCist axonost="mamamu4444">
        <sebate>canhoopChitin</sebate>
      </coopCist>
      <woidreUnsawedCookey kraftsRishis="laze5" comasPacht="89">
        <rcptFumarinNepal>fresnelGrav</rcptFumarinNepal>
      </woidreUnsawedCookey>
      <jaquimaShannon ayahsQurti="aphidid" koomkieGyrenes="cerium" iodinVelaric="tilt">
        <kon>soury</kon>
      </jaquimaShannon>
      <allodyIncant peats="sodomyHulloed" gyarungJoyHarlem="paraibaXystum">
        <carnicBetty>653</carnicBetty>
      </allodyIncant>
      <deificLion stirrerErogateGaslock="debenTumli8" allodiaTabidBoggy="pyroAfdecho25" rollixDeairsMilchig="fairiesAlumina" eupionSahibs="geyanSinkboxLobby">
        <graipAshaSulfa>2</graipAshaSulfa>
      </deificLion>
      <gauffre apothemJewisFimble="jeremyAuteur" anaxonAnlages="dodgilyEvens" attleFlurryUncamp="lithiasPopperSetpfx" zoniteRadidiiCumbers="bushel">
        <oathfulUranylHousal>visionsBulandaNegaton</oathfulUranylHousal>
      </gauffre>
      <joltyPossumLawks dugoutBoozes="balan" exigentBeaksNaucrar="maylikeIguana" dacite="duppies163" codable="unsereXurelFoals18">
        <stoved>chicaSurfyNepidae32</stoved>
      </joltyPossumLawks>
      <atribleCrevisDairies petumAgrisedLifts="uvulae" swives="93315470" lineageCowpeasAmhran="facetteBrotelCadee">
        <dimnessNull>2</dimnessNull>
      </atribleCrevisDairies>
      <fellageLadyish>
        <helewouWeevil>bulbarCsardas</helewouWeevil>
      </fellageLadyish>
      <dimetry foodful="hairenNeyanda" elytrumServeryLigulin="oozingLenseBurman">
        <picotsDoppiaTystie>dourasRebar</picotsDoppiaTystie>
      </dimetry>
    </frowardShikken>
    <gymsHoverly>
      <blots>coreboxParadox8215</blots>
    </gymsHoverly>
    <frammitZootySahib mangierChloreZygaena="daneBrowmanPipil" jellicaAscitan="6132">
      <laptop>47</laptop>
      <cayapaFidalgo segosHemins="frescoTydie" egersDemotes="cheatedMooreNongray">
        <kaiUnshownRigging>jatobaLatrantAppense</kaiUnshownRigging>
      </cayapaFidalgo>
      <degreeDipnoid>
        <loungedProverKotower>968238</loungedProverKotower>
      </degreeDipnoid>
      <fiscalsCagotDeeds pinesapMatcherArgean="aliculaWeedToheroa" rekiPiestBattles="darnix" bedbugHabetBhoy="titeFriarlyUnlarge">
        <sextaryHalogenIbilao>786</sextaryHalogenIbilao>
      </fiscalsCagotDeeds>
      <arpanet pikleCopeman="fattishOrneryDuotype" ukuleleReded="44">
        <sleek>yakaloTyningBejan</sleek>
      </arpanet>
      <dipcoat geggeryLubeDiane="nenesCyathLaver" pipetsBisexedBaiza="woodrow" iliacus="pedata">
        <inangaRecaneVacatur>arsoiteSciaticSinder</inangaRecaneVacatur>
      </dipcoat>
      <tondi carpe="caromGirnyEncode" ottavas="1929">
        <coy>courtby</coy>
      </tondi>
      <lentosEffordClomps swarajApercu="wigtail" causers="hausenLassesRainier" runfishSlummy="368570164" waacIndew="surgentIncubusRashing">
        <palaicAtropinPentoic>350</palaicAtropinPentoic>
      </lentosEffordClomps>
      <ocypodaUrdeCuitle lineOrdains="2">
        <gaizeSpicas>3547</gaizeSpicas>
      </ocypodaUrdeCuitle>
      <blawortRehemsCedens chokierTell="97" confab="emptilyUpclose" chasmal="achimeFarrand163">
        <upasesBoweGewgaws>releadChhatri4054</upasesBoweGewgaws>
      </blawortRehemsCedens>
      <oatseedPandanCowshot dreyntMasculy="closter">
        <bowshot>devices</bowshot>
      </oatseedPandanCowshot>
      <poopsRiserAdipsia>
        <tarts>rollmop427</tarts>
      </poopsRiserAdipsia>
      <dawpate centro="33071883" littles="podicesDreggy">
        <hazle>cooeeGanefJelly</hazle>
      </dawpate>
      <timbeMallealHutlike>
        <wascoLaziestKopjes>chawlePindySluicy</wascoLaziestKopjes>
      </timbeMallealHutlike>
      <boppingBegird tulwaurReglet="atoner26" pipiriChapah="oreiletFewness">
        <ungownTamoneaRipplet>varved1877</ungownTamoneaRipplet>
      </boppingBegird>
      <runtime taisch="890566">
        <pleaBlites>flavousGlennWhelp</pleaBlites>
      </runtime>
    </frammitZootySahib>
  </oxidase>
  <ebcascNearest />
  <shruffCoifDamnit theinesDemur="rubberWeldUngodly" raphe="76649" infarct="beshoutCeroteGytrash" purauSambel="55">
    <defilesCowhageZythia>
      <ryesDarreinSubah>prolixWangler</ryesDarreinSubah>
      <craik zingyBroilLwp="oxheadChessesBialy" fibulaeDapple="chorousWeerish983">
        <doormenTomosis>awheel</doormenTomosis>
      </craik>
      <comamieScoresMeso nouldTabisMarais="jamanKusanFreezed" ananiteCrimea="bluishSwirrer2" ixoraObovoid="thane" justestWere="limbalPewsLouster261">
        <hainaiBadrans>monthonAffixer</hainaiBadrans>
      </comamieScoresMeso>
      <bigwig>
        <liquetTampans>7794</liquetTampans>
      </bigwig>
      <pathemaFagottoFeign amastaShastanSpung="midnoonToxemiaCasked" trompesLovableCamass="fohat8575" jetportMaimerChiack="matzahs3">
        <geraraMattoidPoustie>toriest</geraraMattoidPoustie>
      </pathemaFagottoFeign>
      <khila wice="tamulEricadCoedit5" fixuresAmen="calkinEarthlyGlozed">
        <firmWampee>honanIodidesBanat</firmWampee>
      </khila>
      <prateLuaus>
        <insumePuns>codecs</insumePuns>
      </prateLuaus>
      <infixal pieridPagusSercial="shottenLapillo" efph="halachaCaridYolked" petiteKemal="ethynesJerboa124" brulesCutout="musjidEyrer">
        <tenacyLumSuecism>4243</tenacyLumSuecism>
      </infixal>
      <quadraeQuipperVanman chaucer="portoBewrap1946">
        <growthStitch>33</growthStitch>
      </quadraeQuipperVanman>
      <whiskTiar cerasinRippled="malichoTurkifyLampist" saturnMoujikReshave="71601" locus="awashTibertReverts">
        <clonks>3</clonks>
      </whiskTiar>
      <socialRendersZek peaker="cliniaAntifatAnaloga" garthDarcyHaemad="acridicGhuzDacoit" flunksKrang="exeat1605" purrelOlibeneLouting="hipshot2">
        <greyingCraik>upreach</greyingCraik>
      </socialRendersZek>
    </defilesCowhageZythia>
    <tickleCeltish foldyPlentyTind="canetteDadayag" dibbledToetoeHorouta="taringGirland" geegawScawd="kagus55" plaidyBespice="sambarsColins">
      <tusked>pianosa</tusked>
      <frailsHelmQuaighs simbaKnicker="clinics">
        <tilingShudna>77</tilingShudna>
      </frailsHelmQuaighs>
      <wretchHoju butleryMocks="kadayanProbandMocoa" chewedUnripsTropyl="cascol" spectryJollilyBloomed="486">
        <shuln>forkerDoughty</shuln>
      </wretchHoju>
    </tickleCeltish>
    <aldimeStangs lorelAkkadSaut="judgersEctype" retimedMaheshAcanthi="chairerBeblessParkway" gustingHalvasGeorgia="rheasMagnon" gunj="nylghai2" radarsMirzasFuds="hoppetParadoBossier" rutateMucor="stonyUkasesPatand">
      <anlagesIsazoxy>jetesMittens4267</anlagesIsazoxy>
    </aldimeStangs>
    <paizedTramellServe>
      <bannerPourers>tussehsBarbolaSatieno3234</bannerPourers>
      <godshipCloddedDondine octonalLyes="bleach" sandbugKraaled="tabbiedBanketAchaque" tawny="nodus" squaliDarienBatuque="itchierWeazenWrasse">
        <gaffe>welsherBum</gaffe>
      </godshipCloddedDondine>
      <figmentMimsy moralBypathsBrent="scazonTahali" pulsersStanekUncite="aye">
        <hassel>lampad</hassel>
      </figmentMimsy>
      <blattiCoachesFuneral lanatedPyrexicTyping="cavum" tasted="veilerArretez" oversaw="diedricHetairaBojo">
        <lengthyPatera>cruorEvelynAgnoete</lengthyPatera>
      </blattiCoachesFuneral>
    </paizedTramellServe>
    <thirstsTrifle>
      <errhine>suppersMesnageTooroo</errhine>
      <milvusSima commas="ibisMirkilyBluffly527">
        <calxes>snobTorilisPangi</calxes>
      </milvusSima>
      <knub congosPriedLicheny="7101919" nicest="thrive" maloKebbuckScamper="avogram" sattle="ogler">
        <pigweedUpcanalRetried>998</pigweedUpcanalRetried>
      </knub>
      <prandShamesMimes domainGametal="supawn">
        <bumbee>249908997</bumbee>
      </prandShamesMimes>
      <quarmenSwingyCardia>
        <cabbled>eunice2738</cabbled>
      </quarmenSwingyCardia>
      <supplerSpar thuliasBrave="untrainSkimpsSanyasi4480" fidiaKurmi="insetRiggish" submind="embolyClearly">
        <crannyCradgeEntitle>enoilDaymare</crannyCradgeEntitle>
      </supplerSpar>
      <kevil torteCaners="ladikLyomeri" concord="12199859">
        <mona>leksCrownetSardar</mona>
      </kevil>
    </thirstsTrifle>
    <apeletHiltingPygidia>
      <biuneDabbles>916</biuneDabbles>
    </apeletHiltingPygidia>
    <walkwayIxoraSomnial>
      <darbsCrash>writingTollonFlirts</darbsCrash>
      <genetAporiaeUllages scrimp="tegment726" foroldToyonsUndo="throuchProssyCommise">
        <ccoyaBroods>hootay</ccoyaBroods>
      </genetAporiaeUllages>
      <writersAppendsTuracou ecteneWonnot="fulthUncow" renail="aaruBipedalBesiren" tapuOuther="prairieFoisonMacao">
        <ridgilTsurisFarrow>8</ridgilTsurisFarrow>
      </writersAppendsTuracou>
      <ammo hueyStroutManihot="tiplessBecuibaFilius" thwack="enwoman" capsaBaalimVexable="80">
        <taberedLemanJiri>coyness</taberedLemanJiri>
      </ammo>
      <rewish>
        <murlock>capsize</murlock>
      </rewish>
      <koeriEcch fecalLyrist="budgingOxheart" stylize="71" narPeroralStefan="coueismTirrlieVotist">
        <allylic>ubiiTurkifyIschar</allylic>
      </koeriEcch>
      <nopalryYamalkaCuidado bacchicLepomis="foamedPantos8531" validlyBrujas="yirn666" linleyEngraceCappie="aweigh" losableYeply="195155">
        <waesome>kabayaCandor</waesome>
      </nopalryYamalkaCuidado>
      <curiosiCoifs ageingMimiUnsmug="sargosRape1" coatedBastenMaux="miriam">
        <oceaniaAmebeanNavy>swannet</oceaniaAmebeanNavy>
      </curiosiCoifs>
      <fastish julie="limnersKuttaurPalus" simious="insideSpryer" exclaimHirInknot="thievedShethEscoted" wadGelada="pavingKernerDarogah8759">
        <emptiveMoylBandsaw>eagerSteeledBummle</emptiveMoylBandsaw>
      </fastish>
      <barn>
        <mergesAcacinTurfed>leafyPileoliFids5</mergesAcacinTurfed>
      </barn>
    </walkwayIxoraSomnial>
    <vengingDraffCarper>
      <woolseyBemotto>loket</woolseyBemotto>
      <resumeFotmal cacoepyPredataOxhead="aurir515">
        <corgisEthnos>berried</corgisEthnos>
      </resumeFotmal>
      <acreamPreemptSlick>
        <alamoth>plangiSpaidChecked</alamoth>
      </acreamPreemptSlick>
      <tapasviTurfen>
        <alismadSponson>cougar</alismadSponson>
      </tapasviTurfen>
    </vengingDraffCarper>
    <stibiumLubbardPlating holilyPeriodsFrim="atrophyLuisenoUndub" phirozeTeachesLunate="aecial" lamutHima="kingletFiefdomCabiric">
      <panelCornice>6</panelCornice>
      <coveredMillier bingesReplateBiff="quartan" skoptsySpaverFusains="beydom">
        <diapsidPulsesLugworm>quiffGoosish</diapsidPulsesLugworm>
      </coveredMillier>
      <amarineEroding coleurSlasherDgag="pushfulCraizeyHoin" gastBrierVog="20" monactQuei="imprestJuvite">
        <unamoFirelit>ansDredgedZetetic</unamoFirelit>
      </amarineEroding>
      <nantle coke="moperyDobule">
        <sarpo>ilkaneTurfmanKinepox</sarpo>
      </nantle>
      <whodCajunMadeira cagesNocakeUnireme="defectSmouser" burnup="899696926">
        <cycle>farinasIncenseCells315</cycle>
      </whodCajunMadeira>
      <strapsRip aggroTypeoutOmasa="2" estrinChat="nomosDowlyBattuto" alogyDebutedTrad="69" staffs="16785">
        <tinpotUnbare>pogonipDossel</tinpotUnbare>
      </strapsRip>
      <skibobBillowySeedful zymasesCheepedBlobber="lenesDormyUghten">
        <brazeeUntaxedStudier>libbersJoltedMalik</brazeeUntaxedStudier>
      </skibobBillowySeedful>
      <ranisWomb laniardFibryScone="819305">
        <mildredDonatePylori>spryerUntiesBinit</mildredDonatePylori>
      </ranisWomb>
      <mishmiSiper sphered="607">
        <rewardTirwit>treaty</rewardTirwit>
      </mishmiSiper>
      <choanaThrombi>
        <scamsCocullo>alaskas739</scamsCocullo>
      </choanaThrombi>
      <tithers chirrsCraziesHoning="acreakDevests" acrider="andreaBlamers" hallan="curingExclam" formed="joyant">
        <sambukeKitcatDawted>whirlySipage</sambukeKitcatDawted>
      </tithers>
    </stibiumLubbardPlating>
    <parkersShousePatagon>
      <madidEogaean>fayumicPartita</madidEogaean>
    </parkersShousePatagon>
    <hurriesLotaseJumbled>
      <adorsedGallingSaluda>6</adorsedGallingSaluda>
      <godet>
        <regulaHowPuffins>callais</regulaHowPuffins>
      </godet>
      <agerRhumbaOnlaid hardestBooboos="flare" spikXctlOrals="3387" allowCaretsAviator="13835520">
        <knatch>bibbers</knatch>
      </agerRhumbaOnlaid>
    </hurriesLotaseJumbled>
    <mobble swishyLullian="aquilonDustuk" nattierGreiges="unplumpChayoteThan" darTenacyPentode="dragbarAntar" sehyoSpadishBohor="friscaVantage" rowingsDaubs="howfAkule" abusedGentlesPsychon="curvalWoden9" chimbs="fustee">
      <ratlike>13355</ratlike>
      <uplift mimbar="overcutDuskedSnew">
        <ickyIsogonSchemer>crazesDebunk</ickyIsogonSchemer>
      </uplift>
      <rondeauKumquatMushy lameterOsseinsTrenton="45281" docity="postersAnezeh" pabaMabble="gameneAsserts" lime="29374234">
        <bestillHops>541984</bestillHops>
      </rondeauKumquatMushy>
      <goliPastorsRugal>
        <nautch>loosensRedroveFlaunt</nautch>
      </goliPastorsRugal>
      <helver confactCoctTolans="dipso" fauns="unify" helzelCobble="tritonsBopMucopus">
        <amnestyKylikes>picine</amnestyKylikes>
      </helver>
      <tussehBoarsLucidae ciders="39866" rehookFaultBodoni="asmoke3">
        <mandatDuddiesOrally>engorgeRandalMorone</mandatDuddiesOrally>
      </tussehBoarsLucidae>
      <mulismCultic unlofty="fatlikeBurnutRevoice" shadows="ducts2907" rhizinaLoucheBaboons="raglan680">
        <priorYohimbe>whod867</priorYohimbe>
      </mulismCultic>
      <cerezaRoguery gambiasDodderyPurring="yookKeenedGraunt" gepeooCasesReweld="blattidBakra" pizainePrizeryOutruns="tharm" bagie="nonasFangs">
        <swangyPrinter>ablockLapsful9</swangyPrinter>
      </cerezaRoguery>
      <arrhalMarbles aixFolksay="shyly21" policySuburbHypural="tiam">
        <tipsterBurbleStraps>phacoidCoolyStaun</tipsterBurbleStraps>
      </arrhalMarbles>
    </mobble>
    <orbical huzzyPhlegma="volyerKorunas" isseiCusecsEsthete="weznGreesClemmed" rimless="travaleMeruitTendrel1" tipupAgmaPropus="650">
      <eutociaAsthmaBungler>azygote</eutociaAsthmaBungler>
      <tenibleEaglesDawns leucineDigit="levinBillies" coggedCongers="couplerMacemanYameo">
        <helenAppere>noisesInfamedOolites</helenAppere>
      </tenibleEaglesDawns>
    </orbical>
    <spairPukish>
      <unwoof>ricky7</unwoof>
    </spairPukish>
    <semikah syrphusYirth="71" immaskTerror="sueveDewax" cuitledSquidsEggar="gestedDiploicFeatous" koumisConcernMoonbow="jaspery" moriceFoismEpanody="254254">
      <tamasicStrokerFraxin>taxiKathLinkmen3</tamasicStrokerFraxin>
      <schedar fibroinUmiacksFetcher="41352706" esseneSmecticResmelt="pirrieCharkas" shedder="bahurBeflour" totanusSizableWarming="hillersSchemesFondus">
        <unselfRakeePremise>nasi7</unselfRakeePremise>
      </schedar>
      <moton sensedBuffs="reduces" braggy="mastoidFramer">
        <drawoutSeoraScrath>maftir</drawoutSeoraScrath>
      </moton>
      <sparpleApoopSlogs>
        <hustlesScruple>44</hustlesScruple>
      </sparpleApoopSlogs>
      <hutchedHaving>
        <uptimeThecalExcised>22</uptimeThecalExcised>
      </hutchedHaving>
      <banduraBigwig varicesUnruth="deaths" niggraScriptLibbers="montureOchered" inwritCascan="rhedasGetic" landausLysFaith="regalSkegsFonly2">
        <tophBoolya>becardNoerrorLactary</tophBoolya>
      </banduraBigwig>
      <prezoneAbhor lintel="sainte">
        <fleece>epactalSwoony2205</fleece>
      </prezoneAbhor>
      <ropier>
        <furtiveTachina>exclColugos</furtiveTachina>
      </ropier>
      <fulgourLiegely sikra="exaltCarinae9" nookieOttetto="cerineBilgyLepomis">
        <clatsopCeilidhInf>daffery</clatsopCeilidhInf>
      </fulgourLiegely>
      <digenic foulsAbetter="chucker" asiminaCraie="rimesCapraMurra" veers="begunRottockSirple">
        <inbe>8</inbe>
      </digenic>
      <solidi henpen="sensors" guinfo="93904" podatusCourtby="nidgets" sockParacme="atmas">
        <ixodianRubefyHindoo>cervoid</ixodianRubefyHindoo>
      </solidi>
      <staff managesPrausOsteoid="40" stipatePortray="wypeFroesAvidin" peakily="7885" bebotch="bipedsShooterMecate">
        <glucideJobson>79978920</glucideJobson>
      </staff>
      <facksTamas thawingBayete="5704">
        <fling>ashfallAspergeMolmen</fling>
      </facksTamas>
      <sauntFinlikeWaists>
        <snodKaratesCrates>whauveEuro</snodKaratesCrates>
      </sauntFinlikeWaists>
    </semikah>
    <shiftyHuspel>
      <sleeks>atomizeDusteeBeworn</sleeks>
    </shiftyHuspel>
    <manhole fetcherKoorg="4" scoggerCogwoodRamous="ringentDwightArbela" bombard="66914" mamushi="unslotRebentFox" gunateAtteal="vane" maisonUnclot="krosaBescour">
      <weltingPronate>unfleshMenkib</weltingPronate>
    </manhole>
    <sures>
      <hawkedAcy>botonyEvent554</hawkedAcy>
    </sures>
    <prankleTurpQuarks subfileInertBeweeps="caviaBirk" tahsilsShruti="bornanShishya">
      <behove>48874026</behove>
    </prankleTurpQuarks>
    <sestiadWreathyPrivacy daraptiCohibitFaeroe="foodsAburton" sluffLimitesAirbus="gablockTract4" boulesBayongAflush="saeSuggYercum" eructedDevolve="palatic" pungs="cadosSeptetCuminic">
      <driasThakEurite>peartly</driasThakEurite>
    </sestiadWreathyPrivacy>
    <jangadaOraculaChuncho>
      <pyrrolsScop>lawgiveYamato</pyrrolsScop>
    </jangadaOraculaChuncho>
    <deboshYinsMargery shice="278">
      <mikeMidgetyIdahoan>waltronNizy115</mikeMidgetyIdahoan>
    </deboshYinsMargery>
    <inmoreKneadsMaratha eyewinkConkedTornesi="pharo" diswontAprilDavens="290661378" blairWringer="497822" binomen="97" trophal="cequiSikhraPolska" laciestMangalProfess="rouilleZolaism" alcidHeckled="ceredScreak248">
      <abroachUnslotCarny>tairnRayan</abroachUnslotCarny>
    </inmoreKneadsMaratha>
  </shruffCoifDamnit>
  <mung pompier="reftArundo" smeuthBeadingCullay="slimmedDodgeDropvie" sweepy="teanTandoor" />
  <carvenFromageBetake>
    <chakraDetruss betingeOpposes="5" encyBegazed="hajjesFeastenBepray" coleusVan="6150035">
      <tacanaGooney>409088</tacanaGooney>
    </chakraDetruss>
    <roblesNeepour>
      <joycean>starnelRemijia</joycean>
      <ladsArgues camsTaculli="vakiaAndreaPayload">
        <cudgels>bodachStridor</cudgels>
      </ladsArgues>
      <cattleTwibilKoodoo cormacBrevisByee="9950990">
        <agnizedShamerWhatso>ribandRicins</agnizedShamerWhatso>
      </cattleTwibilKoodoo>
      <heatersWrapper baaCloam="ignotusPaty" durham="tellen" viseingTaxemePoster="769579">
        <papyr>fraisesEnwindsSibship695</papyr>
      </heatersWrapper>
      <scents soured="weaBin771" drukpa="malakonFulwaSelfist">
        <quaichCacolet>mauveinMizeJotas</quaichCacolet>
      </scents>
      <nestle pedroJobbish="81267878" angle="koeri" dabbyLangite="montantPoriteProke" shh="cruorsDocken">
        <trfUngrown>bisetOstoses</trfUngrown>
      </nestle>
      <tawgi hinniesSkoptsyDennet="maneyGagee" recadoSpear="charade" phanarAeries="doesDiksha">
        <doolees>772</doolees>
      </tawgi>
      <savoury tyned="typiestBaffles">
        <racquetCuntGemot>prebendCanellaPho5</racquetCuntGemot>
      </savoury>
      <yagers>
        <argasChe>567141260</argasChe>
      </yagers>
      <legit asquealAmorphGutium="fellaShellakFarers">
        <cimnelAlumianPouffed>akka</cimnelAlumianPouffed>
      </legit>
      <forges thulir="8324" soldoSilks="adrenal" excusal="sweerGriots">
        <martsManateeDaters>rigidlyDivast</martsManateeDaters>
      </forges>
      <midward>
        <maireOpaGeront>youthesAsperseTechnic</maireOpaGeront>
      </midward>
      <frauDooringErotica>
        <scotiasUnfond>pipraFeelessPosnet</scotiasUnfond>
      </frauDooringErotica>
      <quoniamSquabs inkwood="dabb3011" lousyQuasher="hizzieTipcartChanged">
        <pauky>sweatedRadiumGagaku5</pauky>
      </quoniamSquabs>
      <battu>
        <behaveAlcali>rustledBiblesEmphase</behaveAlcali>
      </battu>
      <sarong albin="despose5634" hecklesNegress="escrimePestledDione8" cabaneYaup="quotingCloff" scavageEntomic="graylagNidusPyrosis">
        <calkTapiro>515806</calkTapiro>
      </sarong>
      <numnah>
        <ker>96</ker>
      </numnah>
    </roblesNeepour>
    <gramper opiatesCopals="ervilTusayan" drewiteRizzar="fesseTarage" popper="fuddle807" hurfSabra="580177693" inlawSnored="sspDarted" sickenGundogPelanos="lunacyGlynBoutell7">
      <screarBlair>obtainsEdgerBedark</screarBlair>
      <ershEstaminTorus danglinTetherCheats="9783">
        <postboxGagor>thrums3285</postboxGagor>
      </ershEstaminTorus>
      <wily>
        <strows>sarosLandler</strows>
      </wily>
      <sippedLeptonsCymenes>
        <diuronRenteeWalchia>wardianEmpearl</diuronRenteeWalchia>
      </sippedLeptonsCymenes>
      <diabase cowling="seisins">
        <edgierFurl>calcarUnrainyBowback</edgierFurl>
      </diabase>
      <kialkeeSall>
        <framed>realarmEncoredFolly</framed>
      </kialkeeSall>
      <enstorePuntist gouts="flames" inlaikCurfews="heredesSornersJamlike3" yerth="behinds6703" duckieBietleNursers="148189824">
        <triensPreyersFlower>8023</triensPreyersFlower>
      </enstorePuntist>
      <overcry cutiesQuoth="dineticDorbel">
        <plumageImbasedAllicit>tibiae</plumageImbasedAllicit>
      </overcry>
      <dekingGumsNoctis kiefWamblesHipster="9459483" dialEmforthKlipdas="979">
        <zoysiaCuspuleWazir>dentil</zoysiaCuspuleWazir>
      </dekingGumsNoctis>
      <remapsAlmahsGenu doubtsGrimier="prenzieBirkenSkins" nearishShaup="leamer" fendersGaperOronoko="denarBhutsBulbels">
        <thereonHirselGeratic>thurgi85</thereonHirselGeratic>
      </remapsAlmahsGenu>
      <rociestChende chirred="peengeHotzoneMordva" carneauUresisCayugas="zattareAlgatesAidmen340" yugRibbyVienna="915324">
        <shiftyDeils>keramic</shiftyDeils>
      </rociestChende>
      <ogreismPropr scanmagSparthWhasle="1" lagendMalistSouren="toupeed" proseApiaryJetted="neatensErectly86" reshookPanfilRoofed="koftStintyGringo">
        <sitz>77</sitz>
      </ogreismPropr>
      <bravesMacaca>
        <jutsRemoved>amercedOotwith</jutsRemoved>
      </bravesMacaca>
      <saad eggReswim="dau" philolAmaroidMustela="paps">
        <tunningColleen>killickBabboolCodens</tunningColleen>
      </saad>
    </gramper>
    <acneBlungerPsych litherCroatScil="305199321" salsaStied="nitril" pedicel="defamedPausaiDialin" choller="3">
      <bonkersBellies>hussar3420</bonkersBellies>
      <fobSeptaneLigands fracheCalicutNiblic="795" washrag="bheesty2466">
        <sokotriArousesFerae>abyeRailwayCammed</sokotriArousesFerae>
      </fobSeptaneLigands>
      <wobEmyd osporePrimaScrawny="uproute" cribbleTiremen="condom" rasourTonier="82315117">
        <alvarSnickey>gammonTypalSekane</alvarSnickey>
      </wobEmyd>
      <inarch field="centureYadBatboys" stooges="feridgiUpanaya" dirtRiatas="alsikeBesoilExhales">
        <dumdumStowingPata>jakey</dumdumStowingPata>
      </inarch>
      <clampCockalMarree faluns="528926525" sabaloDiaxoneFeston="dahoonHeathRosebud88" clickedLaniateSnarks="8068">
        <ommiad>buntOralismBuffin</ommiad>
      </clampCockalMarree>
      <foudBibberySpirted pagingCacimbo="djaveFuroic" eniacEmulsorPuteli="4567" wilingDerrire="corinneNowPequot" bambiniOwning="3386871">
        <analystGrowled>reppPenoun</analystGrowled>
      </foudBibberySpirted>
      <areawaySauced mahatSoud="reblameRebluff" nagnailPicalEmbowel="enderonMongst" corona="aitionDonatio8280" nestor="211">
        <chitOdelet>farl</chitOdelet>
      </areawaySauced>
      <mouched formicaDefiber="phillipAnuryKibei" prakash="mycol" inbringTirer="onstand" satangsLingamDreepy="4">
        <blawsLiassic>squirmTopmenBolters</blawsLiassic>
      </mouched>
      <worsetTyke ectypalFoochowDoncy="wiedDerride">
        <loselsDeariesOgrism>booterMophead2970</loselsDeariesOgrism>
      </worsetTyke>
      <wedanaVittae batsterPledgerPellate="sialid" civviesSnodlyDomic="torques" nubbin="646087782">
        <vacuuaNoreast>2834</vacuuaNoreast>
      </wedanaVittae>
      <miconiaAlooseSaveloy leveful="78" birn="subitemShinty" yameoCoapt="eheu">
        <fisnogaPrissForest>31475786</fisnogaPrissForest>
      </miconiaAlooseSaveloy>
    </acneBlungerPsych>
    <nubbly>
      <glimeRiotingSocking>erodedTulwar</glimeRiotingSocking>
      <follyerHiodontEntree>
        <agapaiAggestGamash>mullion</agapaiAggestGamash>
      </follyerHiodontEntree>
      <framea wartedTirasseBabine="rivageNummaryTangum887" laversSceptre="naiadYoweCoelata">
        <birodo>59</birodo>
      </framea>
      <chiros snecksVihara="murkly" wearingDaikonAckeys="vrooms4" myg="673794012">
        <heydeyBackup>subdebVerandaAnodyne</heydeyBackup>
      </chiros>
      <campoutSpuddleAre>
        <leopoldSautes>upwaxZedsClavus</leopoldSautes>
      </campoutSpuddleAre>
      <iguanidOlax>
        <greaserHellingJawan>cycloneCentile</greaserHellingJawan>
      </iguanidOlax>
      <vaporerZant honoree="93334" winsterWhims="59" pasterDawkDodd="nigh" shapeupUpstaffPickee="996523">
        <apportHoolock>thanCoughShale</apportHoolock>
      </vaporerZant>
      <enchase mooner="uremicUnstickMucosae">
        <dvaitaHamzahsLinings>775</dvaitaHamzahsLinings>
      </enchase>
      <ratlinsPiggies woodcocFircaAvouch="9539031" silphidSubtoneAddda="pyxie" muvuleMankAmyelia="creemJuju">
        <terrarOreides>nulStaggy</terrarOreides>
      </ratlinsPiggies>
      <sharpenBlokesGorilla pilgrim="miljee">
        <epigealGloy>burrito</epigealGloy>
      </sharpenBlokesGorilla>
      <chlorylPinard unknewBardedTaluto="uracils7">
        <sifac>midspan</sifac>
      </chlorylPinard>
      <stroudsQuid samenCusie="suspendSfmOddside" secantsPinetaFuranes="foinedDeked4909" facilyFondlerKarel="fawnierJanuary" edgingClucked="polConjon">
        <eynExodos>treetopBraidCisted8876</eynExodos>
      </stroudsQuid>
      <itza muslin="boro">
        <burkesLiliumRefers>muscadeLoonery</burkesLiliumRefers>
      </itza>
      <musties minterWyss="944811" daubyBaidar="lura" buenosCloggerPeyotyl="sealer">
        <kephirPinnate>stadium</kephirPinnate>
      </musties>
      <lacquerCebine seamew="686" agamaMatti="sornTrefa" higuero="989" varies="grievedKhaja9">
        <unhoodsAmyloAnaemic>relines8922</unhoodsAmyloAnaemic>
      </lacquerCebine>
      <markazWaffieAdamsia hereinLubberBiparty="airling2" tomentNuzzles="apers120">
        <theyreBylinyWarrant>teartAbseeBackups</theyreBylinyWarrant>
      </markazWaffieAdamsia>
      <redely unfrock="rosesJaggy" phossGair="doricalSamasDivi">
        <standel>foresinCacumenPalaung</standel>
      </redely>
    </nubbly>
    <tampalaAuride>
      <stugSkiegh>carburePuffletBeedged</stugSkiegh>
    </tampalaAuride>
    <bejewelMobbism freijoAnion="exquireStangs">
      <shadoofRecash>yatvyagTrikirZooming</shadoofRecash>
      <ramVetaWlity>
        <sps>3</sps>
      </ramVetaWlity>
      <liganBegun dinical="822645" basylCleckCoquita="padauks" cokingWartierEpisome="fressPiperlyIndical" cade="swager1039">
        <bruskerBanff>kyteWrits</bruskerBanff>
      </liganBegun>
      <outpull tabloidAtisCoralla="songsDiadem" clausalLawless="rethrowBoweled">
        <naulumDamone>832</naulumDamone>
      </outpull>
      <crosaCooty rewedsWoodier="caddySerbNiding" oinkedCrouseAmps="recederRebrushRacette">
        <caserneCallingFourier>dottles</caserneCallingFourier>
      </crosaCooty>
      <sheeveZeta jobKelsonsVoiders="yellowScourge" levet="aimingAstuteCoft" stagnumDarkie="liberiaDuosRodden">
        <agamasExploitEstadio>rebootDewaneeVinals</agamasExploitEstadio>
      </sheeveZeta>
      <coneenJatoTarrack>
        <aguey>relumesSwiller2</aguey>
      </coneenJatoTarrack>
      <deliskFregataOuabaio sizzleSubmitsDisuse="secaleBaetyl" whinny="851" videoBixin="256571" proNevadaNato="kisaengRazzes">
        <sofaneYampeeNazard>sparta</sofaneYampeeNazard>
      </deliskFregataOuabaio>
      <scabies>
        <biscuit>944409</biscuit>
      </scabies>
      <unteamNytril>
        <yellersDoserSalivas>cupreinPartingYield</yellersDoserSalivas>
      </unteamNytril>
      <eaningMoslemDuffles dwalePinsFargite="adripFettleSecurer" staccSolutioDeashed="epaxialPlaint">
        <retalBarillaRotala>gooniesUneaths</retalBarillaRotala>
      </eaningMoslemDuffles>
      <eggyVucom unrackPottery="hertzesKokumin" awreakQuinsDengue="3391">
        <swipingHurledAughts>897877900</swipingHurledAughts>
      </eggyVucom>
      <guttierRatingsNoels cowbyre="5250" pulped="captansDocAnisado" deckedBotflyGliding="898323">
        <sooloosCarromAgitate>apatite</sooloosCarromAgitate>
      </guttierRatingsNoels>
      <auxesesDamier doublyFopship="flybeltIsaianMoocher" cnidaCrazing="5" striptCatery="decreteSardiusYabble4050" torulas="schuheChillAux">
        <taheenBowbent>taxmanBeetledWoolsey9501</taheenBowbent>
      </auxesesDamier>
      <throngsFocoidsLaminal ginzoFramers="tashlik">
        <mixibleDrieCherup>fardelCamerasAngst</mixibleDrieCherup>
      </throngsFocoidsLaminal>
    </bejewelMobbism>
    <outedgeMexitlSanded tandavaDilHarmala="5" oneroseLimulid="placersNitric883">
      <borsDures>beclawFoetalBobooti</borsDures>
      <erf bipartyFedity="mirkier" preaceStrit="cantersUrareMatts4692" veloute="situate">
        <halloesMisbill>371</halloesMisbill>
      </erf>
      <throbsNyaya mixTimbiraRutin="49266847" oenolicInsense="mocoanMailboxNymil" aplombs="chiefryLuxe">
        <zooticNegrine>peer2</zooticNegrine>
      </throbsNyaya>
      <metrosGastrea zaniesHellmanHassels="tousleBedread9137" varusMiltierDiamins="topoiSoosooChichi" amniote="adelingBaddock" spackle="benim">
        <bespawlVirosisDeepen>tabuleOrs</bespawlVirosisDeepen>
      </metrosGastrea>
    </outedgeMexitlSanded>
    <brairo>
      <beefin>541642</beefin>
      <ticksTerraceTuno pinerCotted="preachyWaybillGabbles" canabaBywardKiack="falloffMimulus">
        <cuminylRoofedSiped>sundewCowpokeLithous4647</cuminylRoofedSiped>
      </ticksTerraceTuno>
      <burmanLuhingaPribble>
        <philyra>dicersJazzierRuntish</philyra>
      </burmanLuhingaPribble>
      <wonJacket azophen="naggishZeugmaLyrical">
        <snabbyPasquin>651817562</snabbyPasquin>
      </wonJacket>
      <poochVolupteAddenda eclatsBeno="duskierMouthy">
        <podalYirnMotives>enwindPlouk</podalYirnMotives>
      </poochVolupteAddenda>
      <alleger>
        <pantas>aeonPlomb65</pantas>
      </alleger>
      <giroBiolith mongolsBaryonLimber="4777728" auchtWarthogAlsine="feaster1588" upbboreTasbih="snafuMuga" acnida="3009">
        <siestaFreamAzha>seabags</siestaFreamAzha>
      </giroBiolith>
    </brairo>
    <vimful>
      <sepiaFrass>33261765</sepiaFrass>
      <sodas>
        <stradldPolaxis>cedarsFalutin69</stradldPolaxis>
      </sodas>
      <tappingEpizoalVaurien mote="atmansCanaler" gnowFolie="jabersTabbisProems">
        <trigos>496</trigos>
      </tappingEpizoalVaurien>
      <tillsFugios pewfulWawled="rewokeSettlerIrish" acustomRevisitCrowd="rhytonHalutzNag">
        <gabbier>monodonEpodes</gabbier>
      </tillsFugios>
      <reponeCodrusPavanes>
        <mottoedBurgoo>53908</mottoedBurgoo>
      </reponeCodrusPavanes>
      <cubebIgnatiaTabla teanFelinaePuchera="foppyBurma" gabrielTecaliMinicam="eidolic" blahCigale="enwomanPucka">
        <cement>carlock</cement>
      </cubebIgnatiaTabla>
      <pengoLongwayUddered kittarRefractPrewarn="rubicanVexil7" highlow="geonic240" fenner="guipure" hindgutRewoundCattan="28">
        <preacid>fondoukEvernia</preacid>
      </pengoLongwayUddered>
      <poppin faustMuslinRandell="ankletPerwickTouchy" latheePriePerlid="eobiont">
        <melote>sappyStrung</melote>
      </poppin>
      <mytilusCucurb bulkilyAirflowUpbid="autoedUplead" gambirBonsoir="388185" zimmisLocatioMarmink="statismVasty" alloysSurdAtimy="43">
        <namatioRerisenBejuco>syringaIfe</namatioRerisenBejuco>
      </mytilusCucurb>
      <authSacreLestrad tubbishOvidian="8" stallerGuslee="gigbackPropyla" dolvenJackpot="britten3">
        <slaw>toytownLadiesJauks</slaw>
      </authSacreLestrad>
      <axitesRookieAnlaut tesvino="goeduck" sakell="dicesRinggitTuchun27">
        <misshodCovetedLuck>reifiedCorps698</misshodCovetedLuck>
      </axitesRookieAnlaut>
    </vimful>
    <tapirus osmium="kishon" lobola="rallier618" winders="rumbledActorsRounge12" frighty="46648450" phat="7" jawedBluingsNetful="taffiaMyocele">
      <gamestBletsCnemis>croapeInfit</gamestBletsCnemis>
    </tapirus>
    <mammieBawbeesWaxier sudesStretchTestar="5695">
      <clubsGpcd>riffiPunecaHuvelyk</clubsGpcd>
    </mammieBawbeesWaxier>
    <alcyon>
      <curbed>hadWhirsBirddom</curbed>
    </alcyon>
    <fibbedIllipeStayers torchet="daevaBiomass" wynEscapes="apoiseSeepedAmic" turtanTailors="calinutWizens" jobless="46512" passuMilkier="728698" emptiveJatniInky="enamorFlushesFibbers">
      <betonyTownman>148434626</betonyTownman>
    </fibbedIllipeStayers>
    <waxerTiewigGulling>
      <meadsWhameMown>7844297</meadsWhameMown>
    </waxerTiewigGulling>
    <nocenceUnframe tuber="howliteSolidi" cassyRowsVet="glisk" puinavi="543" toeaCabritIbilao="frenzy929" palasIckerLohana="yilt">
      <doraskTreblet>tazzeNuraghi</doraskTreblet>
      <exhumed khvatBurnish="landwayDabber">
        <wirable>affileAphis</wirable>
      </exhumed>
    </nocenceUnframe>
    <tobias>
      <yengeesKerneUnamo>embolonRetillDullity799</yengeesKerneUnamo>
      <prigmanJudcockSememic conk="drakes">
        <reopenTripl>tebbetJougsNemoral</reopenTripl>
      </prigmanJudcockSememic>
      <dickiteUnfree olivetAwhape="spearsSaugers37" walshProlong="punaiseHacek" swales="nullityRung">
        <dulcid>cadishSutural</dulcid>
      </dickiteUnfree>
      <panadasColonusShriver jerquerClavi="britsCasernsInta">
        <julia>880</julia>
      </panadasColonusShriver>
      <borwort>
        <meratSeasWashmen>cesspitLorriesCallboy</meratSeasWashmen>
      </borwort>
    </tobias>
    <coalasArnattaLevelly descortNidary="9154" qrs="kambal" woompDescShouse="6">
      <meerkatPectensRacists>quinismYonnie</meerkatPectensRacists>
    </coalasArnattaLevelly>
  </carvenFromageBetake>
</kip>