<?xml version="1.0"?>
<materiaLigaseSunfish>
  <pastureKisra strewerRandingUnfunny="brashly" dialedStimy="riteCeibaTumli" ecoid="skeatBotony" nickeryVenture="aroynt" />
  <pompeyGarboilJayesh disliSioniteHeraus="rotifer437" gametes="etcherElectoGlossic" goniumsNauticaLerwa="turd">
    <abroadTwanger>
      <coolishRejectWitan>15907325</coolishRejectWitan>
      <piniestPanjabiSipper>
        <fusterWaesuck>seedkin</fusterWaesuck>
      </piniestPanjabiSipper>
      <lampletUpshotVibrant overputCharpoyMucks="abpEmplace">
        <hemselfSkierFlanes>byreman</hemselfSkierFlanes>
      </lampletUpshotVibrant>
      <frontonGlyoxyl>
        <fellon>almohadCyclas</fellon>
      </frontonGlyoxyl>
      <furcaChinky thwaitCherubsJucuna="essoinCouth" huckleGyassa="saloopPrattly" knappedFricace="44" shargerProblem="99389">
        <scaroid>azafranMashlin</scaroid>
      </furcaChinky>
      <doffJockey almiraZebulunMarah="grimly">
        <negatesJitneurLasagne>razeed</negatesJitneurLasagne>
      </doffJockey>
      <teemfulHuntersProviso diasyrm="airpost" antingChoristForwean="eyewashRebabDempne484" calinaAdaptMaligns="boomerBelfastKharwa" piranas="mediantDautPupulo">
        <alkoxylBrusqueTarocs>setulaeLaggin1385</alkoxylBrusqueTarocs>
      </teemfulHuntersProviso>
      <horsing recursSfm="inlaikEndear" wheeze="pulayanRuffianToluic">
        <tresisFlneuseMiauw>gushingToffy</tresisFlneuseMiauw>
      </horsing>
      <valonia corsesArchae="push53" jigging="acocotlMac5" oad="tangram">
        <indoneWaver>pouchStot</indoneWaver>
      </valonia>
      <fidia thawnVivificRemap="oxeoteHookerTawite" zananaRacons="pagneOdacoid">
        <ipseity>636095187</ipseity>
      </fidia>
      <absorpt unvital="chidra70" holw="madia" zoccolo="integerCowshut" sweeper="nimmingDarzeeDorsum">
        <camaieuKarenCrena>lucked</camaieuKarenCrena>
      </absorpt>
      <jetonGalee unholyRollingAcrity="8703759">
        <gavel>ablutedOds</gavel>
      </jetonGalee>
      <cyphersVasuBrisque oaricInbushClausal="preloanDhikrVerdour" sonraiBallatSmally="8803" untumidPulianSchisma="avineDuci" havel="ketteBitter">
        <rashesEmm>kpc</rashesEmm>
      </cyphersVasuBrisque>
    </abroadTwanger>
    <centumsCarr>
      <deludeMaskingStopper>hebamicFlitterHoisted</deludeMaskingStopper>
    </centumsCarr>
    <sparingMournerDuci>
      <simonyBockey>realiaEntopic87</simonyBockey>
    </sparingMournerDuci>
    <opalDidymisKenn>
      <balboas>talionsCinerinGodown</balboas>
    </opalDidymisKenn>
    <moileRagefulBotchka>
      <feoffeeAlantol>rots</feoffeeAlantol>
      <furies zaffarSavours="basedTwigful" galeasProle="5302">
        <taroc>alasCoueDuretto89</taroc>
      </furies>
      <kadineVotal imperThickly="peakierRenet">
        <culmQuadsAdipoma>pobs</culmQuadsAdipoma>
      </kadineVotal>
      <sizeineOptions>
        <pardahWestersBaffle>75</pardahWestersBaffle>
      </sizeineOptions>
      <lunary chacoliPeipingOdible="sextaryThrown">
        <phytoid>defocus9</phytoid>
      </lunary>
      <dorcasHolcus ericoidDraped="slonCycled" exudateJaun="tapen" libbetGenesis="twinned">
        <edam>32469745</edam>
      </dorcasHolcus>
      <daylily lepteraRoomletVanilla="97515">
        <donatedQuinicCroyden>chinnam</donatedQuinicCroyden>
      </daylily>
      <bannedMuck agoingIleacUnpray="brephicSwalerUpside" adjigaGwenLeavers="rust">
        <jufts>julepsShaveseCudden</jufts>
      </bannedMuck>
      <sulphidRetakerUnhope anburyLumina="beacon" ratchetUrent="alexiasResty">
        <sunsetsCephenShowy>emender556</sunsetsCephenShowy>
      </sulphidRetakerUnhope>
      <maselinSerringBanff rhizoma="lapsi" bifteckHeep="credaFalling" aedileCuriums="locky" theoryGettersManteau="837">
        <hernani>8599851</hernani>
      </maselinSerringBanff>
      <moutler konak="subtackBerther94" bailie="pickaxeApodesHilsa">
        <arghoolShudna>catlikeLambackLaevo</arghoolShudna>
      </moutler>
      <piky lacilyDietherMurre="kantryGranesBovey" grissetKobusLabrid="walking" bergallAscry="98458" urceoliBondageBellyer="weemAmorua">
        <ungum>qintarsEthionAnlaute</ungum>
      </piky>
      <flywortSnerpBromine bipontUracilsDhaura="senhorsUnits" spicous="bagios">
        <persia>estrado</persia>
      </flywortSnerpBromine>
      <bragged wafterUnfixedEugeny="lyssa" hylismHoastMutably="cottiseDollieAllasch">
        <tristam>spockUaraycuPickoff</tristam>
      </bragged>
      <oomiakStewish presayWightBailies="shticksKilorad">
        <freckenHeitiki>fidalgo</freckenHeitiki>
      </oomiakStewish>
    </moileRagefulBotchka>
    <sercom gownletUptimesCuculle="spadMurrinaPate" wapatoo="entailsParellaAlteza517" maisterIsotereLicking="villeinIncony">
      <inglesMisery>efflateBrookShoor</inglesMisery>
      <shylockBestsCounter oxazinMothers="benn">
        <relongPyrrylBars>smalmedHodder61</relongPyrrylBars>
      </shylockBestsCounter>
      <bick coveys="3" intrineScollop="aglint">
        <simianCaltrapJanty>lienorMalinke3998</simianCaltrapJanty>
      </bick>
      <mithraTabby gervasAdamasRural="ethide" acquietUntame="92096">
        <smrgsFenman>luggarIsrael7012</smrgsFenman>
      </mithraTabby>
      <shikraUncocks raphiaBorhHearts="bifoilCravesOvonic">
        <earhole>recipeMss</earhole>
      </shikraUncocks>
      <ink divinedCadette="mulctGrates8">
        <kiltingElling>bandogs</kiltingElling>
      </ink>
      <farcyBoltel hausse="238511" unsurlyCranky="darya" gluten="yowleyWusser" colonMtnRetches="frutex19">
        <paracme>brechan</paracme>
      </farcyBoltel>
      <uranateYirred duennas="softasNicelyMalgr" ruffed="earcapLeavensTumeric" bezelsKunzite="doveLenify" wipsWitchenCagui="663446441">
        <cakebox>dewanZimmi</cakebox>
      </uranateYirred>
    </sercom>
    <dauditIdiasmBoomers jailishSnailedApomict="respell">
      <nicotiaZakUnbusy>squinnyAriteOscula</nicotiaZakUnbusy>
      <urtica enfreePigmewSand="5196">
        <mosque>lociChiotMatoke</mosque>
      </urtica>
      <lullabyUnstillKoran>
        <linolinPoster>tubik</linolinPoster>
      </lullabyUnstillKoran>
      <dogfoot skywaysThongedSnubby="netted">
        <isadoraMoonery>waasiSystemsBarato</isadoraMoonery>
      </dogfoot>
      <kodro salinaRanalesUveous="alipataIndrawn" massageCummin="2" indoleGlugFashes="laggerWaselMayan" twitted="amandusMadid">
        <ioniHernial>dogholeKiswahReblame</ioniHernial>
      </kodro>
      <boatlyAreason chmn="embrailSambaed">
        <busuutiFalsestJoists>turnupsAmarnaAtomity</busuutiFalsestJoists>
      </boatlyAreason>
      <damageJewryJoseph acknewDunlinZaberma="tigre">
        <chides>rigbane</chides>
      </damageJewryJoseph>
      <muddled parbateByways="offlookXerasia" evolve="lockboxFlacked8">
        <tcharik>6412</tcharik>
      </muddled>
      <ninjaDeifiesBacao rinchPreyer="larkerTannaseDuplify" whollRaptorsKurung="overfedShewDreks" sportlyObley="dimesErodent">
        <danaide>10510</danaide>
      </ninjaDeifiesBacao>
      <grigriArsle flentesBesom="whilterWeeklyHooye" esbay="filliesParcae" quelledDegames="7562">
        <adapt>oreilet</adapt>
      </grigriArsle>
      <moorierBemasAgma>
        <trot>aldaminBegorra</trot>
      </moorierBemasAgma>
    </dauditIdiasmBoomers>
    <jamb>
      <enochDissourThallus>yodlingPeat4704</enochDissourThallus>
    </jamb>
    <stirpBeefinMenses>
      <susso>deersSiccant</susso>
    </stirpBeefinMenses>
    <hempieBegallRaspy>
      <truck>389574</truck>
      <matcherFriarsLampist alonsoa="patacaRephaseCunyie" reendowMeth="35366952" arblastDioxide="nubbins">
        <witletReslot>stoep</witletReslot>
      </matcherFriarsLampist>
      <upspeakBoychik satoriiDelve="plusOutkept" porkpie="toylikeDessert" fingianAlc="galetVencola8" insultPurushaDecarch="inwalls">
        <venaeForeact>yirnGigabitPelham</venaeForeact>
      </upspeakBoychik>
    </hempieBegallRaspy>
  </pompeyGarboilJayesh>
  <checkedAnnoyedMowcht henbit="hexapod" reself="662">
    <bonaceCoheresAllan>
      <gnomeSealchBona>polkiPycniaEmbden</gnomeSealchBona>
      <krimmer>
        <depsid>meliola</depsid>
      </krimmer>
    </bonaceCoheresAllan>
    <anticaFerth>
      <grafferReannoy>hoersOutfool</grafferReannoy>
      <rill>
        <bestickPatagia>mimicry</bestickPatagia>
      </rill>
      <jubili xerusesScybalaArhat="geratedButyr">
        <byelawsBurkhaSplice>6245762</byelawsBurkhaSplice>
      </jubili>
      <epural>
        <bothersSpurt>gluck</bothersSpurt>
      </epural>
      <windledFazing iridizeBluelegQiviuts="diskedWithins" primalPapaya="haverelCarolinFeazes" unhealSponsalSkevish="orcins">
        <congersClothes>cateyeMessmenCasease8494</congersClothes>
      </windledFazing>
      <piggLongbow>
        <rapist>ricingUxorial</rapist>
      </piggLongbow>
      <hayeGoldurn fulmine="jakeyVarioBarolo2768" obscenePharmicLuter="felliesScaffyHigra" dunnageAcerberMonera="bundled" ecusMaximLuna="uraeiEncupHirsute">
        <oryssusRelief>zacatonRemises</oryssusRelief>
      </hayeGoldurn>
      <jeesMyaChabuks whumpsSwatterPithier="khazensStopt">
        <spools>lbinit</spools>
      </jeesMyaChabuks>
      <oni coifed="verstes" quailsAmulas="mucus">
        <iguanidWhau>blinderCoprasRemint</iguanidWhau>
      </oni>
      <accedes limulusHypt="mauling" upboundRilled="tipulaEyeflap" spondeeUngirt="25" tubBalau="wuzuEgos">
        <brynzaFacer>toddite</brynzaFacer>
      </accedes>
      <jackassSemeed bepride="waivingWraithyOutpull" saccoonMickeyTube="iritic" miragesNarciss="uncallPlenty" estate="searDrylotElaps">
        <exodosTheresa>naskhi</exodosTheresa>
      </jackassSemeed>
      <desktopHorner axillaCuddie="amarvelThor" cowierNecktieIpidae="603855396" karandaRowland="1">
        <vicua>451</vicua>
      </desktopHorner>
      <repeatsCarniedCudgels beentoBodrage="634">
        <girleryRodmenSeiners>sphene</girleryRodmenSeiners>
      </repeatsCarniedCudgels>
      <bossetHammals yakker="wailSpodes" fascisKed="telarly" rainier="pyropesSprungVagus" pentitAbele="krubiGorgedRodent">
        <celiteKotokoWrabill>imbruteCuspisUncrazy</celiteKotokoWrabill>
      </bossetHammals>
      <quizzyFrillHook thlaspiFolateTranche="lacilyInnateQueerer" puttiedUvateBrosy="3" dithiol="cedensUtum">
        <yusTurgors>165180</yusTurgors>
      </quizzyFrillHook>
      <pappea>
        <mizeFinkel>gestateSyrmian</mizeFinkel>
      </pappea>
      <camara belayed="unionOonsCymaise">
        <beepers>37</beepers>
      </camara>
    </anticaFerth>
    <yournBuhrsYes>
      <decrownHousageNorward>secohmShriven</decrownHousageNorward>
      <luteins>
        <yerthBulbier>abongo</yerthBulbier>
      </luteins>
      <dewsPhrasyWok hunnishYashmac="placque5" sweeseNiceishBloated="7" diffAuriteTussis="threne" hencote="arainXemaPollees">
        <bellonCurtiseKangany>boccis</bellonCurtiseKangany>
      </dewsPhrasyWok>
      <seceshRopiestRiposte>
        <spasmic>buckpotDonnees9304</spasmic>
      </seceshRopiestRiposte>
      <peroba aeolidInbits="pigfootMetopic">
        <yodMorkinZincize>borakKouzaKlaudia2660</yodMorkinZincize>
      </peroba>
      <seggromAnguid adonaiPynot="calvishSpaad">
        <tearletSpif>hughesFillockTooth</tearletSpif>
      </seggromAnguid>
      <brig yonnie="labor" veilerIdols="warluckToilful" chomp="8411214">
        <skepsLebes>cliqueSabedSylvin</skepsLebes>
      </brig>
      <pilcherChaptLesbian nikau="hellingEffuseRoadway">
        <bibiToggles>unliveKuveraHerbary</bibiToggles>
      </pilcherChaptLesbian>
      <magi inertly="1">
        <gytlingWhau>fittyErugos</gytlingWhau>
      </magi>
      <aftDryfootZanjero>
        <hornitoDivine>745686047</hornitoDivine>
      </aftDryfootZanjero>
      <visne tsunamiSayyids="bedressSwarth" aaronCupfuls="cuckoosCentumsGuignol49" dragbar="octanesChofferAlgedo">
        <azured>768240855</azured>
      </visne>
      <riveled blas="tsumaWauking" sufiism="cipolinAcuity">
        <kilningRaccrocGoners>nuttyGio</kilningRaccrocGoners>
      </riveled>
      <kreis aiasPoschay="raiding" murreysBoller="bibiri9050" volage="cibouleMorassy">
        <dyking>tories</dyking>
      </kreis>
      <peliasCloneDeliver tavellHotline="50827482">
        <alkydsAnywhen>oukia</alkydsAnywhen>
      </peliasCloneDeliver>
      <chickyJahveh patellaFlneurWesting="napper" vroom="entone" tactsSnebWhirroo="lithateSeelily">
        <mattsBigotryMahone>440287</mattsBigotryMahone>
      </chickyJahveh>
      <bairns anaemiaVoes="prurigoMislays" punyBrlQuery="7" balms="comfyCliqued" defluxCuritisLiving="exogyraDelilah">
        <lushingFeoffs>reester1665</lushingFeoffs>
      </bairns>
    </yournBuhrsYes>
    <festalRye colinDevsBrecia="coyosNannie" browet="eimeria" kthibh="36" filmsetWoodris="kishkesFawn" redboneWholismTrotter="2">
      <tailte>80808</tailte>
    </festalRye>
    <angioidYahunaUngown>
      <heman>dislink4575</heman>
      <uncariaRotes>
        <caqueByssiEmptory>prinker</caqueByssiEmptory>
      </uncariaRotes>
      <quitterLivedo gambaAimedBaft="51120705" bshSlow="25586850" ceylonMezcalsBlow="minderElepaio">
        <twintLotionsBelie>limiest</twintLotionsBelie>
      </quitterLivedo>
      <pardeeMissels decreteSexed="apneas" yanquiPidanBrahman="battues">
        <amicesRussets>bepillCorvoidVazimba739</amicesRussets>
      </pardeeMissels>
      <rockier slapPial="dimeter">
        <strigaeKabikis>5290386</strigaeKabikis>
      </rockier>
      <antitax breathsBatiker="brewing" helosisChowing="acholicEarlUnsurly">
        <zephyry>zanjeroTrevorPuka</zephyry>
      </antitax>
      <patesi vindictInkingsGrebe="boxenLapith">
        <crissalRestant>unjuicyReetVarsal</crissalRestant>
      </patesi>
      <custard ichth="enchafeHolsom" leoneToi="28527964" tanzibGillionHabenal="bowlesPomey" louder="cultch">
        <bitumedTiding>loope3207</bitumedTiding>
      </custard>
      <dumbsPieletMedize jayveeJoinery="alachaFletherWaes" trudyGarring="yellsTapalo321" tacca="tangladFurilicPrairie">
        <corvee>41710071</corvee>
      </dumbsPieletMedize>
      <antedonRanulaEmerges juntas="hishHoggYores">
        <anteed>7087478</anteed>
      </antedonRanulaEmerges>
      <ramilieFalutin lambent="matralGranita" hypnosBluffer="flatmanRiffle" dexterMueddinBidding="pummel">
        <posesSpittenGobia>pantherDharmasCarneau68</posesSpittenGobia>
      </ramilieFalutin>
      <tomboys roralCamoteSwatter="5226">
        <bemataBeggerSquamy>awshar</bemataBeggerSquamy>
      </tomboys>
      <rurban uzanGaure="thimble" ghautsLadronLeda="mtgeAirnHadnt" avn="2891">
        <inventGunlessVolume>andhraLubra</inventGunlessVolume>
      </rurban>
      <harkee aerogel="unchainHevi">
        <coblessLatirus>tourt1</coblessLatirus>
      </harkee>
      <cognacsSoothe swooses="indowBrumalIacchus">
        <salinasDerfProv>somasHell</salinasDerfProv>
      </cognacsSoothe>
      <bounderDasyure alagaoMeltithBiberon="offloadSwum" enwallHidatsa="dilateDictaenSuist" alkylicUniceSurnoun="servSheel81" arenoidNeifRedowas="momesCodgers">
        <laced>pelopid</laced>
      </bounderDasyure>
      <damagesEggerPaar keep="dividAnanke" rudolfLupin="outplodAstalkBucky">
        <everwhoDruids>3</everwhoDruids>
      </damagesEggerPaar>
      <semita halverFrizingNobbily="bulking" paveHunchesJosses="myrrhis" aerialJobbedPursues="sadAnapest">
        <aculeaeCohorn>stylite7</aculeaeCohorn>
      </semita>
    </angioidYahunaUngown>
    <fanned siker="holierRindedJaped" toniestPinnateViziers="880103056" apiales="dufterVersualCavate">
      <gipPurist>goodman74</gipPurist>
    </fanned>
    <parbleuGallootTimer>
      <salmiacPossess>rusts</salmiacPossess>
      <sierBlumes aschamOverdidGauster="uplaidAlength4" ironsNasally="dogs" savors="thoroAirtingApokrea">
        <batman>convexo</batman>
      </sierBlumes>
      <ascetic notitia="9097488" callboy="244245" faienceNither="6170">
        <disusesChnAzines>ahabLouies</disusesChnAzines>
      </ascetic>
      <leptusPythons josipZebedeeMescals="leekish">
        <drasticGoitre>loughOnsetAtheist</drasticGoitre>
      </leptusPythons>
      <forceDamages dextrerWraithe="planishFlubdub55" moliereDrakeDixies="riveled" miaousAirmass="gedunkOverput">
        <fatuityUmiacksFrixion>equus</fatuityUmiacksFrixion>
      </forceDamages>
      <swankey>
        <kelps>kie</kelps>
      </swankey>
      <renesCuckoldCruety borismRuder="evader">
        <dithers>thru</dithers>
      </renesCuckoldCruety>
      <glossemVocular eagreBiteEntrust="dibsSwanpan">
        <poignet>dyvoursAvocet</poignet>
      </glossemVocular>
      <anymoreSystems tiffieTovahTrouts="esseeExpandsDanny82">
        <baltic>shoneBacchar</baltic>
      </anymoreSystems>
      <bottierReblend arthra="1" deunam="frocks4" lemnianMouchedFrosh="spinodeAbomasaGerbera" minnowPino="2">
        <figwort>suslik</figwort>
      </bottierReblend>
    </parbleuGallootTimer>
    <rateen>
      <topmast>millman61</topmast>
      <tities aneuricCeibaCoffer="juchartGconvAwash">
        <fingan>undularSextain</fingan>
      </tities>
      <mapauAnansi talaric="yawyJauntieHydros" gadids="579270976">
        <pantie>5212</pantie>
      </mapauAnansi>
      <bracked placqueDilatedDineros="nacaratIvories7807" churadaKiddier="931069" spere="cursing" tartryl="bracingDurefulSerais9">
        <angloid>unriskyUptrailJaap</angloid>
      </bracked>
      <effudeCardiumEnjelly classyTriazo="staffsErgEnhort" wauveAsimen="solatedBifrost" dowdily="49" fampBulkily="vileyns">
        <hogniGrimedWolfing>cuneiOversaw</hogniGrimedWolfing>
      </effudeCardiumEnjelly>
      <teheeChacker anolisMozart="duly" bribingGaeDebug="felonsEtherin">
        <placeanPumex>partes</placeanPumex>
      </teheeChacker>
      <policesFluoryl jellKikkiTherap="gloealSunna1059" comid="portico" dimpled="6256646" psisCippus="510782211">
        <glycan>scalierCosiest</glycan>
      </policesFluoryl>
      <logierEvolveEscrows beneme="forsungRavi" mushedRpsLamium="bushman" negritoGaurie="trayneSirventLumbang" amyrisVouches="raiidaeHordesTuracin">
        <pinnetRissole>4979318</pinnetRissole>
      </logierEvolveEscrows>
      <woonRedoute eyelike="agate3834" alinotaWilful="95750434" tardeMilseyCamber="daytide5">
        <rebosa>salukiSnyesTurakoo</rebosa>
      </woonRedoute>
      <dichter>
        <indylicSuto>agarsDuddle</indylicSuto>
      </dichter>
      <sacianCasuals mealRigsmal="calypsoRullUnspike">
        <unfeleSwatterUnhoed>winless6</unfeleSwatterUnhoed>
      </sacianCasuals>
      <grecoue asariteUlemas="cazibiTyrants962" basins="nievesThanan" senamAmadou="learoydZoccoloSpinae">
        <enfumePigfoot>tonsureWallie</enfumePigfoot>
      </grecoue>
      <throatSinolog impairSprintsPatart="punchy">
        <mikaelSpontonDiscing>8840082</mikaelSpontonDiscing>
      </throatSinolog>
      <simnelsCholosUnalert pulpitScaresPursy="bisaltClivers" casbahsAlif="crozedLucifeeCastro22" trilit="duppedYieldenManroot8">
        <rassleMutts>phonGrudger</rassleMutts>
      </simnelsCholosUnalert>
    </rateen>
    <tappetFroggyFumer yurtCurlewsPouser="parledEarworm" shamesEnowsAdenous="6" utuXxiiiAlkoxid="coliesOutfort" alegarsSewered="977105" prolixClinesBriner="tungateCaesiumChon" abusive="jai" haplomiStreakyIliad="yeo1">
      <patrolOoooStarver>778115469</patrolOoooStarver>
      <waxwing diatoms="redbackMktCoble316" syrt="ladler" icica="siresSymptomKnitch">
        <fovillaSuomi>anted</fovillaSuomi>
      </waxwing>
      <rajabAsidenPinacol>
        <autarky>pyruvilGarnetzDehair</autarky>
      </rajabAsidenPinacol>
      <ampsSprats moileMud="baktun" umbunduHitting="undryBtry" dhurrieGelosin="tinselVahiniSottery" scapedDories="tardant">
        <nodally>3315109</nodally>
      </ampsSprats>
      <avodireApplingQuan spars="73795">
        <shofarsNakedWrithed>snobism</shofarsNakedWrithed>
      </avodireApplingQuan>
      <sleepShoAmalett someBitingJawy="towie" digonal="tolylsWoader">
        <zincize>amoksMendel</zincize>
      </sleepShoAmalett>
      <suededBidriCrabby warbly="jetteauNaggyFleered" natterAnax="atune" copsRegrewCarte="homer" definedRhasonSeawife="striven1">
        <soakmanPimples>holder</soakmanPimples>
      </suededBidriCrabby>
      <bilaloCariama>
        <bevorGunny>illitesUninked1079</bevorGunny>
      </bilaloCariama>
      <lokaoseRenesSport>
        <reliantRizzomKarats>renterHimming</reliantRizzomKarats>
      </lokaoseRenesSport>
    </tappetFroggyFumer>
    <brownMirthKhaki>
      <sillar>eimeria</sillar>
    </brownMirthKhaki>
  </checkedAnnoyedMowcht>
  <brest babine="abaciTerrageNudes88" iodosoWattage="kermisSolerMirths">
    <linearyDuckersOnlook>
      <accusorAppeteKorakan>hosierBagreefTroubly</accusorAppeteKorakan>
      <hernant boscageDioxySeba="coxcombPanzersCathin" basketsFeezing="seamingAmphoraSere" rhesus="baptist">
        <pigless>incisePillboxGoetia</pigless>
      </hernant>
      <quadratPythiaBracing fitchewExsurge="piccataLarchenRizzom" evenly="5795654" kachari="heiledSeedy">
        <flavius>takinsAppius340</flavius>
      </quadratPythiaBracing>
      <lenseLimningUnblest savinesRebentGagate="clingyEskersDrudges" summon="pistonEcdemicVidimus">
        <vialing>hageen</vialing>
      </lenseLimningUnblest>
      <jostlesCompendEfts myceliaLegs="dunRastleWiremen" aromaVomicin="pampre" bracer="xeniaBogart" crozedCodenSenex="59288554">
        <trid>refinedBanyoroChalla</trid>
      </jostlesCompendEfts>
      <tama lantaca="tankard391">
        <bootlegSeedersDaw>alvearyQuibusMorgue</bootlegSeedersDaw>
      </tama>
      <eupneaBorleyPallet subbedLbwUvular="sterope95" stingyFondlyBootful="6159" bitch="machNitrils918" umbrinaEarths="bursulaHeckled5">
        <fadme>subtle</fadme>
      </eupneaBorleyPallet>
    </linearyDuckersOnlook>
    <camailPsalmy>
      <causon>arsonSandpit</causon>
      <skepsisPlanera gunated="annerreCorsiteAkron7">
        <benumb>617831</benumb>
      </skepsisPlanera>
      <wamuses pikingKraftHolisms="nuchalBlickMango2313" sloshed="messierCountedTermed">
        <abaveSinal>jere</abaveSinal>
      </wamuses>
      <lagopusTootsyEider dosedLingua="traAviatic">
        <beltwayDoylyWarsled>cackledLama</beltwayDoylyWarsled>
      </lagopusTootsyEider>
      <alypinDaimyo>
        <nodHurdiesNielli>7964180</nodHurdiesNielli>
      </alypinDaimyo>
      <spelunk accraPimelicErecter="paris" bahisti="903" dermalBemaSalada="snugglyNitrideAvives">
        <elansYowie>djelabBocPithes95</elansYowie>
      </spelunk>
      <tonsureEavedDarkens rebosaDecalOctine="africanCambogeEvolves">
        <kantelaFlexure>tripped</kantelaFlexure>
      </tonsureEavedDarkens>
      <decylicCalemesCercis fluther="bruleeTalukSmolts" poulpGulls="roomedSmolt" quinism="621448">
        <taharahChogakBeden>killochWevet</taharahChogakBeden>
      </decylicCalemesCercis>
    </camailPsalmy>
    <jhoolCuarta>
      <boardedCrisped>crafterKookier</boardedCrisped>
      <salat saging="joyedSownCurch">
        <beurreLamdaAntral>mannite</beurreLamdaAntral>
      </salat>
      <vexingCoachs hobbed="classicDinnedAdmi9" bieldySenatusJinx="unbarInsackYett1118">
        <nabisWharl>fellicRuddle</nabisWharl>
      </vexingCoachs>
      <kahuna hadith="cadelleRobbingWrites" intransMurksComment="nectary" aidenn="499773417" mall="vesteesInvictPunnage">
        <cuber>94523</cuber>
      </kahuna>
      <bitumed indusiaIodalAtria="solidoFlus" debellFetusesDaftar="wummelPapayaDirls" ketwayUnrackOverpay="keef970" bedpanLordsTunings="acetousLusoryDepthen1">
        <ragouts>763</ragouts>
      </bitumed>
      <matersDamfoolStripe hvy="grigBriseis" cuminolElains="mereOrbingSetline" thereasRend="arauna">
        <bassan>tarin</bassan>
      </matersDamfoolStripe>
      <meeceFlaith>
        <aciesMouflon>461</aciesMouflon>
      </meeceFlaith>
      <aalsXenian verziniErudit="botellaCheminsTyke" pfxDemodex="zingySilicyl8" rumageAmpuls="9">
        <copepodAscoma>supt</copepodAscoma>
      </aalsXenian>
      <lungedDeicateDobla dollie="ayinsSei">
        <tarasco>2699952</tarasco>
      </lungedDeicateDobla>
      <boundFana succus="givingPremeds">
        <vespery>mucorCrimpsPseudo</vespery>
      </boundFana>
      <zoonal buckuOuttear="85349522" rakers="taxwaxHuloistEuphony" levantSantimiAndesic="rawestRiss" fubbery="lantNiche">
        <valliesMhos>341585</valliesMhos>
      </zoonal>
      <melanicSpeired bodoInvokerSpumoid="97" beearn="reyouth" nemesisMorphos="77">
        <bromesGirleryPouch>bufoAstralsCharing</bromesGirleryPouch>
      </melanicSpeired>
      <gluttedGadder jessRebute="37882" papaHaraceFiend="ouvrage" aedilesHogan="hasidicWisha">
        <purists>twifold</purists>
      </gluttedGadder>
      <vegetal netterDrilvisAphony="79089130" tinwareRiveter="pottaro511" tenutoCereusBlickey="disawaHinduGrowthy">
        <droned>salagoOutlook</droned>
      </vegetal>
      <steridInvein fishlet="faucetsEllasar" crawlerNaiadAlec="eastersCatalan" lipidsAvdp="nonettoPussiesRantock2" safewayWheresoLaramie="pennaeSavages338">
        <muskyWandy>seecawkJos</muskyWandy>
      </steridInvein>
      <kuhniaIradeBiurea deduceRippers="nipmuckEnlimn">
        <cuboidLored>6008807</cuboidLored>
      </kuhniaIradeBiurea>
      <aumbryTembeta incaicScanterAntenor="triorBustlesEphebea" westing="mamMisjoin" hennaedReclame="moted" dbmsHaloedSixish="retalBosksDrawk">
        <nigori>sabayonEyeballBracky</nigori>
      </aumbryTembeta>
      <witen ululant="studdyDureeVivency">
        <magnaleUnsuit>sistrumArdu</magnaleUnsuit>
      </witen>
      <harsh mugger="betidedRomeine" buteTotuava="8186782" rotesRegracy="thingumKreese">
        <tumpsCotery>yamenStaider</tumpsCotery>
      </harsh>
      <tasselySidemenReviver mecon="juicerCadeeTorgoch" blueingFishy="alpen2" latinic="5949" adetAlifs="dagheshByhand334">
        <grunthVisaedRanaria>firetopDecrialBrowden</grunthVisaedRanaria>
      </tasselySidemenReviver>
    </jhoolCuarta>
    <vagitusRegrindQuan>
      <mehelyaPazaree>tritonePlainyArcos2</mehelyaPazaree>
    </vagitusRegrindQuan>
    <dagbaneDefactoRoberd siltsVitrealModeler="enfirmPreeze" igad="39" buz="galliotRotl4" estatedSemises="carsonLying" inkosi="mopedTransl6" styliseRox="toxicalNepa">
      <bauldWha>559</bauldWha>
      <tiptops optimaUncurstEarsh="unfumedRetraitSeesee" booting="affixal" waguhaWilsome="rayonneMelior" fossickFedsAperu="colobin">
        <iliadTeco>beratesMimishSuppone</iliadTeco>
      </tiptops>
      <horrifyMoolvie unshaveLardHadnt="axumite" hotdogWinning="affa938" secunda="9046377" calif="acnodeAltoun">
        <deaBeleaptUtters>agoho</deaBeleaptUtters>
      </horrifyMoolvie>
      <tousled ungiantNaileryMaskery="galeateEntailsDime" mexitli="assistTornesi5">
        <bambusaAnthol>503617</bambusaAnthol>
      </tousled>
      <mistermArsacidUremia>
        <photoed>wagonryForamsCoaxial151</photoed>
      </mistermArsacidUremia>
      <moppyPennate baricRounge="dartarsAltezzaAzotise8184" pillbox="95" bromoSleechAlfred="demiox1">
        <sugaryExactorBarnard>updrink</sugaryExactorBarnard>
      </moppyPennate>
      <joulAtheist siceParpenLardoon="scyphiCuedTriol" blowiePipra="miloRiggal70" iliadMiskinLongans="mandarBrendedNubian9742">
        <baitingDeterm>91131853</baitingDeterm>
      </joulAtheist>
      <fireboySkiddoo>
        <rebankIonianFlanger>56954965</rebankIonianFlanger>
      </fireboySkiddoo>
      <uncrate doggo="dodecylSkimosBarring" paiking="matroid" ovule="germainPellile" jarliteSunwaysHessian="monerTartary9668">
        <eductsBablahWonton>lenifyTokyo</eductsBablahWonton>
      </uncrate>
    </dagbaneDefactoRoberd>
    <peery>
      <agneanAnovaPayagua>epimereTamonea</agneanAnovaPayagua>
    </peery>
    <ailieCharleyGyro cantrefScryer="angarebRecoctIndrawn" degass="20019" hummelFowler="690056637" johnStricks="4763759" sorage="misshodGabon7506" acarolSearce="4">
      <paraoBestir>4776040</paraoBestir>
      <untoughMicastHeaten>
        <perpendMichaboSlete>ragfishBibbery</perpendMichaboSlete>
      </untoughMicastHeaten>
      <goffersStoppitOllav>
        <wabblesPterins>popodeReclass50</wabblesPterins>
      </goffersStoppitOllav>
      <gittith pantsOweniaRanee="caperBahadaUrson" squench="hainMucked">
        <scalfOchreae>31839</scalfOchreae>
      </gittith>
      <nanpieReposer gilledHickeyTouzle="turment" khowar="581211469" wicking="solariaCaul">
        <cep>guranBrebaDisdain</cep>
      </nanpieReposer>
      <khandaBanco tallied="drayErucicManga" stareGyroArui="flaff" surcleMitogen="52726" inflows="morpholSalivan100">
        <dinged>lyeryLytheWoden</dinged>
      </khandaBanco>
    </ailieCharleyGyro>
    <dewExcud>
      <intoner>deveCorning</intoner>
      <prevueRupiticDiffer zingara="kakiSamniteHajilij" wadiBurkers="word">
        <pon>cappedTriplyZebrina</pon>
      </prevueRupiticDiffer>
      <meaHilloed plodded="gladifyLaical" wormsTamable="unkistAlastorLegging" assizedHemal="piratyCoachy">
        <hyporitJitneyCodhead>heel</hyporitJitneyCodhead>
      </meaHilloed>
      <ramsonsCoelomsComic>
        <prevues>shaysTetraoEyes</prevues>
      </ramsonsCoelomsComic>
      <eclipseBridgetRew>
        <scruzeJecorin>gyarungFehmicLakiest</scruzeJecorin>
      </eclipseBridgetRew>
      <nitrian notions="cozedTwaddy">
        <phenoms>60852</phenoms>
      </nitrian>
      <acerola mettle="cleachSwiftsRechurn" asaphicProachFloyd="botoneMiledhFloat" soroban="abutFlobbyGuiling978" rafting="piglike">
        <typeout>allover812</typeout>
      </acerola>
      <cardingObecheBegum dishelmOlderUnona="tipupCystousAlumna83" glacialEntiaShariat="ulna">
        <aleut>68024860</aleut>
      </cardingObecheBegum>
    </dewExcud>
    <crasherSkimosJihads>
      <costGapping>girderUmbreEisell</costGapping>
      <moderns beckets="croakerAdulceDroits" disship="97728" faujdar="97151083" omitJaddedRaftman="39">
        <diaperyFamiliaRealism>pukedSedarim</diaperyFamiliaRealism>
      </moderns>
      <gonif lagger="41295108" starveCheluraKarval="lairdlyArchsinSnapps">
        <coifsKylikecZoilism>inaptOsages</coifsKylikecZoilism>
      </gonif>
      <peccary venire="localIdlestSpoils" trilithWharfs="247" reddleAcratia="grappasCoiture" untasteGradualRapely="motherPindaLouter">
        <pyrexiaFaenaEchoey>acroama</pyrexiaFaenaEchoey>
      </peccary>
      <bdft viqueen="831048384" often="craigUpstateWrangle" anzacFconvXylyls="juftiDowsetsSquills716" coombe="hummaulOpingUranate">
        <babudomArango>boodhDotages</babudomArango>
      </bdft>
      <noblesGaitMould inarmStyany="folicDevchar" waivedHelmetVoyage="ungirds">
        <hidalgo>diacocaEncycl</hidalgo>
      </noblesGaitMould>
      <aloyauSubfaceClop quadraAdonin="coneletGazers" newsmen="13403211">
        <cycadExtrasMolebut>lassoesGoliadDama</cycadExtrasMolebut>
      </aloyauSubfaceClop>
      <amtrak lunacyBemistsRooming="syncomArgChacma">
        <exitedNefastTracer>gunport</exitedNefastTracer>
      </amtrak>
      <bonnnes peeweepAdornsCyanins="2">
        <nullism>suedesVinny5</nullism>
      </bonnnes>
    </crasherSkimosJihads>
    <baddyObdureWonga>
      <apse>guiltsLiardBalize</apse>
      <lametta hypoid="molasSubtle" kaliphs="jowter" vughs="argalsCupheaCarot" brollyYappyLowry="karosWhorlArdour">
        <garrotLycusSinamay>35</garrotLycusSinamay>
      </lametta>
      <geoids>
        <visargaReactDachas>heptyneExurbia</visargaReactDachas>
      </geoids>
      <outpushBuckeen comdr="ascite">
        <avastPeppier>sizzlerGorer</avastPeppier>
      </outpushBuckeen>
      <hajibScarily licet="dodoBoatie" hurroo="recusedLitotesBegums8" caddish="2">
        <brutifyInvigorMbps>infernMedicos</brutifyInvigorMbps>
      </hajibScarily>
      <pylaFirms tracSylviusOleates="forerib" covarySundri="joukery243" mailed="160538">
        <baron>wigwams</baron>
      </pylaFirms>
      <spumeSwearer derriMobship="hausen">
        <filosus>ruiningResuing</filosus>
      </spumeSwearer>
      <boneteDiasterAirmass gecking="staiderMallear" vaults="zunyiteGoggledZenobia">
        <tabascoHattingHambro>bonnierGapo</tabascoHattingHambro>
      </boneteDiasterAirmass>
      <user colingEbcasc="scoopGurglyEscape" danaite="zillahs591">
        <evisite>forleftNinety</evisite>
      </user>
      <songfulHardpanMavens>
        <addoom>joycean</addoom>
      </songfulHardpanMavens>
      <dotedTorrefyMicro dridder="paiked6707" dauntChekan="allseedMuskoxTalk">
        <nouille>74925</nouille>
      </dotedTorrefyMicro>
    </baddyObdureWonga>
    <panaceCoaled>
      <bahts>508940</bahts>
    </panaceCoaled>
    <kaikChoppy>
      <animesBeryx>850423</animesBeryx>
      <deacon>
        <broomPlinianMothers>marxian</broomPlinianMothers>
      </deacon>
      <ghillie myonemeBalanid="yezzy" lwp="totara" sergipeKeepingBeckon="alludedHaetsWoolier" crojiksUnwivedTha="vestsColleyImmies">
        <resetBloditeConsole>7976</resetBloditeConsole>
      </ghillie>
      <reshuntSuggestWhaly pronotaParus="piney">
        <rumplyParches>74417477</rumplyParches>
      </reshuntSuggestWhaly>
      <slingCodical>
        <emunge>elkdomGothicNowel</emunge>
      </slingCodical>
      <emongAgatha ceredUntiled="coffledChiffrePabouch259">
        <kolkoz>subletMotetApods</kolkoz>
      </emongAgatha>
      <syndicEdmondSpurted quired="jger" linecut="44">
        <stankieGrun>mikrkra</stankieGrun>
      </syndicEdmondSpurted>
      <dhutiRakan topassCreeler="glochidArecaGambone" gulose="twinersWontonEvulge48">
        <bayamoRangier>375513461</bayamoRangier>
      </dhutiRakan>
      <hokkuJookAvenged mawed="lamest">
        <grovel>probe</grovel>
      </hokkuJookAvenged>
    </kaikChoppy>
    <kecky>
      <innyardChield>bunnies</innyardChield>
    </kecky>
    <textus sheathMaintopGoggly="winna" laroid="dadaist" branded="2039016" styrian="1710776" creachy="torporsSkelps" sayst="tanoanFlintyRustic" unbud="striver">
      <bajraPulpily>clints</bajraPulpily>
      <leotardNoechoCokers shovalRealiveGolfing="kebarsRheumy257" claquesNignaySothiac="cowlingGreeveLana">
        <fronted>ornateTaborer877</fronted>
      </leotardNoechoCokers>
      <soybean hairpin="7240087">
        <sazeracArioseGlycid>wholl</sazeracArioseGlycid>
      </soybean>
      <nitrateZach hilloa="butyneStorierLaches">
        <coaevalAchueteTaupou>inglesaFlacked</coaevalAchueteTaupou>
      </nitrateZach>
      <valuateRamonWanness friaryFinestEgeran="annuletOpulent6" tesuqueRomeine="808646">
        <kashrutThyroldOsmotic>decklesOud</kashrutThyroldOsmotic>
      </valuateRamonWanness>
      <trysted lammockIncorRavison="eweryDaitya455" siping="64466341" enamelsTobaccoOffs="peelerOxidase3" agroof="raob">
        <hordedKeg>ceroid</hordedKeg>
      </trysted>
      <shimoseIsobars soonishVirbiusWheen="carbinSoapers" gibbarFulgidRainer="sparger" clepes="feakingDhikr" ourselsRebateMarage="papish">
        <unringSoorky>degrasSpiky</unringSoorky>
      </shimoseIsobars>
      <wocasPunches sowteScouthBaumier="4559680" adeniaDroit="kudize" abandonFodientSecret="ouvertStroutTwankle" godwitRancher="crozzly">
        <reamerScobBetel>13579740</reamerScobBetel>
      </wocasPunches>
      <jowarsElberta falcadeWalnuts="4" leatmenMarxism="66853757" indulgeWackesMusjid="6938" bwanasErotema="issedoiBetaskSadleir">
        <criedUnawareDitcher>juniataHumific</criedUnawareDitcher>
      </jowarsElberta>
      <countysCilicesAirish issues="lasterEddish2" talmaHespel="gritRecitesCoplot" craversOutagesAviate="65932">
        <podzolsAvgas>ricerDojiggy71</podzolsAvgas>
      </countysCilicesAirish>
      <slogan copecks="cutchesLuxusBedwell" teapoysCuraresSeginus="93438585" filmed="sixer">
        <zebruleFanworkWarlord>ionismAgreat</zebruleFanworkWarlord>
      </slogan>
      <din addAdazzleArgolic="ginnetCarzey" diswontWanglesFernery="repunch10" tbsFavelRust="23464">
        <ojibwas>gazookChimeReblock</ojibwas>
      </din>
      <twankCarexAilanto cauchAcop="stannerElseChaouia7840" isomeraReyield="rolledCompeerWagling">
        <lactoseAmidic>supvr</lactoseAmidic>
      </twankCarexAilanto>
      <begloom bysenMortis="reaffixReunite" gemara="perean" popgunsCurnGardens="harangGobbet946">
        <braised>pelting</braised>
      </begloom>
      <scommScrieve stingRattan="rasboraTantrumWifelet6">
        <hydridAestii>aff</hydridAestii>
      </scommScrieve>
      <fabes sunlikeSericeaIntire="goboesMistful493" iodoxy="ruddleManna495" nonprosQuahaugIsaian="wristerCaladeWeeding" yarmBayanoLordy="cadransAlalusUpeygan47">
        <ileBuoyantCharism>valuesIttriaKayaks</ileBuoyantCharism>
      </fabes>
      <nidesBazoos corsacs="fagotteHeavily" slutter="46575620" iranianCinchesFlayed="hockleAstrict5">
        <heaterSucuriVerbena>stanineNevoidGarnet9456</heaterSucuriVerbena>
      </nidesBazoos>
      <sodiumMachreeBework savoyNighsTas="8721" latino="lows" tuchunsBuazeSlad="459962629">
        <dories>carid</dories>
      </sodiumMachreeBework>
      <katikUnchair midironHeapSnaps="etatism" phytateMessing="neaf" amanousTreater="analyzeFerradoOkta80">
        <gemlessBoubasHolks>roseryYeld</gemlessBoubasHolks>
      </katikUnchair>
    </textus>
  </brest>
  <hambro micastCoulombBrows="outwakeStrateResgat" rupiahsWispedRelate="uralianCojudge" dirtiedEbcdicUnshady="labiose" meconinGharrisStalags="2" />
</materiaLigaseSunfish>