<?xml version="1.0"?>
<tetchDatos>
  <shri />
  <hayseedOoblastBerserk child="auksDoctor" suncupAwaltSunsets="510901" dunsActable="rankersButanal" beefingSumak="armAvitic" />
  <quashyJoukery berberBlattaCueman="synthol" yoginLlanero="scopeHandledGuddler">
    <santir>
      <lingamVengerCarnies>azotedWaget</lingamVengerCarnies>
      <suadeFauldTosily austinYachts="vinitorAcyArtus">
        <mafuraCheare>leches7</mafuraCheare>
      </suadeFauldTosily>
      <ineunt reelerAescCoted="damnifyAcrisiaFosse" diskingVawCunt="queeveAlders1784">
        <caplockAlchymy>ligulasBatavi</caplockAlchymy>
      </ineunt>
      <boozierCapitolSchlock utopismHoarded="63" agpaite="middlesDagameAurorae" helicinRacette="gaucieSheaveHaeing" alhagiPectateEngined="adaizePlaints">
        <smeeGadinicGarg>ausform</smeeGadinicGarg>
      </boozierCapitolSchlock>
      <dallas cotoxo="fibbedOmagra">
        <combedTurken>swaverFootboy</combedTurken>
      </dallas>
      <hebenon chidedIsohume="samuelZoolithKashim">
        <wyte>2894</wyte>
      </hebenon>
      <feereBesullyPliskie updateKiloradCheeter="reestsWold" crudded="flukesErical3" spewerSoreeOaths="3717" ahuatleOniony="malchusBadawiEncl9151">
        <laetic>mutus</laetic>
      </feereBesullyPliskie>
      <nauset ruffer="spinierEgaliteIngrown" trappyDickeysWeensy="487">
        <fulgideEnew>horrayMand</fulgideEnew>
      </nauset>
      <babcock>
        <gabbrosMeuteRepound>24706667</gabbrosMeuteRepound>
      </babcock>
    </santir>
    <urea>
      <femme>gaeldomDourestWoodsia7826</femme>
      <furphyMormaorVictims isohelsGameteLube="bemeansAyield" syce="cropHempenMarconi" nyssa="bylina77" areolae="549480">
        <chinlesInflateBytalk>herSlopFirns</chinlesInflateBytalk>
      </furphyMormaorVictims>
      <zimoccaDownily lirateMatric="cymols">
        <peckfulStr>duckieAcaciasDublin</peckfulStr>
      </zimoccaDownily>
      <estoquePalabraParaxon sparthByspellEnamor="3726" drowndBisagre="guests79" libelsWoulfe="dumps5369" scarves="glutei">
        <scillasMission>truncusZoocystOutawe</scillasMission>
      </estoquePalabraParaxon>
      <kannume unbredRitzyRatel="38" pencelsOvant="tares">
        <noctuidTiller>prana</noctuidTiller>
      </kannume>
      <daggedSabaist tagragEyeletBeamed="kolushTamestExsects" arietidOuthurlPined="unmossyUmbles">
        <rullMoolum>methidColicky</rullMoolum>
      </daggedSabaist>
      <ranidsSpetch conidia="9118" filazePalpiThumped="4553">
        <kidneyPads>47</kidneyPads>
      </ranidsSpetch>
      <wakemenTule skintStopway="fabrileAbrasePenitis">
        <drenghBtuDroit>adamsia76</drenghBtuDroit>
      </wakemenTule>
      <clariceAbnetCrureus esterosGruelsShellum="plantedHakeemsAchras">
        <besingMitogenAkule>mellowsFineer</besingMitogenAkule>
      </clariceAbnetCrureus>
      <aobBuccin mildish="vacuo">
        <conamedElasticAlright>lwoReclimb</conamedElasticAlright>
      </aobBuccin>
      <disheirCoueBiffin chide="crissaRajes" gaurieNuttish="93940375">
        <sleave>roosesCaddle</sleave>
      </disheirCoueBiffin>
      <logrisRoxanneEffund rakuBrouzeMariet="623171196">
        <tsetses>unalistGreking</tsetses>
      </logrisRoxanneEffund>
      <liraImposer wreaker="494955" raffmanTestily="peithoTottenCornish" tercineKphPokeys="2948" cistoriReawaitResup="mitresBagoboOchred">
        <cytozoaJudger>sacrumsHolpenBaldie</cytozoaJudger>
      </liraImposer>
      <phasicQuahogHypes zygenidMonas="8" tobiraUnhusks="chorded">
        <plantalEutopia>36227</plantalEutopia>
      </phasicQuahogHypes>
    </urea>
    <fabliauWase>
      <yeukedRecluseMaormor>bobbishSwatow</yeukedRecluseMaormor>
    </fabliauWase>
    <rerankGleeUnstar enbrave="ethicalIdalian947" sirkyIliads="tulipsKiblahsPinier759">
      <lynxMaills>kelp6154</lynxMaills>
    </rerankGleeUnstar>
    <askarelInquiry>
      <convict>cessing</convict>
      <melisLupoidMalmag>
        <censiveProlegUnweary>951</censiveProlegUnweary>
      </melisLupoidMalmag>
      <limbersDollish>
        <cabler>fifeAstrict</cabler>
      </limbersDollish>
      <queriesUnbraveGasman odylistBikieVoider="makeupRefr" durum="dooverWambledMisjoin" tapises="teaslerBorates922" ratero="heddle">
        <pruningOhmages>runchReearn</pruningOhmages>
      </queriesUnbraveGasman>
      <skipwayUnelectSynodic benzoidYaourtiCerata="fritterBlairDugway" tallboySpickleJambart="ariteLibby6313" collop="630719">
        <grafterRekneadCoryza>80473</grafterRekneadCoryza>
      </skipwayUnelectSynodic>
      <foinMelchAreaway vibrateCicadaeVersor="ilka6054" dayanimSeizingGossip="toxcatl" youthlyHabubLogship="aimableWashier" redder="fpspsDextroExquire">
        <blobbedFlayersBert>894</blobbedFlayersBert>
      </foinMelchAreaway>
      <sailerSportDeterm huggingWeekwam="premedsShofulNonevil" waulsHesped="staresBiblosRemora">
        <bdlFluorinKhivan>werooleOhmic</bdlFluorinKhivan>
      </sailerSportDeterm>
      <teetherFumbledGrunion clompThyrold="debel" timefulOdelSoakman="unlawUnitingCockney" lygaeidBecapsStunned="cackle" untritePeroxid="cymesHellhag">
        <unsingMoffClamb>6</unsingMoffClamb>
      </teetherFumbledGrunion>
      <coned shraveySpiler="568139435" heating="iterum" boggledYaguasMotes="grubble">
        <pobbyOverjoy>acneVogSangha60</pobbyOverjoy>
      </coned>
      <niching porkyCytosin="bankmenBedeman" stipelMongolHalfway="turacusGay" triadic="weeweesCoquetCensed7971">
        <temaMooning>gaspedAperu</temaMooning>
      </niching>
      <ubcMatsuri slicing="unquietEffund" bullyOncoses="dunCoolersKikori">
        <rhamnFloit>hals</rhamnFloit>
      </ubcMatsuri>
      <bebleed taintDobber="797799">
        <ptgTollmanRebukes>fraist</ptgTollmanRebukes>
      </bebleed>
      <cayuseStigme>
        <usefulUmestCyesis>48</usefulUmestCyesis>
      </cayuseStigme>
      <likutaWattisLaicism rokeeTimeoutSpruced="3261" faying="434">
        <volant>620465</volant>
      </likutaWattisLaicism>
      <clergyCaptorsLupulus possess="nonly" praiseWithdawDmarche="mobbersCiliaryDupper" syncsDuctuleEyebath="sufeismBoyshipPolyve32">
        <sanggilSaumurYecchs>oathsScriven1</sanggilSaumurYecchs>
      </clergyCaptorsLupulus>
      <goraccoOnonisHoncho toftmen="991" detect="skimBruskSpitbox" luskyScowmen="goldyTabers" packmenBlubbed="77198003">
        <provostDrek>togsRapture</provostDrek>
      </goraccoOnonisHoncho>
      <zaffre cardoonSyling="749793600" shroved="67" uredosAbacasOoplast="doggo">
        <pansied>manward</pansied>
      </zaffre>
      <xiphiusMommetBradawl drawrodWrayful="alsGroovesCyanose">
        <cobossRehairHolour>midlineLoculus6</cobossRehairHolour>
      </xiphiusMommetBradawl>
    </askarelInquiry>
    <apiator>
      <ruttee>siskinRefined</ruttee>
    </apiator>
    <vacoaThowelPeking>
      <dvorakUpkeepsShindig>kyackGedactBenegro</dvorakUpkeepsShindig>
      <rapCorbansAveugle hamuleSpirol="colures" rinkite="438260" gentled="411412593">
        <fussilyThyrseCephen>3</fussilyThyrseCephen>
      </rapCorbansAveugle>
      <ugricTind vireosBrazing="racingUrsidae" bebait="90" ghaffir="6">
        <punningPapagayCymbel>badlingMitts</punningPapagayCymbel>
      </ugricTind>
      <tonsilCellosSigma wasternDipsyOvambo="bovverSnifterUrogram" papess="jareedDaringsLicht3085" vibriosTractsStomium="bertie41" guaiol="2">
        <kittedSabaism>mullarGowdyBuggies</kittedSabaism>
      </tonsilCellosSigma>
      <chirrupChandulQuartos chieldKeying="bemataMured485">
        <ugali>frizedWaddle</ugali>
      </chirrupChandulQuartos>
      <induingAtimyTrews>
        <winsPurelyWelding>speeredApiliKinging</winsPurelyWelding>
      </induingAtimyTrews>
      <akalWheneer kuru="chagga" becrownTarrierOollies="overeggInfirms">
        <askancePardahs>345026535</askancePardahs>
      </akalWheneer>
      <buzzBityiteDeltaic cfhBoulder="polandTottie" beltieInspansToots="pattUreBasalts2">
        <nomicSwiper>shilha</nomicSwiper>
      </buzzBityiteDeltaic>
      <makopaBabysat>
        <unfretProwUric>cookishBosherBismark</unfretProwUric>
      </makopaBabysat>
      <laddiesUnrack purinesMacacaKukui="meable" abusage="598446097">
        <chinImpalaToying>essoign</chinImpalaToying>
      </laddiesUnrack>
      <goading livedoKalon="stouthMatcherBabist" timider="116371" soary="outardeOrfFratchy">
        <skeet>chud</skeet>
      </goading>
      <menhirsPeithoErik rajpootLobaleCadre="ethenesJerkins96" mutist="decinePhebe">
        <frownsBibulus>994350836</frownsBibulus>
      </menhirsPeithoErik>
      <clammed punchedImberbeJoints="solfegeHearts" culliedSamaraTiter="critterHexagon">
        <hammaid>filose</hammaid>
      </clammed>
      <partes epos="recsWhs" padouksUpsent="jarringScalarMirier">
        <umbrereStaretsSwallow>6</umbrereStaretsSwallow>
      </partes>
      <excited betoneGoeduck="thiaminHistingPessary" lrecl="vomitosApoopAcromia" sootherObes="40" reestedUnpaganFitches="maipureSpraithSetal">
        <joyrideKetmie>pungarTrina</joyrideKetmie>
      </excited>
      <rimierReglazeCannie plectra="arushaDeas">
        <conner>mundalFrisbeeBeslash</conner>
      </rimierReglazeCannie>
      <doodabEnaenaPummel bovverUnwrest="pyruvilBedded">
        <dawingPeplaTylotus>prabbleBacked</dawingPeplaTylotus>
      </doodabEnaenaPummel>
      <peikthaGoggles leviersLabraJailors="3912477" maleos="stopper" tampansTillotBufagin="310731">
        <hawkinsCaidGaufer>ligeCaeoma</hawkinsCaidGaufer>
      </peikthaGoggles>
      <jobadeLerot lowaHaemonyDrafty="71442659" gyttjaBrolgaOoecia="cowle">
        <opalishCheeps>olamic</opalishCheeps>
      </jobadeLerot>
    </vacoaThowelPeking>
    <ulnar arrandVelumForerib="distentGuddle757" teluguSleek="railedNache">
      <rattery>lictors</rattery>
    </ulnar>
  </quashyJoukery>
  <putlogs>
    <pleaserWoeness>
      <carrVestlet>twicerDust</carrVestlet>
    </pleaserWoeness>
    <aminateCrasisHelvine>
      <blobsBacon>ozs</blobsBacon>
      <reefyCougherPunkin davensDingiesTigrish="unbalePaxillaCartes">
        <boloHalkeLigan>sutaioTaketh</boloHalkeLigan>
      </reefyCougherPunkin>
      <gibblesGerusia>
        <unsaferIndolin>warriSynacmy</unsaferIndolin>
      </gibblesGerusia>
      <czarinaColiusBeanies airheadJiboya="96061287" czechicMayor="cee" ailweed="4035862">
        <rated>kiladja</rated>
      </czarinaColiusBeanies>
      <ineditaDichasSpoking inapt="66330673" croakyPeking="agorasAlliums" toprailDuty="pridianAirishEncraty" morphoSubport="8866">
        <enaliteMandyai>5006428</enaliteMandyai>
      </ineditaDichasSpoking>
      <cuifs worthedBouwSubitem="calciShovesAzotize" baclinPlud="proctor" fling="conerUnsnibUnicorn" faked="fanwe">
        <sapour>neriumHagbuts</sapour>
      </cuifs>
    </aminateCrasisHelvine>
    <ereRacistsNeffy>
      <inputsXiii>577241440</inputsXiii>
    </ereRacistsNeffy>
    <lictors>
      <scornsValvaeYince>yomimWoaldsMote</scornsValvaeYince>
      <assort digamyRadlyManroot="765634575">
        <eidolicTommed>cental331</eidolicTommed>
      </assort>
      <hagmallPictunDita sodlessMusnudIpomea="9438" turfy="cassianCaddowDruse" strikedUndaub="archontNutatesEttled5557" keglerFirbolg="10393541">
        <maneySantar>extimaInqilab</maneySantar>
      </hagmallPictunDita>
      <wifeletOomancy bunked="daftly626" ahtTepeesOpiism="fermage" shifterBursaGrubs="radicelParma" dhyanaJookGypsy="bathkolUnknot4336">
        <chuck>view4</chuck>
      </wifeletOomancy>
      <tuyeresSeepagePlenum goulanVota="86840" shardExit="recastsBurao" anisylPipages="isawaPushyAlluvia" sexesCervusBulgur="cronk320">
        <gilded>88999</gilded>
      </tuyeresSeepagePlenum>
      <sodioPermitCierzo koppaBeche="bepenBain" overfewEvictee="77">
        <girnyCainite>3248</girnyCainite>
      </sodioPermitCierzo>
      <bonxie methodyDiallel="leadageNizeyPromic" hagmena="gunman" inkweed="emptied" blackenQuinia="84220492">
        <carniedCribralOgle>dronesScanicPrimost</carniedCribralOgle>
      </bonxie>
    </lictors>
    <vanfossPrink refeltDulosisNudges="brailedNaiskoiBuckoes" unurnAnighRedeye="66750655">
      <sloppy>dacoitBitserMuskets</sloppy>
    </vanfossPrink>
    <hypnosOutslid>
      <cidaridCom>267</cidaridCom>
      <bureauxBarflyRongeur>
        <youngsBennesMulleys>serosaeRerakeTrysts</youngsBennesMulleys>
      </bureauxBarflyRongeur>
      <jagheerCeteneArere plumbs="chagaJawlineOuther" lepage="potter" causa="trickyCernLownly" abaserZek="klvaOsphereDezaley">
        <urucum>boodleGeedSewin3005</urucum>
      </jagheerCeteneArere>
      <fendsSeroon tineinaTosherVulg="frauderCombustTimbres" isotely="hettie" yuechiSquirr="mammulaProbant">
        <cotinus>9</cotinus>
      </fendsSeroon>
      <canelas andaquiTarocJebus="rousingSaints" myself="flavedoAuriga" taquaGullionAnmia="emong7559" flyschBoasBrulyie="lookumYcleptDispel">
        <tapuyanStulls>12160464</tapuyanStulls>
      </canelas>
      <bratina fluate="164">
        <bizantGeonomaOgled>haffitsUnlumpy</bizantGeonomaOgled>
      </bratina>
      <duppies caballo="balanusShrieksPhew" marish="2168467" saucily="choilerFerried">
        <rareUnitiesOutpity>uphang</rareUnitiesOutpity>
      </duppies>
      <scruff kayaksXerasia="aeonsSivaismEpris">
        <aridity>3842</aridity>
      </scruff>
      <portrayMalls>
        <stator>emulantLeersTrogue</stator>
      </portrayMalls>
      <fecklyNominaDanaan diphase="burpsBeingsOverput" geldant="sparid" clepedSzekler="unwaterTesta" upchokeIgnitor="skewsPicae">
        <plantalStannumBesigh>pedicelSizzImbower</plantalStannumBesigh>
      </fecklyNominaDanaan>
      <cinterBegraveEurite sibredePipit="nikauDagame" ofttimeUnshrew="chaptSensaSauls" busyishGittern="epactAmita150">
        <hurty>hopingBeechyCattie</hurty>
      </cinterBegraveEurite>
      <tipoffsKoumisWeb scilDeedful="besoot" moudArmures="sunlessSpinachHaggish" oxhuvudCashboyCowroid="73626935" reoiledSonde="allelesPawnieFlybelt">
        <spewer>1872054</spewer>
      </tipoffsKoumisWeb>
      <terga lamby="degaussCaligaQuinine3" rampire="7037301">
        <euonymyKroner>comitesDunderClarion204</euonymyKroner>
      </terga>
      <rovettoCatfall hookumMizzledBopeep="frizingBaze" tossupsRhenishDevils="donmehMidterm">
        <avowedBifold>albetad</avowedBifold>
      </rovettoCatfall>
    </hypnosOutslid>
    <lochageFargiteVespa>
      <luculeSwob>3804</luculeSwob>
    </lochageFargiteVespa>
  </putlogs>
  <tout />
  <qtamSettos seeings="504117" upstealTrustTerrage="barful" naturae="balutCabobs">
    <upspeakFeazes deduitDormCollen="27661163" lavicEquisonTumulus="ooecialIonogenBesonio" painted="actualTabetJumpy" iotized="23" lambertUveitis="befilthKaikaraLithi">
      <coumaTayerCyme>858252</coumaTayerCyme>
    </upspeakFeazes>
    <doeskin>
      <mesivta>95220</mesivta>
      <agileFriskle kappas="bushTiens">
        <hexanesTalahib>art</hexanesTalahib>
      </agileFriskle>
      <bitsyLrecl atomise="furcateRunoffFungal" caelus="lahnda">
        <gibbierTajikiRecross>rachetBroidJukes</gibbierTajikiRecross>
      </bitsyLrecl>
      <grumph vacuoPlattDomines="tonnaPuirReciter" vocoderNandins="puntsGilder" sharpenKlaxonsCraves="bioliteHecte">
        <amoriniSnurSty>49683567</amoriniSnurSty>
      </grumph>
    </doeskin>
    <invoked herl="431" unjudgeAshirNaphtol="38271594" lewisPuntistSqueamy="13807">
      <soka>prexySand4611</soka>
    </invoked>
    <phallin sunns="droits" simuleLupoidLienic="frouze504">
      <refilmsTartana>urodelaOximePoetess</refilmsTartana>
    </phallin>
    <pretellOrbitar ouches="foisterMichabo9870" gaet="agorae">
      <stallar>lungans</stallar>
      <colate garniecJaunted="98">
        <preknow>khaAbasersPolls974</preknow>
      </colate>
      <solionsBackjawGauster>
        <capotEthenol>topAlcedo</capotEthenol>
      </solionsBackjawGauster>
      <incestWenchForegut pialynNamma="barongMussesVital6180">
        <kousin>grilledPhis8</kousin>
      </incestWenchForegut>
      <datisca>
        <mands>alsatiaDegold</mands>
      </datisca>
      <huskerShaktiLapis>
        <sweptBelimePent>impenCheatedClomped</sweptBelimePent>
      </huskerShaktiLapis>
      <dipsosDural nurlsBantinSiruped="twangsMourner" philter="inyoiteImbruedKhokani988">
        <cottonsMyalgic>brotelGingallStatice1719</cottonsMyalgic>
      </dipsosDural>
      <bourranPlows>
        <wastsOutpomp>conteurOfttime1</wastsOutpomp>
      </bourranPlows>
      <writhMustyZaffers twinesGainageDrippy="388035048" pludBerates="portio" mahsurHomeoid="gaugers" minaeUnrootInulin="preOxhoftBussing">
        <diminueTutsCerer>quibStandelPitau</diminueTutsCerer>
      </writhMustyZaffers>
      <tanaist healths="reeRemise" kobusDebonerLarded="barred" ironingPanfuls="clintCoignesGosain" sonatasSnort="arzavaPrp">
        <osesVistaedNongas>jessur</osesVistaedNongas>
      </tanaist>
      <faminePotion>
        <springeRheebocBines>haft</springeRheebocBines>
      </faminePotion>
      <hortLacuna sothicMeuteFunic="davyumCuidado" delistSerimpiTertium="jellsDowsing" welts="6" rattledSasani="torvity">
        <yanTegmine>75</yanTegmine>
      </hortLacuna>
      <rebedRozzers swickMist="33956" meltage="4174">
        <weezeHoverer>fraters</weezeHoverer>
      </rebedRozzers>
      <outdropVidkids academe="aloofePointe" ekoiNobble="amakebeMerinosRiksha" proreanIllocalEdital="sail" tbspPouffes="heelsMultics">
        <prompts>4</prompts>
      </outdropVidkids>
      <tepal speculaHarold="halibutRockerRedhoop" melledKotwal="kahau">
        <litsterCausticXylic>bimasNinos</litsterCausticXylic>
      </tepal>
    </pretellOrbitar>
    <yawny dienerPeskilyEtang="anemonyCrowlStuboy" coccidsCalumny="decisisAlmach">
      <lehrmen>89053018</lehrmen>
      <piqueroKimcheeProxima beseamClattyAutist="unvisor" cretism="treppe" erisDiodeCtr="clasperHableGeal">
        <salvaMikraAlgy>coolStuddyCaserio</salvaMikraAlgy>
      </piqueroKimcheeProxima>
    </yawny>
    <modiusTinea adeems="currachEnvelop" largoUpriverPeauder="glutenEagerlyMegrims" phased="icicaVarissePersia" hikes="wigJiltLav" punnicBori="15" senvyRyked="tapetaMorw">
      <hostelsStarostDigram>yashiro</hostelsStarostDigram>
      <craigCameral hastStomasCurls="6786224">
        <huddleTarnishAnisol>sweatRabbity</huddleTarnishAnisol>
      </craigCameral>
      <gamicPalsy>
        <nevoySublimeBoodh>uncoilAshiver</nevoySublimeBoodh>
      </gamicPalsy>
      <aesTummingGuerre cranked="hekteusFawnyJobbery" funestRealgar="882819279" thawed="319">
        <zaguan>derecho</zaguan>
      </aesTummingGuerre>
      <vealFooters nursesHeiPorno="nonage" mice="eke" outflyAdditurCoacts="jugfulsShrivedArctic7065" maddockBakalWareful="bodegasRisp">
        <bdftDeil>splayedPeakerDecimus</bdftDeil>
      </vealFooters>
      <prittle rakeoffBassoPadles="marranoVernile" undared="3594447">
        <clouded>933</clouded>
      </prittle>
      <gaskinsScamped capablyUrlar="326409" uptorn="gout" avenue="sphalmaRim">
        <restirUfs>appetIjmaa</restirUfs>
      </gaskinsScamped>
      <perlingHolding archfoe="flexo" fusiblePodiumGirth="diadrom">
        <tarted>bullae</tarted>
      </perlingHolding>
      <demirepHelleltThighed>
        <abrisHellery>49949</abrisHellery>
      </demirepHelleltThighed>
      <fatsoDewannyAlsikes caroticVenus="ferox">
        <doughs>soar</doughs>
      </fatsoDewannyAlsikes>
      <unurgedLittenTorose falserChamferLinks="eggsCornilyInglobe7842" covererBandingPilula="recageCroquisTournai">
        <pongeeMilkier>datumLimed</pongeeMilkier>
      </unurgedLittenTorose>
      <undullWealdenAgete nymss="820503" broguerSatedDepurge="87662921" anightsCudweedBalza="simpulaCervusRine">
        <bescurfNihal>florinWalla</bescurfNihal>
      </undullWealdenAgete>
      <rutilesMoplahOryxes pontic="manuresNiels2" rumpot="flockSucroseJagger" buddlesMetresBorage="luniesDowressLapsers" anychiaIonics="convent">
        <jarlessKoloSabbath>colored</jarlessKoloSabbath>
      </rutilesMoplahOryxes>
      <tokened yoghsAbaised="lyase" autumnUnmount="683406">
        <muffySlid>tweakerLeguan</muffySlid>
      </tokened>
      <schermOrellin ranglerActingsIntro="upgrowDebite" nidalGaranceChrism="leghornBugabooIndyl" beslapTappitMetonym="472" bettingMistureNavarho="pippinsFoothil">
        <quotersKnave>enceliaMacusi</quotersKnave>
      </schermOrellin>
    </modiusTinea>
    <daffedChateusLope>
      <athyria>exormiaHowksBabai9796</athyria>
    </daffedChateusLope>
    <bodrag>
      <tother>gadsLegific</tother>
      <spoot>
        <birddom>naga</birddom>
      </spoot>
      <goarBeton>
        <sabs>5087</sabs>
      </goarBeton>
      <grecianNarraDeposed>
        <pete>6911</pete>
      </grecianNarraDeposed>
      <inactCringe>
        <abaffShodBullnut>9663580</abaffShodBullnut>
      </inactCringe>
      <founder artier="herodiiCypridMujik" quisle="neth" iiwiMoiler="bananasGloria" cabmen="conjGript">
        <makopa>cowtownDksVillan</makopa>
      </founder>
      <anopla treatedCyprian="levMiaower961" harkViandsCrosa="aricinGyrates">
        <willers>9</willers>
      </anopla>
      <whammed estocsMgt="tilesOutfire" lundaHapteraBeater="sulaColfox" censedTophet="adalidOdaWagati" tupaiidAulical="parsecs">
        <mohrMontesFanman>foxyApinoid</mohrMontesFanman>
      </whammed>
      <dronaFives actsShinner="fasted" carversMedidiiSplays="moutonEntomic">
        <maboloZygnemaCorymbs>droverChias</maboloZygnemaCorymbs>
      </dronaFives>
      <manksEgest cranelyDerma="53" ronion="baals" aidmenSteamer="tripyLabiateHuia4671" thochtStylopsAtonal="744">
        <angelinMerited>ozarkDiabaseOnside</angelinMerited>
      </manksEgest>
    </bodrag>
    <yobbosKittly>
      <jumpers>84121582</jumpers>
      <dispopeLucayan laversHonkLoggin="tapisHowkitWoozily" busyish="domino95" paroticRenamesPuan="vasesBeardsReddish" feistsReftCaxton="tungate">
        <bescorn>farmoutOleins</bescorn>
      </dispopeLucayan>
      <isthmicDigoxin>
        <laugherMixyPhanos>bootherRusks760</laugherMixyPhanos>
      </isthmicDigoxin>
      <sparoidFaint fryerNovem="prositClauchtGander" ribbon="66141327">
        <dangingTundish>asp836</dangingTundish>
      </sparoidFaint>
    </yobbosKittly>
    <abricotBay fullagePeached="burmanSemsem" jarbleGippy="seeledOxman" aiolisPipAmula="8163616">
      <eyot>deposes6</eyot>
    </abricotBay>
    <gnaeus finick="teetanAdveneFizzes" oceans="pitwoodEngleimVarkas" caoine="succor95" istBityiteCult="slantBirdySwoosh369" satdYorkistGadidae="witesYeggsRefaces" saluteSynced="337672089">
      <wone>loppierIllPenta</wone>
      <bukatOuzeCeils tunu="unovertStirp">
        <donatesOhareFriggle>aculeaEmailedScalp</donatesOhareFriggle>
      </bukatOuzeCeils>
      <stirrup squares="clopped" leakerVarnish="70794067" groaner="smartieBonersEnfrai49" kashrutRetledZonure="decad8">
        <alemanaJacktan>1631</alemanaJacktan>
      </stirrup>
      <innateRots pouffesCopyboyFumette="adornos">
        <flogsAbassinNows>740351411</flogsAbassinNows>
      </innateRots>
      <bordHiperStere anadrom="jimplyCoset" appelsAlesan="argusesBowlingSeseli285" shodHoopmen="9696024">
        <liegierHydraPock>6</liegierHydraPock>
      </bordHiperStere>
      <limbsPeai fungous="88502" provendGuacos="daggaLienee" galeresKalpakRebab="aflareJainismDuotype" lysing="sulfineBileveLycidae4740">
        <flasque>37650596</flasque>
      </limbsPeai>
      <avataraPokeysRibozo delatorCowbaneIrma="churm">
        <eastMusherRestr>viscoseCivitan</eastMusherRestr>
      </avataraPokeysRibozo>
      <codbankWauchleGall osteoma="tempusSiddurs" sagathyScuppitWhand="53705">
        <senorVenire>striae</senorVenire>
      </codbankWauchleGall>
      <sutor bleachs="537" semmelRubbee="79747097" abyingCoyer="rehears">
        <warning>kloesse68</warning>
      </sutor>
      <flint erodesPharynx="formeeIrenicaGucki" tictacGarnets="appress" pouncer="envenomTanyard334" fumagoAssautSwarfer="ipidaeMutisiaFoo">
        <soyas>provandTwerps</soyas>
      </flint>
      <cognizeDatakit>
        <anulomaCucurbFator>static</anulomaCucurbFator>
      </cognizeDatakit>
      <paicheEmmett anaquaAxiom="4">
        <quippuTrogs>sugis</quippuTrogs>
      </paicheEmmett>
      <cudsFratry boseHourly="phoebus74" sangarsClaviStile="pythius" ostrichBaliti="7372332" songishDiane="psycter1">
        <caseinsHagrope>bandiesJeepWelding</caseinsHagrope>
      </cudsFratry>
      <rewrapsWuntee tagger="geosidBelovedArcaded" chooraGheberOutgone="ginksKilij">
        <mown>knaveryBibio699</mown>
      </rewrapsWuntee>
      <dilatorPromiseKatha gelant="leonidCozierRedroot20" meconinWildsSmeuth="moism" nephilaHosp="emulsicRamjetSupremo" misticCourse="scokeJangkar">
        <opaloidDebeigeAgena>36254251</opaloidDebeigeAgena>
      </dilatorPromiseKatha>
      <carreta disbase="hhdAuramin" uppop="mauledSuit">
        <wrawEpigone>rondino8703</wrawEpigone>
      </carreta>
      <kidderHurtful pargetsScram="424" comicryApproofWryly="elateryHisisOraria" babishEyrieReamers="helixCritch">
        <kroneIronman>loupeWiggled</kroneIronman>
      </kidderHurtful>
      <adoralNummus kvutzaShortzyStrae="rewetColons" torrent="shin" hookahs="457">
        <bannetsBawd>antonymReprint</bannetsBawd>
      </adoralNummus>
      <witney skylineBoobies="shuttleAcronymRekhti" devant="446" houselsUncages="8433">
        <bladingCrazy>mauriTotonac</bladingCrazy>
      </witney>
    </gnaeus>
  </qtamSettos>
  <clutchy />
  <cubistEpyllia fallyCatlins="2901" railmen="219362">
    <exileErgodicMitier>
      <cled>841561</cled>
      <cupsfulPhialae>
        <whiledMfdMessed>lauter</whiledMfdMessed>
      </cupsfulPhialae>
      <boxfishSinsionYark fructus="deathin" pentitReloansKulaks="tweedle681">
        <seck>biosisPomfret94</seck>
      </boxfishSinsionYark>
      <stadesHamzas fytte="foamingLaender" gizzBillets="livenRisky">
        <castleCogways>yeldThos</castleCogways>
      </stadesHamzas>
      <tailing porkmanTetric="unfrizzMarvel">
        <abwabUnvoid>spewingPacayCurrs12</abwabUnvoid>
      </tailing>
    </exileErgodicMitier>
    <aikClutchMatza>
      <encoderFomentoRegnum>1632</encoderFomentoRegnum>
      <kinooScopedCyprus dreadlyGaun="sepia4">
        <bravas>ladlerCoffles</bravas>
      </kinooScopedCyprus>
      <buhrsSorbile leckBefog="daddyVisageUnbroid" iranic="bogwoodRosatedDulling" ponton="drowsesBioxide6">
        <afreetGrapnelScorse>viol</afreetGrapnelScorse>
      </buhrsSorbile>
      <bidChucksShrews>
        <stabledDiss>psoroid</stabledDiss>
      </bidChucksShrews>
      <rpmMonaco cuvetteReify="391684329" foxiteFaggingSettees="kojimaWordmenJemadar" bonboDorselJazzist="cynipidPhyla">
        <angakut>ceroticGrovels</angakut>
      </rpmMonaco>
      <tyndTracksPommels atolls="59187518">
        <typikaConfideWerecat>rozzers</typikaConfideWerecat>
      </tyndTracksPommels>
      <denaryScrawl>
        <kulakiPomeys>inane</kulakiPomeys>
      </denaryScrawl>
      <heroify dizaineDesmansBebrush="aamNosism">
        <ramanasRestiffKarakul>lanaiSpeedMalwa</ramanasRestiffKarakul>
      </heroify>
    </aikClutchMatza>
    <touchedOutread>
      <mensalDooliGhanian>8656</mensalDooliGhanian>
      <tackifySothic numbest="7824" donskyFun="indra">
        <rahSushi>875</rahSushi>
      </tackifySothic>
      <mailingCaveats gliosisCoolsAthel="829786" fouthWaffleQuisby="senopia" detinPlucksDashers="waygateToriiCalicut" dotlike="sneddedSalsa">
        <rusines>abandonGasmen</rusines>
      </mailingCaveats>
      <bibblerLarry mulmullMaffickLindied="bywaysCuffedRealms" carns="245309030" yipsChazySulfur="16382850">
        <svceHatefulChurled>tavolaRayatBluely</svceHatefulChurled>
      </bibblerLarry>
      <caconym>
        <georgicCornein>collopsBoorishBeleave3337</georgicCornein>
      </caconym>
      <kvarPsywar>
        <sessionManwayRushen>beadles</sessionManwayRushen>
      </kvarPsywar>
    </touchedOutread>
    <morass>
      <spermsHyloidNimkish>mygBrevier</spermsHyloidNimkish>
      <beakfulAdoralPound chenier="coroun7956" haulierOverfly="62295" anogra="grsMeecher1" caribeLapisChapati="unwarmMinivetLogoff">
        <pungsBearpawElzevir>smotterScotale</pungsBearpawElzevir>
      </beakfulAdoralPound>
      <sapajou staringHineyWaltrot="lighterDiphaseCrare" stiffs="norieGonidia" fstoreQasidasElec="tibiasWymote" idaliaGambsIsolde="monsterArgoticDactyl1631">
        <chenierVaidicBrughs>porkpenBurt</chenierVaidicBrughs>
      </sapajou>
      <fuzing phoOregoniSpraich="kingcupLichted">
        <unsewed>wolfmenChomper</unsewed>
      </fuzing>
      <moschiCajeput fagotWottingHurrah="90" streets="tropeBurliesRexine" figent="4">
        <pasis>bekissSaccos</pasis>
      </moschiCajeput>
      <macusiCupel huddupMusefulPithy="12" jangleBackset="roomieTowsy" cibola="undinePalolos" yielderTholed="okuariElatesGastful">
        <unspoilCoaly>flectMacchiaLeaven</unspoilCoaly>
      </macusiCupel>
      <raghu>
        <kenareh>10</kenareh>
      </raghu>
      <henceBrasier becost="hybridLizzieSeggars">
        <begnawnRuvid>kafiriFaroukBewigs</begnawnRuvid>
      </henceBrasier>
      <peacesCrammel minbuGurishRomans="rhenium" vegeteDosis="1902620">
        <anolisChowseMutuary>unpaganOorialPinenes</anolisChowseMutuary>
      </peacesCrammel>
      <bateaTennis>
        <basalPleatedTutmen>60</basalPleatedTutmen>
      </bateaTennis>
      <jalkarTylosesBarvell dviguBoyarAlvelos="crinoidCats" pagerIambus="helixesPayoffDozzle" sayidTurkman="erfNylghau" speltzDecreet="braking">
        <whiteysVapor>nodedAuctary</whiteysVapor>
      </jalkarTylosesBarvell>
      <tupunaFanteeNicer galbulaStouthMoat="yallowMinimis" sluggy="whenasMulita8988">
        <furzierMermaid>uranide</furzierMermaid>
      </tupunaFanteeNicer>
      <miltedSpicule pinjaneTallishPudical="branialBhoosa" hyppedMsl="slavism1" asylum="bazoosHummock">
        <veiling>striveColing</veiling>
      </miltedSpicule>
      <adeemsAmpassy psalmySamaniYouthes="houstonHasletBancha" pest="unallow40">
        <patness>chalonsRebegin</patness>
      </adeemsAmpassy>
      <yoniUpdosDidal rebateSets="retalk">
        <vinicHeadingSomnify>72870571</vinicHeadingSomnify>
      </yoniUpdosDidal>
      <ixtles>
        <midOsteinNoshing>478095730</midOsteinNoshing>
      </ixtles>
      <beauingRib>
        <virousUjiOrating>barpostSwooped74</virousUjiOrating>
      </beauingRib>
      <oppWinkersAcustom genii="rwyYarranPopping" howfsStales="9" dunesShipper="queGeebung" stibineIronmanLowed="493967098">
        <conyrinBribri>idled</conyrinBribri>
      </oppWinkersAcustom>
      <gresArnotto mukluks="riotersJiffyRouse12" ulsterStachys="miasmaWastrelCandela">
        <judaize>libyaChylifyDiabolo</judaize>
      </gresArnotto>
      <boreasPdlTint>
        <evoking>teaty5698</evoking>
      </boreasPdlTint>
    </morass>
    <tytoLiliesDullest>
      <clangs>7447</clangs>
    </tytoLiliesDullest>
    <pranceCumeneEuro>
      <scentedJujus>buboedMiconia</scentedJujus>
    </pranceCumeneEuro>
    <melismaSelenicEncloak>
      <klongNudistsJewism>figeter</klongNudistsJewism>
      <fordedRabatos chackerCoation="inurns670" jotty="yarAriidaeDioxane" swansInkosAnomy="olchi" opticly="claxons">
        <freer>knifePushupsGodless</freer>
      </fordedRabatos>
      <propel torulasZaffres="candiesSivan" morticePatch="laenderIcod" rubelle="5" naebodyDsnames="hookeysPugKercher">
        <planksAslakeSesamum>robotrySpicedReslide7</planksAslakeSesamum>
      </propel>
    </melismaSelenicEncloak>
    <shifted>
      <guppiesUnfoxyBowman>481</guppiesUnfoxyBowman>
      <wholesAnkh retestsSlojd="stuart" rapinicEnfumeTarheel="koshareTongasToneme">
        <fronded>reread</fronded>
      </wholesAnkh>
      <brairoGorgio boleite="507718" beaker="313965">
        <dsnameBrinyShindig>dietiesAlbion</dsnameBrinyShindig>
      </brairoGorgio>
      <apogeanFaute gemotsOutfort="jochNoilyOblasts74">
        <arte>2711</arte>
      </apogeanFaute>
      <seewee>
        <ventail>theyllToriDromon</ventail>
      </seewee>
    </shifted>
    <recap>
      <bumbeeBegemFashion>logjamsBesoil</bumbeeBegemFashion>
    </recap>
    <ulnareEdictal>
      <subwayBersim>hia</subwayBersim>
    </ulnareEdictal>
    <swotted chiros="929615306" peaceEkphory="791296" dernly="truemanHenting" ooziestReeking="tepanecShrieve" scholaeWifeism="spasmed" kybeleCullay="honky">
      <lureOsseaManners>skibbyAknee</lureOsseaManners>
    </swotted>
    <surtaxEndoubt>
      <lablabPobedyTurk>nullos</lablabPobedyTurk>
      <soutenuTomas daze="onstandOutsuckMasai" biancoMelosMaoists="miltyFeints" fats="wimplerSchmearKirimon">
        <raines>outholdUmbonalRerig</raines>
      </soutenuTomas>
      <sonnets pottedDes="unvowedYerkedSetling">
        <pavingsRoosed>582</pavingsRoosed>
      </sonnets>
      <codfishSkills dsnamesFeselsRenter="hontousHatfulsCiscoes">
        <divvyFlabsDenied>stopway</divvyFlabsDenied>
      </codfishSkills>
      <nucal strictSeftonFunli="digonal93" cornedAsariteSemeed="myricin" eucreAndriesEucalyn="dipygiLosable">
        <halva>burkeTeporShelved</halva>
      </nucal>
      <cinereaTama soilsXyleticUnslate="colugos" aaliiNurtureAvenges="shilohSiftsShamer" kenteReeruptChats="psiZizzle">
        <nangca>mammaSorboseCertis</nangca>
      </cinereaTama>
      <nixeArdu>
        <ashineBegloom>derriesOuvertConnach</ashineBegloom>
      </nixeArdu>
      <wispier fumets="6282599">
        <bilboCaudaeRistori>boffoDizzilyHaddock311</bilboCaudaeRistori>
      </wispier>
      <sculker copies="knelt1576" phitAmletNeuric="embogueBraking" stative="aldus" romancy="sommaDesmidsBldr">
        <lemures>uspoken</lemures>
      </sculker>
      <etheneDug influx="bedgeryProvedStraik">
        <plumet>fied</plumet>
      </etheneDug>
      <ashpit>
        <fiarsVecture>chujeSourlyAramus</fiarsVecture>
      </ashpit>
      <owenian enwindsFerri="relatumPlacentHath18">
        <atiKyloTacitly>anaSomaticLeaky</atiKyloTacitly>
      </owenian>
      <besingWittier inkedClans="fenSeriaryNarwal" coucalEmeus="navelPagod">
        <undryDjelfa>eldingCusieDisgood</undryDjelfa>
      </besingWittier>
      <hairdosDivots>
        <dalaga>richeBhilRillock</dalaga>
      </hairdosDivots>
      <uncloak regionMetabitFurfur="heiressUnsoled" pahariChin="atresySorn">
        <deavesSparver>lashers5790</deavesSparver>
      </uncloak>
      <candidWetback>
        <icho>byplace524</icho>
      </candidWetback>
      <tekkeYentasRowport figuryCoptCertes="cauterSamekh" betonsDiverCantons="wecche">
        <vaaliteTaxies>farersChez</vaaliteTaxies>
      </tekkeYentasRowport>
      <enarchHaak elidingFallowsWacapou="alembic" tranceDuggler="midribsDraweeWaried">
        <encurlCuevaSeared>vairyPalisSultry</encurlCuevaSeared>
      </enarchHaak>
      <nephrosRecoupeWaffly nickarWideLooking="bowlerGymnic" roucou="biogasNeg">
        <kipfel>zoogene</kipfel>
      </nephrosRecoupeWaffly>
      <overputSondeHag>
        <frogmen>undue</frogmen>
      </overputSondeHag>
    </surtaxEndoubt>
    <triesShellumShags squads="earthEquiaxeCosteen930" lvaluesManati="shriveUnleash">
      <quipo>7</quipo>
    </triesShellumShags>
    <muckmanCombatCuracoa>
      <figwormCoopery>oraisonCejaKythe</figwormCoopery>
    </muckmanCombatCuracoa>
    <naySieger>
      <lashkarPimped>beakedBride</lashkarPimped>
    </naySieger>
    <topsmen sycock="addnlOar55" unnosedGome="runch" bebotchHaloidsWader="85667266" blusterBullismBackway="akebiAetatCouxia" plotty="awarded" vaudois="norryCowlUnlocal">
      <nestersOliver>aahing</nestersOliver>
      <tollWaltzesMoat nomadeScandix="knightFiliatePisachi53">
        <ropemenCurupey>unplankAlbino50</ropemenCurupey>
      </tollWaltzesMoat>
      <strataMyxoImmixes culbut="737704">
        <munchy>fikey5</munchy>
      </strataMyxoImmixes>
      <mimmood oily="cruised9708" senones="shadoofCourage" tidyingBruchid="octyls">
        <hoteFloretsNous>frackLimax</hoteFloretsNous>
      </mimmood>
      <posey hybodusNifties="tidyismZonerYawping">
        <monuron>autoist</monuron>
      </posey>
      <balledGrasniApperil finitesPitpit="ollamhCputimeKeta" vocabCpo="361670" kempyPigmy="erf784" erasers="pangi">
        <compendTenant>rezonedAteletsQueery</compendTenant>
      </balledGrasniApperil>
      <figs dopers="gundaAdoring" soilingGymnura="submodeChoatyCroaky229" genomesPasteup="3" scholaeSmilet="skatist">
        <pulp>3009</pulp>
      </figs>
      <bassist swiss="antigayQuidderWaxman9932" balaoDeliceNoes="impheesOvum">
        <upleapCharred>charpai</upleapCharred>
      </bassist>
      <tikesWingmenSool sandalTheismPoof="mycoseCrayletVirgal" expelsSemiegg="sunday">
        <brumbieApliticDoubty>taxWith</brumbieApliticDoubty>
      </tikesWingmenSool>
      <upasGelilahRaw akal="bassiaForefin569" onyxWhoopsUntight="putoffs" freet="sundang" friezer="ptpIsmdomMaxim">
        <gnarlyPouncerKikoi>yerthDolcian24</gnarlyPouncerKikoi>
      </upasGelilahRaw>
      <kallegeUnpetal upcockGunsToque="veriPodsolsWadder" engl="71006">
        <limbatApyrexy>bookitSyndetJemble</limbatApyrexy>
      </kallegeUnpetal>
      <unhouseDita jubus="1" dogcart="boyard" twas="195739">
        <gatch>sweatedCouloirSkinch108</gatch>
      </unhouseDita>
      <kelek halbertUlmariaFlane="branner3" babasu="monalTzurisCoraled">
        <actaeon>lutistZeke38</actaeon>
      </kelek>
      <pawkrieGuapena>
        <obeyedLakiest>kolhoz</obeyedLakiest>
      </pawkrieGuapena>
      <figoFuseau mounds="waybirdEast" magnusAntisex="35" undailyFylgjaUntrig="mpangweMamas" multaniPotterPopeism="alee550">
        <serTailet>rodmenApozema7</serTailet>
      </figoFuseau>
      <guric turcize="8605791" fotui="rhoda" creticAnticalCabrito="goasilaFoxlyFrisii" oralityDucatsSlabman="44770">
        <stagger>ludditeRagule</stagger>
      </guric>
      <husband lisaCivile="wrackedSwabble15" dippyLazary="runoutKetupaCinque">
        <scabineExtollCoinage>satrapsFornaxLight</scabineExtollCoinage>
      </husband>
    </topsmen>
    <boutreGayalChinned>
      <zadruga>4745</zadruga>
    </boutreGayalChinned>
    <warman>
      <testing>bodleAflush</testing>
      <slangyReagree gerbe="fruityArmsfulSeerpaw" bardilyCitiedVivary="aldamin">
        <crosaSacatra>twankyBoreismAgarose</crosaSacatra>
      </slangyReagree>
      <plagiumRecocks aeons="2822">
        <drivageHandlerFeat>21880</drivageHandlerFeat>
      </plagiumRecocks>
      <yaffBonceNyaya acceptsSplenii="thoughTaccadaYatters1809" moweBonboPiniest="tathDorayPedagog" lemmas="benj" abask="triaryl988">
        <hister>gonidicSerrage</hister>
      </yaffBonceNyaya>
      <rhoticCrummy jaggerThemes="74534" bonairGrumpy="witanHogties600" jungled="dau">
        <eugenicPassir>balorWongshyPisonia</eugenicPassir>
      </rhoticCrummy>
      <cabinda egises="craalsCockeye" pupalQuipped="semiAsuriEnsues31" creches="flyflap">
        <firkedMilan>outhit</firkedMilan>
      </cabinda>
      <poligarGnawers>
        <cloyerWrenlet>uplock</cloyerWrenlet>
      </poligarGnawers>
      <precentPoplar>
        <thinksCovid>gasparMilwellMnium8</thinksCovid>
      </precentPoplar>
    </warman>
    <scallomGenders>
      <relevyBacker>stasima</relevyBacker>
      <rotguts>
        <armfuls>sludderIberism9</armfuls>
      </rotguts>
      <redeye outgrinTundraDehort="squishyRefightHymns" clepesInulinAuctary="965544">
        <misaverPlimsolSafflor>5447094</misaverPlimsolSafflor>
      </redeye>
      <muscoviCrimesPascola adoniadOrgana="unbowed" sliverLampmenArilled="penseesLycopusHamital1163">
        <moduletIllure>dinarsPoussinAdream</moduletIllure>
      </muscoviCrimesPascola>
      <pipiestPament attackExudingChinkle="ballsyDibbukBlurbs">
        <krubutOreticPattee>languetCograil</krubutOreticPattee>
      </pipiestPament>
      <coltish>
        <corsletBriseis>slagsYallowSkua</corsletBriseis>
      </coltish>
      <remble dikage="794482" bothwayDyinglyWauf="cernFowlers" czarishEpitaphTonners="maniuEstated" warnage="3">
        <skellerSoakers>bilgingLeaserAjee</skellerSoakers>
      </remble>
      <lungeSeldorLignin logeiaPomatoAmitate="gambianCepheus7894" weededAsellus="boolian" batussiYere="indrawnGutted">
        <yhwhPyretic>feedersUnquitAmounts305</yhwhPyretic>
      </lungeSeldorLignin>
      <permiakBangos searedAcetals="clowre9758" bermsWhistPlayed="3888670" luriThrowstBegob="35380727" brayerConyQuave="unmadeTuxedos1363">
        <helzelRoughieTouzle>ptelea</helzelRoughieTouzle>
      </permiakBangos>
      <frouzeBoridRelucts>
        <tripodLocheBowl>trioCraniom</tripodLocheBowl>
      </frouzeBoridRelucts>
    </scallomGenders>
    <whameAtropaRansel>
      <gravityHemiamb>dynasts</gravityHemiamb>
      <overfix skelderHobber="fruitsPipitReuse" oocytesClupein="nyala" seaportMucoseStewbum="camphoPasty" pistilsAzotous="tourt">
        <agnizeDelver>hyrax</agnizeDelver>
      </overfix>
    </whameAtropaRansel>
    <doldrum>
      <alesan>pousyNaiantInconnu5</alesan>
      <beknownPhrase kukupa="regime" toyChalque="953642153" sevilleDorsers="khedaBoutel">
        <sockeyePeonsGaure>refectsZapotaVesting5</sockeyePeonsGaure>
      </beknownPhrase>
      <capris sitch="drunkerUntileRoadbed" emprentDewcapStocks="3774" saucedUnwontChopin="fuddleWades9">
        <cronishAsap>croodleTath440</cronishAsap>
      </capris>
      <gemlike>
        <plexorPhoned>61599664</plexorPhoned>
      </gemlike>
      <inkfishAeroHemipic minoJugum="afreshGez1293" lullSillagoPanting="adiatedRaja" oscinisGripsPirrmaw="shieldsRenneGratias" biders="mowing6">
        <gerimInvoke>kail</gerimInvoke>
      </inkfishAeroHemipic>
      <balnealGezerahPirned adalidPercept="belknap">
        <goads>46293</goads>
      </balnealGezerahPirned>
      <sidestMonotic infulae="3809" septsMahFounded="aroSahras3134" rectal="chumawiFelids">
        <chiggerSerranaGrate>stylarPerleMasarid</chiggerSerranaGrate>
      </sidestMonotic>
      <accede cleckRetwistPilpul="lyristsCogs">
        <scotomyUrdee>balmCarienFario</scotomyUrdee>
      </accede>
      <examensAsprawlReseat baldingLounderGlaived="ceaseAriels">
        <fliffus>tripelAecia</fliffus>
      </examensAsprawlReseat>
      <erotema mateAkkadKindled="deadest" deota="myronic7604">
        <loq>5261</loq>
      </erotema>
      <beatifyToodle mahoriCleddePugman="cader">
        <recropGin>baizasDucally702</recropGin>
      </beatifyToodle>
      <beanies terra="stomode" brittenHoras="isidiumVidkid" heroessCuttoo="writhyPyurias">
        <naegaitVetust>134172782</naegaitVetust>
      </beanies>
      <potassaStaidlyAxones thunorSteriTaxites="cracca" alights="wouldstCoccyxUntread" factrix="twaltYampaImpost8">
        <fessBehap>bienlySeary</fessBehap>
      </potassaStaidlyAxones>
      <adcraft clintyPaulism="cutters">
        <erelong>cobalts</erelong>
      </adcraft>
      <daredBesselVigors sarwanGraphs="262" tintackLarchesVeinery="alachahCunt" bractsBenetMediate="sunfall">
        <graphic>7</graphic>
      </daredBesselVigors>
      <abuliaStefan archealPauliteRibwork="81">
        <cretinsScream>nedder</cretinsScream>
      </abuliaStefan>
    </doldrum>
  </cubistEpyllia>
  <tarboxKails>
    <potableFascili thymylSpinnerBorzoi="adobosPowdryJibes" hypogynHomoGonad="flaskerPassen" palmsSafaviHookeys="boltinAbatageTyphia" cuttooTrysted="campitKhatibTonguy88" dunkUnrulySynoecy="welcherLabras9241">
      <guti>crenelMerle</guti>
    </potableFascili>
    <veadarVerayPbxes ersh="irish" indoin="754" labelInlayer="serific" flossyBangala="lender" cadgyFailureConjury="mopiest" ode="tabificEnarborMontera">
      <debutSyntonyRichen>switch</debutSyntonyRichen>
      <doldrumRespaceExpert pennet="xedTenors6">
        <luvianUglierLamer>oozesRidgils</luvianUglierLamer>
      </doldrumRespaceExpert>
      <thakurStaker venadaArridedEmbay="687816841">
        <lunkersSpinate>scornEquablyVestlet</lunkersSpinate>
      </thakurStaker>
      <invadedCallowCaraipa traistMorian="fulmine" soughsApopyleLasagne="anoiaMoreoteRancer" hill="2">
        <stemonaUnblush>typy</stemonaUnblush>
      </invadedCallowCaraipa>
    </veadarVerayPbxes>
    <protaxCarpals>
      <neoneds>slingFashesCryste</neoneds>
      <stroudsSubalar basalUntelicDegami="lattensRitzilyLousy">
        <relate>specky</relate>
      </stroudsSubalar>
      <exilic modifLimpy="926" recostGunlockTumefy="briers" sliversAnnardLayaway="stateraQuinoidKobang">
        <impeachCulla>glowCarap</impeachCulla>
      </exilic>
      <dupioni bateman="trigynDalea" strings="269">
        <aglaiaSpheresUnstuck>updosBaniansRhomb9705</aglaiaSpheresUnstuck>
      </dupioni>
      <jeremyRegionMorphew momGigas="grindedLou6649" functusLawterAeron="aloha" unlathIncitesUnrosed="enlodgePromise">
        <stremmaCourse>osirify</stremmaCourse>
      </jeremyRegionMorphew>
      <lupinesUppour grovel="triplumAcker" normanSlank="pluggerRitelyFamulli" paddlerCotch="zingelAmuyonTauri">
        <riveledHominidTickled>adoptedFhrer714</riveledHominidTickled>
      </lupinesUppour>
    </protaxCarpals>
    <unbendThyrsi>
      <pallahThrimsaTrink>pechan</pallahThrimsaTrink>
      <hockyQuartosFleerer>
        <scotomy>lipa</scotomy>
      </hockyQuartosFleerer>
      <rapheSovkhosChanga tapeteSilures="furlPaisa" invest="eighths3532">
        <pled>5990454</pled>
      </rapheSovkhosChanga>
      <leasersAute noritePauncheCribbed="flavicReplumUtum" eruca="8648928" lunatedBylines="whilePlosion" nighingSloke="outingYoopGlidder">
        <nappesShat>lierre</nappesShat>
      </leasersAute>
      <subsist>
        <ambage>apnoeasSensionSwungen</ambage>
      </subsist>
      <hockersIvywortFarhand furrilyShires="67291626" eyeyGainsay="copertaBlowzyPatties" adjusts="tautingAviator">
        <sectionAffirmYards>oudsAnxietyDopers2</sectionAffirmYards>
      </hockersIvywortFarhand>
      <gutiumScroopsPlanaea vingolf="warmanTawpies">
        <cteneCaleb>69767872</cteneCaleb>
      </gutiumScroopsPlanaea>
      <mintsDrizzlePagador rockoon="amazesStatistIrisher9222">
        <repugnsMegohmsVacuome>96</repugnsMegohmsVacuome>
      </mintsDrizzlePagador>
      <areelVeneralEmbryol mauleyCotingaVirgate="gullionEnarbor302" waylaidCausa="helling" orceinsMarbles="peixere" hootedMonodonSongs="paricaSnowk">
        <phizesShizokuUranic>ppmFlanesPerms</phizesShizokuUranic>
      </areelVeneralEmbryol>
      <semisesBebops uptrunkCabbageLiknon="idryl" miauled="knivedLimbeck" upseyShyingUnrobes="patel7">
        <skinchArcaOpposal>sharkerUnspanCaper</skinchArcaOpposal>
      </semisesBebops>
      <azorianBaaliteReviler>
        <leasers>lolaChinone</leasers>
      </azorianBaaliteReviler>
      <tiswin theolMyelinUntuck="48940388" entasesTanaistGunplay="10533" outwordShanksTestao="blart" hanover="5844485">
        <mariet>cattalo</mariet>
      </tiswin>
      <zarebasProngedVirify kiromboBeyonds="seid564" subet="mitreRallies" mod="alloyedFrowzy1" nucule="87">
        <prasineWinklePerdy>ousiaNoseFogies</prasineWinklePerdy>
      </zarebasProngedVirify>
      <chereJagless cains="gromyl" ann="101412">
        <noonday>gunatedDrunksHenen</noonday>
      </chereJagless>
    </unbendThyrsi>
    <fleshyAluletBrights graceTremolo="sharnNicety" zenzuicNerdsAwaited="908046" popular="acuan" juang="80514646" leucylBobs="regripLeahFingian" golo="gremlin">
      <resolesProlinJulidan>muterRoninImplume</resolesProlinJulidan>
    </fleshyAluletBrights>
    <upasesRoolPilon diuronBassoonRings="bootMofetteTramper" anosiaHandsewTrib="garishDistrixMeter" sinewy="skinkedLvaluesAnopsy659" euphoneDecylStaffs="hadnt">
      <yantrasSerpulaVectors>kakasReindexApulian</yantrasSerpulaVectors>
    </upasesRoolPilon>
    <iron>
      <jamiDiscinaAmyroot>mentors</jamiDiscinaAmyroot>
    </iron>
    <snapoutYfacksChih>
      <erdvarkCarideaAzans>genty</erdvarkCarideaAzans>
    </snapoutYfacksChih>
    <wingInklike>
      <reallowCitrul>keckyMahalyAglaos</reallowCitrul>
    </wingInklike>
    <redoutsVolte>
      <mungosGodkinVitrics>thlaspiPedante</mungosGodkinVitrics>
    </redoutsVolte>
    <tassooMonist unblock="kilobitBaffiesFerulic" ruckle="8259573" blunt="racketsOpen">
      <eslabonDefuzes>22254080</eslabonDefuzes>
    </tassooMonist>
    <sekosPredate>
      <spoil>scattsFeuding</spoil>
    </sekosPredate>
    <rallye>
      <vaidicKerogen>deponesFrizesGrumble</vaidicKerogen>
    </rallye>
  </tarboxKails>
  <bangos />
  <sorb sadists="dungerAssais">
    <barestBeira vive="ghurryAullay">
      <mochasGastric>claries</mochasGastric>
    </barestBeira>
    <guarand caneUpbraidCased="bosk" antjarAnthemsCryal="potteen" psychosMisobeyGrowler="7645657" polaccaShoreTephra="citersBesoul">
      <warmanArcadic>csects</warmanArcadic>
      <scazon ocyroe="51" enshellJubbahs="renamesAzilianHete" judaismCrost="tonantBoza">
        <untap>82121</untap>
      </scazon>
      <forcheDeathlyCajeput atikSwitchyMarket="masc88" akaakaiJabbing="kagura6" tipcatUnboxedElchee="scholarCyprus" scribesChessesHandled="lucy">
        <vertepWedgie>83888</vertepWedgie>
      </forcheDeathlyCajeput>
      <waspyCrimeDropman>
        <meropiaHurraysHuchen>atropiaTarkhan</meropiaHurraysHuchen>
      </waspyCrimeDropman>
      <murielLimen gawmGalloot="kluxerBleatyFixated" peteKafirClearer="6" hivesCaam="2922" paritorSuqArugula="torchedPuma">
        <skeenBeaux>strack</skeenBeaux>
      </murielLimen>
      <koussos precisoBebangFarrand="manitou">
        <pouted>bescentObj</pouted>
      </koussos>
      <foroldEyewearArrowy>
        <globusTemperaBazoos>kthibhAmeedMoocher</globusTemperaBazoos>
      </foroldEyewearArrowy>
      <strewerTieing>
        <santiiFugatos>inface</santiiFugatos>
      </strewerTieing>
      <sowans>
        <merlonStethy>combs</merlonStethy>
      </sowans>
    </guarand>
    <detrayComals>
      <vino>postmen</vino>
      <haftsMascot mylar="droob" cockilyFurnaceTootses="wealsAgawamKernish" coctilePuton="sainsIrises" invileAzygosSylva="741">
        <sinlikeLoriletRemedy>carneTagel</sinlikeLoriletRemedy>
      </haftsMascot>
      <witting epoxideThynnidBergylt="411287">
        <chalukaCalker>coseierDeflore</chalukaCalker>
      </witting>
      <mandyasNeep jeelFruited="simsimUngluesHaw">
        <atheismProbedSaudis>kundry</atheismProbedSaudis>
      </mandyasNeep>
      <measlesUngualsPuntout oryssid="kloochHillelProp80" mersePapMauled="kivaYoungthKeld50" goloe="cigars" oustedZecchin="piotty">
        <coffles>phearseBergamo</coffles>
      </measlesUngualsPuntout>
      <laiRaspersMaylike secernMrs="plowsDuftitePained" hottieChlor="algal">
        <morelleTernal>adams</morelleTernal>
      </laiRaspersMaylike>
      <papilioStakesAruac gillySoothe="727708" possieTwyer="blobbedNephila" quinineGoogols="neroli">
        <ropeway>gaddisTopfulToads</ropeway>
      </papilioStakesAruac>
      <serfage>
        <blirtBibasicPumex>barbalGhilzai</blirtBibasicPumex>
      </serfage>
      <goadedCollaGinnery>
        <liferWhosomePutters>begrain</liferWhosomePutters>
      </goadedCollaGinnery>
      <overseeHillier ogreishSinnerShangy="narwalInkfishDaphne" weenies="village" windyGlandsFactrix="514137" muscotTietickAutopsy="meatmenEskuaraDashy">
        <sasin>zermaEucrasy</sasin>
      </overseeHillier>
      <wagonry>
        <attachAgeless>algatePeres</attachAgeless>
      </wagonry>
      <aeneas galileiYakshi="typedAegir43" schlossAnnus="elritchSagest">
        <burgersGuiro>obeliseUnbored</burgersGuiro>
      </aeneas>
      <elecive trassesCrepis="mannaAladdin1193" csardasRawerRopp="lyticWounder646" shroff="jeeryUntieTorvous595" polderLarrupsOxyacid="50">
        <chalonBlowby>alcosolUmload</chalonBlowby>
      </elecive>
      <waive letticeAdoniad="438">
        <faxingWeavers>ammoCorvoidErred</faxingWeavers>
      </waive>
      <grogsPongid hrdwreMarishy="rolltopFets">
        <tamper>bahutNebby7</tamper>
      </grogsPongid>
      <offishRubbishAlmight sarongCockieBlazons="roed36" peisageAfters="docible8468" klepticLuiginoKiku="acreman" forefinMeed="culter">
        <adanceTatian>nitchie</adanceTatian>
      </offishRubbishAlmight>
      <sexedInringGujrati comer="3027967" lachsaPelecanChola="brewed">
        <caceWagwag>judgedFucoseDilutes</caceWagwag>
      </sexedInringGujrati>
      <reaskUnfaithLemmas ricardoSwiz="migrantMegaronFmt" sleeved="slidageTitmenRemblai" contImpanel="toletanFleas9">
        <votishIcodGazelle>merkPiratesChartae49</votishIcodGazelle>
      </reaskUnfaithLemmas>
      <habbeMachaon>
        <alcoateBelayedGaatch>227925579</alcoateBelayedGaatch>
      </habbeMachaon>
      <enwoundBaronDyked crimsonOurang="mollandWooliesUnpaced2742" kodakGrazie="66" mischio="2700798">
        <rort>corylusWigdom</rort>
      </enwoundBaronDyked>
    </detrayComals>
    <pattensNymphidShaped>
      <saltieMuraList>1271</saltieMuraList>
      <ovism manchusBiblistNeddies="dialinFldxt" aucubaCambist="imports" tendantDeaf="634198">
        <makutuMums>prizerGrummerCarnic1</makutuMums>
      </ovism>
      <cudWit dollops="hat" damansMisaimPausal="elshin" fashingFrogUrucuri="fytte">
        <scoffedSkinfulCaimito>cacamChimes</scoffedSkinfulCaimito>
      </cudWit>
      <weren pentineTaitGetup="posit" bytesSplunge="titlistEnclave" guttaNits="rampoleFringe">
        <chankRefroidCavea>88617</chankRefroidCavea>
      </weren>
    </pattensNymphidShaped>
    <outyell>
      <samvat>risersUnswornHoise</samvat>
      <knetch oraclerPalms="elbowsApopyleOften10" jangada="ardeliaOlluck">
        <kabietMyogen>fruggin</kabietMyogen>
      </knetch>
      <rancorGrantee mildredErgoTolane="oleateLogriaParnel" allgoodHoymanSpoked="peters45" chondriLugsExcept="cuttoo">
        <gleadSaulsRame>441557</gleadSaulsRame>
      </rancorGrantee>
      <dramsDusun gugu="agawamCursenJerking9729" gunateLentenExhale="chidersAppearsTeeming" wride="167" syphers="jogger4749">
        <potiche>lankly</potiche>
      </dramsDusun>
      <ocypodaPolyneeWeekday kra="oathful4518" sepone="quave">
        <umptyHaggled>erinize</umptyHaggled>
      </ocypodaPolyneeWeekday>
      <nagual idyl="3" cambial="achreeSyncarpNobley6">
        <zonules>fiendlyDogtailForking</zonules>
      </nagual>
      <theciumDorianXix berger="68750778" outishOxheadHydros="52" weldRatersFilmy="haunted" mondseeCharque="pogiesUnfeary">
        <westham>6760814</westham>
      </theciumDorianXix>
      <scabid>
        <lentigoMumpers>smidginRoundMetis</lentigoMumpers>
      </scabid>
      <feereOarium>
        <azulmicSidy>inustBenorthClay</azulmicSidy>
      </feereOarium>
      <qindarsBesmutBromite>
        <spurge>25551647</spurge>
      </qindarsBesmutBromite>
      <reductFivishHanoi vrilCompterBlumes="52" mopoke="musie" geodeteAgreersVilely="594814">
        <ephyraBakaOgham>tittle6202</ephyraBakaOgham>
      </reductFivishHanoi>
      <xema fumetteAzymous="gaditanOverestSpermin" halestPutbackHushel="pichey" zorilsColdsCrowbar="91977" haafs="plansShazam1">
        <adry>wispsUnsootySpeers</adry>
      </xema>
      <leerierHarshly loomsChallasPledget="guasa">
        <phoseCatoismMobble>cryptArmbandBeaume</phoseCatoismMobble>
      </leerierHarshly>
      <sullanPotence gawky="swardsCothurnKahau">
        <pondusComs>47054</pondusComs>
      </sullanPotence>
      <rodeo culla="sutorDequeue" aeonialTippers="noonsInfauna" estrualReearn="1795586" obovateBelat="31969">
        <parotiaTopropeDroich>repaleOrison</parotiaTopropeDroich>
      </rodeo>
    </outyell>
    <flaresAscitanGantsl spheral="percurShurgeeSlipt" cushier="pirogi58">
      <dodunk>kallege</dodunk>
    </flaresAscitanGantsl>
    <griffDehors paleCulmy="comber">
      <sagra>pensTailte</sagra>
      <unbelts crunodeHeros="cherup" grimly="debeakApulse" deafishAmenia="foxchop">
        <crinkleNauset>orlyNonfrat</crinkleNauset>
      </unbelts>
    </griffDehors>
    <heaveLetheManwise>
      <sownDunness>barouni</sownDunness>
    </heaveLetheManwise>
    <mintedIdylist>
      <taxeme>1</taxeme>
    </mintedIdylist>
    <hoggingBencite>
      <piecer>clamorsMairLikeful851</piecer>
    </hoggingBencite>
    <rapicBiolite>
      <wernardFishgig>pepinoPoshest7743</wernardFishgig>
      <knightsDiwansBorts>
        <snifted>pontinSarcodeBiose</snifted>
      </knightsDiwansBorts>
      <lamely swell="contenuSlait" posolo="6520" boricSingey="105021">
        <viduateNoncock>bribed</viduateNoncock>
      </lamely>
      <dirtenPanarisStaigs ogressAbbas="1658" polit="chimingAfghanShips6021" enlLangiteYork="auxinic" entrain="spartan">
        <biotron>saulsRussene52</biotron>
      </dirtenPanarisStaigs>
      <msec kraaledFugue="maya">
        <pietic>farfelsBeckett</pietic>
      </msec>
      <beshineNiyama arado="dodgierOatfowlOrlop" regraftIbaditeDetinet="adobeStrutOuthowl1985" hasteCombe="6007041">
        <totemySestineUreide>tabagie</totemySestineUreide>
      </beshineNiyama>
      <rhizinaIndent saxaulAefaldySinolog="emaneLungyis" burledHuurderAval="obscura" jerridMyxoPutts="quartinKeywd8" wascoKernishReshunt="bodle">
        <dassySpakFount>bilosCurlsWace9</dassySpakFount>
      </rhizinaIndent>
    </rapicBiolite>
    <alcyonFlyboat clangHandarm="pootherAmbryCatfoot">
      <matzosGader>onwardNotateIns</matzosGader>
    </alcyonFlyboat>
    <ryotwar>
      <duciRillett>laityKojimaDunkled</duciRillett>
    </ryotwar>
    <italPoss>
      <fidleyOghamsPunnic>cauchSievaMigs</fidleyOghamsPunnic>
    </italPoss>
    <lifen chopPeacodLooten="wambuba6898">
      <dartosIngrownDreamt>gery32</dartosIngrownDreamt>
      <jibheadDielec subpassQuetzalStong="deemingBlondesRighty5191" opticlyTsimmes="anletApers" componeLaterSink="belahPeking" scoteDurbars="1446819">
        <biodyneSyncarp>jureTweegToe</biodyneSyncarp>
      </jibheadDielec>
    </lifen>
  </sorb>
</tetchDatos>