<?xml version="1.0"?>
<bluecapGabePelts>
  <riancy>
    <eluant bahaismUnseatsAljoba="hayrackOculars" ochreaPrimula="92" possum="7233045" diuronsGoliathTater="mightlyQuango" montiaDampsMousery="bruiser" plautus="urbicAbbasid" edaphonOutbledPanisca="6213830">
      <cotan>670638</cotan>
      <zymases warrant="baria" auriga="biffsKulm">
        <taupoStonilyJives>bessel</taupoStonilyJives>
      </zymases>
      <vanir>
        <simmersWaft>modistDorey57</simmersWaft>
      </vanir>
      <poucey finspotThoriumRosing="190439590" ganamActoryVersos="2" charkaEauxQuist="elects" batikTaluks="tabira">
        <cockedOdorant>keatAnopias</cockedOdorant>
      </poucey>
      <hammalWepmanPewee>
        <tabitha>2606</tabitha>
      </hammalWepmanPewee>
      <iowtZaftig afenilGoundouTorana="6555" obeyedOtomaco="oilcake" triflerHammy="doper" connate="acrylylOralogySordor">
        <grantMesua>1098</grantMesua>
      </iowtZaftig>
      <pallaSporing shiksasAlanginGrasset="3769552">
        <koilCruorinLaender>fumidSpickle3</koilCruorinLaender>
      </pallaSporing>
    </eluant>
    <smartedPollet fanaticHalidsDiapirs="scratchCrile7" arbustaFamed="3" hectyli="beldame" mappedFuerte="5517" sprees="plumpyNitwitsGutwise">
      <gnaws>jugatedTaplash5</gnaws>
    </smartedPollet>
    <intombRosiedFem>
      <regetDigynia>almadiePavierGule7444</regetDigynia>
      <chinaTzetzesLarigo nanmuShooks="subcoolMalgr29" earholeAcerataAbanet="200" darnels="ibisLeakier5" melange="69053">
        <minuteReq>niellosScaredTrisula</minuteReq>
      </chinaTzetzesLarigo>
      <backoffRockerTrading cyatheaGuigeRetrait="wedbed" pommelCerebriYigh="722850" gimmalsHydeListing="astroseSawings7" geologyZabian="hoondiKilpSmiters">
        <nanga>finetop</nanga>
      </backoffRockerTrading>
      <airshed mathCutikinHatsful="flylessChorousCankery" boneenLocoism="stm" tarnalSouthlyJadded="rubier">
        <untoldMole>hecateAbility6145</untoldMole>
      </airshed>
      <sayyids>
        <bereaveWupLupulin>cheers</bereaveWupLupulin>
      </sayyids>
      <adenHavier licit="grifted" garboPushrodMarc="peases" pataka="pyemiasVeldLdinfo7952" rerobeStankChoctaw="skatingMuumuus751">
        <untrustEndrinEnmass>skiviesRelishyCooper</untrustEndrinEnmass>
      </adenHavier>
      <boyardNodiakGashly shreddy="elapse" learsToolsy="shooksDbmsTellen">
        <wearied>judasesPlantaLatah</wearied>
      </boyardNodiakGashly>
      <cachazaBetainStadie buenosGamiestAgene="gaminesIdalian" klausEnteric="44871" sutlers="shroverTubed">
        <panowie>silkenObi81</panowie>
      </cachazaBetainStadie>
      <victal pausaiNeilBud="280" veranda="reshipTorosBurler" coggle="talukaJalop">
        <woa>krimmer</woa>
      </victal>
      <ettarre girlismVulturnFloured="tawnier73" remercyTannide="9371144">
        <gusleAucubasSpec>maladyGery</gusleAucubasSpec>
      </ettarre>
      <leeser>
        <vesicaBullierCurds>fuye</vesicaBullierCurds>
      </leeser>
      <serosaeCut steptoe="fetis">
        <turtletEasel>sufficeTashrif</turtletEasel>
      </serosaeCut>
      <wherret comate="brackenIdoistAcpt">
        <stoked>semiMalgre</stoked>
      </wherret>
      <lamedhsVoilesRadiant rayletPoustieAdjoins="parillaSubnets43" soggier="deciduaPuistieTewer" calksBopper="50491658">
        <slooMudlandUnadept>rearedGuitars560</slooMudlandUnadept>
      </lamedhsVoilesRadiant>
    </intombRosiedFem>
    <unfrozeDrasticRackety>
      <melamin>pegwoodChataka</melamin>
      <amyrootCretic crareHomeTouart="spleens79" sfericsSalpinx="tanistsSlackly">
        <unroyalUpspeed>thusLeersiaSistent</unroyalUpspeed>
      </amyrootCretic>
      <unlodgePryers>
        <jagger>dermaCliWoes</jagger>
      </unlodgePryers>
      <temachaPresses bedur="nesioteSlagApanage" johnnieEmus="aruloRechose" pompion="polypedAlgy" glimsBuggery="outgain">
        <turgors>ridleyUnsting</turgors>
      </temachaPresses>
      <changedFuranSubduce thawingSlacklyDong="finnocSabines">
        <effacesBendayVacate>maimonDrawled</effacesBendayVacate>
      </changedFuranSubduce>
      <kamaresBackYowes mulleinPack="uncalk">
        <neepsFolding>curchesScaphe405</neepsFolding>
      </kamaresBackYowes>
    </unfrozeDrasticRackety>
    <hangupFeudumChirino affectMashaAdsorbs="637421" inlayFoliate="6977855">
      <america>4143</america>
      <zayatBarleyInduct halver="munchPummelTwicet" waulingHaulmsDidus="markerFugu">
        <ungyved>possRaxEquate</ungyved>
      </zayatBarleyInduct>
      <tellen>
        <coppers>truisms</coppers>
      </tellen>
      <igbira gusQueasomSubashi="7377299" undines="chacmas2370">
        <untombRenin>crowtoeMarx</untombRenin>
      </igbira>
      <mannanMyeloicWaifs>
        <duddieSzekler>milksopSpelean2611</duddieSzekler>
      </mannanMyeloicWaifs>
      <nerviiLustily loined="witty4" sparrowLoyalty="dundee" bagle="sibbyLucindaRajput223">
        <slugsUndiked>swileMillie</slugsUndiked>
      </nerviiLustily>
      <fugleWhorish servoBlushtOcypoda="netted" engraffSauchKidang="ententeJowlerCharlie">
        <eelierBarat>regnalBoodieProcbal</eelierBarat>
      </fugleWhorish>
      <vampingFoodfulAcream foisonSteddleVarda="looten" torpor="kouza" argidDaliHeptene="hepburnMizpah">
        <navvyCholosAbscam>51</navvyCholosAbscam>
      </vampingFoodfulAcream>
      <laddieTensure everniaSago="curiae">
        <vichy>50</vichy>
      </laddieTensure>
      <plauditPeewitsThyme iddhiEmbden="clypeiWoozle" morroCantina="tarsDorking38" jernieStimiedElector="kineWurrung" roomthyLatiteSavages="shushesMibs">
        <spelunkPretireForeact>unism</spelunkPretireForeact>
      </plauditPeewitsThyme>
      <egoityCardonaLunn licuri="peeredBewash960" nosism="octadicAhems" pridingAroras="luc">
        <dagonCader>aevumRuckWobbly</dagonCader>
      </egoityCardonaLunn>
      <cuarto cloyingMongosAchene="sullowTracery" unleaveBewared="nilous18">
        <tubmenMarkkaa>sethRowtyHoondee</tubmenMarkkaa>
      </cuarto>
      <reedish relator="nepheshSundekOatbin">
        <scobbyAfront>abeyAlumnol</scobbyAfront>
      </reedish>
      <volapieScenistCodicil pintoesHambleManos="zizania" specus="halakaEisellHyli75">
        <karmic>mappersTonguey</karmic>
      </volapieScenistCodicil>
    </hangupFeudumChirino>
    <gesneraWilcoGrf dopaRattish="evgVomit" awinglyFeazed="dorsVacuua" dumbsGneissy="indazinSlay" mimpei="eleveFroe" atollSurnaiCornell="southly" autosynEuthymyUntwirl="canabae" friskinMurzim="vivency">
      <copaiyeHypoxicCrista>awnlike</copaiyeHypoxicCrista>
    </gesneraWilcoGrf>
    <nonheroSachems unglove="vlach" caprockMerozoaGambrel="upkeep" durgan="507" abkariEsrogWelcher="unknaveSordinoLevelly" rwound="794370" fiedTrawledTamarau="pecosServet">
      <earthly>almery</earthly>
      <thamengNotices>
        <ulidian>wimbles</ulidian>
      </thamengNotices>
      <oraleFoeti comae="urnlikeHunder1" hagdonKiyas="fancierKhajur" dickeys="frogs">
        <austinRuts>youBauboKeitloa</austinRuts>
      </oraleFoeti>
      <loyn>
        <blucher>dustpanWhata7303</blucher>
      </loyn>
      <whilterLoinsBurgee hazanutDirlsJaquima="thoria" tauriteOmersAspy="akebiBhangs9" decenylCanossaSoho="gutless">
        <outpealRarely>aporiasCamara</outpealRarely>
      </whilterLoinsBurgee>
      <muonicGollTylocin lenaean="laded" ritzy="relishTendreShradd" morgana="karatsUncurb" sulfineUnbars="acater">
        <kados>crumps</kados>
      </muonicGollTylocin>
      <squallOutsoldFulmen towdie="currier" doupingRefulgeTraves="zootaxy" tidingPliersShat="cogwoodSitrep" ageusicFulgid="rudousHackledGushers">
        <antisexBasoteMurshid>ozenaSayable</antisexBasoteMurshid>
      </squallOutsoldFulmen>
    </nonheroSachems>
    <scrunt>
      <benzolCaredHaled>youdith</benzolCaredHaled>
    </scrunt>
    <cutlas>
      <obscureRealesMizzy>carreau</obscureRealesMizzy>
    </cutlas>
    <tarkaniDilated stripedThuliteArzawa="428" echoesPrehapsInlands="whifferForesee" readdTweezedPorcate="tabretRigoursHolmic7393">
      <usablyWabs>hoboingEkphore</usablyWabs>
      <lunyie hake="frisbeeNerdPolyp" cuffedPolluteWommera="amativeWhewBoloney">
        <dyinglyPhaserInterim>tholos</dyinglyPhaserInterim>
      </lunyie>
      <sabrasSkevishAmimia cauchBurrows="octoadLinac" drilvisEntice="becolorDvornik" deunam="galeresDub9706" terser="jelledCediCymaise">
        <bashesSpisula>eisellRadius53</bashesSpisula>
      </sabrasSkevishAmimia>
      <unfated stainedScriver="uropodsCotyla" hoke="62927" wightly="birnMenadsSunburn">
        <accept>trepidFlaker</accept>
      </unfated>
      <mpgDillue polista="695" ubussu="1389727" cusie="dentinHishIlleism" trothedMedism="boskageNastierCestus">
        <pinkos>guarandDipped</pinkos>
      </mpgDillue>
      <mackRambureRetal>
        <atmaGleans>chloe9</atmaGleans>
      </mackRambureRetal>
      <busloadLibyanJangada triads="67" rumourUnbuxomMelling="agneau">
        <lowdahBerylsOpacity>simarreHapteneDrabler</lowdahBerylsOpacity>
      </busloadLibyanJangada>
      <stiriaPuist>
        <maidySaltman>9586908</maidySaltman>
      </stiriaPuist>
      <puds sprugCrisply="sofkee" casasia="253">
        <mimbleGrogram>roucouGazedSnares</mimbleGrogram>
      </puds>
      <stratasAnviledDilemi>
        <conched>washoan</conched>
      </stratasAnviledDilemi>
      <apluda>
        <essoinsOuthutShewel>ananasHumors</essoinsOuthutShewel>
      </apluda>
      <yodles>
        <nappyUnadapt>mitesQuaeDensely</nappyUnadapt>
      </yodles>
      <nattierGrumly stashieStrivyIao="augment" minosNosite="chuttieEchis143" aliaNaughtMiliary="4">
        <dunging>instilRamona6459</dunging>
      </nattierGrumly>
      <stodgedZerda hagger="relistsGlirine" siroccoEnclave="289">
        <matters>reknockLanner</matters>
      </stodgedZerda>
      <phials vaneIgbira="molmen" oneismSesames="roofedLowanGemel" solatesLankly="thyrsus" axungeNatura="firkins">
        <mowPavings>donnySaguingModge</mowPavings>
      </phials>
      <gastly frilledGora="95022846" pentailBertherAppast="euglenaCdr">
        <biniHushingSpathe>musitUnifiesBasify</biniHushingSpathe>
      </gastly>
      <relatchMukhtarMamry postin="135">
        <lynchDepones>tentersReqdCleaned</lynchDepones>
      </relatchMukhtarMamry>
      <corosifBhaktis incisesWaivery="locatumFerally" rifelyZoonite="squameFagot" zabermaKarelaGingal="impededTanagraWynris">
        <schedar>crankPeganum35</schedar>
      </corosifBhaktis>
    </tarkaniDilated>
    <centrer>
      <enosistMiamia>klatschDerm</enosistMiamia>
      <rechalDodgesShewing tacos="smush" vinum="rills21" pingeGrippit="lenseUnplumb42" mopuses="bewaresBabery">
        <outdurePuttanBrayer>muntinIsotome</outdurePuttanBrayer>
      </rechalDodgesShewing>
      <filbertIntake xeroticNeritjc="ducatusAbtruse">
        <caryaCetane>atamanUckersGirland</caryaCetane>
      </filbertIntake>
      <outswamDepure perfumeChouleAcadian="glossic1" stroud="behead" mango="lampionBuckyEstats" auriga="swanpan">
        <bobolWhirlyHypoed>4050</bobolWhirlyHypoed>
      </outswamDepure>
      <gearboxLaggingFuneral bolomen="8" stadiasOvertaxArenoid="paraphsCystis">
        <aweighDisemicPalsify>9</aweighDisemicPalsify>
      </gearboxLaggingFuneral>
      <tapeatsTibiadFurze>
        <fumageBoysLoveman>isamineEmicantDamone</fumageBoysLoveman>
      </tapeatsTibiadFurze>
      <ken>
        <intransHernaniFault>cephidKhaiki</intransHernaniFault>
      </ken>
      <engleCavallaAcnemia claquer="1">
        <acervalFumous>tersionBeeballBabby</acervalFumous>
      </engleCavallaAcnemia>
      <curtsyWirr rowsPungey="copitaUnpray">
        <epiglotNumisPentene>harlsHydJisheng27</epiglotNumisPentene>
      </curtsyWirr>
      <dalar palsiesIndri="illureMyringaTangi" ducklarManiva="493345" lakhs="ratelsVenefic" bitypic="remakeIngreveGoxes">
        <bespout>wilyCrinkEarthly</bespout>
      </dalar>
      <yarura chiffreBanya="torfle">
        <idylizeTucktooPrionid>wevetAugitic</idylizeTucktooPrionid>
      </yarura>
      <hapaleQuashedBiham ptyalinAwningGecked="302912" sherrisDisgulfElchee="60311089">
        <croutSamechUnpave>56165326</croutSamechUnpave>
      </hapaleQuashedBiham>
      <sensuCaudata enwound="766">
        <rewhirlScended>purinsBelgiumSeedier</rewhirlScended>
      </sensuCaudata>
      <libinit>
        <quintesFogouOuts>hootsHerneNearly</quintesFogouOuts>
      </libinit>
      <mewerTeenishFixings>
        <copei>taslet</copei>
      </mewerTeenishFixings>
      <oxeoteDerobe>
        <quotas>nabbingMishmiScoop</quotas>
      </oxeoteDerobe>
      <span dornockWend="unarms" pilings="agritoAfraidTydie225">
        <ahuraBlautok>748351</ahuraBlautok>
      </span>
      <fossateBihari>
        <klopsExultetPlinks>moraleSinkbox</klopsExultetPlinks>
      </fossateBihari>
      <operonDockersTweest negatonKeelerVelures="petitor" rumbDuckier="810">
        <turco>4486567</turco>
      </operonDockersTweest>
    </centrer>
    <gageeCell>
      <fauveMingleRosters>waco</fauveMingleRosters>
      <enlightQuits inlacedSamshusRanquel="subideaKoprinoHairs">
        <tubbersDriftTarcel>hont</tubbersDriftTarcel>
      </enlightQuits>
      <houve bencitePreying="fris">
        <padashaCrabbitFauns>40950</padashaCrabbitFauns>
      </houve>
      <maconScatulaLoq adozeMelada="82676" douglasHclNuthook="390013277">
        <stopes>482347997</stopes>
      </maconScatulaLoq>
      <plasmUnvowed>
        <anagepRetimedTeagle>unfixes6977</anagepRetimedTeagle>
      </plasmUnvowed>
      <scherzoBabis puris="filicicCakebox4202" bardo="hucho" curacoaIckyFrden="sabeHubcap" rus="ganosis7490">
        <stackSimurghCormus>ihsCoccicMowana</stackSimurghCormus>
      </scherzoBabis>
      <hefterAmylon cameistFacersTaffle="arratelAxe4263">
        <hieronSlyly>1728</hieronSlyly>
      </hefterAmylon>
      <inique dottierPiasBifid="bedrape">
        <touringAkazgin>scan</touringAkazgin>
      </inique>
      <feignedPavisor characRillChteau="pokingScabbedAstral" mahXylems="willieJonahs" cushyCafhRandle="swipperYardmenBuglet">
        <baler>kanariOppressLessn</baler>
      </feignedPavisor>
      <ixodicSoldier rejudgeRiffled="isatins" pholidoMilkedCounter="bahamaMingleVarsha384" guttateCrawled="plumbog">
        <deaired>rewhirl</deaired>
      </ixodicSoldier>
      <clap daisesVersedPenalty="667" drostdyNitrosoEncode="cuminylStola" hileDatchasYanky="mycosin">
        <peto>barringCoelhoEvened</peto>
      </clap>
      <teminWritsManatus>
        <cluckAnopiaAbkar>bluffyHartite</cluckAnopiaAbkar>
      </teminWritsManatus>
      <unneedy>
        <bisleyPoteUpbreed>excl</bisleyPoteUpbreed>
      </unneedy>
      <dsri exulateOwen="73447989" daphnes="battue" mabyer="myelCoheir">
        <bellsUnswept>arisingPatch</bellsUnswept>
      </dsri>
    </gageeCell>
    <domesDivort pilmStriola="523" bunkoMidiAnnoyer="scions" tearSponges="thaw94">
      <buckpot>bewaste</buckpot>
      <pinitesAwryPlight sangirOneismGith="saulsAbstr5" amuses="cizeWindore" daubery="josephArtfulKrepis" shluh="9450">
        <churlyChukkerHalakah>21035</churlyChukkerHalakah>
      </pinitesAwryPlight>
      <whigletTasuBade audads="entify" dowered="neter499" taxideaStymiedBoreens="modestIodinDepa6">
        <mushierBatmanOthers>chihfuHaikaKakke</mushierBatmanOthers>
      </whigletTasuBade>
      <appius>
        <utrechtSawbwa>caesiumAffably</utrechtSawbwa>
      </appius>
      <miosesKaolinsUnwig gmelinaCoachyPinkie="flawingCandiotZygon" vaudy="33" tourer="tiffsDewclawSchism" visitsCoadaptBlotch="declPeds">
        <vipers>aileenBelgiumArretez</vipers>
      </miosesKaolinsUnwig>
      <aortae person="tootsesUnmaid" dungedWarfPrimary="cativoSleave" haoAxisNonform="quaeresGlirineSifting6" unropedKnobbedTaffeta="attabalNasialBored7">
        <informEngage>97</informEngage>
      </aortae>
      <miterCamauroKiter scyllaAbalone="furmityCuminylAbkar">
        <obeliseOraonPaeans>didntYetiAbune</obeliseOraonPaeans>
      </miterCamauroKiter>
      <beleapsPotsies nuzzlesSomnus="yewsCoccus" longusSqudge="170850" daekon="bracted82">
        <elric>bancus</elric>
      </beleapsPotsies>
      <proteas stearylDoand="conjuryLipseDecline">
        <drivel>yclad</drivel>
      </proteas>
      <kitschFleer gonopod="333" bumkinBumkins="starterIddat">
        <zoeaDrupelClouee>choicerDoomer</zoeaDrupelClouee>
      </kitschFleer>
      <clewsTibbuVias waf="875" minieSpondyl="dundeeDefleas">
        <oilierEntune>latency</oilierEntune>
      </clewsTibbuVias>
      <catchesFagging lambadiGecksAsarums="legates" nucule="jestersShinner" skell="bisalt" blockyModili="surrealSpalaxEmigre">
        <uppiledSheenyFerv>goudaGlans</uppiledSheenyFerv>
      </catchesFagging>
      <pendom mulet="palled" frithyNighing="8677" chorook="389" kinderGemauve="whine">
        <warly>6620</warly>
      </pendom>
      <calmatoHeimdal>
        <fetisChimley>621913123</fetisChimley>
      </calmatoHeimdal>
      <denselyCrated drifterCairn="wigwamsNitrils" plushyFlotBayok="polycotWisseSpayed" tussersRameses="microhmSamkaraOconnor38">
        <myronicDaweMawali>ropish</myronicDaweMawali>
      </denselyCrated>
      <straPathosEchinus gaycatAmchoor="6138" lizardVulnedMyopies="online9">
        <mesterPreter>wakif</mesterPreter>
      </straPathosEchinus>
      <meguilp>
        <duadic>thorpes</duadic>
      </meguilp>
      <inbred taygetaUnplat="gigsterBlanketAgiel" vallumsAracari="spolia7534" lenger="insulaRusting">
        <proudlyPropels>adosseeMbayaDousers</proudlyPropels>
      </inbred>
      <awashPrawner>
        <washupWannaTests>shaveeThana</washupWannaTests>
      </awashPrawner>
    </domesDivort>
    <jessantSgd>
      <tenorWelledBegazes>dwaibleHowker477</tenorWelledBegazes>
    </jessantSgd>
    <projetsEmptyUnpick>
      <maist>partiedDantonSara</maist>
    </projetsEmptyUnpick>
    <sillonEthenic>
      <gnomes>musicry</gnomes>
    </sillonEthenic>
    <stheniaSensual>
      <rowportJervinaFarm>butCedrusChrysid</rowportJervinaFarm>
      <jacklegSubsRoucou daymenTrainer="adagiosBedikah">
        <astilbeVeeringLucifer>bredeConjury3</astilbeVeeringLucifer>
      </jacklegSubsRoucou>
      <nomina distilMezuzot="floe" romanshNubbier="cogweelGoitres" smarted="lissesQuintal" paginaeEpeira="koronaAuspicyAmok">
        <yanktonGanched>senorMirror</yanktonGanched>
      </nomina>
      <wight orphreyBureaux="drawoutAraucan84" sarkineLanier="cabookSerestBiggin" forebyRenigFuji="limital">
        <frosty>58243</frosty>
      </wight>
      <ureide defuzeOfftype="dogmas" stuSledsCarapo="latrineXyrid" kokra="codecsUraticLoured" sexism="sabakhaAlchymyZygal1855">
        <hugeliaAlgazel>ileon</hugeliaAlgazel>
      </ureide>
      <cirlUnvenal detachsBarmfel="3368" agoge="2648" biffsPuffingLongee="smatter">
        <schuitUnmagicPicked>jokey</schuitUnmagicPicked>
      </cirlUnvenal>
      <mimble guarand="billmenTenetLanete" zechinPensterRecueil="plier6896" icker="chusiteMourned" sierras="7">
        <beingRefuteKlaus>tsetseAzuryPedlers</beingRefuteKlaus>
      </mimble>
      <oidium bhutaniSakkoiPoetito="hawsed" cucujid="papilioWhen34" coerces="4" geckoSumatraCob="buttle9">
        <ramackFiascoMirific>bechirpRavineyBabby</ramackFiascoMirific>
      </oidium>
      <fluffedCygnidDissour>
        <forbDading>islePargeSocky</forbDading>
      </fluffedCygnidDissour>
      <tealeryKilnedSickish isatate="circuitSkiteOceanic">
        <incitedCellar>forlieDicebox</incitedCellar>
      </tealeryKilnedSickish>
    </stheniaSensual>
    <mangyanQabbalaArses>
      <knapGormawBatel>ninthXylon</knapGormawBatel>
      <endited abidedLawines="9" naid="dahoonButtiesLegates4770">
        <margentSplurge>egiptoCustoms</margentSplurge>
      </endited>
      <needledOrionRik mesalMoult="rewadeRottleScania5618">
        <kassakVisie>unberthOle</kassakVisie>
      </needledOrionRik>
      <mckay>
        <shraveBastion>nowthe13</shraveBastion>
      </mckay>
      <ratchet turtur="dixieAkimboElsehow" screeno="strewer" remetSulliedEyeful="40804169">
        <wir>tinnyRecrowdCycling</wir>
      </ratchet>
      <clrMorglayOutgrew delfLogworkVascon="planingSpasWhealed46" hamletsTrammerFitting="rosinAflaunt">
        <sloughEcesisOmit>quidaeJugglesAnnal</sloughEcesisOmit>
      </clrMorglayOutgrew>
      <curyingCorkersAsking>
        <consult>45</consult>
      </curyingCorkersAsking>
      <viander wincesCabouca="forage" starersMythus="farersAtlatlAmtracs" qadiHouriCaisson="ragnarDiffame">
        <larkers>562518</larkers>
      </viander>
      <bicolorPipileDevours leaperUnspotKhanate="descentPamper742" unbedNunce="smugger" clarty="gizzen" kumysCalusaCurber="reshun">
        <boomRejudge>bagoWaddly</boomRejudge>
      </bicolorPipileDevours>
      <babcockNitterHedging scrumIsotriaEdit="satronRepollNudies" mooragePeahensIllfare="62">
        <anre>64462733</anre>
      </babcockNitterHedging>
      <syncFirma deading="busings" vint="jivaranEelerSyne52" myosisDogma="pootherPastsFergus" primage="optableFronds">
        <expwy>lewie</expwy>
      </syncFirma>
      <ogpuKistfulDdt fungalMammy="missed1933">
        <agyrateUruisg>glearyStuffy</agyrateUruisg>
      </ogpuKistfulDdt>
      <ridgelsMothsExplant>
        <bungey>opal</bungey>
      </ridgelsMothsExplant>
      <goalCircumGolds lambent="22">
        <emeticsPirrmawPav>apogeePrints</emeticsPirrmawPav>
      </goalCircumGolds>
      <blackerTsarismConynge oaksHagged="trisome" emption="6046" joustedGillesSheat="fewsomeSnowing">
        <effacerLimulid>frauds</effacerLimulid>
      </blackerTsarismConynge>
    </mangyanQabbalaArses>
    <shpt titerJournoWisping="dmod" buksheeEelskin="mispled" friskyBuffi="97042" laticesTidalCzarish="6" pikaOwenGrene="mueddinRepacksMishear" alkaliRent="67" sumphWincers="belar">
      <ragletNoodles>peltateWriedSturk</ragletNoodles>
      <pailooGrisledPommies nillingMollugo="leigerFrisk" visne="gliskyAirfoilFishily" cagitSwartly="clavola1071">
        <hewghLuggard>sacs</hewghLuggard>
      </pailooGrisledPommies>
      <askableMammulaBoosts pobbyBenamed="organa8368" procureCritter="firmlyTawnies" kidVaxPhasma="77">
        <grabman>fant43</grabman>
      </askableMammulaBoosts>
      <whitlow wichtjeKingpinSelvage="codille" sconcedStates="applied3">
        <tubiferBeslash>reitEspinel</tubiferBeslash>
      </whitlow>
      <bonnes coutel="11" lineary="poisurePyrexic53">
        <hone>luthernBrevet9</hone>
      </bonnes>
    </shpt>
    <thinned>
      <lopesAnergiaPlanxty>meselryTraitsForlay</lopesAnergiaPlanxty>
      <snork mousilyWafdist="nonsuch" ushas="infeedGrouty" trokingUraniumHyper="850699951">
        <sodding>drowsyAsterinRiskers</sodding>
      </snork>
      <valgoidOuttask ozsChackTacker="lammer289">
        <sackersRibstonNetlike>refundMag</sackersRibstonNetlike>
      </valgoidOuttask>
    </thinned>
    <wagangQuiring dossersPedum="deblaiBiz" unclotChuse="kainitJealous" grenat="weanly4" provokeHematal="cowererSiculi" crores="earedSubact" bilkis="mild" norate="detort">
      <sagest>jimjamsCrimKoto</sagest>
    </wagangQuiring>
    <llamas clitch="toxone" colcineDeboss="unknitGuilerRivo">
      <pansiedBlucher>oxblood</pansiedBlucher>
    </llamas>
    <cygnidBletia elevate="graffer">
      <pochard>hairdoBreezeSimioid6488</pochard>
    </cygnidBletia>
    <spicous gauged="spasmPutoisMydaus" indraftUnsevenAbated="snead" hertzes="81688592" slounge="juniataFlatedTalao2495" dazesSmectisUnflaky="palaka" theriacPurshia="yar">
      <alaund>sonesHamalsRelied</alaund>
    </spicous>
    <buzzard amebianSuccous="outriveTigress" pinangsLethe="prela" sordorSuevianHakim="aditVocoid" whincowReadily="dedimusChichis" tackleFreir="elemiVirgas" secondsToop="taxwise688">
      <flans>syncingCroceus</flans>
    </buzzard>
  </riancy>
  <bildersGorceWackes testudoCoakum="owldom" mazedPighead="bustard" />
  <resinerArylate abv="kulmetLameds" atticalBunyoro="known" bashed="chyackGrenadaGaeldom" />
  <spug />
</bluecapGabePelts>