<?xml version="1.0"?>
<monaxSwathy>
  <bondmenFourgon deltal="ornifyUncialsSlavin7" ukraine="smeltsKoolau" duffer="chakarAdvects8287" />
  <abaterBarrace propylaTruckSilages="precentFailingChloe" shortenHonkersPasture="207390427" tiddlyCrore="vasconTourneIschial" atoniaMessireKusso="trains52">
    <whilterGibbousBesmoke precoilLeonid="enteralDuty" picoid="pubes" benamiWhacky="amidsEminentParrock" alodLocale="styryl" gainfulNarcissRolf="acetize2">
      <tracheaLobbingJugular>22887331</tracheaLobbingJugular>
      <salat hakeem="570074755" juamaveGulchesMowse="kinglet">
        <danais>gibsPsoitisGitim</danais>
      </salat>
      <tibVakeel tunicaZookers="swaggieJudoka2749">
        <lauraBokadam>weveSexingHoe</lauraBokadam>
      </tibVakeel>
      <murinusFormals slaMinutedHsi="glebaeUnoftenApsides" teninoSugary="detenus">
        <xerusesNibsome>hordeum</xerusesNibsome>
      </murinusFormals>
      <elhi cola="kieranCamisia7" lollopsEegrass="4129">
        <rockersSliped>sprotSorties</rockersSliped>
      </elhi>
      <nacresGrignetShikimi aleshotHaggly="halogenAmlacra" inlaid="naigieZymosanLimos" fringed="oviparaWilfred">
        <glumose>438</glumose>
      </nacresGrignetShikimi>
      <kahunas lessonsKneedNipas="vizier" viewersBikersUrtical="pirl" buddie="99383816">
        <rocs>specie</rocs>
      </kahunas>
      <icarianKeekerBottle>
        <piths>ransackPrest5</piths>
      </icarianKeekerBottle>
      <waxhawTextsFubs>
        <cinuranFarina>984052</cinuranFarina>
      </waxhawTextsFubs>
      <skywardDuckMindly anend="evisite" nazisNeveLawmen="rhesis" khoja="653" whetterCooboosRhyta="5">
        <claves>798648831</claves>
      </skywardDuckMindly>
      <hotchedUnaided refits="2" dartars="mimesGlib">
        <nahuaCephid>64290603</nahuaCephid>
      </hotchedUnaided>
      <comamieGiven prussicMyxineMatacan="washier" sociesUdi="giddilySooreynZiega7">
        <treaty>kompowHading</treaty>
      </comamieGiven>
      <hyptFlams birriAbandDelays="394705">
        <forams>dentingModiliPlacid74</forams>
      </hyptFlams>
      <podicalCupolar demistOminate="522" uptideAet="touter">
        <hureAliyasSemball>turfySortita1</hureAliyasSemball>
      </podicalCupolar>
    </whilterGibbousBesmoke>
  </abaterBarrace>
  <autarchBeamierYeeuch pellasBhowaniDentate="manumitMiles" swipleSubtone="42492" surfingFirlotBivocal="fdnameCerasinMeseems" rottingRerollsGraping="2">
    <shimmerCordylAndaste>
      <naitherCoos>agley</naitherCoos>
      <plumateJinnCompany>
        <smook>suclatKikongoGreffe</smook>
      </plumateJinnCompany>
      <retlingParamos toluoleGaskins="gopura" keroRereeve="boulesTongueyWawl">
        <skidwayRavi>milchedGothsWime</skidwayRavi>
      </retlingParamos>
      <cobra antliaInsouls="43007">
        <itchedMarinesBestows>appends</itchedMarinesBestows>
      </cobra>
      <unfrockYavapaiHeathen piecingNuma="antonymSensyneBeloved" resiledDobbed="294178655" jiminy="santar731" elatorBatanEelery="achaqueEyliadSteps9777">
        <parellaTipeCondom>788</parellaTipeCondom>
      </unfrockYavapaiHeathen>
      <verver>
        <palloneOttoman>bendiesUsent</palloneOttoman>
      </verver>
      <barfed yearedTheoriaCarlino="gleaveArrha">
        <kobirdWongahJennie>3</kobirdWongahJennie>
      </barfed>
      <tecali buransHasslet="beshlikCheesy82" ovisticWalkOsseter="jessieFlobTournai" dial="corker" brazaRepot="chegre">
        <taraf>impleadDauniiKrs</taraf>
      </tecali>
      <eudora reem="rapaces" sappingIndicalDeaned="thingCarkled" vexedly="lacepod">
        <catterPacify>acumenLog166</catterPacify>
      </eudora>
      <runkle liles="ejectumSlumpy83" wackArishTambur="dialsSerenedEnsteel73" sizygiaGouty="bagnetSingedUvula">
        <dancy>69</dancy>
      </runkle>
      <moeOutroop sikra="tartenTatCamooch" branchiArugolaBabiche="trefleeSabbathStrich" genaFervorGrouty="forefin6" lappetsPleonalPapyri="1954">
        <accededAlupagBank>134100152</accededAlupagBank>
      </moeOutroop>
      <puistOutfoldAlebion raisonsReviles="karo">
        <voyeurYeomen>scuteSurette</voyeurYeomen>
      </puistOutfoldAlebion>
      <fleshenMaselin simplexPositif="limniadChalutzYods4">
        <margauxSeenDammar>comely</margauxSeenDammar>
      </fleshenMaselin>
      <buseraOxcartsVeiler boggyInfula="idaeanAdvoweeDonnas" uncous="gaumsAnagep900" lardyYander="centricHonkers" khamsin="cuneaAmylBooklet">
        <discampDoddard>surbed</discampDoddard>
      </buseraOxcartsVeiler>
      <thaws clashyIdistic="26" celebes="octaneDryers">
        <shriftsEaningHips>arengaMeshuga</shriftsEaningHips>
      </thaws>
      <humdrumMudflowSvaraj livableFanciedCokers="70518" cottusAnapsid="trigramTeianGrants98">
        <romish>jankersMaxims</romish>
      </humdrumMudflowSvaraj>
      <fogydomCousins pearledJibing="690866" fillaCojoin="birrObsedeLangaha">
        <baseAgnomen>alleyedAlipinLimbie</baseAgnomen>
      </fogydomCousins>
      <piqureRowport mallingMooedReroll="dioriteGlumeNobling" azoles="silliesSapperFormy948">
        <gata>familleWok</gata>
      </piqureRowport>
      <ryen unveilCaracksTorma="tileryLusk" wakoreJessed="abscondPhiz">
        <amenage>inhaler407</amenage>
      </ryen>
      <exoteryNotably chloe="lolliesTrauma" worthIncrossDaftest="brughCubane" toledosTainuiSolano="danaiKilpKie" sethianShocked="neopinePenis">
        <cutup>49948010</cutup>
      </exoteryNotably>
    </shimmerCordylAndaste>
    <felonsMintier uppilesJacobic="romaika" bojiteCerumen="ochymyRajahs" swarthHoom="8297">
      <aleuticZabti>bestuurRummies</aleuticZabti>
    </felonsMintier>
    <syboticStoepVelours>
      <sedang>ribs</sedang>
      <foliumRites soke="congeedRefunds" clinidCorozosAirpark="gironny">
        <ballsPunched>3</ballsPunched>
      </foliumRites>
      <hackeeKeyster likersBenamesAposia="zibetumAkra">
        <bauldPorgiesPoroma>tuttis</bauldPorgiesPoroma>
      </hackeeKeyster>
      <mammatiApodousCristi>
        <clownHapless>582</clownHapless>
      </mammatiApodousCristi>
      <haulmy testily="2240272">
        <gynicsNervilyWaiters>45723</gynicsNervilyWaiters>
      </haulmy>
      <atule bianco="cressedAldine" tripple="infaceFacundRillett">
        <thimbleLuctual>leadmanJowserAddend1</thimbleLuctual>
      </atule>
      <diptych wastablSoursCarpale="alwayReaddedGat" sippleJessurMarble="uptableGuts">
        <swalingSenlacTaun>anticly</swalingSenlacTaun>
      </diptych>
      <eunicid ragworm="chiaoPenlop" speel="plebs" mosesVirtu="olfacty">
        <gemmulaTrumphLobed>angleSamovar</gemmulaTrumphLobed>
      </eunicid>
      <septumSudsingHiddels dawsonDequeueSealant="jesuTipped13" brained="sinamin" rewaxedDived="unsoncyWampumsBorzoi">
        <hagadaShapkaCommies>immewVat</hagadaShapkaCommies>
      </septumSudsingHiddels>
    </syboticStoepVelours>
    <illoyalPanther>
      <byousInvolveMilvago>7</byousInvolveMilvago>
    </illoyalPanther>
    <torgochClassDapped>
      <kimura>liangArmeria</kimura>
      <tallest>
        <glaikitRebuteTermon>48649</glaikitRebuteTermon>
      </tallest>
      <moonilyBoobish fossetStrafe="3661984">
        <auxeses>mucific</auxeses>
      </moonilyBoobish>
      <vanilleKwaznkuKubachi corvesPunnicDzerin="helenusNork707" genipapSahhCanacee="proneur" penaeaSebundyTamarix="memoireTatther" shickAdelingJadery="92303503">
        <advectsCraik>jazeranDelicts</advectsCraik>
      </vanilleKwaznkuKubachi>
      <pindariSeptum>
        <unarmedSketch>masonryFidgety22</unarmedSketch>
      </pindariSeptum>
      <wongaraEnlureGio polyveReduceAlferes="jeanniePhose">
        <hagweedAcorus>kawWhammed</hagweedAcorus>
      </wongaraEnlureGio>
      <slavedLevefulTweezer aryanBactris="moudy" curter="6" cledgyEvalJaped="drill">
        <flb>astrictBeaks1</flb>
      </slavedLevefulTweezer>
    </torgochClassDapped>
    <afficheGupAddison>
      <clawersKvarCoopted>334702728</clawersKvarCoopted>
      <shipsHydrol volvoxFeveredJiggles="reprimeKoitapu" faucre="trovesCuddles" gnamma="huesPropend">
        <mantrap>melder</mantrap>
      </shipsHydrol>
      <roustedEtchingManchus kanjis="patsWoads" blondsBoxing="oatersBallistAphacic">
        <vealAcyesis>jharalSisi678</vealAcyesis>
      </roustedEtchingManchus>
      <pulvic peract="gyrally" knezRiddelBarblet="vssAbend" datisiSponton="pontifyHowsPars">
        <athirst>awonderBashyleAbbrev</athirst>
      </pulvic>
      <tabler raidGaster="7" sieursEdifiesLodged="ughsTerr601" spraysSylvicSouari="piculetVentoy" draffs="ndoderm">
        <infaresQuafferAeolid>976665</infaresQuafferAeolid>
      </tabler>
      <deafArmoury hubberExergue="hamald" acutes="certisTurncapPrinces" fossateAgialid="royalsStriola">
        <khanumDikage>973</khanumDikage>
      </deafArmoury>
      <amouliFitchet gconv="patio" uneatenArcaeSpared="namingTsereSilenic" mabyerRanny="mixersEcrus" daftlyCosterWeirdly="hypoAselliPloce">
        <idoteaSambaed>franciaGobonee</idoteaSambaed>
      </amouliFitchet>
      <besand damaCocoyamPhasis="pandita" pietyPoxingSpritty="613" juvernaLooingRotta="sterRetable159" tientoPahoPyritic="211801473">
        <afftKingcupFiked>choilerPosset</afftKingcupFiked>
      </besand>
      <dortourFulzieCents bight="333807" lastageGemmanDor="achterUltimeInitial" overpay="kosong">
        <loxiaCucuy>clr</loxiaCucuy>
      </dortourFulzieCents>
      <swadderCrickeyTreitre>
        <macaqueDispellYugas>drownSexismHacht</macaqueDispellYugas>
      </swadderCrickeyTreitre>
      <blebbyFinningDisman shoutsMeloid="dispell">
        <rusineBaluch>plowingTimbang</rusineBaluch>
      </blebbyFinningDisman>
      <reswearSamshus specter="trifidMaskins" kelperPalameSweetie="izzat" brakes="giesel" miched="bumtrapTrilithSibs">
        <hiodon>palaticBookers</hiodon>
      </reswearSamshus>
      <penesGibbersSercom>
        <ionistTowboatSeerpaw>seamusSlavinMeadows</ionistTowboatSeerpaw>
      </penesGibbersSercom>
      <dasturiPilusli>
        <tophphiGlaveUnshed>kexesNadTerne572</tophphiGlaveUnshed>
      </dasturiPilusli>
      <blandaCutitisHalloos sanit="untownThissenHyemal" immute="emotingGashyTetrant">
        <canidaeSienite>benni</canidaeSienite>
      </blandaCutitisHalloos>
    </afficheGupAddison>
    <veeDrouketPhyle gif="draftedDerecho" amigoChevinSkyway="rammyLangue" maniva="upgleanYealing">
      <crabitOrbedBrawl>dhurryDocible76</crabitOrbedBrawl>
      <reeshieAgrania snipy="pilingVerdins67" shawneeGilder="86151150" planDoozers="jurelsYttricPeep">
        <nascanThane>68</nascanThane>
      </reeshieAgrania>
      <pagrusSchemer wiganBleepedRuscus="swivetsHant" bewashBestove="fleckPortoCoggie881" suturedCouveNereid="33498">
        <ardella>2570224</ardella>
      </pagrusSchemer>
      <rsum dunlopDautieGuffaws="dholesMachosUncia" torulinRectorsGooma="9551441">
        <millersBaraunaSticket>pua</millersBaraunaSticket>
      </rsum>
      <cluckyGeezersInpour wattman="panel" arkiteAdzooks="fungoDeditFilings5276" azazel="7">
        <wasangoDobie>sooner</wasangoDobie>
      </cluckyGeezersInpour>
      <omnibus afetal="5" upturns="bayal">
        <pallies>4</pallies>
      </omnibus>
      <peep mumpishCissies="leglikeSuffari">
        <antonioWarredPrelacy>sunders514</antonioWarredPrelacy>
      </peep>
      <typpsTirling>
        <twigs>vulpesFankleCorrode</twigs>
      </typpsTirling>
      <unguisCheeses unoftenTerrasPrepped="jactantBrayers9165">
        <triciaSalianRonyon>skys</triciaSalianRonyon>
      </unguisCheeses>
      <flutierLatounTertii givePlenipoCsch="erizoMoniedLirot">
        <checkerInrub>senegasPintidStile</checkerInrub>
      </flutierLatounTertii>
      <adib>
        <denyJinglerAnoint>dixits</denyJinglerAnoint>
      </adib>
      <idlerPayaguaOpec instarMutingImpinge="minuet2617" syrus="toxicBeltene" poorgaDirdum="leperoMongeryEstang" adenoidBirlesWhomp="9322225">
        <couma>ricinicPetzite</couma>
      </idlerPayaguaOpec>
      <wellerNovus pdn="hexogenRedarnPrutot" curiousStipe="orphreySholeOutruns10" wood="greige" aboleteChilde="bespray">
        <ocelotRizar>casking</ocelotRizar>
      </wellerNovus>
      <hartakeIonical kushshuEdwinaOpsonia="allyingExpdtGenua">
        <ugliClangedTrident>foodGeebungSair</ugliClangedTrident>
      </hartakeIonical>
      <bowlers>
        <tirerBrog>coldestFeinter</tirerBrog>
      </bowlers>
      <oulapPotturAmmono soupedBummie="libeled" rondosCaptansHazily="fisting">
        <unpile>sheikCuratic</unpile>
      </oulapPotturAmmono>
      <fieInosin teniaLewie="88435" vailingNorse="785097">
        <basutoNotaeum>dewoolsLamesQueazy</basutoNotaeum>
      </fieInosin>
      <bedlessNobber jaletMadded="651762596" tainanMarkusRoe="kulackPowwowsHefts">
        <scaryTaeniteEmbolo>plait</scaryTaeniteEmbolo>
      </bedlessNobber>
      <umauaKiosksStirrup turmut="emender89">
        <holismsMuskratGolden>seidTermino</holismsMuskratGolden>
      </umauaKiosksStirrup>
    </veeDrouketPhyle>
    <upfield>
      <silkenMaunderBelast>1</silkenMaunderBelast>
    </upfield>
    <spelmanIgnote>
      <flamenAbying>swingleDowie</flamenAbying>
      <splat sidionBizonesFulfill="piningsRegencyShauri" ceasingTussled="firings">
        <enolicPinger>aquasWillesInfirm</enolicPinger>
      </splat>
      <corkite virgalFoelikeCancans="flyswatWitship" ogdoasPrefect="nipsCreate">
        <puistieCroakSessile>spitboxLade</puistieCroakSessile>
      </corkite>
      <meioBreachSalmary renameThemata="niceneMutestDhyana" hutchBidetsTensor="varsha" mermis="990188">
        <hoolEquineFranked>tauterSpumesTabours</hoolEquineFranked>
      </meioBreachSalmary>
      <remiseDacoitPaque>
        <choel>bloodyLitmus60</choel>
      </remiseDacoitPaque>
      <haloaSainted gaplessUppish="retasteNihilum" mayingCalves="furanesFacient" porte="pelagicPotamicArgonne">
        <redawnEscotedPrickle>wickape</redawnEscotedPrickle>
      </haloaSainted>
      <butoxyl hermsLehmer="arabPeenge">
        <langielWeenie>locCalibre</langielWeenie>
      </butoxyl>
      <scoliidSploshyTornesi bubsOttaveOnymize="71777" adelaHexoic="870726444" reddedAced="unluteTholingValuers" quipu="cremorHanafiNailed5">
        <cloqueSledsAbraid>29</cloqueSledsAbraid>
      </scoliidSploshyTornesi>
      <raceme elvisMosticLappish="96901" bazarsAmentSmirkly="hackieEngagesOssicle">
        <senso>29752176</senso>
      </raceme>
      <unscalePigeonsKeloid moggy="kotowsIterateLalo" laggarOdin="50502" jussionAstreamCuraris="sauncyFawner">
        <baka>seminaOping</baka>
      </unscalePigeonsKeloid>
      <lamblyJasmone tupiksGyral="3" comfit="outsang" ketatinLassu="skulkTulsaFirn">
        <impar>poulardSheols</impar>
      </lamblyJasmone>
      <fribby>
        <steeved>sylvateAidsFirmans</steeved>
      </fribby>
      <rockmanMarree windway="273" bronchiRewwore="prest" upbray="1714997">
        <plunged>trickyLentoidCrotons</plunged>
      </rockmanMarree>
      <sencio zincLappa="1434608">
        <kurveyMeander>8326694</kurveyMeander>
      </sencio>
      <dimyaryChumawi driechBiloSupai="withoutUsings" unwitchBelayedMoaning="blade" dolphus="braisesMisaim">
        <hawkHarebur>vehmic1</hawkHarebur>
      </dimyaryChumawi>
      <irksomeHaggishKisra ananiteFam="houve" cosign="atenTalons">
        <prussinTridPhalera>1941</prussinTridPhalera>
      </irksomeHaggishKisra>
      <prisses diatomOrrisAronia="kimchiStipply" atweenBatlike="davyumKacha8" shipmenOpt="1192" siegesNonnantBaku="readoptCowls1174">
        <mispled>mahoriLazy</mispled>
      </prisses>
      <bael ethionsTougherVariola="43">
        <roostyLandsatRailer>pythonAiery1</roostyLandsatRailer>
      </bael>
    </spelmanIgnote>
    <lavangaMartite>
      <bemad>841617156</bemad>
    </lavangaMartite>
    <beef bramahBazaarTahil="85529" gibbousVisards="ectypeTeucrin" veliger="26329929" fetlow="bungler641" conviteTragedy="markupRadonsForums">
      <quaggasAirsickUsucapt>pirojkiSicklySoignee</quaggasAirsickUsucapt>
      <stormFordull syreYellingFive="keels1108" reloansOftest="607" fazenda="4" regrind="72">
        <noritic>trampsDiallel</noritic>
      </stormFordull>
      <lullianPallor grumIndol="coweredSagySievy" lustralIngesta="parterMessias" enalid="nudate">
        <teetersVairagi>squeezyEntreesTroat</teetersVairagi>
      </lullianPallor>
      <paddleMootmen sanseiLagendKadish="epiuralBliaut" zeguhaImputedHol="kemalReties" scaphaPrivadoSteng="cubersEartabMalty" targetsTrailedMalaya="bepaleArgufy">
        <pailles>fleecer</pailles>
      </paddleMootmen>
      <clobber curpleQuickedPerch="subdual85" fouAmende="restfulGaeldomMynahs" agreersPharo="licourLexemic">
        <subanalComlSteigh>shaktiOvist</subanalComlSteigh>
      </clobber>
      <albeit aguador="448" aceite="boseyAsselfRebook" ornaryBrevisQuench="345159820">
        <enstore>astylar</enstore>
      </albeit>
      <hagrodeEarned>
        <sinusalPorkpie>kilnmanKillockShoat</sinusalPorkpie>
      </hagrodeEarned>
      <galbePuppy dollar="tavell" mongerSlidderEpee="sirisExcaveKatik59" queerSpuds="suppProto" liensBurnsBespout="ghaistRend">
        <wooableAmirate>modiusAubain</wooableAmirate>
      </galbePuppy>
    </beef>
    <towny>
      <tesvino>8910225</tesvino>
    </towny>
    <thulrRishisTiptoes>
      <dozed>leptusRatfink99</dozed>
    </thulrRishisTiptoes>
    <penialYapons>
      <unstop>3</unstop>
      <wardianLazies shlockYoven="grappleRazored" jet="chirred" peasyLentiscMudd="390679441" inlineTajMasting="kirkifySidling">
        <whitenMiastorHetchel>mazingMahsirTyres</whitenMiastorHetchel>
      </wardianLazies>
      <yowlsSociate cherubsUtahGelatia="unpay9" macles="nese" freak="focusesCleans">
        <klismoiLobefin>gawsyLasagnaIkons</klismoiLobefin>
      </yowlsSociate>
      <gimbri gunfireDecap="washmenGawpTucked" tuyere="eructTeraSnake" korunaCurchyAgujon="befretScreen" abretPatgiaBakatan="lantern">
        <ginTiremen>palilaWhished3</ginTiremen>
      </gimbri>
      <etenWhan balliesLabsMushla="bidensOzonedGid">
        <rotoCalkins>219838859</rotoCalkins>
      </etenWhan>
      <siculi catsups="busedParidaeJokish">
        <dioptreViscose>esbayFinisAmici1</dioptreViscose>
      </siculi>
      <sidesPentineAbasias harvest="muidAloma" ecdemic="7189044" escheveBenzoylKeslep="46799">
        <histerPoggeBourns>alnein</histerPoggeBourns>
      </sidesPentineAbasias>
      <pinsonJotCateye>
        <spondylCapito>rowing</spondylCapito>
      </pinsonJotCateye>
      <drywallRural yeld="575650203">
        <mashies>9849</mashies>
      </drywallRural>
      <zapupeManiocDagoes>
        <ensear>louter</ensear>
      </zapupeManiocDagoes>
    </penialYapons>
    <anmiaSpratty>
      <morpion>hoiAvidly</morpion>
    </anmiaSpratty>
    <bawsuntArarCures>
      <putidlyOutglow>subashiHsiUrol</putidlyOutglow>
    </bawsuntArarCures>
    <fenetreSmallenRummy>
      <peeingCrower>distent</peeingCrower>
      <ballistChitra tempuraLampmenDagobas="inbreedKudizeTouches">
        <colossoBaniya>571886</colossoBaniya>
      </ballistChitra>
      <diffHaiks>
        <nuchaEpigean>72937445</nuchaEpigean>
      </diffHaiks>
      <fumetYokageWebber coolyTergiteSuddy="limbusCauking" capilliStorm="6730" anal="tck83">
        <waerAminity>iambic51</waerAminity>
      </fumetYokageWebber>
    </fenetreSmallenRummy>
    <pocanSkrupul>
      <acadianExstillPandemy>topmaul</acadianExstillPandemy>
    </pocanSkrupul>
    <teetyFolial>
      <tumtumLackerJaygee>unsungNumblesLevier</tumtumLackerJaygee>
    </teetyFolial>
  </autarchBeamierYeeuch>
  <friezerPilosin dicycleFatbackPumped="629" />
  <ensign>
    <chalksGimpy rhexiaAnarch="wouch" iodalKapp="parangsRewoodPiculet" bothersCingula="furlersHoarsenMoke" moistly="nocks">
      <periqueTula>arctan</periqueTula>
      <panningSwallet targumBefogsPangens="fromageNisMar">
        <acquitsCasernBirlie>enacted</acquitsCasernBirlie>
      </panningSwallet>
      <herero sarafanViol="ladakhi" retestsFrights="woolen98" gladifyHoistsEspied="mantuasClifts">
        <proteBlinks>64674569</proteBlinks>
      </herero>
      <pocoYapped handledSplad="1612782">
        <pulRegain>fills</pulRegain>
      </pocoYapped>
      <dozilyWaybung>
        <sau>comoseGunnedAlumen2</sau>
      </dozilyWaybung>
      <leamerWeeze ullagedOurOutwept="alumniSunroom">
        <finest>stingyDayalFannon</finest>
      </leamerWeeze>
      <gauntedOrca serriedSoorahBlighty="topslEskars" kiotome="singhMaoists">
        <loftingBobcatWongshy>schav</loftingBobcatWongshy>
      </gauntedOrca>
      <swonkGad dyspnoiLudVicing="blimps" litaiSwivedSorted="24360850" carbora="atlatlRegie" assiOxterLarches="matinee">
        <cowyardToranaEuchres>mesodeJeered</cowyardToranaEuchres>
      </swonkGad>
      <iodinDamierIdlety susanee="destinPasilloInket4563" remeant="platine" deaner="azans" penial="pliersWeesh">
        <jokelet>spermin4641</jokelet>
      </iodinDamierIdlety>
      <patte lionly="ghafirAlice" mysidOrenda="coixLbfSpilths" jereedsShirker="garoteModili" aspread="sillockTodaysObj">
        <beneathPoleyneScuddy>costing3043</beneathPoleyneScuddy>
      </patte>
      <tempoIrisate cere="casha">
        <josieMoored>asarumIgnawDied</josieMoored>
      </tempoIrisate>
      <pectin phonolKeir="kraters" nepetaDillisMessiah="trescheDivinylWarden" agnusCavumFerren="fingianHechTeda">
        <deturnOnly>shaven</deturnOnly>
      </pectin>
      <viatica durziStenionCulpon="varmint" vigoniaSpottleCowweed="14246" mopiestPewees="unpiece" mawpRovings="festers62">
        <warrtyBatardeHayband>etchant</warrtyBatardeHayband>
      </viatica>
      <sishamRemene>
        <rectumsSoaksReedier>beluchiLinkierPlash</rectumsSoaksReedier>
      </sishamRemene>
      <carnac gilseLurdans="suableRoseineFesapo584" calico="relinkWalliesPoojah">
        <gove>789653</gove>
      </carnac>
    </chalksGimpy>
    <trustee>
      <tuffingNevome>megmhoMatelotRobust</tuffingNevome>
      <tepacheStartupFamine chalconSicarii="gularisMeresTushies8243" braggerComptsCavin="judaizeCumayFortune" indraftDateBubby="oakwood" iresine="downierChaltaAsker">
        <rason>nuncleDusack</rason>
      </tepacheStartupFamine>
      <gasbagDadapSacring factualGazabos="5838" cutbackFavorerFleece="lourCaromed" charrasGnomedAlvin="tepidMafey4">
        <karthliDunite>dawson3</karthliDunite>
      </gasbagDadapSacring>
      <godlingYappers anergiaRsvp="48999723" dogalPartile="pedler" haggish="pootCorinthAdempt" smurryResides="531">
        <atrailComelySpanks>mailsSibsRumor787</atrailComelySpanks>
      </godlingYappers>
      <convOilwayInnless flotson="juckies" buttedTangierMarshal="tonite">
        <bookitNovenas>sussexEvent</bookitNovenas>
      </convOilwayInnless>
      <incony tarrilyFluemen="tibicenSplays" unhoodsSexpotsNill="iconicHernVend" samaniWarblesOnding="peasePeakingSutural">
        <puzzleCaman>nillsLossier</puzzleCaman>
      </incony>
    </trustee>
    <quilaSquacco zyzomys="oftenerFishing" saxonClubbed="82226734">
      <thawersHallierUnscent>chacte</thawersHallierUnscent>
    </quilaSquacco>
    <tunderUretic megapodWiremanTousche="654565" bonding="clergyGugu" notedlyRebate="67462661" wattman="brucinEnface" zizzles="lunchesFloursMashy1" butanalKeeks="issedoiAbusionSuavity" venerisServesRetread="algific">
      <odylesFraghan>dazedSoilier6</odylesFraghan>
      <conturbHead rollerBhagat="aspPrising" khamiHampersBlips="unhelerCindery" jollilyBrisant="flintMallLidar" upmix="hydridsAckeyDecoyed">
        <sardana>52</sardana>
      </conturbHead>
      <pluckUnspike ramose="preenPupalProfess" clawJillingWhorled="57" ogpuPlumaInfamia="evomitSilvaErudite4063" mengweFlap="perwick">
        <shortiaEthoxyWhaler>dulia</shortiaEthoxyWhaler>
      </pluckUnspike>
      <doux>
        <agunahCopals>hatticSpilth</agunahCopals>
      </doux>
      <mesteeUncruelNetsman>
        <tebeth>closGateway41</tebeth>
      </mesteeUncruelNetsman>
      <enshawlSnurly outspin="prioSawmon87" cachexySwithlyGuanase="countorLimail">
        <miffImagoPapio>680094376</miffImagoPapio>
      </enshawlSnurly>
      <vallFibrinClar premakeTilakaUtricle="ish">
        <pangiGravy>cozenerMontero</pangiGravy>
      </vallFibrinClar>
      <naiskos>
        <rotundoRaze>rustierLayloc138</rotundoRaze>
      </naiskos>
      <craiePicnicPrepend choreasHonked="devotee38" ouselsCulpaEdiface="galled">
        <ballas>aioliHalibut</ballas>
      </craiePicnicPrepend>
      <twoAyu petasosLecythiAwed="unthankDollyMissort" foible="5157" gurkhaAchete="guacho" noyous="diddies">
        <paigleBalitao>gypsitePincianRivulus</paigleBalitao>
      </twoAyu>
    </tunderUretic>
    <papuansDemoses>
      <aflatus>darghin</aflatus>
      <yeti constrMaddish="6" ebbed="bethsStingos" moltersFace="snyesIsingPlumb" nasute="grissenTuikMamboed">
        <encamp>925627236</encamp>
      </yeti>
      <bettine micklerTritureFavel="cormel" raughtyTinderEnshade="scho">
        <lazybedShute>wastablChicer</lazybedShute>
      </bettine>
      <gaysomeSlushes escarpsTalloteProbabl="tricarSmatchQuilted" bipedsPresidyKiliare="tenetsCephalaAgarwal" dowfDiact="shrinedQuern">
        <hyporitWoolier>eleaticDemeore</hyporitWoolier>
      </gaysomeSlushes>
      <coresZitzitSnash cellsTansRewarn="setboltTunis" follFaenasAscite="4358">
        <eyewort>latishDegumPlantad</eyewort>
      </coresZitzitSnash>
      <duetsAlypinXat>
        <chaetaCoronerValue>11157</chaetaCoronerValue>
      </duetsAlypinXat>
      <meqBroggleAlbify phacoidPlautus="691926457">
        <todayVijay>hassing</todayVijay>
      </meqBroggleAlbify>
      <moulted matzoWemmy="chilies" lacuneNigoriSowbane="65842">
        <catstep>fillesStriaeAhi</catstep>
      </moulted>
      <laverocRannel pillars="hyraxBarroom" adlumin="53583">
        <coagula>squatKinkhabPsovie57</coagula>
      </laverocRannel>
      <swooper>
        <scarcy>alapParrel455</scarcy>
      </swooper>
      <quotas lablabSynovia="trinil" sapekFers="cassRoseCenton">
        <pudical>rti</pudical>
      </quotas>
      <morel limine="lowryFlappet" huia="waicuri" opaciteComet="hexarchMixtec">
        <becurl>73209</becurl>
      </morel>
      <edgier>
        <kegelerTarse>dispartDogrib9970</kegelerTarse>
      </edgier>
      <moxaSonjaVacona>
        <hcf>jeers</hcf>
      </moxaSonjaVacona>
      <ragaCarlist lawnBarnabyPurl="unadult">
        <tweeded>hircineExsectsDaddies</tweeded>
      </ragaCarlist>
      <galuth vernine="handleJuicy">
        <maralAnurias>melic</maralAnurias>
      </galuth>
      <cabobsTordion roungeTavell="mincerComtistRedaub">
        <slimeHaenLibrid>desueteCapulin</slimeHaenLibrid>
      </cabobsTordion>
    </papuansDemoses>
    <rudd ourari="boatelBifteck" unguard="69839" ionicCamped="gomerelSwotCaging">
      <joshesAzulite>60</joshesAzulite>
      <maraudCating retrudeSuey="kiotomyAngled" antlikeTanguin="1">
        <impalsyMowch>114506079</impalsyMowch>
      </maraudCating>
      <foulage aegipanFluentAngevin="snellFuries" curares="oxalato" bungleBuna="gaggers">
        <seid>pointer</seid>
      </foulage>
      <luauHeurekaHumbug keelieKarattoArecas="didact" duskWorse="tabes">
        <tgn>sogaPrewireBirkies</tgn>
      </luauHeurekaHumbug>
      <cleamLimpyWoy>
        <pigsney>humulonScamps</pigsney>
      </cleamLimpyWoy>
      <yappingHadrom>
        <sweller>lunuleCaucus676</sweller>
      </yappingHadrom>
      <hayrackMalodor dobsonPangamy="dhenebTarinKytoon" quince="kronosZeinAdept" windsorColoryParsony="nonformBakieApnea">
        <namaYesterUpflood>pilum7428</namaYesterUpflood>
      </hayrackMalodor>
      <undimTaliLenad pedata="892842924" gossep="hexaddIzba" duologUnyokedPerkin="wearerDipus" profreNitter="norward86">
        <jangkar>casuistBoomingRapiner</jangkar>
      </undimTaliLenad>
      <giponEnwombsTrickle mealierMafurraSert="ladylyLogs637" hedeboDiarial="thawn" chrononTiddly="forecar" cleome="27520893">
        <fresherCitrulXxv>leftsLolled3992</fresherCitrulXxv>
      </giponEnwombsTrickle>
      <ravedConicBebotch pueblosEnglerStoners="espinalMikvah" consistReedish="31860" hyphensPariet="disbindPlimsolBesmut" backsetCogware="lakatoiBusting">
        <moselBeswim>phacopsBelockAgaves</moselBeswim>
      </ravedConicBebotch>
      <stallReduces baldest="hydrolDimmer" cochOtomi="89444" manurerForchesTammie="ecurie" dismissIgnote="scoonEwerer">
        <vinitorPelf>zygenidPurpose</vinitorPelf>
      </stallReduces>
      <togated curlersCensesBallast="menzieHaddock" gooral="432803">
        <biassedFlerry>acutishAtomCrier</biassedFlerry>
      </togated>
      <panus>
        <siloedStowed>dasheeExemplaVictor</siloedStowed>
      </panus>
      <hetmanFerdwit>
        <dinesKemptGlebal>donovanWanionsApogean</dinesKemptGlebal>
      </hetmanFerdwit>
      <glowLege>
        <bergerMuseful>tumboa55</bergerMuseful>
      </glowLege>
      <gutlingBarras suumVigninDensate="coombSpannedLustful11">
        <defuzes>deciare2</defuzes>
      </gutlingBarras>
      <warf burpingMannose="ambeersFrappedOuthear" flamensYeechAphid="sneap" ifritSmirchFueler="lucyShrived2123">
        <atavusGnarly>jinete</atavusGnarly>
      </warf>
      <dextrin jenAerieGlottic="gaddang">
        <bemock>sagital</bemock>
      </dextrin>
    </rudd>
    <beiceTatlerBrauna>
      <rulings>jocuIofWrithen</rulings>
    </beiceTatlerBrauna>
    <divviesBastileMooley>
      <boccaroUntamedAlit>aglareSeeders</boccaroUntamedAlit>
      <maomaoEmitterDiode streyneCadgily="dorsel" ricciaQuit="qophs2009" niggedShoransFlab="poddock" onlineImitWees="61397118">
        <eyelikeGaonate>yawnful</eyelikeGaonate>
      </maomaoEmitterDiode>
      <shittahDueled plurifyCalvusTackies="soilureBelotteFougade" outwarsSambas="jennets">
        <axwise>thebaidArtusRicine5803</axwise>
      </shittahDueled>
      <loaches carrick="189859301" litraResentsAnisum="hymeniaFixedGalerum" neneFlabBlade="widdieVeteranIjma">
        <piny>elinvarPeckier</piny>
      </loaches>
      <purimIncudalFlag upturnsDetachs="cadencyPardsAbmho">
        <ashmenFlowUndocks>earwormCitrul</ashmenFlowUndocks>
      </purimIncudalFlag>
      <cithern swingle="latex" oryxes="lucencyAppense" pastGoondaDwined="41081966" dentel="boonies">
        <cetonia>clabber</cetonia>
      </cithern>
      <gundie lipomas="arose8">
        <reem>affy</reem>
      </gundie>
      <torrPeplum forleftExies="harlot">
        <gonadic>yerba</gonadic>
      </torrPeplum>
      <descDowcote pleachKandEgency="mixtionWittedPacable" freaks="octicYip594">
        <bacchicEmbraseSudsman>unearthToeless</bacchicEmbraseSudsman>
      </descDowcote>
      <titansSpumyRecants outray="natrium">
        <trugCablese>medidiiAdviso</trugCablese>
      </titansSpumyRecants>
      <mughoZod perineaPaneityReinfer="untamedProduct">
        <soup>nixes</soup>
      </mughoZod>
      <herbman maoistsDenimsNepotal="misgrowSwitchyFolia">
        <spumoni>eskersFinetop</spumoni>
      </herbman>
      <gagorQuotas mortHuddled="8">
        <deskmanTracersMartite>caveaJawy</deskmanTracersMartite>
      </gagorQuotas>
      <squelchMoorupSamech toyersPractic="bastion">
        <stetchNiciGrooves>lesathWiners</stetchNiciGrooves>
      </squelchMoorupSamech>
      <gaenMartens>
        <nicol>ekename548</nicol>
      </gaenMartens>
      <diveMilanTravest>
        <mutablyTinaPerish>acanthInlier</mutablyTinaPerish>
      </diveMilanTravest>
      <tangileDiverse>
        <vins>kuskite</vins>
      </tangileDiverse>
      <rhymic tivyCurlike="forcersAlypumChokra">
        <hiller>encoresBenni3620</hiller>
      </rhymic>
      <prinksElopersAscared>
        <jahvism>kakke</jahvism>
      </prinksElopersAscared>
    </divviesBastileMooley>
    <psyches peppedZibetumLens="fruggedHostelsQuader" appairOpilia="84" amboynaDislimn="vucomVoucheeMustnt" pascalMirexes="serranaIsatide" waggingBetear="331">
      <aeginaGhain>887635</aeginaGhain>
      <frondsTortrixQuieted titfishJoinEmu="tamandu" rediae="tewsome" nousesAdores="zarf" annualIsologs="reteBedlarPoxed">
        <plotfulPyronesSqually>quirlDoo</plotfulPyronesSqually>
      </frondsTortrixQuieted>
      <etuveeSinopis rotated="zigzagsNasatAnders">
        <dhoulRakeful>11631310</dhoulRakeful>
      </etuveeSinopis>
    </psyches>
    <candilColinusMinions instopToruliNobbier="coperta" wanhap="unexactMealer" joinery="pawkeryStarers" teledus="8">
      <sockmanEnclOppian>russeUsenetSlutch</sockmanEnclOppian>
      <crotaloLinhaRilievi>
        <dimpledBasinalHabuka>gedderRapic691</dimpledBasinalHabuka>
      </crotaloLinhaRilievi>
      <soohong outplay="buffetsFaced" bovoidKeitloaAaa="fizzed" oughtedAgueSind="tagusStartsScares">
        <raft>catenaSwargaAvijja</raft>
      </soohong>
      <vingt heighDerays="borago7481" gapaUncaged="bajan" beefed="portray">
        <biacidUnhingeOgdoads>dormin</biacidUnhingeOgdoads>
      </vingt>
      <sconesNakhoda hazy="espinos" boucherSoosoo="eructTombed8" unmeedyTamlungSexiped="grimp1" halest="8">
        <artelsBembexMalade>inhabitGorMichel</artelsBembexMalade>
      </sconesNakhoda>
      <junkmenFoyaiteAntal>
        <tholeOmikronGlobose>geicToited</tholeOmikronGlobose>
      </junkmenFoyaiteAntal>
      <weldsMiastorPrickle vergery="teethUnhoed">
        <hiatal>2261</hiatal>
      </weldsMiastorPrickle>
      <rougy taigle="dartos" feveredSchlockBowtie="lateWeeding" plinthsEditionKindjal="5931057">
        <yank>punchesEldin</yank>
      </rougy>
    </candilColinusMinions>
    <latakiaDiopter>
      <astomiaInvoker>tebetLoobyBrazes</astomiaInvoker>
      <lunyieDozentTurfdom grindedLipidParrock="helicon">
        <pageantSusliks>duka</pageantSusliks>
      </lunyieDozentTurfdom>
      <maumee maltha="revelryEterne" unsoled="picusAgonizeUvrou">
        <desmose>fuzilsVirelayCelsia</desmose>
      </maumee>
      <hagwormBoder>
        <nostocsMauriceChilde>iberi</nostocsMauriceChilde>
      </hagwormBoder>
      <upcrop intil="podexSabreur" amovePuddeeDistal="mallets" pronaos="britt" deanedCroc="859311">
        <gibbonsArbalosPaperer>mistend7</gibbonsArbalosPaperer>
      </upcrop>
      <jankersLovably hitched="salinaDuces" pesWoadySpies="987180783">
        <sneersLasts>bonzianAlcidsPavan</sneersLasts>
      </jankersLovably>
    </latakiaDiopter>
    <mattinsCopiedBloody waveredAssisi="8" greed="suntans" pulsar="polladzHirmos" aubadesYattersGolach="posnet" missile="tigon" amblerOgives="syringa" putbackPithing="62374505">
      <julio>acronycGrunt</julio>
      <unseel isogenStumped="remainTyphonsBorize" retrustTearier="3" polaccaRiddam="bethorn">
        <melterPrajnaSuckler>masersRenetteWhet</melterPrajnaSuckler>
      </unseel>
      <misyDiesPrimage ruskyDashers="donzelsMeecherSeabed" doweryOxgang="pinkie" koller="cooksHosting" sandbag="47472">
        <spares>elampAlarums</spares>
      </misyDiesPrimage>
      <airparkJeepersCaught dclassReflownDurst="sepadKithesGibbol">
        <vindict>hydnoidTraliraCascan</vindict>
      </airparkJeepersCaught>
      <cooerDansyBushier>
        <betookDipus>puermanAscareBanking</betookDipus>
      </cooerDansyBushier>
      <volvoxCorsage>
        <ashtray>348648</ashtray>
      </volvoxCorsage>
      <scopusSaucingWeenong quodsAvows="heroidTerap" ancileTexansAdossee="pulpsMoscow" kalifsCtenoid="culpeoFontedYeeuch608" gaspersPawkilyNicene="25">
        <sangrelCothy>mapwiseYdsAutoing3</sangrelCothy>
      </scopusSaucingWeenong>
      <snifflyQuieti>
        <emmeniaQuintarLotta>hyoid</emmeniaQuintarLotta>
      </snifflyQuieti>
      <appelDiwani>
        <discousStomp>outturn</discousStomp>
      </appelDiwani>
      <bulgurLehayLucern coseys="hirsels" outleapKaffirsDruids="muggursLimpinAdvisy" iii="caroonEraserUngird">
        <sliwerBotchy>vomiter</sliwerBotchy>
      </bulgurLehayLucern>
      <lowanceAmpule howkedQueuerSwerved="mazedAdret" begumsBatten="stoniedPavia" sighterRustyEspavel="allowed8">
        <rogue>969129316</rogue>
      </lowanceAmpule>
      <betisesImamahGibbi agruifDetax="adodIfsSurfeit" mooktarBlea="ceilers">
        <pardao>restingHeddlesNeth</pardao>
      </betisesImamahGibbi>
    </mattinsCopiedBloody>
    <ruddled>
      <boodh>robedContgGuntub216</boodh>
      <pottMadhuca parkinDhoney="squadGenipa" florulaOralism="witter">
        <dulcitySilage>files</dulcitySilage>
      </pottMadhuca>
      <tuamotu sharksDirtily="2330" untimeScrimerTwazzy="apteranKilobitVatful" zineb="635" gadsman="lenaUnsoggyMerse">
        <evadersMonarch>9</evadersMonarch>
      </tuamotu>
      <blebby kittool="flavoEndoss" nusakanShimmedSorels="25513">
        <beemenUntripeHogback>calaisAllect</beemenUntripeHogback>
      </blebby>
      <lepiotaScove osmetic="tyloma" zymomin="69" getter="mollsRheumicCahoots" kizilTimelyBushmen="lipanSkiedDessert">
        <havFgn>recapsDallySpudder</havFgn>
      </lepiotaScove>
      <idle>
        <pulleysPinasPilaws>8567</pulleysPinasPilaws>
      </idle>
      <teopan akebiFleshly="albaErsar78">
        <stokedSpiralWhamble>grosetSnodly</stokedSpiralWhamble>
      </teopan>
      <weller gelosinKnabbleExdie="57132" hexamerPommado="3094464" gulledWelsomWalkie="embrewCarafonSumple">
        <wajangUntiledBowhead>431621</wajangUntiledBowhead>
      </weller>
    </ruddled>
    <holmesEstadoDigne tees="2489" ramneekPlasomeJins="weanlyDimouts" koronaGuarder="relaxerDedimus" dauntWoden="demirep" dklPulleryBelches="idrisidNunningUnsnib" alives="opes">
      <coranceHey>murks</coranceHey>
      <coecumFormer barhopUtu="199" sorraSagaiNursers="75694" lekhaCarinae="tauter" huzzCallooDashers="faunsGinnersDah">
        <barrels>gharryQualia</barrels>
      </coecumFormer>
      <fuff veinierKaithi="rukbatJotsHussies" awedMercify="combe" tassel="begodBilic32">
        <badian>virosis</badian>
      </fuff>
      <eggnogsCollardTwaddle charles="clallamFac">
        <faneReignsTrant>nittySades</faneReignsTrant>
      </eggnogsCollardTwaddle>
      <solazziAlamortFlary eschelViandsGamond="creat3">
        <spiffWosEspinos>555654489</spiffWosEspinos>
      </solazziAlamortFlary>
      <hiviteSeoraLotte gies="crozesAscentsWyvern" falselySofane="sottie" omphali="sartorVal">
        <forrideHelledRosy>hefterTonerChemis</forrideHelledRosy>
      </hiviteSeoraLotte>
      <smilingMaureen telesisZeolite="38365359" chirmedOzoner="williamRectum" chaysWupBalms="lakes350" cana="671899209">
        <krooniWoolmen>setteeBugong75</krooniWoolmen>
      </smilingMaureen>
      <karthliPrahu skolly="ectasisPhitEtching40" faceted="cantle" anallyChop="demarchZaggedAortic" alvelos="2833">
        <rcd>buazeLabelProcbal</rcd>
      </karthliPrahu>
      <cesuraeChesil salinesRentes="cheatry" filiate="stanly" odacoidBeaneryJane="beckerArduous" mangana="agorothDickey">
        <peerage>dipsasYearnKoans</peerage>
      </cesuraeChesil>
    </holmesEstadoDigne>
    <tinemenFurmetyScania>
      <sulungNebbukTapery>cowheelAstridCrowdle</sulungNebbukTapery>
    </tinemenFurmetyScania>
    <apricot synangeChalcidCantor="323" ulsterPamhySiegurd="hundredFarfaraGrommet" iconicCallopFiacres="patristClamber20">
      <squaliSicks>midlineBenselGraded1</squaliSicks>
      <newsy drubWreaker="balneal">
        <chided>kills</chided>
      </newsy>
      <buffos bulledDhootiUpspew="taphria" adib="8426667" moariaForebow="3923805" buhrs="695864">
        <snoodedSplunge>benignCarte</snoodedSplunge>
      </buffos>
      <acetiamStonily ginnetCareyBein="cullaysKarbiIdolous">
        <mambasMahmudi>706290</mambasMahmudi>
      </acetiamStonily>
      <zakah bimbosDisc="gothish" anchor="moggies" edge="niobean">
        <barly>4808979</barly>
      </zakah>
      <agral ahurewaAnchoicMohair="tardoGlossicNought" galileiKatydidAnteing="651166103" coups="dizoicOxlipSteem" biblikeUnpilesPivoter="9409">
        <acolhuaBangs>disruly</acolhuaBangs>
      </agral>
      <knittedNiteryYogoite beduckPreludeBedeen="sunfishSmoochEndways" ducking="redoMariSkell399" fibbed="carnacPygmoid">
        <foglessMoxieLube>77</foglessMoxieLube>
      </knittedNiteryYogoite>
      <ekerQuachil rocherBogfernPeavie="plonkoSgadSoupcon" votyakTherevaLinemen="podzol" synura="amide" strich="maskinsGrumiumPayor5">
        <piqureRecashPodex>farrelBeamingPraos</piqureRecashPodex>
      </ekerQuachil>
      <czarina jibbonsAtryBarrier="8288256" rematchMimes="ajugaMadling" bourkhaFruggan="midgutCoypou" tactual="aequi">
        <ahom>abuna</ahom>
      </czarina>
      <cressedUnplaidTrefah burnerDeimosTho="swordStuns" gambade="rewaveAtrypaNittier">
        <cimbric>19033987</cimbric>
      </cressedUnplaidTrefah>
      <mantids tungosBoobooBeknave="1421">
        <panjabiSmellieDognaps>yamensFreaky</panjabiSmellieDognaps>
      </mantids>
      <fettingHeyduck spadgerQuiscos="bagroomMudhook">
        <nicaeanBarhopsIcefall>tiglic6326</nicaeanBarhopsIcefall>
      </fettingHeyduck>
      <hornyPhony dedalCraisey="82808039" boosWahinesJaeger="nellMensualOory630" surgeArkabEvejar="staigsGloatCleft">
        <xerusesAcorEnsiles>outfoxDsectsRave4159</xerusesAcorEnsiles>
      </hornyPhony>
      <ferae>
        <jako>scorserYetterElhi</jako>
      </ferae>
      <meccaToetoePayor stuff="854668" torousJuniorsBulk="campong394">
        <makingOnly>sinapic6355</makingOnly>
      </meccaToetoePayor>
    </apricot>
    <pepticsSidhe>
      <tegean>braysUghsGladder</tegean>
      <cixiid bepaidCastanoYerb="predarkInula">
        <baraca>floesRouches</baraca>
      </cixiid>
      <wullCobaltCarses church="nationGoober" bespeak="saviorsKeglingMimmed3">
        <peruked>cambricGooneyFared</peruked>
      </wullCobaltCarses>
      <rezones votesExits="puckrel">
        <kronurSamuraiGrampus>assizeZihar</kronurSamuraiGrampus>
      </rezones>
      <benzolsQuarle eloise="maillsJoltily" glazerRoiledLooting="cutwormMuchlyYauds">
        <newestSelsyns>749426409</newestSelsyns>
      </benzolsQuarle>
      <alphynTheclaThinker>
        <earn>tulcanBladerDelator5303</earn>
      </alphynTheclaThinker>
      <nicky>
        <moneralMech>sherifsKoolau</moneralMech>
      </nicky>
      <tactionAstream>
        <undoseForked>fronterLacingMessing</undoseForked>
      </tactionAstream>
      <beaky winkingDossier="biggedBrainy" nutRatals="hookup64" swobsScraw="2640">
        <despinOcoteaTwingle>384</despinOcoteaTwingle>
      </beaky>
      <wholismButanesFluorid lomtaJukesFarted="liason">
        <teicher>247864285</teicher>
      </wholismButanesFluorid>
      <conturb norlandMolluskOicks="alvinaCarap" meiosis="turretCohow">
        <thowt>snaryOssuaryGisel</thowt>
      </conturb>
      <virally meileOgdoad="ureido" beaning="7">
        <shikara>566444</shikara>
      </virally>
      <tousledEngraspPato dhow="doumHowsour" welficJobbetMahonia="ceibaPuku" teraph="82739948" flites="dabby123">
        <boeoticUrnful>perrier</boeoticUrnful>
      </tousledEngraspPato>
      <squirmsGallow carvage="vanningUnilobe" beinkedEvocateAlee="5">
        <zanily>tmemataKroner6668</zanily>
      </squirmsGallow>
      <kartsRippet simeGirellaNinthly="salviolPetrea">
        <navahosIneriCimex>oxozoneAfrown</navahosIneriCimex>
      </kartsRippet>
    </pepticsSidhe>
    <coccalIhpUnrivet acetinFabraeaUncorks="khalal" sulfine="98371" gookLinctusOsirian="eonianMimish" suguaroDramsNixe="993" cfs="544497" dithersLustred="occurseFlapped1" tuilzieEarwigs="fiftyGobbetsFarmer">
      <goldingBaywoodZestier>modelWissSwords</goldingBaywoodZestier>
    </coccalIhpUnrivet>
    <passimGasting orbicalOutlled="remillQuelch" geds="boatieRepanelPightle" edeaSeracs="extols" frowUpsitRescrub="ripen" rediveLumbang="spirula" scaean="perusesElektraMunific" doableDelates="jamokeAcraze">
      <nebulaGemote>ortalisXiphuraFurzed</nebulaGemote>
      <lubric taroksTestify="alpaxRedowas" rifledTeens="octodeSmokedPintle793" dareallBanteng="congou" chamadeTipoffs="tiring">
        <amusiaRunnier>anemonyLoppet51</amusiaRunnier>
      </lubric>
      <temper uluaPunkiesThuan="ickersWereass" amellus="altaianRideauLaighs" scramWilder="3" faraday="coziestOddityBeamed">
        <cunner>episciaMurdersSylvae</cunner>
      </temper>
      <cakyZarnich frisiiPoodleGieaway="bylaws" toatoaBukeyefPewter="8935642" hoopoes="pirolStowceShogun">
        <switzerSneapCohue>7308</switzerSneapCohue>
      </cakyZarnich>
      <elisha unweelJungled="truthMikingCerasin1" baitersJoltsTurnout="6158">
        <melted>semper</melted>
      </elisha>
      <tubes remans="aspectsSnashes8" osteomeGlades="kosha">
        <bookyViveSuasion>34</bookyViveSuasion>
      </tubes>
      <colourSloeCrotch>
        <hirplesUnsoggyAssumes>surface</hirplesUnsoggyAssumes>
      </colourSloeCrotch>
      <bushmenKetway henoticBlungedSkirts="wirings" fampGweducSedat="barberoJukingCecally" abutsCystid="kitbag" abettorSpaying="clumpyWhomp">
        <puff>resawerMebsutaCrisps</puff>
      </bushmenKetway>
      <chaouia jiggly="6484955" warchEogaean="solubly" whittawViridin="griefVernantScovel8" casquePhoriaVenulae="circuli">
        <clysmicJoramsShopful>ciboney</clysmicJoramsShopful>
      </chaouia>
      <lakesKalpaksIwa felsite="organry8797" dogyVexable="6495">
        <siresRaphiasMacrli>tores</siresRaphiasMacrli>
      </lakesKalpaksIwa>
      <dil tanists="drilvisAxal" feleElodea="9682">
        <winnelDharani>legoaNuagismCurbers</winnelDharani>
      </dil>
    </passimGasting>
    <trailMorphonGigget>
      <avowFausen>depurge</avowFausen>
      <bubblesCaca miseditValuedLordan="713143">
        <shawwalVariosShicer>3</shawwalVariosShicer>
      </bubblesCaca>
      <bekissPsalmicImage slatherPotpieHyblan="artha" tuggingPhobyWakamba="435660" expiredDeploy="unlame">
        <salviolCabildo>ordures</salviolCabildo>
      </bekissPsalmicImage>
      <garthsGrouchy localsGambaCouldn="28410" playing="phytolBrazing" reliefsAbedeGlyster="3">
        <anjan>kadayanSwimmerIjolite</anjan>
      </garthsGrouchy>
      <aubade tough="smousTomasParents835" phloemHantedGadbush="tyauveSycoma">
        <cutter>incubiEasierLumps41</cutter>
      </aubade>
      <burredYardedBeards maximaAvalHond="milchyTurnHystrix">
        <telar>tindaloCharely3061</telar>
      </burredYardedBeards>
    </trailMorphonGigget>
    <caracalHadarim>
      <gillarEmends>994321154</gillarEmends>
      <worshipMutantSmiters outbeamFrowl="936863" glimed="2629" cosaque="chanst">
        <milieu>aguadaClaxon</milieu>
      </worshipMutantSmiters>
      <sowarry pleaded="scads" unterse="piratySaversIdolet35">
        <famulus>limitCydonia</famulus>
      </sowarry>
      <visaedAxlike>
        <filleulImposeYapoks>sidder2</filleulImposeYapoks>
      </visaedAxlike>
      <passewa heidiAnnetEarls="crowersIckyKokila" hieros="1">
        <peshwaIdionErnes>6632</peshwaIdionErnes>
      </passewa>
      <inuringLekker cubeb="uptaker" cordonsActinia="codfishSurreal" posterVacuole="love">
        <gardy>chisSumper</gardy>
      </inuringLekker>
      <triodeZimbMarse>
        <hijackAsk>jackmenShoat</hijackAsk>
      </triodeZimbMarse>
      <reentryLentilBonze>
        <noddlesRatites>disrobeEnscalePmsg8754</noddlesRatites>
      </reentryLentilBonze>
      <friseurUna kozo="xylonBandura64">
        <prosect>ziaratPtyxisMaint</prosect>
      </friseurUna>
      <syngamyMickeys cuminolRussiaUpfling="kyaungGalerieConcept" haoriInseamsVerdite="afrayUrinals" primity="mantis" pomoGalsAppete="428919039">
        <kickingAsphyxy>cymule</kickingAsphyxy>
      </syngamyMickeys>
      <prepaid tchick="hajiBombus" kickerVimfulHooka="allheal">
        <budgero>repipeKeffelFadged</budgero>
      </prepaid>
      <skoaledLeonoraLivyer stately="steelenPumpers" blungesZymoticDazes="nettedMota3" reseedsImpeded="teminDecimeDevilet">
        <choreaScot>appearsCobiaRadford30</choreaScot>
      </skoaledLeonoraLivyer>
      <mungoos>
        <tiresBundlerDidric>781</tiresBundlerDidric>
      </mungoos>
    </caracalHadarim>
    <warlordOxphony>
      <dipodicToughs>regearScalls</dipodicToughs>
      <rox homilyComonteStagger="myiasisDownyEchoist" feteAkronNilgai="becrushPaviesBootie" untressFause="furaneSpelunk">
        <hangingHolourTilia>eateryTogaedBerate</hangingHolourTilia>
      </rox>
      <aviates unclaspRetama="quashesFingersAxseed">
        <tzardom>dirige</tzardom>
      </aviates>
      <jurisp context="bivial">
        <attent>anglerSado</attent>
      </jurisp>
      <lignonePrimas stirraFortsPandect="swingDaricsLangret" deariesExtypalKwachas="demoSiolDuntle8" toursEvenersDeice="akroterMutuelsGodetia" imshiHarleChored="fiquesUnmoldDegage">
        <clatchyKilovarJalur>70</clatchyKilovarJalur>
      </lignonePrimas>
      <forweanBing teasTerzoRelaces="padroni34" usent="tussiveRaffias">
        <hawokOutpartWithery>quaffs</hawokOutpartWithery>
      </forweanBing>
      <offs inagileDie="inbdOnlaid4" weentCapos="maungyCalvedUrging">
        <deewans>steakLibrid</deewans>
      </offs>
      <pubalTrunks turnkeyRollCorbleu="magnetsDustoorOverwin66">
        <pilpayIndex>nigrifyElayl</pilpayIndex>
      </pubalTrunks>
      <sheaMor tahua="cohortsNevomeEros" sweltyBanba="stupingAunts" vistaRoc="vorageTiento" apamaAbkari="ficklerRaker">
        <outdidCammas>2969</outdidCammas>
      </sheaMor>
      <hostElf>
        <aricianSteelen>unglazeRustlesPlacate</aricianSteelen>
      </hostElf>
      <upwind>
        <wurleys>campersNessusLeeches</wurleys>
      </upwind>
      <diedral sylvian="exscindHittingLysogen" gilts="whensoPdn">
        <enmityWambly>bearedJoists</enmityWambly>
      </diedral>
    </warlordOxphony>
    <syrupMirableDucato>
      <tradyTryms>697680</tradyTryms>
    </syrupMirableDucato>
    <stenoNibbingLipuria>
      <tyronic>seppaSilurus</tyronic>
    </stenoNibbingLipuria>
    <typicUppull>
      <impreseArrent>corvina</impreseArrent>
    </typicUppull>
    <hurdlerJetties herbals="linonOutspanTaikih" tongsKrems="isatin" zoocarpAcetifySnafu="skillet993">
      <palsBotonnGraced>enwovenNaivelyFilace</palsBotonnGraced>
    </hurdlerJetties>
    <chirresSivaism>
      <dulcoseMarlockGodown>placerStale</dulcoseMarlockGodown>
    </chirresSivaism>
  </ensign>
  <horeGushed confessArrivesKalmia="writterFirkingAmids" />
  <ninoxAnnary droguet="589597" chetahs="teasedWhalingSintoc" durous="meatmanBayous27" snorker="snigsAmici" />
  <aprowl slackerOrdainsBrims="enamorAlkinesKabab" athogen="ycie203" cloddy="croonSemnaeDick528" dobbie="tetteryTonsileBiblic">
    <avowersValiumCrispen>
      <dandier>depictsRetRamps</dandier>
      <crepierAegipanShuls>
        <rebbredChethAlbetad>croaksDhobiClasses910</rebbredChethAlbetad>
      </crepierAegipanShuls>
      <brutifyGrafted rhosPollageCooey="biblikeGunge">
        <fushtTrin>prickleUpspeedPreens</fushtTrin>
      </brutifyGrafted>
      <gutsyToppled holgate="moresTafiaMogo">
        <locrine>gingalEpicier74</locrine>
      </gutsyToppled>
      <yagi grisardIdentJows="babe" sylvius="hasidLippier" dockmanInearth="4892280" limps="96">
        <regidorAiringsSchute>hajjiSwampWinned</regidorAiringsSchute>
      </yagi>
      <dumplerKarwarWirling kumanMakeups="molar" geordieNoirBezan="crybaby">
        <tapenNaegateCheek>unkenArgoanBows37</tapenNaegateCheek>
      </dumplerKarwarWirling>
      <stanzasOutwore flukedTuilzieTerbic="besewAngus5082" romSwoosh="peacingDiscernPlatea" assagaiCapoc="idrisidEdeniteAdactyl">
        <outer>doling</outer>
      </stanzasOutwore>
      <antewarHubshi>
        <meaw>2</meaw>
      </antewarHubshi>
      <lycopod pierianPiculs="manoKeppenDetar">
        <eelsBrubruDrooled>22</eelsBrubruDrooled>
      </lycopod>
      <unglory>
        <revulseConiumsHearst>belgae</revulseConiumsHearst>
      </unglory>
      <officeMinting canroyAutistAahs="zillTorve" sliddenAttentNoummos="praiseSicyosBushers">
        <codexHurstLitmus>yirdsPurfleMonera</codexHurstLitmus>
      </officeMinting>
      <anxietyListenCrwth dodgily="53550" amalic="plainerAminityDivus4681" corradeBursarsUnalike="bothway">
        <kenmarkTalweg>716</kenmarkTalweg>
      </anxietyListenCrwth>
      <ergoted eddicVangCuddy="minusesJakes332">
        <bendsDuetCanali>stiver55</bendsDuetCanali>
      </ergoted>
      <outgameUnvocal sangars="pigskinHostlyDecks5732" crakerAveril="intakesAustric" empt="scotchyMoventNegaton9205" lutany="donmeh93">
        <seirenGeonicChende>biformTheorBrent</seirenGeonicChende>
      </outgameUnvocal>
      <kerriPupilar relictiRodlet="bespewWicked" dehullRiotous="jasperyEdiya" javerDagobaLoren="reveThujeneScales" pyxies="tatersAgedly3">
        <epactsAgeings>649926516</epactsAgeings>
      </kerriPupilar>
      <hustledPositumEither epaFacJusts="smokos9846" stookedChummed="7008">
        <trampedKaldani>lozengeLevanceAnathem</trampedKaldani>
      </hustledPositumEither>
      <smiddieAsculaeShedded>
        <uriel>coppinKetchup</uriel>
      </smiddieAsculaeShedded>
    </avowersValiumCrispen>
    <meioKudizeWammus>
      <machaonChorousNaughty>clue7989</machaonChorousNaughty>
    </meioKudizeWammus>
    <tineaVialful bairagi="8609" gibus="urbaneChardSpicily" tutuNitty="pobbiesOrg">
      <cirusesTaurineHoley>tebu</cirusesTaurineHoley>
    </tineaVialful>
    <guloKnells prongy="rundale" desma="heapedAckmen" seseli="guacinPhialai">
      <stewardYairds>folioed</stewardYairds>
      <taxiticPodium sorehonInertReuben="chainon">
        <piculsPresent>7</piculsPresent>
      </taxiticPodium>
      <mogos lhb="costaeImblaze" markka="9084487" pansied="damarsCudTweeds7" woodenyLapser="deficitPilous">
        <stairsLimbie>76633497</stairsLimbie>
      </mogos>
      <acerbasGosling episciaYerb="verserDeglaze" disshipAmoving="faddleMalaysWormed" tabusMuseumAsarota="gaon" elijah="skilfulLinaria447">
        <corsyBaalDrop>bokomPygmies</corsyBaalDrop>
      </acerbasGosling>
      <bleeryAlmadie evelongThumperAltezza="reetamTuumGroins">
        <penseeOnymous>gymnicsEuchres</penseeOnymous>
      </bleeryAlmadie>
      <guerdonBragiteBurlier forbyDidelphBaa="187478721" trekked="972452027">
        <arcuses>eral</arcuses>
      </guerdonBragiteBurlier>
      <gamingLithe pelargiSoogan="syrtisFalsum" wealdsTonalStruth="azulejo" plunks="rappeeBruskly" lithiumShowedLung="proviso">
        <wrestedRetunes>regmaShiversBuqsha8</wrestedRetunes>
      </gamingLithe>
      <adhortMumble wopsyZarfsStinge="toydom">
        <jorden>temptedDags</jorden>
      </adhortMumble>
      <griftedChawer pussPistle="7" kelsonsMouthe="apicalFoventCantus" jennierVetsMeshing="wyledDusted">
        <kidskin>jumbosConfuseHypt5</kidskin>
      </griftedChawer>
      <toguesBalding electDayworkPansy="59304" grandlyRusines="6524009" topengTektite="coolthSkylike">
        <admanTumultsArmfuls>jadishPanaris</admanTumultsArmfuls>
      </toguesBalding>
      <msink cahita="amphidTursioShower" distainUndulyDimples="upbreakOsirism" vendors="duomoGnarled" veenaBicarbs="5">
        <punkins>kotylosStokeHoaming</punkins>
      </msink>
      <upjet list="nettler" avid="eviteBoppistLimiest" hirsledNeologyHematin="silasWaltzerQuinyl" pannumChiotMadrier="7118598">
        <bedewerDictumSleyer>peachedHazara</bedewerDictumSleyer>
      </upjet>
      <beltingTupaiid cigarFunge="epinaosDorhawk" diazoBowsieSnipe="doest" araliaPourer="dubbahPiracyYanky">
        <newariPlatanRowans>skilpot</newariPlatanRowans>
      </beltingTupaiid>
    </guloKnells>
    <bonzer>
      <stagyArchd>rioted</stagyArchd>
      <encrust>
        <prowled>ease</prowled>
      </encrust>
      <hausensLightsDurax doradosShotVender="124" rauqueSkiteConnote="pilmyEtamins9" boolya="empale" hazaraDittonLorica="styroneMzee">
        <lur>fussersHaledayStewed</lur>
      </hausensLightsDurax>
      <glosHeight apinageFungifyBurka="scopaFolkish451" teaze="werfKnasterSaudis">
        <clinicsEnglandGraddan>rowdiesPertainPined</clinicsEnglandGraddan>
      </glosHeight>
      <oxyacidEke>
        <craig>boskerTardity</craig>
      </oxyacidEke>
      <posauneTribuna essieMindful="8" scouthHittingFalun="prague">
        <roguish>7798784</roguish>
      </posauneTribuna>
      <atwiteScriteRhet capanna="553790" callingMachs="sprawlsGingrasBiogas">
        <tappaMoronryMussily>sillarTwistleStong</tappaMoronryMussily>
      </atwiteScriteRhet>
    </bonzer>
    <retreeDeisin gradusYasnaParrall="lammedHantleFarrier" uncowedHermaeDiaxon="licheesBicorne" bladyLabraMappist="rialsVaguest">
      <bayed>222</bayed>
    </retreeDeisin>
    <finning shiai="coumaChawk" shingonEthide="dartreKou">
      <diffuse>limbateKiltyForbow</diffuse>
    </finning>
    <minarRhemish kapas="vixens">
      <mavie>6461</mavie>
    </minarRhemish>
    <lesbianMpangwe denser="inspokeQuantumGulpier" braseroHulchy="venererTussurs22" gjedost="766640" rosetan="draggerWat" cryalBority="633">
      <etymicHoversPeelman>crimesPremune</etymicHoversPeelman>
      <hafniaGuareaKachina phrase="mazelTaaEpaulet6637" pressed="72">
        <vermisKainiteSuum>terns</vermisKainiteSuum>
      </hafniaGuareaKachina>
      <harmShuttle myrtol="fancilyBrava" facticeDaddledNoble="sprod" baphiaSambaraBullace="zibetumEupepsy">
        <disheir>pursuedEluvium</disheir>
      </harmShuttle>
      <drest duff="630" dormins="pereion255">
        <confabs>chockZincize8</confabs>
      </drest>
      <proxysm>
        <noritBoomerComtist>mashedSicily</noritBoomerComtist>
      </proxysm>
      <fraseVicuda depictBasson="succubaSpawnerViewly5512">
        <sfootOblatedKiting>gaolageAdagial</sfootOblatedKiting>
      </fraseVicuda>
      <tipsily>
        <air>reef</air>
      </tipsily>
      <osheaReel overfarOnstageCambism="nouriceTampoe26" guloseObovate="johnsSomitalBlanche" toomly="78436428">
        <uraemiaDeddyPangi>3</uraemiaDeddyPangi>
      </osheaReel>
      <garnerPersicoCreate surrasUpdarts="wicketsPiratedGranada" stralet="rusesRathiteOverrun">
        <dittiedYennedVeenas>rimlessPhebeShradh</dittiedYennedVeenas>
      </garnerPersicoCreate>
      <nursleKeeping neotypeHarmootLimbo="286687599">
        <urtite>zygon</urtite>
      </nursleKeeping>
      <eardrumFesseFreezy grizel="petunse" hindsHomingSured="pimpla" bidreeAssobreKommos="dolinaBallateWafered">
        <careen>now</careen>
      </eardrumFesseFreezy>
      <coiny jinshaSqueege="retameFnese">
        <pewIncenseCoffle>2</pewIncenseCoffle>
      </coiny>
      <wolfian>
        <eggCourantCotinus>pesachCogsLunacy</eggCourantCotinus>
      </wolfian>
      <ergots terminCorkirScales="patiosSyriasmBowels" caxtonEggment="dupableAmyloidMbaya">
        <hewsRefugiaSlithy>burkei</hewsRefugiaSlithy>
      </ergots>
      <ladsGadbee clysmicSock="chip" snood="operaeKompow" elleck="ubound">
        <sastean>1609</sastean>
      </ladsGadbee>
    </lesbianMpangwe>
    <rowingsPipeyAllyic>
      <mexicalDorbie>sidingPagingAhungry</mexicalDorbie>
    </rowingsPipeyAllyic>
    <turacoLumeter>
      <sauraSawnyWormed>4</sauraSawnyWormed>
      <shindy upstartDamoneNegros="croupyPositum" tenacyOcheredPrepupa="otusZemni">
        <oceanogBewails>dumpilyLir</oceanogBewails>
      </shindy>
      <bemistsCatchyWeigher diggerZippingRandom="errorsCockyBriard99" pinitolTwirp="ablings" volupteFlansLynxes="835977" dyadicsBimasty="weri">
        <poult>luigiSputnikLotuko</poult>
      </bemistsCatchyWeigher>
      <lobefinPiffles foodyAquariaOnagra="olonetsAtmasCiv5474" dangingAshing="naturaCommataTurncap">
        <llbJigglesFarting>apulse1</llbJigglesFarting>
      </lobefinPiffles>
      <stingoMidlegVenero>
        <sertumDoabAwakes>maclesWartedSlily</sertumDoabAwakes>
      </stingoMidlegVenero>
      <cassiasTimetrp residsSeinerFoister="dandIntime5162" engrain="69">
        <preezeWinned>6290512</preezeWinned>
      </cassiasTimetrp>
      <cowpony leanGrus="rannelMartext" copesBeshake="suantly" reccy="bumped" pureesSatarasRappel="logionRockier">
        <fiacresHallionCoilers>ansCuraris</fiacresHallionCoilers>
      </cowpony>
      <tetania waxlikeMineralHerm="flagon" genetor="carica">
        <lopeziaEugeLatax>8</lopeziaEugeLatax>
      </tetania>
      <inherit jellyOrgone="630403" implete="umbellaMasticsHoboed" formity="overlieDebars" corninLamanyFewest="vicunas">
        <priggedCorsairIncur>extineUnstonyBilious</priggedCorsairIncur>
      </inherit>
      <toolersUntrain mossedCoaxialBewept="51072" viremiaEthionHasting="wavererVistal" remixes="bespawlMendigoValois" cateranQuixoteKnuckle="howlerJisheng">
        <forweep>reprise</forweep>
      </toolersUntrain>
    </turacoLumeter>
    <embruteWraggleRetip rehaleTibicen="lequearLicence" suidianMutingZymosis="nudgesSkayles" osirify="tennersChayote">
      <dipppyOtello>piuBittenHaars</dipppyOtello>
    </embruteWraggleRetip>
  </aprowl>
</monaxSwathy>