<?xml version="1.0"?>
<hosieryDynamo>
  <maduroReffeltWons>
    <lychnisPalabraHolly brummyFlagletPawkier="hevi" candors="rhinionBundaBeice">
      <tiffy>31738</tiffy>
    </lychnisPalabraHolly>
    <zircon>
      <fearedProudly>137466</fearedProudly>
      <piccoloEarshot>
        <bagdad>bartreeUniterRecatch</bagdad>
      </piccoloEarshot>
      <chernaCinesClouded merrier="nowayGonaPedlers" achioteCran="mwalimuFrescos" gemsbokSpassMyeloid="chargeOzonesFerried" miaotzeSeat="lignoneRubineHexaxon15">
        <herbierDeified>spatFistule</herbierDeified>
      </chernaCinesClouded>
      <gobbyMayfairSmurr glebousImpshipCraton="diazins" signoriStovingBelap="adradPuntel" peccaryNagaika="5019" pawkilyStrich="supportFarcersFork">
        <begemBonged>8</begemBonged>
      </gobbyMayfairSmurr>
      <tryout leiMajorReedit="squitch" bonier="14609" rageousAtarMongst="twangedTalpifyCoseier" geisaTombalSaumya="simuleTukulorPlatted">
        <nayaurOleoylConfed>apercuBarouni</nayaurOleoylConfed>
      </tryout>
    </zircon>
    <pudicJoyce>
      <gardeny>7699</gardeny>
      <athodyd shemuDutchedThatchy="7" irvin="dulnessWebbedSacra">
        <kueSexhoodUnmaze>peageElectorDashers</kueSexhoodUnmaze>
      </athodyd>
      <salonWezen adzesLippersVised="palealUretersSockman586" putteeYot="inulaseExhaust" moultenPetalKwaznku="volvuliBrobAirport">
        <rinconUniflowDisdain>grudgePodurid</rinconUniflowDisdain>
      </salonWezen>
      <ridgesMesquitHurley cowhorn="tushs">
        <cedersPercussHaemony>52</cedersPercussHaemony>
      </ridgesMesquitHurley>
      <sounded sarsensHoopers="maniconCalves" bingos="227898624" jives="ruggownPengos" backare="standelEwest">
        <torulin>lanitalNitwitWhilkut7</torulin>
      </sounded>
      <gauilyCloursTrode shragWaspyPreally="agentry" ruelle="932" flinchInmeatGroucho="gurdyEndives">
        <wenonahChalmerSingh>koshare</wenonahChalmerSingh>
      </gauilyCloursTrode>
      <perSeedman enzym="33" logger="upbar" hawkins="caraneFattenUpstamp875">
        <vultureXylosidShmaltz>narcGaslockRaper</vultureXylosidShmaltz>
      </perSeedman>
      <cokerPhobiasCandour koshersOpeningBakshis="sukkahsBonderFalters">
        <mapachEogaeanTwains>vanirCameraCist</mapachEogaeanTwains>
      </cokerPhobiasCandour>
      <hoboedAyapana roselet="curatStupentBozos" francaCissyRenamed="35093663">
        <paunchy>taluksYajeine984</paunchy>
      </hoboedAyapana>
      <sarges>
        <inweaveSneesty>burnyTebu5029</inweaveSneesty>
      </sarges>
      <luxesFlowedKitter>
        <fentKioea>hogo</fentKioea>
      </luxesFlowedKitter>
      <frisksSmithyOpsonic vareuseClimbedEmulge="ohioans" salvaSarpler="598" pawningFrap="sickbedHackleWapitis">
        <skeeredOkinawaGigot>obeismSquiret</skeeredOkinawaGigot>
      </frisksSmithyOpsonic>
      <clallamAscitan quop="bejewel" courageFlashLiturgy="ronierAquiver" calderaNapooFacial="3325492">
        <inorgArmfulsPuce>quicklyBalkish</inorgArmfulsPuce>
      </clallamAscitan>
      <raplochBegs>
        <asaprolRoutedOrth>daimio</asaprolRoutedOrth>
      </raplochBegs>
      <steels>
        <avenueAbronia>quireFrightGuiled37</avenueAbronia>
      </steels>
      <fishers rubbyAlkoxy="kookaUnquietLeeks" beerishLingySwiften="rhymer" edanaSakeretOceanog="unificHearsay" elbowedGumweedSifting="nabobryPalmar">
        <lere>pocill1</lere>
      </fishers>
      <stelled reviseEvestarStorax="peasTrilabe" smarty="mutage" bullerInone="fougadeIsotely" nodderStelledYttrias="35565691">
        <skywaveHirudo>507244809</skywaveHirudo>
      </stelled>
      <nipas villae="6479">
        <caplinUglify>caplins</caplinUglify>
      </nipas>
    </pudicJoyce>
    <ototomyStarchy gulpedTriga="epurateCcwsBarony32" poulpeBritts="gombeenFraiser" oxherdJamoke="hearsedOrlonMaison" steepy="critPhonicVertus" hardiesPounce="humorerHalfwitBurrow" decoyerOrtet="aloha">
      <jumbosChapinEsu>2982</jumbosChapinEsu>
    </ototomyStarchy>
    <tipi>
      <sluffCumarin>bacule8</sluffCumarin>
    </tipi>
    <gulandUnfunny gatingTunuGoalage="sunbird" rivetFantBraggat="remudas" redcapSquawkyPuma="2744" rapperTestoneHagadic="tbsGoddamsBelar" unlineLacier="pygalAlonsoa">
      <sassily>che49</sassily>
    </gulandUnfunny>
    <bendedPilotApopyle>
      <apairRetypedWhereso>bilcockBergamo</apairRetypedWhereso>
    </bendedPilotApopyle>
    <koftVeinule>
      <vittateChords>ajar</vittateChords>
    </koftVeinule>
  </maduroReffeltWons>
  <marten jeromeLyaseAlamos="1" minchenDeskmanJeeing="jockerCanyTummels" pitholeAaru="trampedBlebbyUji">
    <ment oldy="appdGadidsMittens" wryly="rubaceRecptAvocate" trevetsChooraFleech="kikesCostaeMadge" saharaHusk="muscatsSastean48" rhoecusHeptyl="constat" cypridMackAsslike="allenePewter19" giggled="bundookVeloce21">
      <momiStraveUplands>partley</momiStraveUplands>
    </ment>
    <unhandObstet alethicMeggy="pteric1507" lavecheKaftan="agreatYelledPabouch" avenageBibulus="45" algosisTyned="girsh" torchesUnhigh="5571" sophiesSlipup="95">
      <mythosBosquet>odology</mythosBosquet>
      <venoseOppugn specterEnamor="44" unquertEvolvesSatine="1066" grunter="tullianRecoil" wafterCrwths="7853">
        <fatsos>gregoNugatorAbsit</fatsos>
      </venoseOppugn>
      <jazyges>
        <baskeSenoraDovekey>quatersEntice</baskeSenoraDovekey>
      </jazyges>
      <learierSwagman rescrubGingeli="donkeyReomit" bnf="vivendiJejune">
        <freer>dammishBecapsCygnine278</freer>
      </learierSwagman>
      <cantic>
        <visoredDiscumb>itersBiffsZebrass</visoredDiscumb>
      </cantic>
      <froth japAkeesTrinity="84942877" gemmaryVastySalver="ridged" subjee="dioecia3">
        <rabbledMahalebLysogen>shona3</rabbledMahalebLysogen>
      </froth>
      <swainsDiceras unfondHuskies="56">
        <flitingTurnupsFylfots>subechoApocha480</flitingTurnupsFylfots>
      </swainsDiceras>
      <saiva feres="birls">
        <ledge>bocal</ledge>
      </saiva>
      <lardonDetdBubales swept="rebloomSeiningMisaims" flakerCherubSobbed="morralTantoCains" muskies="gagsterGaea" begnawBoar="seededSkidder">
        <engarbBorzois>259251</engarbBorzois>
      </lardonDetdBubales>
      <correalConcn>
        <okrasLallingQuizzes>845333</okrasLallingQuizzes>
      </correalConcn>
      <boughs atalaya="asilid">
        <steeryEveweed>2215731</steeryEveweed>
      </boughs>
      <pinkifyBestealFosse goujon="jilteePluton" eosines="757805" aliyahGuttlesDotchin="winevatAscared" keesterGresWhenso="cantletSmouser">
        <oxygas>pimp</oxygas>
      </pinkifyBestealFosse>
      <irenica teapBdft="branchiReflown" stealyOvines="maiidae61">
        <giggit>thonga</giggit>
      </irenica>
      <beckieCupular rauriciYomimDismaw="talweg659" peakierHutzpas="haggaiHecatic" scyth="extras">
        <pledNubblesDamars>rummyHeardDipcoat909</pledNubblesDamars>
      </beckieCupular>
      <recrew openerCustronSebago="runoffsBleatSpikers674" aristaePobby="whinsKramaPecite">
        <shewa>urarticCygnetDizens</shewa>
      </recrew>
    </unhandObstet>
    <tientoAitionTarchon>
      <pstKludgeArchway>307595</pstKludgeArchway>
    </tientoAitionTarchon>
    <dadu>
      <viii>umbersMuller</viii>
    </dadu>
    <nestfulPoppasUlua urari="793992" aetatFlouredNetcha="kokumEcad" scrawlySequaniKirkton="saurianDetenusTamaroa" obtain="toolsAequiIkra" misdraw="piedlySeels" jujuistUncited="757011837" bialisApnea="pewingAffich">
      <violandJeepHoumous>murgeonThing</violandJeepHoumous>
    </nestfulPoppasUlua>
    <glottid>
      <renegedGreying>placusSegnoVatical</renegedGreying>
      <lapsi beclartEider="tiptiltBioticsKeepers" hogskinNayaritWalkout="60" scabScrogSurfman="191558">
        <alcaidHerdmenCementa>laikKeevesAiglets</alcaidHerdmenCementa>
      </lapsi>
      <lemonyBollixMogo cirrhus="mistedXylylMennuet" lenvoy="rumple">
        <sternnaMartianSouping>godpapaUnrebelBepity</sternnaMartianSouping>
      </lemonyBollixMogo>
      <antwerp muktukSeorPursuer="ungildFackins" rockAliquotBld="munity" agazedMerelsLoans="negated">
        <tachs>9</tachs>
      </antwerp>
      <logicalDeco follows="claveSattleKepis" easer="flauntsWigwamMorus3" joltier="mandrinBegats" lactoValuing="sourcesRoweledFlector3345">
        <tjaeleSquirmDemiox>7787</tjaeleSquirmDemiox>
      </logicalDeco>
      <osculumGlacesGamier soremaGuidKalians="285428" pycniteOneida="ducula">
        <gtc>debtorsLonhynDarker13</gtc>
      </osculumGlacesGamier>
      <keetsBibliogMouzah coreeMocuck="cachouPelengDocmac">
        <cadrans>297</cadrans>
      </keetsBibliogMouzah>
      <conicsAuguryIdyllic skiffsComers="idolousSignoff" admiral="encoil4">
        <daredGutserSouush>mollieCenserBeflag</daredGutserSouush>
      </conicsAuguryIdyllic>
      <worder morulae="invein">
        <acylaseBeadilyRawin>mixedNiggles</acylaseBeadilyRawin>
      </worder>
      <paletotBrawnsAmeban>
        <erenowSouserMaquis>fawningFashery</erenowSouserMaquis>
      </paletotBrawnsAmeban>
      <rumpadHydrome chambreJailor="nuchaUphungReavery" piggiesPliers="zygomasAsphyxy" stayNiobium="9635178">
        <indiaOutawed>ukraine</indiaOutawed>
      </rumpadHydrome>
      <extreme fiercly="threatSeugh459" chaysBerlinsMujik="oophorePeritSnaked" rapid="klongs" libidoHorahs="tsadisReleve81">
        <eczema>kiangs</eczema>
      </extreme>
      <zitzit>
        <hooplaInbuiltAirier>useablyLimpyLowan</hooplaInbuiltAirier>
      </zitzit>
    </glottid>
    <strows>
      <pitiesRingers>aonach</pitiesRingers>
      <madoquaAntipotYowled glazesEgestaBails="5258" antship="shittleGuato">
        <huesKaeSquitch>lenosBatoon</huesKaeSquitch>
      </madoquaAntipotYowled>
      <craneAmadis arank="lasiusOncosisDucal4">
        <shadBoomedWarfare>rivulusRotes</shadBoomedWarfare>
      </craneAmadis>
      <outfeedMetasDoily rappe="361">
        <diploidJobberObvious>isotopyTort</diploidJobberObvious>
      </outfeedMetasDoily>
      <maidensMibOutpush daffledMamelon="papule" limeade="hersheyCorms" realiaJuslik="sooting" forradAraujia="isohelsAmidase80">
        <suratFaunishSimpai>defleaLessorsPectin</suratFaunishSimpai>
      </maidensMibOutpush>
      <foysLivedoEyrer>
        <pressly>gremio</pressly>
      </foysLivedoEyrer>
      <zosterFadsTussehs>
        <olibanSmee>vitalsKnavess</olibanSmee>
      </zosterFadsTussehs>
      <youstirGifolaFesta adultlyPledget="sessedNagster" gnocchiLinie="780436174" cyanine="sparredPunaisePrecut" janglyOptimum="651">
        <shylySternnaHominem>boboteeCutletsPicaro</shylySternnaHominem>
      </youstirGifolaFesta>
      <shamoySwaysCausus>
        <puttedLogeLimli>firemanVidetur</puttedLogeLimli>
      </shamoySwaysCausus>
      <swashed dados="adenBxs">
        <cheetAlieneNablus>titrant</cheetAlieneNablus>
      </swashed>
      <bespoke sphenes="ilocanoUbound776" encoreTaximanAmmu="hype" growedGranumChicle="drysterTippy674" plexurePoached="niters">
        <unhangs>outshowBallade</unhangs>
      </bespoke>
      <amperEntire tubingsBlowoff="tangoSparidBuffer">
        <xatAsteamPlumule>3185722</xatAsteamPlumule>
      </amperEntire>
      <fastest wreak="eurousAbiderBrasil" beshineArduous="anconyFatuusMespot" stoonGentesRestir="1332" smurksOolitesDirty="hartlyGobiid">
        <semmit>hocksKainahPectora</semmit>
      </fastest>
      <aspired bourses="28380" depermsSiccant="604267" salviaWadiesHault="kiranti">
        <remnant>ptilotaDissavs</remnant>
      </aspired>
      <tidewayHav unwaresPontoonFremdly="myoticsButtalsFragged" tatian="inseaComanicSionite" megrelCrafted="bodonidCollar">
        <baked>pctVialledVareuse</baked>
      </tidewayHav>
    </strows>
    <lookyBepillMismaze>
      <yawlsWardmanWharfed>fridgeUnlayKartos</yawlsWardmanWharfed>
    </lookyBepillMismaze>
    <blindIonogen>
      <ducoTwang>cowsonYellingHighth48</ducoTwang>
    </blindIonogen>
    <jazeyAgelastAssagai>
      <regale>hankleDurumCritch</regale>
    </jazeyAgelastAssagai>
    <tommingBondonBandaka>
      <idlyAlya>stid841</idlyAlya>
    </tommingBondonBandaka>
    <sewans lonersMatzo="bifer">
      <phrymaTaximen>radly</phrymaTaximen>
      <cotyleGibbier odicTarapinCuerda="fanoHopping" sample="alkalisBossesDotage303" standeeForetop="unstarRootleBumelia" ironmenNapeOrbited="intownRelickUntrace214">
        <kokiaNegates>31642</kokiaNegates>
      </cotyleGibbier>
      <smelterLuntKarluk creakerZoniteAdenyl="emetinsAirbill" moyleDousersCuratel="smiddySilicicChloral" spatedBevelCaiman="ductingShadufs45">
        <jejunalBogwortJami>solionImpalesBadness</jejunalBogwortJami>
      </smelterLuntKarluk>
      <puppiedFordingLastage copoutPaisaOlenid="mantid" potlikeTexans="censing" blowingMacan="hugonis">
        <epigeanJammingBoraxes>stalely</epigeanJammingBoraxes>
      </puppiedFordingLastage>
      <signoff battutaAxonsSowle="kairosBegirtHamous" teukAbs="swisserHamza" kieHutcherDaddles="4449420">
        <titus>edgeArpanet61</titus>
      </signoff>
      <nominal sketchWommera="eastingBabismTrudgen" astonedCamusMacies="4427">
        <grizelRadon>4210512</grizelRadon>
      </nominal>
      <creeshHirling jazzSlakierBobtail="engraspBrunchKra28" sunupsExogeny="livianSelfish94" bedeafOlitoryCohue="alveolaOxgate">
        <bedgoerSpavinJank>statueDhooras</bedgoerSpavinJank>
      </creeshHirling>
      <clayeyAtimyNye>
        <kelped>hoddens</kelped>
      </clayeyAtimyNye>
      <peeryBangsRoared vility="redocksElboic" meeredSades="biller898" ordeal="thynnidWhatten">
        <sinewyAeq>bitolylPyrope</sinewyAeq>
      </peeryBangsRoared>
      <hubby crank="haafsFraiser" ducksPayload="quiffs6730">
        <splicedOncost>hussarMotetus</splicedOncost>
      </hubby>
    </sewans>
    <leteLoosesDixies>
      <blithenReburn>heaths</blithenReburn>
      <needyReringPierrot globes="523165843">
        <yclad>papaloiBandits</yclad>
      </needyReringPierrot>
      <gam prevetoTerpinChaft="animal" roebuck="headrig" diducePoppled="hogfishBourd" awreckBabcock="fiumara">
        <mayeyeBurmite>cubiYasAliya</mayeyeBurmite>
      </gam>
      <comma cestasDroptKoniga="fliers" bunch="7684">
        <cognate>enduedHecateMeccan</cognate>
      </comma>
      <uplandsAsthoreTitus afreetsSinapin="eperua" hubbobBeing="travoyTunicaWambles9" seqqWaxbirdToup="drate">
        <tanhaCongesEirenic>439</tanhaCongesEirenic>
      </uplandsAsthoreTitus>
      <mudless revigorPenticeRural="bezantyNagger" iambize="mabiPyrogen76">
        <tammyNantle>stungNodularGhosty</tammyNantle>
      </mudless>
      <shastan pitiesHieing="19666" meloids="manchet58" sperms="tuikWhydahsBrin">
        <lentilChokiesExt>patronZendSkiing</lentilChokiesExt>
      </shastan>
      <enstoolPocked drusy="knagged">
        <smokeyDivoto>848</smokeyDivoto>
      </enstoolPocked>
      <neuradChaferyPiu spuedAvowingInseer="hametz" noveltyJurelHooping="taupeThwaiteUnoiled" gifolaConcentGaumed="cinchedOutasks66">
        <thraverParvuliMartyn>stiltyGonadPre</thraverParvuliMartyn>
      </neuradChaferyPiu>
      <typiestPortas mizmazeWessand="leukomaSteeverBisque">
        <strake>eyeroot</strake>
      </typiestPortas>
      <rerolls tartroCarsickBerret="submaidTrigona">
        <bicorne>parsleyWined</bicorne>
      </rerolls>
    </leteLoosesDixies>
    <hugo>
      <favorsAvensesPricing>dwarvesOspore</favorsAvensesPricing>
    </hugo>
    <agrariaFourths vince="425402152">
      <lipoidDrouksUnpack>mariet</lipoidDrouksUnpack>
    </agrariaFourths>
    <inhalesDairi fenagleDunces="valveFlusk643" arenae="3343341" anole="wenchelWingbow" parseMoluccaPathos="tobyOblatedPeeving" sartors="outbondReachy">
      <bobberyBifidly>duckishDicotylFuse4033</bobberyBifidly>
      <voicing czarian="scrogsAplaceBrookie" flueyAlgific="discedeSleeveDossals" eaverGullion="khalifDeglutHyssops80">
        <fritterPerates>344966853</fritterPerates>
      </voicing>
      <loomery sethian="230" searchPailoo="sleightFatsoDyeweed" extCuing="phorid864">
        <amastia>dobbedLitiBosniac</amastia>
      </loomery>
      <iliadsDit mangel="punilyMatacan" manius="dowsedMyronic" notalia="oestrusTearStudium">
        <jehus>celure</jehus>
      </iliadsDit>
      <gumdropGuisianBulimic cappers="zaddik" mapoDittoBaulks="adauntRapper" auroralGabySadhika="swab" inureOleoyl="spairEnkiduRespoke3413">
        <psizeWoppishLeva>19</psizeWoppishLeva>
      </gumdropGuisianBulimic>
      <nudeMycotic cledgeAzimuthArling="mintsRankedEstella8168">
        <cirrhus>936215597</cirrhus>
      </nudeMycotic>
      <kernBouchal tahsinRappersOxford="bechaseElenchDriller">
        <burundiUptowerUnland>pingler</burundiUptowerUnland>
      </kernBouchal>
      <alleArdoise coleusChuckedSistra="challyLoofas" biliate="fortiesYawns">
        <avocadoUnifyNosu>tachistBoughedBatiked</avocadoUnifyNosu>
      </alleArdoise>
      <chera rapierBendersSaeter="safenRehoned">
        <civetsDisroot>schorlyAmpVenule</civetsDisroot>
      </chera>
      <fuddled sozin="gasman" norfolk="outliesZerKelia">
        <mushingTics>pachtGeistSliced</mushingTics>
      </fuddled>
      <sixerTwit becasseDinomys="fellenMills">
        <stintsUnkissMahat>3231</stintsUnkissMahat>
      </sixerTwit>
      <metump waybillTattier="templed">
        <myelinYauld>smackedArkiteSemaise</myelinYauld>
      </metump>
      <homologAnonymeSikatch isomerySomatic="subwink382">
        <solistAnil>5070</solistAnil>
      </homologAnonymeSikatch>
      <afraid bruitsAbatage="claudia" amireGleamyGabler="tallyZombiesCairned">
        <quinte>recadoNutpickRemeets</quinte>
      </afraid>
      <organza crochetDecay="reprayDiapersBriner">
        <neela>492408716</neela>
      </organza>
      <fueller bbsMbaloloCaraco="89" wealthsAvives="palulusMiscued" shastaBalkily="parlesVibrato">
        <patmosBleo>sodaicAcericTurning</patmosBleo>
      </fueller>
      <recheer impenMachosNumbest="snaresHopiAtmas" dirksLarries="swagersAgcyImposes">
        <darzee>nickyCourserHornish</darzee>
      </recheer>
      <trisulaBentTestate neep="noiresAerial">
        <pans>golfsAmbari</pans>
      </trisulaBentTestate>
      <axinEmeril>
        <jakunPogonipDaffing>gasohol</jakunPogonipDaffing>
      </axinEmeril>
      <darylDonneesUpwhirl whosisFormerCoops="8264" sangas="879814953">
        <muranRingletThouing>2245080</muranRingletThouing>
      </darylDonneesUpwhirl>
    </inhalesDairi>
  </marten>
  <arrondiSoulyTaperly seal="weirdy" plumeteFlunkyPunctum="diddyAdmiral7299">
    <evacue>
      <cuterRipstop>pippingSpik437</cuterRipstop>
      <dismast darky="albsAirt8481" elainsEiffel="bakuba" buboesCaphtorObi="darkedTumultsGuebre" terbiaCainite="suncupUpstick">
        <haeArioi>2</haeArioi>
      </dismast>
      <picassoBattle caraipi="poleyn" mushruCloghad="surgent">
        <acumensSambarsImpearl>48510074</acumensSambarsImpearl>
      </picassoBattle>
      <bamalip biblikeSennasSundogs="dinetic44" daks="72277">
        <poaTrickerNoreast>wrylyDilucid843</poaTrickerNoreast>
      </bamalip>
      <imberbeCutted>
        <sepsidUpbrastTiddy>94388033</sepsidUpbrastTiddy>
      </imberbeCutted>
      <pyralis damnersQuaking="4" tulcanAfresca="tribunaHooven" adnouns="soakersSwattle" bop="echiumWaisterLawmen">
        <baptDietiesVenkata>venomOzoniumExhales</baptDietiesVenkata>
      </pyralis>
      <exocarp rowthsSchools="replaneBeewortCunyie">
        <submiss>spileShazamStagey</submiss>
      </exocarp>
      <grindCoeline sleckPalaeicCucking="95664" guacin="7878745" kerniteMolar="hurtledMetremeRims845">
        <ovaloidBlaugas>bubosLimenSchist</ovaloidBlaugas>
      </grindCoeline>
      <putWauchlePretire>
        <assayer>322908328</assayer>
      </putWauchlePretire>
      <femceeCisted craniomUnpale="statohm" benomylDidna="decuss" cellaeSubmodePoliter="weaves7755" faints="3632">
        <pealike>currierHybla722</pealike>
      </femceeCisted>
      <pedalDunlinOpacify sienite="sacre">
        <topsmenSakers>jagir7</topsmenSakers>
      </pedalDunlinOpacify>
      <chronal sisleyCorosifEncash="431161264" brumbieWinsGaiety="madison" rasureGafferScrit="toatCurdierBragger9" heckleXatMostra="empasmNaegate">
        <gepidaeWooly>titler1102</gepidaeWooly>
      </chronal>
      <durionPunkierFinnac axumite="hiltsTroft">
        <riving>dauri</riving>
      </durionPunkierFinnac>
      <durably inksSadhe="zayatLois729" jiboaUrban="gusherKartvel" townieWashwayAnnicut="boccesHydraulIzumi" myg="sewerNeslia">
        <cincher>1</cincher>
      </durably>
      <sambal voyager="restr" rushes="ocreae" ecderonDebunks="pravousCayennePlier69">
        <wiglets>abyeMacaron</wiglets>
      </sambal>
      <pyjamasAzumbreYawling bummelCanteen="pestStub" thermic="wadmolTempos" drabs="entrant" uraemic="ludian">
        <cotysSeduceeEarnest>shopfulAdapaParled</cotysSeduceeEarnest>
      </pyjamasAzumbreYawling>
    </evacue>
    <seaway>
      <salvor>roddersTuba3</salvor>
      <diactTaoyin>
        <altared>astir</altared>
      </diactTaoyin>
      <mandats bansAtropic="bagios" measly="kimonoScute">
        <teererChud>forhowBaraunaSurfy</teererChud>
      </mandats>
      <mykiss senioryAmutter="begetsLupid" thomanIrising="16318" acroseTiswin="entwistApertlyReflush">
        <scarifyLysedKinesis>botongFurial</scarifyLysedKinesis>
      </mykiss>
      <correl>
        <arghoul>friggaSiglumElec</arghoul>
      </correl>
      <zonulaErvils preburnPoot="99803762" boggyCages="humateRoil" maggleSwoopsMyeloma="1" nookierSubplotKylikes="visarga">
        <sluitSkulkPhyma>salepsDufferPasse</sluitSkulkPhyma>
      </zonulaErvils>
      <tagletCapos poddiesMuseistButling="peeredRebute" leakySheeny="dingilyLucTarquin">
        <zonesViolist>pigman</zonesViolist>
      </tagletCapos>
      <joewood willerPhotomaAquo="holderChumpKeddahs" unjaded="cosecsCaribed">
        <alkalis>haleDwinedVernine</alkalis>
      </joewood>
      <raspis ilex="gendersNovenas" zincousDellies="29">
        <terra>framedEmailBhishti47</terra>
      </raspis>
      <kidlet randemTellt="sliceWarn" roofmanMisgaveAswoon="shakersCaserns" shulnLoveday="dobsonsStrepen">
        <leafenHypnale>oenolinRemercyRegnal92</leafenHypnale>
      </kidlet>
      <triflet helleriClimb="590" merops="835" roupAquilia="55" demies="48084260">
        <avanyu>piggie</avanyu>
      </triflet>
    </seaway>
    <medals>
      <rhymedPipra>lateran</rhymedPipra>
      <tattieKerchug hadithsTintedAtinga="porailCiseEuchres" tanwoodCobnuts="blaredReaderBirdman" lesser="ethylic172" fuckingMoolah="chancreUraniumPhiroze">
        <noticeCollare>surgeRavineMining</noticeCollare>
      </tattieKerchug>
      <iranism maraudsSlimly="cringeSeethed" cautelHarpiesYoho="podex">
        <olla>eltCyphersScutch</olla>
      </iranism>
      <dewerTamingShape osmolal="anilins">
        <polyzoaEyelessCig>wadesNumericExcises</polyzoaEyelessCig>
      </dewerTamingShape>
      <dorneckWhizzedClaiver foetusDujan="2910" lucian="589094182" malmedBabulChiasmi="synapseBirkUmbrose">
        <sanjaksSadhBonita>beacher</sanjaksSadhBonita>
      </dorneckWhizzedClaiver>
      <domentAfootCebus>
        <trinilEstherLyttae>limitsSimkin</trinilEstherLyttae>
      </domentAfootCebus>
      <isoldeForwarn piebaldPoilSolves="gap" lourdPresay="bailie" eyrieAdular="ectallyBimaKiddish466" chetahBurley="equips">
        <defogs>23</defogs>
      </isoldeForwarn>
      <craneAudilesMakhzen>
        <copseReticleParoli>elysee</copseReticleParoli>
      </craneAudilesMakhzen>
      <khakis doggyFreest="dripped36" dimetryManfredLoathy="bastardBrabLeprosy">
        <illusSepultBoggin>simblinGalahad</illusSepultBoggin>
      </khakis>
      <golfer sagger="alnagerTuateraWhyo944" jujusImping="getfd" hipless="decard1" reagan="rwdEaveCognate">
        <ingomarAidesTrample>blowyCallowBowling7385</ingomarAidesTrample>
      </golfer>
      <wabeno cubicaSkyishMittent="latusSireesBrynza">
        <fourerKendirDeusan>samplerGypsite</fourerKendirDeusan>
      </wabeno>
      <territPasis exists="lechosa" dielecPredawn="tarpansPruner" labrumBusbiesDivided="cantishBequalm9133" isobathDrieDorms="2244">
        <gadflyKhasi>944345966</gadflyKhasi>
      </territPasis>
      <iranBoardlyDandier rattish="chiaveManic" gadoidsPyrites="initialDibutylViandry" brisa="8" tenspot="sweeterDonar">
        <mort>zoundsOreganoAcnida</mort>
      </iranBoardlyDandier>
      <behootBitoBenda visoryUnruled="3" baloch="slay" endereRhachis="pounces" samekhsThymineMiscoin="731806">
        <hukAnconasWhewer>legions</hukAnconasWhewer>
      </behootBitoBenda>
      <diceman blowyFiguraOncia="barhalCooping">
        <hangupsOutled>indicCephus</hangupsOutled>
      </diceman>
      <snailCapriWinesop rebatesKota="firedog" taros="ileuses">
        <grittyTubulus>traCeases</grittyTubulus>
      </snailCapriWinesop>
      <scubas fuchsiaStithy="quawIndogenJihads57" yagerIdoteaMangana="bomiGermane" carriesMisuserGriffin="lyremanForbareClawing">
        <epidiaTiersSenhor>torskFurify</epidiaTiersSenhor>
      </scubas>
    </medals>
    <talonic>
      <gymnic>sett</gymnic>
    </talonic>
  </arrondiSoulyTaperly>
  <pharaohInherit andricDemote="kabukiOrejonClime" />
  <excambAsperse pornosBringalRebank="scrawlsNiggeryRecool" bite="49734" cheviedAbba="3560610" muckyRosilySubpial="6925">
    <untidyFatuoid>
      <tossing>lyxoseIlocanoHgt</tossing>
    </untidyFatuoid>
    <dewans drawlyToolsy="abeamDividedLeme">
      <untired>aliningDryster</untired>
      <crinelKyoto taun="forbit">
        <gunateIschiaAvoset>tusk1</gunateIschiaAvoset>
      </crinelKyoto>
      <simballWeestFollily trokingElixir="712460400" babrootPirGigman="zebecsAlleMasai">
        <lebenMilters>comdrJoubarb</lebenMilters>
      </simballWeestFollily>
      <muskeg>
        <atomUnlimed>partons</atomUnlimed>
      </muskeg>
      <smokosWizierBiabo>
        <dias>tercesKooksMistold3</dias>
      </smokosWizierBiabo>
      <curbers cyanean="anisoylExternsVarying" desightMummies="griecedHaveredDanuri">
        <tautedFactureDeddy>bregmaDispend3</tautedFactureDeddy>
      </curbers>
      <ailsDemiox skaddleHumean="jungledTorero" cambiumAbodingAbrazos="vinaliaWaikResided">
        <relinesConfrVively>vanmost</relinesConfrVively>
      </ailsDemiox>
      <pokanNunks amity="fixt6" sonlyMyxo="jatki" daypeepCongreePatmian="advenaeAnesone" ourarisPrudes="darnerMosaism106">
        <wolfmanQuidderGropple>83054417</wolfmanQuidderGropple>
      </pokanNunks>
      <centrumLump>
        <thema>339</thema>
      </centrumLump>
      <rashers>
        <metiersCutchesBrambly>sandhogCrapwa7</metiersCutchesBrambly>
      </rashers>
      <shyamDelapse barth="14593" tergal="8293619" crouteTinhorn="wartWordmen" riposteVaagmar="hexosan">
        <uriel>mythRosealJambos</uriel>
      </shyamDelapse>
    </dewans>
  </excambAsperse>
  <siol torve="bootiesAgaty" annoZechinHic="pitmansSicht66" jojobasSelingValhall="lingeLeangle" />
  <keraci>
    <quassinAkamnik>
      <dairtDecampsDiminue>923044</dairtDecampsDiminue>
      <trypaKyarsTactual seems="sagbuts" proteusLususErvils="trentonScabbed">
        <tories>omensKaracul</tories>
      </trypaKyarsTactual>
      <quintadWastageStylish bosket="noetian561" jobbet="priaSpongedPostbag" hydnumFloit="30609331" dobbinSagyDigoxin="vialful">
        <porcate>monethFrisketAnnoy</porcate>
      </quintadWastageStylish>
      <hemuleAlgol lanazOctalNothing="noggColderDerived" scepsis="foziestFill" yasna="forraMolsSoverty">
        <bliest>speedupBliniEpipany4</bliest>
      </hemuleAlgol>
      <hispaGriege potassLysinesBloat="ilexesLawtonPortals" tyrantsJerksUhllo="benton">
        <doubter>hangingBriskenMyc273</doubter>
      </hispaGriege>
      <frae oariticPriers="whfBubo" redebit="huemulCraney" egerBlaugasTavell="banbury292" erbiumsSdlc="casquedJejunum">
        <rebarTorous>33</rebarTorous>
      </frae>
      <strobesTitman ambage="puermanLeakageHulling" crafted="95492623" enrolScats="fister32" maugisTinkersHolleke="prower">
        <bluntlyDianePapess>resifts</bluntlyDianePapess>
      </strobesTitman>
    </quassinAkamnik>
    <goldestBadagaZingara amtman="durraGorevan52" quizzerMisters="epigyne" bobbie="3" hectarKlipdas="curer">
      <curcuma>70</curcuma>
      <seld adermiaPappox="dryrotValinchHexadd" daphnidTemblorGleet="exorateSeduct178" cavilerSwipper="545" fash="595429674">
        <turdusFlustra>decibelTanager</turdusFlustra>
      </seld>
      <upspinPatroleSleeker prigsGranchArmenic="pierageRev75">
        <midwife>chelasStannic32</midwife>
      </upspinPatroleSleeker>
      <famesPowitch splore="sunbeltWalkerOcracy140" slavismGuigne="wharfedHinduBali794" asoakFreckly="twizzleVowCancri" ocularAcaciaFucks="maidismSkaff">
        <jadesGadslid>knollerBig</jadesGadslid>
      </famesPowitch>
      <toryize hoveledBallowOatear="tiers" wisMonkishHelvell="collare5906">
        <murkier>85960</murkier>
      </toryize>
      <kickupSomnify supaiBema="abatonPardineLoamed" schelmOreganoMandir="mannRecable">
        <rosetsHieron>980</rosetsHieron>
      </kickupSomnify>
      <cyansMallumUnmews spareOdinianYawnful="tiresolCrazilyReining" podestaPaca="messetReshakeAirths4" solveHyalin="seafowl">
        <tookDrayBilbo>kibitkaArrhalMatapi</tookDrayBilbo>
      </cyansMallumUnmews>
      <kanaePeithoDecline bagworkPedicabCenton="4811" herero="21">
        <bonzianCommeInstore>finny</bonzianCommeInstore>
      </kanaePeithoDecline>
      <skuas>
        <dourMuser>426943731</dourMuser>
      </skuas>
      <naphtho mudcap="lichts322" tophsHounceAtoned="barfingFixable" baledTopmast="rarerAmixiaPeyton" utahansSonata="comingClamant585">
        <joggersPruntArryish>scalfeTrogsAnodine</joggersPruntArryish>
      </naphtho>
      <curatelColonelStowp>
        <infoundArnoldZyrian>gurryGroins</infoundArnoldZyrian>
      </curatelColonelStowp>
      <diphaseLawtonReaving theedom="66517" pattaraLucinda="vapours">
        <growthy>tell</growthy>
      </diphaseLawtonReaving>
      <mistery ketting="sephira" biogens="bicchedEarwigs" quinzeSmurr="1119" amletTrilabe="ashing">
        <linchetLepage>zapharaHairif</linchetLepage>
      </mistery>
      <knockupTarbetNullary cymbateGreets="hookierShiers" keraci="stiller" bengali="matzos">
        <polarsImpingeUriel>elbowIncuseTrochid</polarsImpingeUriel>
      </knockupTarbetNullary>
      <absumeCarvingEnigua servusIncantCloture="czechicCoutilRoeneng">
        <florianReciteAtlas>meshedHillock</florianReciteAtlas>
      </absumeCarvingEnigua>
    </goldestBadagaZingara>
    <twinkleHaltingYabber jarflyGlyptalMilted="awheelBobbled">
      <salal>fumerelAngildShelyak</salal>
      <sikhs kalis="engrid" disallyParejaJeery="thoseDeturPeeries" babiteBatadCultch="urucury" seston="roundelRedeal61">
        <slishRestisRingers>ablinsBulgy</slishRestisRingers>
      </sikhs>
      <groggedJingoed silphidSiverSorrowy="44" lurkyBoggardFounded="belike">
        <coluresWahHybris>hampersCibaria</coluresWahHybris>
      </groggedJingoed>
      <scullsBarytes>
        <birkSturte>rainingVidetur544</birkSturte>
      </scullsBarytes>
      <codeinComdtDahlin caoineDentin="hyleg" dominiTwitted="roche">
        <loosestStalls>481</loosestStalls>
      </codeinComdtDahlin>
      <plower decreed="9445439" joch="ostaraMusjidNodical7">
        <parrallGynura>unorderIsmy</parrallGynura>
      </plower>
      <trowman>
        <tokes>begulfsHarnAcidy</tokes>
      </trowman>
      <ficcheQuakers agaliteSuffice="sobole" recoupSpare="moskSoftly4" blibe="outsend">
        <fusileTuitive>dossEinkornPalude</fusileTuitive>
      </ficcheQuakers>
      <tennuWosithAenean outersSarip="pockBummers28" annoys="decnetOvonic">
        <papoula>refurlPredyCrimea</papoula>
      </tennuWosithAenean>
      <almuds stickelTryste="ouzoSoleinSarcina">
        <jessantCanineWeensy>raxesGolachComped</jessantCanineWeensy>
      </almuds>
      <donisDitherYenning arkoseNonzero="hile" paused="letgameGuardeeGenepi" lochsPookAriosos="finlikeOrmoluSaify" lloydLariMgd="bor">
        <extinct>venineAmadou96</extinct>
      </donisDitherYenning>
      <begobUse>
        <adropBewaste>edibileIberitePickers</adropBewaste>
      </begobUse>
      <jeraldSargoUtible brandiGonia="grinchSnuzzle2235" avocetsKebar="98748034" dellAqueityMelos="tarriedBilboesBubale" nemesisOperonsCokey="osteria">
        <jawp>1930</jawp>
      </jeraldSargoUtible>
      <appear nanger="demot" rozzersCardsIsmatic="syrianPutties9" valval="indexedSarcous" wup="ellingTotes">
        <pupaeJails>exonianJamwood</pupaeJails>
      </appear>
      <flatusPresleyWahhabi goaler="2494896">
        <zonuridAbilla>sitcomRimierSame</zonuridAbilla>
      </flatusPresleyWahhabi>
      <shatSlabbed>
        <dirndls>raias70</dirndls>
      </shatSlabbed>
      <pennyInjuryBaas cundumsLed="jibhead55">
        <imposeZoocystCroche>sudraAdangle</imposeZoocystCroche>
      </pennyInjuryBaas>
      <skinned unactBustersViuva="forseekRookery" paulusBefools="klippeBespakeCoud">
        <pterinsPielike>ravineyBrythonRococos</pterinsPielike>
      </skinned>
      <viewlySimplyShikar>
        <pinkanyLogionsGurle>zeroed</pinkanyLogionsGurle>
      </viewlySimplyShikar>
      <linensMailmanRialto reiversChitinsHonan="herbishTuffetUrbic" insists="carafonEnsuer" upburnMalieScatter="gaulic">
        <vetoistLineasCozen>tutorsBaronyAcanthi5</vetoistLineasCozen>
      </linensMailmanRialto>
    </twinkleHaltingYabber>
    <talkfulImparts>
      <prolans>skulkerGecksMainpin</prolans>
      <antiquaGeorgieCharade goldieInflate="selves" pommey="4534" accede="reiveFlock270">
        <nexusesSpannOuteate>skinnedBobacheThomasa6365</nexusesSpannOuteate>
      </antiquaGeorgieCharade>
      <munichWombierSnout feelReducedJacens="recessRococos" picarasNooklet="12168945">
        <ernst>asci</ernst>
      </munichWombierSnout>
    </talkfulImparts>
    <gaffed sheikArneeReborn="upwindWikingAgues">
      <tylosis>39364</tylosis>
    </gaffed>
    <cancansAswoonGret>
      <mooress>pitbirdVicars</mooress>
    </cancansAswoonGret>
    <adunc tacketsPurringGrovels="565488378" spinsTeledu="sooths" facialGussetLapland="minsSearce5188">
      <diolsMyrickVitrina>haydnToluide</diolsMyrickVitrina>
      <cowersTuantBlet bathicPuttLanny="bivalveProsect" goutier="tylopod41" rhizota="pulqueDynodes" varanidHajisTitians="behests76">
        <ethnos>nevoAltica2497</ethnos>
      </cowersTuantBlet>
      <edeitisCadere>
        <foreactCatcallScabble>melisma</foreactCatcallScabble>
      </edeitisCadere>
      <psst isopodLasher="widow" mameysNobbily="staringVerandaChaos" battiks="hircusMaurist" bonedogSpitkit="stachys">
        <aseaMondialMissies>uphhove</aseaMondialMissies>
      </psst>
      <clough decoy="roup8571" ebbTripeFelting="aztecsBrackUntaxed" ungloryPogies="eriniteStegh">
        <egestsInbd>untressIbidineKakas13</egestsInbd>
      </clough>
      <brasseyExpugnCpd moluccaStolonServal="plonkoProlanSlavers">
        <keratMahjong>marsiSplurt</keratMahjong>
      </brasseyExpugnCpd>
      <fulgourRipariiBurets>
        <caffeic>18</caffeic>
      </fulgourRipariiBurets>
      <differTubbaGjetost galileoGnome="reigns" analyseFunnel="fewmets" kistfulWamflePlisses="litheSpilomaLefties">
        <innMaw>sullaJnanas</innMaw>
      </differTubbaGjetost>
      <cerebriYucca>
        <pooch>8421318</pooch>
      </cerebriYucca>
      <pacos bewreck="15185874" aceticSpraingStumpy="vilelaPilot" lapdogsAuraClods="sclent84" cushieHymnedSashed="entrees">
        <daisedKettingMammet>unsilly</daisedKettingMammet>
      </pacos>
      <amueixaHenbitOogeny>
        <stewingAstron>luredWebelos560</stewingAstron>
      </amueixaHenbitOogeny>
      <duoviriReflowsTaryba reteSweer="boxfulsUnfoldEnwwove" bocardo="7467247" adeLotongPave="1635334" chiaoBaluLexicon="ferkin919">
        <urineJurorsFarcers>atredePithed3</urineJurorsFarcers>
      </duoviriReflowsTaryba>
      <retread accerseSedilia="slapRubefyGoat" chimereFreshly="pareil">
        <agios>6606</agios>
      </retread>
    </adunc>
    <culpaeUppowoc>
      <puliolMusket>faciendPunalua5509</puliolMusket>
    </culpaeUppowoc>
    <vestureTurquetDrier senecanPerakimPlaint="maileBonanza" bettingBejadeXenial="66" bayal="pemicanMenses">
      <tarrilyBushpigHaubois>euonymy</tarrilyBushpigHaubois>
      <perlingTheek pithos="its">
        <contraParlous>mondes</contraParlous>
      </perlingTheek>
      <shouldnAskewDammed>
        <siglosTypikonFrowzly>stearylGesForheed</siglosTypikonFrowzly>
      </shouldnAskewDammed>
      <soally coinersEarbobNags="alumine" reicing="suppersImbrue" morceau="skelpinLemogra">
        <gringosRaash>celloseMisteukOghamic</gringosRaash>
      </soally>
      <adipose degas="recumbSwoopMojos" caidHdkf="binoUrodela">
        <forbyLandau>84646348</forbyLandau>
      </adipose>
    </vestureTurquetDrier>
    <hebeticIsidoreDubs witting="regencyBarrens1" afghansNauntlePileups="31" procereSafesYabbers="gamZohak59" ionisesBanffRegales="hoofersCattierWafers" nauntleSingly="slick6356">
      <banefulClamors>germing</banefulClamors>
    </hebeticIsidoreDubs>
    <dortsAlkoxyNepman>
      <mohwaCows>seldorCoadaptSawneys</mohwaCows>
    </dortsAlkoxyNepman>
    <unvotedIngulfs wanton="adancePeeksSpindle" gtcScreamy="snickedSessedWallet" dwinedDepeach="ammelin" unvagueNousFylfot="252" raya="idesia6">
      <stithlyGradinsRefers>miladi</stithlyGradinsRefers>
    </unvotedIngulfs>
    <dupedom>
      <eloge>blastieTouchyMelpell509</eloge>
    </dupedom>
    <ajivika>
      <ragedAweingGawcie>despendRanpike</ragedAweingGawcie>
    </ajivika>
    <yawper howling="88502544" meecher="fright832" jubasRefoolSires="calyxAzores" oikFlyoverAes="logletTribuna" matzoh="1041" usuress="verrell" cycadsBreirdSergt="greeseInveighTuitive">
      <teazerCulgeeHun>swinksRappiniChytra</teazerCulgeeHun>
    </yawper>
    <arcuateCheatPaise sicelEyrie="6845" lewistOpaquesGeodete="apolarSchappe" caryaCutwork="jaseys" shillet="988" revere="applotKwhrMarek" roup="shinilyYaboo">
      <badianAfear>bridLyanceRoofed</badianAfear>
      <gaea robles="maids5" seemedSabred="68319" reswellRewager="terranLimosiGramash" rammierPsyched="yatSogdianNurry130">
        <leith>nephria5068</leith>
      </gaea>
      <chowderWeanel suersMiseatCouve="200102910" waferPaharia="opaloidCetinWithy507" mowhawkRope="688" curnsTweeshtAtrium="958545">
        <briggsFoulBunkos>hookahsSarson</briggsFoulBunkos>
      </chowderWeanel>
      <unsweet eggedCoppyUdal="gloom46">
        <mortar>grawlsRakhBushido</mortar>
      </unsweet>
      <emblemJuggler newsboyDerailCaff="cogito" eucalynDrunklyNiobe="aionArrayedTillet" deifierBypast="chittakKamassi" otyak="foxtailRuther">
        <shoalsChalukaPoster>acrodus46</shoalsChalukaPoster>
      </emblemJuggler>
      <chesterPloatWechts>
        <upsideShellySnorted>hittingLiegier</upsideShellySnorted>
      </chesterPloatWechts>
      <waybill mogsPelopea="wahActureLutrine">
        <goyishSwangyOcher>hutreWitship</goyishSwangyOcher>
      </waybill>
      <dunked skef="slaker" peers="olivil" setoff="librisChoked2393" peeing="tataryAnaxonMonied">
        <alkaminAune>choiredPadou856</alkaminAune>
      </dunked>
      <wisent>
        <baileysLunuleGemots>doddieVertepScrag</baileysLunuleGemots>
      </wisent>
      <sextUnspeedUranian>
        <gloySluice>pillageQuakilyAgars</gloySluice>
      </sextUnspeedUranian>
      <gimpyDosed>
        <tutelar>13732974</tutelar>
      </gimpyDosed>
      <agreersSukkah>
        <wrestsShebatLameds>foutyTrompesOldies</wrestsShebatLameds>
      </agreersSukkah>
      <finiteUnsun alec="arrantCrying" pecten="paginaeAlexic" litseaPiewifeBecchi="mutableSplosh" unstungTrumped="biti60">
        <leglike>alkes</leglike>
      </finiteUnsun>
      <files idyllicCodecsThicke="swatted" dtdGawceyBelucki="depeter" cretics="helionBonedHectors" limosiCauseurGirders="curserTanakWashoff">
        <ferv>saned60</ferv>
      </files>
      <myatony>
        <amicMankind>limsyJalet671</amicMankind>
      </myatony>
      <neslaveKodaked>
        <inleakDuluthDaer>shairdsClonerHippies</inleakDuluthDaer>
      </neslaveKodaked>
    </arcuateCheatPaise>
    <compoAcetarsPowitch>
      <futharcGolem>demeritRhombi</futharcGolem>
      <wulliwaSannups>
        <glogg>gorraUnhoods</glogg>
      </wulliwaSannups>
      <comingsSeatronFlutina raper="dictySylvinMawky" lushier="diglyphPhialsKoran">
        <zibetumNymphly>aggadic</zibetumNymphly>
      </comingsSeatronFlutina>
      <gawpCogglyBoutons quaversMyc="laved" pilusliApogenyBrins="pryingOffendsJot" oopuhueUnwaryRoomed="56" dusksDrabbet="hedonicArvo">
        <dewclawDisard>muslin</dewclawDisard>
      </gawpCogglyBoutons>
      <rouesOhioan hivedVolarInsure="swoosePannaSexier24" injunArrgt="steers760">
        <tridra>9212108</tridra>
      </rouesOhioan>
      <unslingChorti cujamMinxishHookahs="arca312">
        <fannyRobbingJadish>tumours</fannyRobbingJadish>
      </unslingChorti>
      <staypakGeladaDiffide araunaFlorateSoph="3" umbrereBabblyEyalet="almaineAworryLapland">
        <pureesHoolie>edna</pureesHoolie>
      </staypakGeladaDiffide>
      <petites fantodsVexSarlac="stooperMayansMenace" autocarSageTurus="enerveSmockedKrubis" munchPahouinWhimmed="clarino" accourt="atafterBibi2923">
        <pisayJoists>phobiesLeakier</pisayJoists>
      </petites>
      <cymbaloInhered wrests="cravenZiphianWhoa398">
        <salol>5489106</salol>
      </cymbaloInhered>
    </compoAcetarsPowitch>
    <renamed>
      <gardeYentasThumper>slaty</gardeYentasThumper>
    </renamed>
    <zorils schemeChirlAffine="divBilic535" resay="chalehsAzotesWheezes">
      <luciaPyrroylInwrapt>ortigaMantelDownton</luciaPyrroylInwrapt>
      <sheevesSpavinQuaying gallup="obiHenwileDiners" portentPortoHidable="3" lurdans="clacketRiggite">
        <ecizeXyloylScute>lithelyOursels</ecizeXyloylScute>
      </sheevesSpavinQuaying>
    </zorils>
    <source>
      <navaho>gems8</navaho>
    </source>
    <redelyNookletKilloch ovarialCrooseMarae="stomionWhift" machair="biuneAscriptAnglic351" disloveToecapsSteno="susans" ambarisTolite="94119542" sisi="dactylsHosier" gessoes="decartUnputGeranic2301">
      <wisesWhein>wingsAntu</wisesWhein>
      <wanionsGlum>
        <bopyridRte>842893</bopyridRte>
      </wanionsGlum>
    </redelyNookletKilloch>
  </keraci>
  <stylers chutney="rrhizaChandrySpeiss" />
  <eddaHardlyProles sok="tardoHybrids" killig="353">
    <hicht>
      <outbye>xeniaSeamus</outbye>
    </hicht>
    <jundied chanduiKythesOidium="jackersMurrayLarded" tra="323" eerierZingersStey="kluxerDargo" spatuleSpillet="kajTeach" wrongsAppeach="71182212">
      <hede>libant742</hede>
    </jundied>
    <regimenUnselfKafila waldorfAnnAcousma="dominus4409">
      <scob>331</scob>
      <unhosed>
        <tadAltusVerty>megergMaestroOften</tadAltusVerty>
      </unhosed>
      <figuredFordays subfusc="ocelli">
        <hoagyAlpinesBooth>leadierArchspyPechs</hoagyAlpinesBooth>
      </figuredFordays>
      <moduletCdg newishKahaGurr="subport" umptyPullmanNoway="bariHaslockRevers" uran="spooled" resectsPrelawForints="7">
        <secpars>questWaspily</secpars>
      </moduletCdg>
      <softieDipsie forlive="glassenTroicFowk715" gobbet="485019" bairamIlialGrylle="abitEntices96">
        <septsHypoid>99145385</septsHypoid>
      </softieDipsie>
      <diodeBenselSnavvle misAcmatic="kuffiehStaggie">
        <urledFanSieger>whealKininsKindred</urledFanSieger>
      </diodeBenselSnavvle>
      <leden>
        <eucrite>7</eucrite>
      </leden>
      <beviesRibFlambee abridgeSolVendean="zayinsReflash1476">
        <bedewsVins>tortileGragersRelaxes</bedewsVins>
      </beviesRibFlambee>
      <devs>
        <nixerKusam>rustred</nixerKusam>
      </devs>
    </regimenUnselfKafila>
    <leerierUntipsy>
      <citreneCheney>suffuse</citreneCheney>
      <sweeten syllBenegro="goladarNaughtFools468">
        <parsecs>943560814</parsecs>
      </sweeten>
    </leerierUntipsy>
  </eddaHardlyProles>
  <risksOurebi bowsedFagotCheskey="baaedDorymen" zigzagsMonomer="fossuleTridentSermo" duci="xylem" />
  <sizygiaMandua almachVeliger="queing" miliaHussar="bewidowPeltish75">
    <beeballIrpexRowboat>
      <degorge>tyred</degorge>
    </beeballIrpexRowboat>
    <obstet heinieDetinetCzarist="mazdaAporiaAvowing" correlNelsonsEnows="vomiterIlama" growingBeala="colytic" divotsTievine="ygapo" rugby="outhut" marcherSessaTornal="14">
      <awiwiCystose>fricti</awiwiCystose>
      <broch>
        <pokier>fixates</pokier>
      </broch>
      <azhaXxi capryl="snozzle">
        <clownedJocoqueLustick>staled</clownedJocoqueLustick>
      </azhaXxi>
      <whinsPiculAccusal steponyMurkier="cotysBodiced616" aer="cliched2">
        <dozensSnotAcrux>dholesAffeer</dozensSnotAcrux>
      </whinsPiculAccusal>
      <gilourArchaeIffier>
        <seamostRentals>58002373</seamostRentals>
      </gilourArchaeIffier>
      <spatioEyebalm jabiaHajes="maharajReaverLysing" athleteVermilFluked="blondAccrued" alexinsProved="starer" skairBetrays="ithand">
        <upcoastExorate>bitsJackeen</upcoastExorate>
      </spatioEyebalm>
      <epitomeScharfCairds>
        <gimpingAlickBetalk>chakraRebulkDimness40</gimpingAlickBetalk>
      </epitomeScharfCairds>
      <indultsUnary logwayCerosin="gupSizarRibband" retinal="bhikku765" verbsFeleMirv="prodd" adject="lakinAikuchi">
        <murlain>deneGrasser</murlain>
      </indultsUnary>
      <unnotedMassed rheniumMetusia="731293381" recyclePills="yamph">
        <rabbleWaits>zanyism749</rabbleWaits>
      </unnotedMassed>
      <ecbaticLingoumOtidine trilliBuchite="1265">
        <brusker>ovary</brusker>
      </ecbaticLingoumOtidine>
      <cayusesBeglewKelped untacks="bluingsKugelCzigany" syriac="oyezUnioidKneeing5" taxersStrix="drestMordvUnmould" craniadMirexGaps="ainhumKnitted">
        <precureAphony>praissBeslimeBequote</precureAphony>
      </cayusesBeglewKelped>
      <ropeman diasLevers="haemoidTensile6786" hongs="frightsMazucaRoister" alepot="muncherMinutes" jibbKirkerOny="reboilEluatedOpticon">
        <briesSpryOctic>slurbsTulchan</briesSpryOctic>
      </ropeman>
      <repunchCabook>
        <holdupsSignoff>retzian</holdupsSignoff>
      </repunchCabook>
      <deputedFanyTanna balabos="spiresPiman" carian="pintanoArrand" senufo="347994922" beshadeUndergo="66953">
        <churnerLispReavows>cobs4</churnerLispReavows>
      </deputedFanyTanna>
    </obstet>
    <unbarbWeiEmmies>
      <outplanVelvetSkell>centums</outplanVelvetSkell>
    </unbarbWeiEmmies>
    <toenail velluteAloGallied="jinksUlna" diduced="parboilCrojackCam">
      <nudging>blaverBiogenSizier7</nudging>
      <haunted pinkerIdolet="62">
        <clausalUrimInaners>465</clausalUrimInaners>
      </haunted>
      <stours sinningPermitsFaded="sharonDancedLiberia" amanori="mergersAlliums3" liquidsLantVolcan="iridian">
        <roxanaOgled>putsMonthonCamden</roxanaOgled>
      </stours>
      <cameistWice charnuMooredGodward="frigorArousal" tutor="carlockUnder">
        <cooed>biffies422</cooed>
      </cameistWice>
      <verist dustoor="pos" telemenShivsRowdy="bate" doiliesDeludesCenotes="scyeAnsel" garniecAccedes="501381">
        <cabiaiSoap>diazinsRadialsWaffle20</cabiaiSoap>
      </verist>
      <dick>
        <brothelWhitiesOwrelay>fears</brothelWhitiesOwrelay>
      </dick>
      <aughtIiiRegalio pantoonBezazzMim="17" ancien="mopokePteryla" betulinListerGalli="7602016" quohogJubas="jacalesKeglingFlarer5">
        <brunelBursaryUnholy>jumpoffNuagistAtune</brunelBursaryUnholy>
      </aughtIiiRegalio>
    </toenail>
    <italianMolter>
      <easer>zygomaDiaulicScotal</easer>
      <citeSarosCystid vigilsNevenDrogh="hurst" pagrus="hajjBeshlik" palfrey="stibbleSurnounEreptic78" silureDaoinePareve="hob">
        <ramada>osteomaEvillerHueless</ramada>
      </citeSarosCystid>
      <remiGlouted jus="river" surtoutJawline="dibbukPotlegPebbled">
        <blossomCamataDiurn>tonier</blossomCamataDiurn>
      </remiGlouted>
      <degermsGiddily icosian="aday" exhalePramUnruly="accusAcoasma" hayrickLaceryFuji="hcfFreedSepawn4" dewingCantor="3">
        <rune>eloinerMythsPeachy</rune>
      </degermsGiddily>
      <cosseShotter ham="armigerBlattiStime" timawaAbolish="unvexedContdSachem" cholCollin="quasars" raunchyRaveledPerseus="spike">
        <yearaTemenosBjorne>5580</yearaTemenosBjorne>
      </cosseShotter>
      <revelUpknit khahoonHespera="helipadBardy" donatee="astianFilippoCointer">
        <gumbo>nucleusTantrum</gumbo>
      </revelUpknit>
      <stragBegildThema pyoid="canalesLadakinReevoke" juristsOctadic="thecoidUramidoMudir" rousingTomenta="kid">
        <tpkeInomaPastors>menthaRiving</tpkeInomaPastors>
      </stragBegildThema>
      <waesuck drawcutYente="450584">
        <dahMtnViduity>cannach62</dahMtnViduity>
      </waesuck>
      <panicMahaDowsets cystalUnaliveSlating="retwine" omening="xeroma" cleaned="alnuinKidnap">
        <karaite>ensued91</karaite>
      </panicMahaDowsets>
      <poemletMungos alumiumChatonsDossal="dhangarLotion" upwhelmAvitic="burgoos44" viscum="fowlery" wetaVenustyAdlet="pulsars">
        <milksop>sweetie</milksop>
      </poemletMungos>
      <noisily cumbuProddleCapper="jamboy" rouerie="knub" befitJodelPiazine="aprilisGelosin">
        <cerreroTelegas>scaling329</cerreroTelegas>
      </noisily>
    </italianMolter>
    <begulf>
      <balmierUnjuicy>griffesRamp</balmierUnjuicy>
    </begulf>
    <impleadStartyStuffer>
      <realiaBrankie>3</realiaBrankie>
    </impleadStartyStuffer>
    <woolf>
      <cpmScallop>snawMensalClaims</cpmScallop>
    </woolf>
    <gregge>
      <furiosaMeanish>polledSlowest</furiosaMeanish>
    </gregge>
    <nervousShraddRoin birsle="agendasRetreat" cheques="820190332" saltingUntaken="1" utmostsUnsureGimbal="amerces55" dictate="buoy5698" metopesNormsBehoved="88712">
      <reputed>sintersYaplyDorp</reputed>
      <suricat gavelBoother="fondakTortieStrolls" couthieSuscite="scarfeAflushSiros">
        <skiftYamun>scunge908</skiftYamun>
      </suricat>
      <routersSubfixDif>
        <windsNunsBoccaro>athortRoudasOlio</windsNunsBoccaro>
      </routersSubfixDif>
      <starnSemsemJacamar>
        <switchAugenBionic>agazedCooty</switchAugenBionic>
      </starnSemsemJacamar>
      <mistermPoxingSwards yappyCoombeEagles="violino" barillaPararek="hyposHeapy990" opted="wanhorn" borneanUnburyMotions="5319">
        <loper>waddlesPockilyDagesh32</loper>
      </mistermPoxingSwards>
      <salwinRepress>
        <verbyMarchesJoggle>pindal8036</verbyMarchesJoggle>
      </salwinRepress>
      <reheteRibless>
        <sperityToluateCoffled>kinosDynamoOsmolar</sperityToluateCoffled>
      </reheteRibless>
      <stikineOrganum tickie="738" ladhood="815937814" meseledPoppetUganda="36">
        <emitsIncept>extorts</emitsIncept>
      </stikineOrganum>
      <octavoDroit tarasco="tenson" cymbals="upknellArabitLionced4074" ratifyVerutum="logmanHoaxed" saronGovernMighty="scutaCreasyOwl">
        <sterveSmilerPrudish>clangorBuddageEmball4350</sterveSmilerPrudish>
      </octavoDroit>
      <neurismWarmenTodd dagonTiragePlowing="sootiedJustly">
        <futterCowherb>4762</futterCowherb>
      </neurismWarmenTodd>
      <lungyisBaisLupoma tamulicComaZingari="hexadicGraven" chouleMurexid="stickelFesta" crafty="gubbinCrumpPlus" wildedEos="rovesPearterGahnite">
        <frowerVernPoinded>freaky</frowerVernPoinded>
      </lungyisBaisLupoma>
      <connuSvaminCoquito sedatVeesAltilik="saxhornInket">
        <loganBadju>suffuseFunorinUnsoft</loganBadju>
      </connuSvaminCoquito>
      <serpensArbutinAntonia decury="fidgingPickierMyoid">
        <gramaDeairEkename>19258820</gramaDeairEkename>
      </serpensArbutinAntonia>
      <wallopChackClima aspires="perronsEffigy" nestor="301576473" sylphRyokan="qualms" raccheYes="sonoricDeduces">
        <swivetVateriaTibia>tamanuOxgall</swivetVateriaTibia>
      </wallopChackClima>
      <stalderDementiOuthits berriedTritureDarst="baguiosOnyxPaque" apialesIssuer="98446844" aphasiaAdibRelime="dawks797">
        <woppish>562</woppish>
      </stalderDementiOuthits>
      <ukeDirestArains siecle="84">
        <mixtKelchyn>885223</mixtKelchyn>
      </ukeDirestArains>
      <hummie ballow="banian" warrtyOutredeChelone="sarHore" kabakas="redoUtterly2170">
        <virgosFiggierDessous>181800</virgosFiggierDessous>
      </hummie>
      <tortieBalaenaHawknut>
        <kansan>acolous</kansan>
      </tortieBalaenaHawknut>
    </nervousShraddRoin>
    <comings>
      <undevil>2968</undevil>
      <nebbukPhysic>
        <igorotGleyde>grundyMonase</igorotGleyde>
      </nebbukPhysic>
      <bowpin tolans="cabs" poros="vaultyPungaMisfile" midriffDeigned="gemmoidSheogue">
        <intel>ketwayPerpentEmmew</intel>
      </bowpin>
      <bonairDrear retinalCephus="cipangoJujuFurore">
        <towies>moorierProlong2</towies>
      </bonairDrear>
      <cock>
        <unshotThorp>44002</unshotThorp>
      </cock>
      <emporteLayfolk inpours="mashruMisdoneToluole" jibbeh="dispeedDismesUmbundu9">
        <satins>1</satins>
      </emporteLayfolk>
      <kummelHexylicKaj swinishFohnUnrule="98376" aneurinOvalIsuret="toxicum" rissDidoniaHamital="21649">
        <rulingOglersGuilfat>32004</rulingOglersGuilfat>
      </kummelHexylicKaj>
      <cobbraHosing jillionWirl="yereDudaimHonor">
        <walkout>hyalin</walkout>
      </cobbraHosing>
      <baguetsStagionAuncel cosmistNimrods="135" binsDesalt="piaffeOrg" roxaneIncises="speechCactoidEnrive">
        <sumnerBruyere>2546815</sumnerBruyere>
      </baguetsStagionAuncel>
      <shelPutureUntipsy beamman="945">
        <elaenia>septoicMassasCooler74</elaenia>
      </shelPutureUntipsy>
      <spiler feyAugen="ural" faquir="depeach" loculesHowlingEmunge="resitTileryTute" pouncesLambadiAguise="emotionRegaled">
        <tishriGorierBlub>citoyenBinal</tishriGorierBlub>
      </spiler>
      <owerbyAzymousQuitted gradedRechaos="undone" tzetseLatigo="atociaCaltrap">
        <burrosWilleyVrouw>awarn7</burrosWilleyVrouw>
      </owerbyAzymousQuitted>
      <misknowSclav benj="buda" windilyWeliSeedmen="diwanTututni">
        <proa>shibar</proa>
      </misknowSclav>
      <stintedHeadfulAnguses ioniumHelix="9012" tadHorGag="resmelt" cuing="3" hokums="lavers">
        <pommetIronedKaser>22</pommetIronedKaser>
      </stintedHeadfulAnguses>
      <plannerOloroso enalid="quiredParetic">
        <semperUneagerWaivery>alongstRudest</semperUneagerWaivery>
      </plannerOloroso>
      <nickarKevils thisUnhazedBiorgan="ovulesSlash24">
        <atafterBylaws>orig</atafterBylaws>
      </nickarKevils>
      <egeranLatinus amvisMopaneTiter="flatletSalaamsPriss" intentsFumade="65661" adducerOximate="6001519">
        <henwileSmugismRamus>edmond</henwileSmugismRamus>
      </egeranLatinus>
      <blipWeepedTitres jovySundri="centime">
        <jouleanAnotherAmigo>yokeageZoocyst</jouleanAnotherAmigo>
      </blipWeepedTitres>
    </comings>
    <jondlaFanes>
      <airer>amidolGlorias6</airer>
      <enquire>
        <deputed>gnabble</deputed>
      </enquire>
      <outroad unlistyKislevTedesca="gavotte2642" berriShearer="nesioteLandausForold" rancerCooping="weseIgnoreBecomed5670">
        <criolla>26538262</criolla>
      </outroad>
      <royBowwortPacaya>
        <sandbug>behowls</sandbug>
      </royBowwortPacaya>
      <kiwisGrande drawled="logbook" amma="compsGrieverImbosk">
        <flotageCoevals>kyoodleAllayerHajis</flotageCoevals>
      </kiwisGrande>
      <dottard bruckleSqdTubicen="bootiesBattelsZingers" eruditeKusam="remock9340" cymtiaNoritoLied="6064771">
        <pawkySutras>sayableSudsed2</pawkySutras>
      </dottard>
      <pissCuirKyke sijill="peabird">
        <hoopooMopederColyum>roble</hoopooMopederColyum>
      </pissCuirKyke>
      <jinkersPisticCutout gangerCadmium="485670807" hematidDoriaSangah="pinoTsimmesAlaskan">
        <samishBegulf>fecit</samishBegulf>
      </jinkersPisticCutout>
      <qere>
        <ventersRescan>orbletSirisAttour</ventersRescan>
      </qere>
    </jondlaFanes>
    <checkerPeloidMatacan>
      <reventOceloidDrearly>slots</reventOceloidDrearly>
      <buzzerBucareEntases cuorin="warmup" suaver="9180" bather="bab" furiantCombleJuha="beknitJiao">
        <oylet>riming</oylet>
      </buzzerBucareEntases>
      <radeurPlew gault="overlow" sottish="roosterExclamCloves" kenspacAnginas="pusleyKibblesMahsur" ogeed="hexones">
        <genekiDeedeed>doughsToils</genekiDeedeed>
      </radeurPlew>
      <sendalEscaEscrows>
        <femoraEcon>ulnaeChromos83</femoraEcon>
      </sendalEscaEscrows>
      <tutressPialynCurvle>
        <gimletsDyslogyParto>vansireHarvestBouncy</gimletsDyslogyParto>
      </tutressPialynCurvle>
      <unropedRimpled dearest="2" airt="caussonPiranas">
        <outby>bemaulEnnia</outby>
      </unropedRimpled>
      <dargahChivagePaup cobbles="amorado" chaste="aliveElitistFounder" adonizeSpewier="ricottaAvelozEcb">
        <sergSairIbidium>chamma</sergSairIbidium>
      </dargahChivagePaup>
      <abbest swinkerMuranTapped="unannexFoosterTerror" bummers="coneenPrimostArmaria411">
        <swoughBettorsFlether>peggleBounty3</swoughBettorsFlether>
      </abbest>
      <steptKhalifs muresThereby="fusula" buffalo="unitizeSleds" sides="jawpSlur">
        <gamedLaftSlavish>bosomer</gamedLaftSlavish>
      </steptKhalifs>
      <freezedErector opsoninPotlidBelayed="steams" muddersPolite="32984789">
        <glottal>awasteGypsiesMenace</glottal>
      </freezedErector>
      <porionGroff redingDual="buskingEntasia" emirate="patterDivided">
        <timon>liguresHosemanSidth</timon>
      </porionGroff>
      <unifiedGawain odz="edanaAdeonaJere" jeelRetwist="multureForlornMuriel" giftureFlywaysCrispy="stayPaplessScogie">
        <nozzles>viewRachets</nozzles>
      </unifiedGawain>
      <malease beman="crool">
        <eelpout>rufousRegiveShout</eelpout>
      </malease>
      <asclentNaunt acrisia="31048041" bowsingNotumLaymen="selenaFratchyWroke">
        <pursShawnee>rabbi</pursShawnee>
      </asclentNaunt>
      <swiperLaving epaOrgasmsGawp="tumultTourers88">
        <warlock>wittomeMag</warlock>
      </swiperLaving>
      <secutorMagentaRennins chomageEvicted="shiksa" foxchopRebaled="phatLiernesStlg" shotten="incusGalyaksOvaries" trollGhylls="thravesTarrifyRowens332">
        <closkeyCorvoRoble>coffingDamnii</closkeyCorvoRoble>
      </secutorMagentaRennins>
      <droopedLiableMedial pikelTouter="shillyBalantAlfa" momsTarapon="begorryMonth" brickelCippusArmhole="bestudsDolineRutty" pyropesFiel="chics">
        <itai>sepSpayadPeltast</itai>
      </droopedLiableMedial>
      <itenUnbroke unrockyLinolicCuing="hastifDagging" adrentEnshade="306918711">
        <noxal>purset</noxal>
      </itenUnbroke>
    </checkerPeloidMatacan>
    <dizzyPliancy sans="lathery" alhennaTregergBlets="24909582">
      <tonneMnemicCrests>hangby</tonneMnemicCrests>
    </dizzyPliancy>
  </sizygiaMandua>
</hosieryDynamo>