<?xml version="1.0"?>
<ihleiteSuumShedder>
  <bohoraMadhva pyrenesIdlerWrimple="mauriNoilage" behap="flusherIndwelt4389" />
  <biltongFecerisEfs lokman="splakeCuratelIhrams348" delversFairly="ageless26" />
  <soireesTaxatorNaifs tmemata="abator" dicastAnzac="caelumTolselVases815" />
  <lysesUncinalTsktsks shifts="93" donecSemoisSlusher="dizaineFleeten473" xoanona="49" />
  <griefs unride="35180" unlives="fusainsChotts" gorges="62165" />
  <geldsSalem wilhelmDanglin="cadsBuyback37">
    <vawntie meat="trillAdmanMalvin" errable="retene">
      <asideu>puggy</asideu>
    </vawntie>
    <pschentCultismCutes>
      <cassinaEmendedMareca>pob8</cassinaEmendedMareca>
    </pschentCultismCutes>
    <yerdMidrash>
      <hypoxicInjunct>58903076</hypoxicInjunct>
    </yerdMidrash>
    <ichth>
      <hapsHaraceBrerd>bungoPuttiedClovene3</hapsHaraceBrerd>
      <dispel caraibeFungite="beulahFreyaMoocher17" laggedBetided="troolyMatt9251" pondTheahPegasid="geonimBailiff">
        <bonny>phenoseTubik</bonny>
      </dispel>
      <porketCoxa lookRemijia="355011135" sparsimPoleyneChampa="47660535" grylliAntwerp="winfredRonnelsSeemed" skirterForthonGeir="yobbosQuags">
        <intrude>397</intrude>
      </porketCoxa>
      <modoOrpheum neighed="313176265">
        <goshawkFrau>toking</goshawkFrau>
      </modoOrpheum>
      <yankySibylsGambang dekingZeroedHedgers="hayliftRidded" scodgy="426">
        <remital>moire</remital>
      </yankySibylsGambang>
      <acinary>
        <orblikeWormilCadis>tensor</orblikeWormilCadis>
      </acinary>
      <ausformSnipJokey semensCreoleSlay="25">
        <unmuddyTurnipSarigue>kayasthSpumesSperone</unmuddyTurnipSarigue>
      </ausformSnipJokey>
      <darbsTypesof phebeCawkCypsela="90506596" heretic="poiana">
        <pacoBlsWhangam>babylonPhloemOddity</pacoBlsWhangam>
      </darbsTypesof>
      <abrineOuttear jabsExempliGopher="1120343" koradjiSomaticSym="scrankSigners" spielsGliblyTimpano="ramper">
        <grilleeMutchesActin>repewLler</grilleeMutchesActin>
      </abrineOuttear>
      <acylase>
        <panside>traitorPunkish</panside>
      </acylase>
      <alpen emote="prostasCheapie" mismakeForboreAntlid="734497209">
        <jakeAnaqua>hinduTent</jakeAnaqua>
      </alpen>
      <cassiusVacuua zeidaeRekiTipcart="disownsCowshut" ilot="29577697">
        <rucksFlathe>1955</rucksFlathe>
      </cassiusVacuua>
      <outmenDhow justlerHadingFlymen="saharicPopgunZested" baidya="acephalFoulerWhiter6427" combite="amoving">
        <mortary>gosh</mortary>
      </outmenDhow>
      <proavisSanjak>
        <winnelCurupeyHapiton>sunrayDistant4789</winnelCurupeyHapiton>
      </proavisSanjak>
      <jedcock croydon="pttsAnalytCagit" gaudsSometShivers="youngerKotwali" eeler="zelBillianMorphon">
        <yaplyRascal>gaffkya</yaplyRascal>
      </jedcock>
    </ichth>
    <renkyPommiesJunkets>
      <causus>nellyEctozoaFrow</causus>
      <almuceOde subherd="buckrasBleymes" karoosGlyn="servTob" bodSaboraBoraxes="wiverns" updatedVilerAprilis="7115">
        <zizzlesCopoutEuaster>590108</zizzlesCopoutEuaster>
      </almuceOde>
    </renkyPommiesJunkets>
    <tuffing>
      <embassySerumalDablet>waddentZanyishMiseats</embassySerumalDablet>
      <grummerHarpyiaSackman rundlesBawled="metates" dampangRivetedRespite="tucknerWimble17" lamish="asorHitches58" boilyCupriteClawed="pivotedBuddhOutjut">
        <arcanal>effacerHovels</arcanal>
      </grummerHarpyiaSackman>
      <lenaea ungka="creweNomial45" lullAbraum="724531794">
        <hauled>unparkSteroid29</hauled>
      </lenaea>
      <fraist veinery="paccha" stridesGabriel="toglessShallalKhedas">
        <axseeds>kodkod</axseeds>
      </fraist>
      <civiteFinchesMarkets forbiteMonicCasted="haloid" gemel="cytisusDozent" clivis="258340">
        <bypathsCloture>darkerEvectic</bypathsCloture>
      </civiteFinchesMarkets>
      <roseKiwanis gurus="4498">
        <amalettAthwartAlkaid>yakman</amalettAthwartAlkaid>
      </roseKiwanis>
      <disrupt godlyDread="cheeful79" upas="monasaCubicCilia" bipolar="pedionAzygoteMateys">
        <rondeBedfoot>westerBondar</rondeBedfoot>
      </disrupt>
      <twasMisoGigback>
        <brominsApozem>nurlAgnusMaigre</brominsApozem>
      </twasMisoGigback>
      <unupset natallyCarcoonScamper="petrogQuohogBembex" cagUncusExt="voidingJewish">
        <hedersHumous>nowelTrioses6</hedersHumous>
      </unupset>
      <veruta waver="toasty">
        <crooner>niais</crooner>
      </veruta>
      <perronsTirurai gunzNaiant="3127" pachisiVagrom="reforgePegwood4910" swearerAeneas="gozzanCowy" heliconHangee="liqueur">
        <dunked>346</dunked>
      </perronsTirurai>
      <umlautsPolersOvocyte assizeVahanaMacadam="isochorBagwork">
        <sughingKulakiCern>disdubEthenes</sughingKulakiCern>
      </umlautsPolersOvocyte>
      <jinglerFrowstyCobus>
        <nisiHamiltNiagara>mediiSkenai3064</nisiHamiltNiagara>
      </jinglerFrowstyCobus>
      <candledAlismadMauls oidiumAudible="norryBrumby" glosAlamoBurses="diptychSalaamBrowses" germal="platys" tabsOleate="bubalePillet2916">
        <cebellSlogs>sosia</cebellSlogs>
      </candledAlismadMauls>
      <idlesse>
        <earsore>maugre</earsore>
      </idlesse>
      <charedQtsChistka duranteWampumsWindway="alferesKalamsAshen" guniterPicadorFerric="staters" unwipedArgols="micelle">
        <agnateAnnexaDamfool>meshingPlexorMear</agnateAnnexaDamfool>
      </charedQtsChistka>
      <anglicCorebelGeebong ethnol="2036">
        <coastalHelion>pennet65</coastalHelion>
      </anglicCorebelGeebong>
      <steeplyUrinary lastersZillahsNavet="66" zibetum="formedSinh" cistoriAnisilKilter="diesterSplodgy" trovers="940">
        <waxbillTunicanHagborn>breachStutNullum</waxbillTunicanHagborn>
      </steeplyUrinary>
    </tuffing>
    <finkel>
      <sprawly>suffixBraised</sprawly>
    </finkel>
    <moronicGibbet lippyUnavian="thus2" bowlegsRedded="seaway3280" exitial="peleus" zemiCraftyOras="2761">
      <commYocking>unwitchMinored2</commYocking>
    </moronicGibbet>
    <alleger broeboeBiglotMucking="relaxes" goofsDoyleDorps="rabatPood" librid="mirana" choristPubs="666014619" abstortCoddy="45722" agreatExilicWashed="flakerLujulaDrubble">
      <grivoisRechant>gabriel</grivoisRechant>
      <verdict escharaCapered="83541" duo="315">
        <verzini>cutlers7919</verzini>
      </verdict>
      <drylotsStraky infBable="3" kussoDingoKickups="3">
        <commaPhymaBuglet>suey</commaPhymaBuglet>
      </drylotsStraky>
      <eerilyStooreySterol paleaeAnomalyObia="unpicks" baygallNosismGanoid="thammuzSortersGashing" lampicAlbetadChewed="knoitAndevo584" coccyx="flurnTilling">
        <comptGleamy>96</comptGleamy>
      </eerilyStooreySterol>
      <unlocalVerdin tinniZelotic="silosSculpts">
        <nuddyGroupie>azoxyBeshowAlay</nuddyGroupie>
      </unlocalVerdin>
    </alleger>
    <pounamuKibbles retinic="pizz" couplerWosTuffets="81975773" tonletsCogito="ethiopDewy" donnert="corahSconesFango" lepers="setupsSalaUrger">
      <mistake>babul5</mistake>
      <aimless parado="euripos">
        <yuftAmylateAgapae>spain</yuftAmylateAgapae>
      </aimless>
      <riddled nardoo="chowingNoziBarky" vivaryCinemas="warine" simplerSwarmedUnsick="stireBixin3089" tearpitGawbyJumpily="moloidSkepful">
        <smarm>acapu</smarm>
      </riddled>
      <cuprousPoises daymanThurioLusian="nailerImbaubaWriteup" tukulerRopp="eloiseBourse" guiro="84973871">
        <bathersTabs>820</bathersTabs>
      </cuprousPoises>
      <lesathAwarder mentary="ind" wodeRobigusPrepare="2126475" bailiff="delouseMocking" nonsuitElve="jackyeBurVerbum">
        <falcoTodsFebres>281006715</falcoTodsFebres>
      </lesathAwarder>
      <gekkotaDautsHenge gypsyfy="piotedWedgeItmo147">
        <curls>tungBurping6</curls>
      </gekkotaDautsHenge>
      <prod elmierJowar="canons5" homos="tweilMessesToponym" eryngos="laziedSurds59" augusti="moterNatr">
        <exhumed>ethynylMusth</exhumed>
      </prod>
    </pounamuKibbles>
    <brizzSavaraSturtin zhmudUveousLatigo="50520079" councilSemeseWhitin="36" susciteFew="popie" murrayaBegary="51187" murphDantonShirrel="traderCharms">
      <cordageBarmie>unroostWavy</cordageBarmie>
      <coblesVeinier kalendKeist="flintyMemoCesare" dapicoHelvingSeawant="2110420">
        <laciestSridhar>innerveLaggersPhytyl</laciestSridhar>
      </coblesVeinier>
      <macros ungripeDumb="unplugs28" fuchiErgal="campane">
        <deepen>832279277</deepen>
      </macros>
      <triple fanTipping="radeurHindusNapa" munsifBilbyBirky="wryerDaggingUlnage" ioniserFowent="497" aldeiaHake="erosionInvoy3">
        <dikedAptal>gizzenPanter</dikedAptal>
      </triple>
      <ultime>
        <feodal>toatoa</feodal>
      </ultime>
      <faunaPungent>
        <garringGamestBirched>worserHlqn769</garringGamestBirched>
      </faunaPungent>
      <russellMasookaWield birkiesWeanel="ochrous41" attic="mineral" lentiscCaukedMashy="90536" peytralFalbalaGlirine="9747">
        <shackleAileronSkair>aik</shackleAileronSkair>
      </russellMasookaWield>
      <decalinDella phenyl="vidiconLingamTandle" uniusExtypal="cretinClacks" cotoros="townet54">
        <lollsGeodeHawks>celadonGweeonSweater</lollsGeodeHawks>
      </decalinDella>
      <ogtiernViolaWartier>
        <forgedTedious>duikerFakofo</forgedTedious>
      </ogtiernViolaWartier>
      <dies>
        <drierCupola>waypostLapling</drierCupola>
      </dies>
      <teedleNexusesMev opeActifyShirks="bileve" army="musitViewsGingery78">
        <unaGirlism>barfsScarmanAyelp</unaGirlism>
      </teedleNexusesMev>
      <gumlahAusonesComb debitorArtlessHalfa="wilga">
        <diploic>94825</diploic>
      </gumlahAusonesComb>
      <cicadStethalCrave deemie="quarrelTaccada" woundly="1687">
        <iacchosSalsifyPainch>thirlGenerisMourned</iacchosSalsifyPainch>
      </cicadStethalCrave>
      <honanLutose arctoidJumble="bebopsEvenly" hebrew="gearsHorizon">
        <furlessTutorySunrose>canzonaElwood</furlessTutorySunrose>
      </honanLutose>
      <puccini dunker="sassed40">
        <foliarChest>871938</foliarChest>
      </puccini>
      <crocin>
        <racingOxcartRunlets>439199</racingOxcartRunlets>
      </crocin>
      <weaker bioral="31950365" myriadsHelves="wontsXylenylDouma649">
        <listfulBrome>3</listfulBrome>
      </weaker>
      <opsoninGillingOozy catgutCarceag="kiotomyParfey" lingoes="90821" ionist="blousesMasserAudible" emmetKuveraOporto="austereKneelsCushite">
        <whiffedWiduSoum>uptimesBuna</whiffedWiduSoum>
      </opsoninGillingOozy>
      <rubbisyBattikDogger haste="knoxWhorlsBackare">
        <lactid>kiddoesLabrys785</lactid>
      </rubbisyBattikDogger>
    </brizzSavaraSturtin>
    <guineasSpurnsLapdog tovah="unflaky" scivvy="troncYappingPiteira9" weeda="quantalGermsEtiam" straitsArjunXenian="misknowUpseizePiggish110" gamdia="whillyFadged" gappierSnifflyOutfit="staitheArmitas" gilsCultive="bedellsViolandBuddies">
      <tejon>speedyPoteenKrater</tejon>
    </guineasSpurnsLapdog>
    <skeerEmergesWagered alcogelPawneesTerais="griots" peepsVerserSongoi="stonage" forhowDisbindTumbril="kabbalaSamletKerl522" kayasthPabulumOldened="2" suclat="powterAnakesChicly" fights="habutae" msl="binitsWobbles">
      <orarium>tuikMuesliRingers</orarium>
    </skeerEmergesWagered>
    <ulvas tailteShirra="64603905" doreyLoads="chinks" stupid="usuary" tabuingJaun="1325939" armenicNighedSyftn="486160">
      <contemp>labanDeiseal1892</contemp>
      <dimersHordeChews mesobarGrimmer="oxberry" renamesUnreeveUncow="157492279" molviFinnan="pargedAhaGrecism" aread="wrastle">
        <imparOutwarsNob>toiles640</imparOutwarsNob>
      </dimersHordeChews>
      <shopmenFauld quieterMassed="unswore" fearfulSaiInde="glycans547">
        <fanfold>sevensAdmits689</fanfold>
      </shopmenFauld>
      <gumpSickle ardishRaftedDefade="95851">
        <colickySvanteTalthib>prutaUnagedRowport</colickySvanteTalthib>
      </gumpSickle>
      <oenolicBilabeLouvres ritlingLimbingPross="trigos3958" lopes="samanid" camelusSchismDunes="burgeonOutwellTreeman">
        <cansfulYentasHydriae>39993</cansfulYentasHydriae>
      </oenolicBilabeLouvres>
      <mangleDuctionPang subvolaTulu="gobianAeacusEosines7657">
        <metric>3</metric>
      </mangleDuctionPang>
    </ulvas>
    <divisaAbjoint argoanSecedeSlaws="tuguiUnstopsPapane" tdrBettor="signors" hijraDelatorReested="herdics" cubitiHabaera="caribiSuisse" colonsWickedEnclasp="macchiaEimakFosite701" gradate="7771889">
      <enifGobbe>hoit2</enifGobbe>
      <biogas cotingaEffaces="cymric" airlessOutgainStratig="peineSatinsCottony8" pickeeDhooraGumbo="pestersClaggum" pulpalVizardDattock="clinged">
        <upcall>tesselVoetian</upcall>
      </biogas>
      <inulaseMagiric pottledWolf="reefsHippus9" salivas="yock">
        <ohmage>asdicRepicPotion</ohmage>
      </inulaseMagiric>
      <mensingHagbolt raretyFloranMutsje="847075" bushwahBhaktisUnlist="beastieSpoolMuriti57" oraisonAbutter="choppinDecoat" spiled="cantos">
        <didest>veiner</didest>
      </mensingHagbolt>
      <sarsenBepaste solaPointedGaduin="carboxyCochal4492" brumal="8585737" pauserMunguba="oxgate" purusha="atavicLegatoBoof">
        <oughtRohunaQuiapo>volentiKilns</oughtRohunaQuiapo>
      </sarsenBepaste>
      <threshGorilyAmbolic wallaba="badiousStue">
        <towels>20</towels>
      </threshGorilyAmbolic>
      <tecominChloridAftosa feignerDatable="planesVacuate" seniumHolloedCenses="19865" thieflyHinau="35">
        <viminalLoury>16141926</viminalLoury>
      </tecominChloridAftosa>
      <routous glad="fusainBower">
        <chinasDerkBurrer>strobeAsbestGesnera</chinasDerkBurrer>
      </routous>
      <bamboo elwoodFichusBribes="dinnedEdwardSuckled" doradosOxalic="mayanStanderKrama" hoveredVoyagesCobb="tawnWienersPossums834" janetCyclistHeptane="18317">
        <tegmineRatchetAnomer>tersely</tegmineRatchetAnomer>
      </bamboo>
      <parkasLogsThickly hermsSacro="987032" skilloSerdabsSonnet="12713077" maioli="2650">
        <magnetsOstealVoluper>938</magnetsOstealVoluper>
      </parkasLogsThickly>
      <sun battuKritonTuism="goolde" isnadCaviar="fract" pouredMeiniesIndri="59417" legpullTollsFluyts="9458210">
        <viewerBretonsSandy>bonzian</viewerBretonsSandy>
      </sun>
      <tazzaBobbery sequelSheenSulker="47430" famp="chronMaidu" jostlesMoon="althea62" cupelCit="figent">
        <amoruaGnawers>13939984</amoruaGnawers>
      </tazzaBobbery>
      <ternletPotch whitishYoccoMadship="beatrixPall">
        <screwClattyAmandus>zamanVarUnplumb</screwClattyAmandus>
      </ternletPotch>
      <presoak grantsMugweedGliders="painchCooeeBartram" fergusFrayReports="tangy">
        <berglet>ogdoadEarthedPrudity</berglet>
      </presoak>
    </divisaAbjoint>
    <purgers deeming="67" touserPuppify="shovedSnellyBlades" cinePicra="unaiAmineCaiques" pupilPelides="annOannes" decencyChiffer="cakeyHowea">
      <typhusHerald>inpour</typhusHerald>
      <entour filippo="jerryNeperTils9466" citrul="494">
        <neotenyPotentyNeutron>linwood</neotenyPotentyNeutron>
      </entour>
      <teddies veadar="beagleHectarAmenia" angliceFimetic="kefs">
        <parettaSowcar>teachyBruits</parettaSowcar>
      </teddies>
      <timbe canditeTrebledItzebu="inuredMayestMiry" ideatum="576">
        <pochoteReearns>unleadsKludgeShegetz</pochoteReearns>
      </timbe>
      <opaques widowedSkinny="caraibeOptive" donarWagererBeati="50990">
        <gunny>40</gunny>
      </opaques>
      <wallerShelah>
        <turmoilTetrix>8088501</turmoilTetrix>
      </wallerShelah>
      <wateredArylsPiprine darkenGrelotAdmires="4" scyth="guanize" haycockCretismEluated="oathletScorn">
        <mytilidRerivetArenose>45159346</mytilidRerivetArenose>
      </wateredArylsPiprine>
      <algaradOwrelayShilluk lcaSilkman="curiara" oology="marshes" grandpaOutsang="angasCerning" isoptic="zamang">
        <casked>pimperyZaribas</casked>
      </algaradOwrelayShilluk>
      <unneathPouringCadging mellitaGpadBecking="laydownIsolde">
        <malmy>newtakeLascar</malmy>
      </unneathPouringCadging>
      <coumaHoldman>
        <carvistMaloWeedily>isisMessansSulfurs</carvistMaloWeedily>
      </coumaHoldman>
      <spragsContectDwight demesneSmartly="tenetMergerKeas" ebonySwill="solvateUspoken" withalDhooti="marorBeefsGoorals">
        <knollNever>usnic</knollNever>
      </spragsContectDwight>
      <smich ricinsFinkel="totery" goldurnClivis="66" alloquyCroc="spaniol">
        <kilovarMastfulYoure>614525184</kilovarMastfulYoure>
      </smich>
      <biles bogatyrSaggyBerlina="homyAlsikeBridges">
        <kondeHolking>drools</kondeHolking>
      </biles>
      <aristol alamoth="vassalVinageTush" vivaryTactorShut="gey" duchan="punnyDreepPutouts">
        <wrideReboise>18672856</wrideReboise>
      </aristol>
      <confineDander>
        <dyelineFlavoFlyway>merger</dyelineFlavoFlyway>
      </confineDander>
      <nunshipMellit>
        <girlyBoundGuijo>laterNewfish</girlyBoundGuijo>
      </nunshipMellit>
      <applies elegize="tangoedPattensOkia365">
        <meneCzarDiple>wersteCaroler7419</meneCzarDiple>
      </applies>
      <sablesCohortsJoysome steeksMenise="ridesCopycat" tahsilsWheal="5055902">
        <fascismBoogie>246954702</fascismBoogie>
      </sablesCohortsJoysome>
      <quotersBludgedSnapper abscind="plangTabel7" darkCasimir="uigur" amuckYenteWashday="3851" zeissTyphulaApar="aworthIvresse920">
        <curetsBernooKeten>parvePomes</curetsBernooKeten>
      </quotersBludgedSnapper>
      <retrait>
        <accederEmraudCorbeil>trimeraDutifulWidgie8</accederEmraudCorbeil>
      </retrait>
    </purgers>
    <augeanVoidedGoldtit patent="argalLookupOutlie" acapniaUnelectPabalum="9879" shraf="cattedRemarkFlummox" owhereBittockCuddies="casqueWeeply">
      <thyroid>95</thyroid>
      <anviledTox peckWarmup="sughingCashoos" doused="aerobeViridEmunct">
        <stirrerCep>smutchDrowDyeware</stirrerCep>
      </anviledTox>
      <zeinsPannel>
        <moir>olfactSheathy</moir>
      </zeinsPannel>
      <fueler mufferCarload="kookierJewelryFoin533" ledging="revenueSauncyJoola" almeryTangLitui="orthoseKnowerWayback" lyfkie="arcade">
        <suspendBurseedOptive>tunkBaffsBimboes</suspendBurseedOptive>
      </fueler>
      <impallMaidinEnhydra>
        <flaxen>tawtiePetwood</flaxen>
      </impallMaidinEnhydra>
      <poemChaufer>
        <meteorDensify>44239</meteorDensify>
      </poemChaufer>
      <costlew bindiPrescan="ignaro" necesse="laxator" punk="cingulaToothsIroner">
        <refilmsTroker>glozes</refilmsTroker>
      </costlew>
      <respeak khot="boostTabbied" harpulaObjectsHiding="drivesTutwork" fakes="corporeLetchy" sinamay="winesop">
        <fennelSokemenSeathe>charco61</fennelSokemenSeathe>
      </respeak>
      <fangingEndeAlmury sobeit="dumbsCorrode737">
        <matheMeatier>9507668</matheMeatier>
      </fangingEndeAlmury>
      <toyo pikers="siestasEuchite" porellaOxygas="moilerStourieMammodi" orestes="megrim">
        <bletheMosanSapotas>nadeemVizardsPacts</bletheMosanSapotas>
      </toyo>
      <butyneKeuperPappose taoyinTurpisSafi="mouilleWeenie" unfillMajoraVainer="26">
        <alloyed>16</alloyed>
      </butyneKeuperPappose>
      <muslimsAwatchSlaggy>
        <hemself>torrent</hemself>
      </muslimsAwatchSlaggy>
    </augeanVoidedGoldtit>
    <pinyonsAngili>
      <clewing>sealess</clewing>
      <calomelHarastMadmen pleaserMiscues="masha" uncharmOrtiga="bywayStunsle6776" pinkest="sounded">
        <copihueSeculumLots>mem</copihueSeculumLots>
      </calomelHarastMadmen>
      <shumacPhiesLinnaea yauper="nevellVendageCrudest" dossmanRedrive="tarComarcaSnipy" plutterSiwash="ziarat" teerInbe="rallyes">
        <horkeyLeerily>9000</horkeyLeerily>
      </shumacPhiesLinnaea>
      <etta endogenSingerBlites="enfectShamSum9" pensumCoelarFumaria="cerciHoversAdeona" coronelAgustYorker="toccate">
        <deepensGnomideComae>coniumsSprags</deepensGnomideComae>
      </etta>
      <aura replAntdomResides="pomeysTakao" wamefuTowelry="vetoismApocarp" morayLantern="80018">
        <lobedJarry>unlapFetidlyUndraw77</lobedJarry>
      </aura>
      <ceibas lameterHobbedSmrgs="46362" hatersSkal="ocreaPinitol">
        <pangfulUncrestDrch>medianZillaUpalley</pangfulUncrestDrch>
      </ceibas>
      <tuteePuttock godivaLifelet="lapelerTick">
        <varmentEsloign>wendy</varmentEsloign>
      </tuteePuttock>
      <stolasSkedge gemmilyBooty="plash">
        <homeridBuffbarForsado>rageeDemencySvan3</homeridBuffbarForsado>
      </stolasSkedge>
      <dealerSnawed>
        <lustral>choristBlawedBosslet8203</lustral>
      </dealerSnawed>
      <coveysMegaergJymold>
        <twinkOccluse>omaoPhtalic</twinkOccluse>
      </coveysMegaergJymold>
      <fourthsMaskersTroic radulaeReet="kachchaAgistsSabbath" retoast="90922070">
        <sillarForgaveBals>ornifyHitsEmbolic</sillarForgaveBals>
      </fourthsMaskersTroic>
      <sheeney chrysis="civie" earshotImmergeSospita="currockCorkage">
        <sickerReblownLaveer>poddishZanjeroAbettor</sickerReblownLaveer>
      </sheeney>
      <insue charleyNurhag="morganaHabe" strateReguideOozy="sahuaro" bedownFlixFreesp="proas8597">
        <schickCitrinCanale>debsBihalveWayment</schickCitrinCanale>
      </insue>
      <alogianSwalePedicab neopineLykenWitwall="buggersUterineNapron">
        <lunatedSweetLucerne>porrectFondledSorghum</lunatedSweetLucerne>
      </alogianSwalePedicab>
      <sexualeVincaCany>
        <traumasEupepsy>308423014</traumasEupepsy>
      </sexualeVincaCany>
      <burgersCarcaseDivata spyismBobber="20" parsicDatesIcon="barrelLambdaNeuron" elengeHasp="lattinSpewer" skimsBebusyOnymity="babSejantMarga7385">
        <yogistEyehook>1097</yogistEyehook>
      </burgersCarcaseDivata>
      <aquilidOvernew>
        <contectBeeline>becolmeHoti</contectBeeline>
      </aquilidOvernew>
      <emfCargoes ambaJesters="fankleDazyChanoyu" hlqnForold="quizzee473">
        <aures>leach</aures>
      </emfCargoes>
    </pinyonsAngili>
  </geldsSalem>
  <conicalVitisReuel lahuliLatentCleche="setoutsAugitesPrecede4784" />
  <chukkasTeens mume="steerBindis" engulfPreborn="warreeReiter" tannateWiseguyCorers="82558" />
  <stalled />
  <grando masks="viseing" />
  <circeanDudleyaPamment treasJumpier="speechSailerFurazan9755" softensConsute="blowy">
    <ignoblyImpship>
      <saughsKiltedUpcatch>akoasmaRocketsAvena</saughsKiltedUpcatch>
    </ignoblyImpship>
    <zibets>
      <onuses>350125842</onuses>
      <malkite loomedBuckle="1263697" tunlandAmbling="ravinesExstill5313" mastMashersBeknown="tirazTherePut" bakraQuinoyl="enjoy">
        <gemulTiphia>460</gemulTiphia>
      </malkite>
      <navarsAlfreda sunbows="hoecakeBelive" matthewVoidly="jojobaTaube" crating="9">
        <floridaInfulaTennist>felled</floridaInfulaTennist>
      </navarsAlfreda>
      <sciousManchet>
        <wasted>ballasVolanteBaluchi</wasted>
      </sciousManchet>
      <tendons phialeCharesAngarep="visaedMumbledVotally">
        <culpasCraniaBridie>492</culpasCraniaBridie>
      </tendons>
      <dowdyCornStoof thiazin="8" sinewyStammer="aimaraCurrierEchuca" rewoundPallasScatted="judical">
        <spinetsExtoll>307490</spinetsExtoll>
      </dowdyCornStoof>
      <naricWhatsis sprunnyUnfated="creesBerobed" friars="citharaSumakKashi" maoistsPiedra="tomcodKneepadGte" haulier="386441">
        <coastsJohnin>sitiStokedThecae9617</coastsJohnin>
      </naricWhatsis>
      <imberbe oyapock="staledPleas" bergFlume="palikarBlufter7937" elapsesAlaudaCoapted="subideaNuraghiWarnt" flavedoWeepsPsi="gaudiesJibheadJumper">
        <huitain>busteeMiskeepTroikas250</huitain>
      </imberbe>
      <balochLeliaCairny>
        <hoisesPinnyDudgeon>namingAnnuli1310</hoisesPinnyDudgeon>
      </balochLeliaCairny>
      <parer comesTendre="50715" fluoricAraroba="pined" soamConcertTome="tardleAnacaraMiscues" zagaieJabber="scanty">
        <kluxerFurans>sursiseFrostCowheel</kluxerFurans>
      </parer>
      <carolePeasenOocyte>
        <napping>81153</napping>
      </carolePeasenOocyte>
      <dradge>
        <arcato>lomaJarvies2</arcato>
      </dradge>
      <spiteMorglayJinkle malmagThrinax="cavateUnwelthGangion">
        <flatman>patyWricht</flatman>
      </spiteMorglayJinkle>
      <toluicWisherCaramel midrashSloanWiners="971732">
        <plookCatalinTweed>scalareSaccusBiaxal</plookCatalinTweed>
      </toluicWisherCaramel>
      <helot kazoos="kemple">
        <compar>stife</compar>
      </helot>
      <rupture rall="diasterForkfulTilture">
        <gadlingKneelet>retinuePenitis</gadlingKneelet>
      </rupture>
    </zibets>
    <starvenWealPeoplet>
      <tiltingGhylls>7022159</tiltingGhylls>
      <pikersOrthrosFocal falaDow="domett">
        <agenizeWongCandiot>miazineGrazedCowman8</agenizeWongCandiot>
      </pikersOrthrosFocal>
      <peckySolidAgust>
        <tumoredCuraraSimoons>baioccoTynd</tumoredCuraraSimoons>
      </peckySolidAgust>
      <kelpy markupsHaeres="unrash559" noologyBodenJarnut="saprobe" gerontSevum="67">
        <tmh>defaceKernes</tmh>
      </kelpy>
      <hadithVeilers pearterBays="sacatonKinetic" twoling="daunder" bruges="1377892" scrauch="mostingRedying32">
        <gaumed>bundocBestirQueasom</gaumed>
      </hadithVeilers>
    </starvenWealPeoplet>
    <tabes>
      <marxistNig>doldrumTorsaloSlav9</marxistNig>
    </tabes>
    <paradoVocule alangFiling="enchyma">
      <gruntsNama>decrown</gruntsNama>
      <moffleShapely abatingCimbalFalling="bracheCholic9" chammSamsam="94464">
        <boveySodless>dekkos</boveySodless>
      </moffleShapely>
      <unbarsCancridKreese backieCharaEndysis="olearia" tabascoHaar="1" starySuffIrisher="primasAccus">
        <prinksCurbers>unmossyBruisesUnfree</prinksCurbers>
      </unbarsCancridKreese>
      <craftlyStiles encarpiBarmPigging="quirtsPageant">
        <profitEarfulThalweg>unlutedWeighedAssilag7</profitEarfulThalweg>
      </craftlyStiles>
      <scufferHenbitOlivary>
        <virelayFilliesAloins>kippersOuangaBennes</virelayFilliesAloins>
      </scufferHenbitOlivary>
      <purdon hallman="pursuerLuxury" bayalAssentsComptly="travelsUnifiesSackbag">
        <manakStrollsHushed>frayWissed1067</manakStrollsHushed>
      </purdon>
      <tenter itacistNewly="balsamo8060" extypal="bryanAriledUnrowdy">
        <bisonCoseism>sukkahsJannerOpcode6</bisonCoseism>
      </tenter>
      <grisonsSacope scraighQueliteVorhand="admovReboilsAntwise" mewsAmanitaEngr="529834604" sacatonCapperCurvle="dandifyUnworthDurned">
        <goalingLavNovas>alaundBotoneLauric1927</goalingLavNovas>
      </grisonsSacope>
      <pirrmawAwiggle gunsterCools="llewCabbageSuppage" reps="entrike5" flocsFaujdar="monomyaYar" stums="gilimAnamite">
        <enoplan>upholdSayer</enoplan>
      </pirrmawAwiggle>
      <batzen messias="kalmuck" skagsPairedTrabant="rookus">
        <quiversCawney>multiCutlerClumpy</quiversCawney>
      </batzen>
      <contemnCageHabitue stretChekhov="alruna">
        <bombous>karatesGlebyUnlofty</bombous>
      </contemnCageHabitue>
      <helion awee="intnlSepiary1">
        <slicedJubileMale>387206</slicedJubileMale>
      </helion>
    </paradoVocule>
    <facesGlaringSozin flappetCestoid="laglyAlcladBiders" tambukiTumericRimate="alaeSiliqueUdal" unwombCoranTeenet="pulegolBobbing" dorsalsGigaton="tinesNotcher" phrases="saddlesTanachWhirly" comityTufaTalite="bukeyefStemson138">
      <tassah>quakilyChicoBride</tassah>
    </facesGlaringSozin>
    <retests>
      <propelEnripen>bedelTugman2997</propelEnripen>
    </retests>
    <oxidicAnoxiasKaki rosace="welches" rollock="overageDingles">
      <induesCopaene>87</induesCopaene>
      <fiaschiGuessesBilboa>
        <tunnitGnarled>kalendsDonateeChalahs</tunnitGnarled>
      </fiaschiGuessesBilboa>
      <calalu allicinWaylaysDamnum="798938225" souffleAlgyCallo="ajointShuting" stiflerMascara="mobilesSheenieBoombox226">
        <detestPalsiesLutidin>jerqueKippeenSnotty</detestPalsiesLutidin>
      </calalu>
      <amoebicHomingHogget hockySmudges="jaypiet" bardane="34486546">
        <headly>moxies</headly>
      </amoebicHomingHogget>
      <enhaunt unsonManaceStob="kerbedFarlSkinful">
        <doliaSlete>87</doliaSlete>
      </enhaunt>
    </oxidicAnoxiasKaki>
    <tholosGusainMidmain>
      <ablareTicken>sena55</ablareTicken>
    </tholosGusainMidmain>
    <hircic>
      <ablendRethank>iceman</ablendRethank>
      <bebrave>
        <effaceRazeedWawah>funned78</effaceRazeedWawah>
      </bebrave>
      <likenKoklasPuinavi sitkaCyclide="palar875" skewlyRescous="maduros">
        <cathetiReflateOory>amidolsKinsenBricole</cathetiReflateOory>
      </likenKoklasPuinavi>
      <ventric textlet="mizraimHikeMulatto" retareFluorsPilose="retheBoffoSam" unshowyNoodled="16990959">
        <assailsIcespar>niggardHamoseSicel</assailsIcespar>
      </ventric>
      <rhagoseCleanseHosel sapleAnconal="amative">
        <tock>ascitb</tock>
      </rhagoseCleanseHosel>
      <topiOutwishCollat asquatLecheGhees="48975998" avestan="zamorinWhewt" bravura="ranquel">
        <bracersLaciestRanjit>duos</bracersLaciestRanjit>
      </topiOutwishCollat>
      <pusscatElls kamsinEarthySurnai="dikesCosheryKang" shalluMobulaBrats="ada">
        <vacualHornist>allahCannasMuset</vacualHornist>
      </pusscatElls>
    </hircic>
    <reliefsLeper moist="ufology45" pias="jettruQuip">
      <scabine>15695495</scabine>
    </reliefsLeper>
  </circeanDudleyaPamment>
  <sopher />
  <punnicLibidosSpinose himatiaSahImplex="mantzu" deliskJove="ruse501" hurdle="curchEpochHansa" />
</ihleiteSuumShedder>