<?xml version="1.0"?>
<killock>
  <sordidSap marcs="smeeDenize6" agileBemuses="wehnerProgShames">
    <acquireTonicsTrull>
      <barwise>alcyon</barwise>
    </acquireTonicsTrull>
    <persistSaggierSager>
      <menatTobineEloped>puris8280</menatTobineEloped>
    </persistSaggierSager>
    <fussifyIntakes>
      <toeAwabiTauts>araucanHaydn</toeAwabiTauts>
    </fussifyIntakes>
    <ephydraLocusCacicus>
      <faisanLygus>889288079</faisanLygus>
    </ephydraLocusCacicus>
    <dippedCrouthVril>
      <brushes>clackTpke</brushes>
      <herbalSemian>
        <tumour>9468258</tumour>
      </herbalSemian>
      <testone>
        <souldieJesterWilco>panels</souldieJesterWilco>
      </testone>
      <feriaeFlamier subsoil="propperAdvoyerStreyne7">
        <sulioteLangley>barytaGeorgieEulytin495</sulioteLangley>
      </feriaeFlamier>
      <emerge vanadylPernioHavers="9" backusIsomeryAusones="beckon">
        <orthant>dickLakeyPume</orthant>
      </emerge>
      <secchioDaswenCambism>
        <pithier>hassledUngleeRytina</pithier>
      </secchioDaswenCambism>
      <buncosStiller bromateEustele="waddiedColdong2" chacateGoutsCheaply="nutgallErrite" lobataMicrifyShovers="106387">
        <sickerNaked>bodgerJingall</sickerNaked>
      </buncosStiller>
      <cursus>
        <amino>nagana</amino>
      </cursus>
      <fuddles dubbing="kainitsSerialsSunnily" manatusFraiserValval="andante" mesad="isohyetHarmin98" metatesSkinful="sestine">
        <pirogiTapen>spumoni</pirogiTapen>
      </fuddles>
      <khalifaDonackByzants tineolaVowingAmour="wawahRepunch" frogmenPetateAngolan="fumeuseArrachNoerror" tomosisMentalPadrone="dozingClaro">
        <eloiner>copVolostsSenor</eloiner>
      </khalifaDonackByzants>
    </dippedCrouthVril>
    <fenlandCulpose>
      <bishKilahTalks>carobTrypsinPuddle</bishKilahTalks>
    </fenlandCulpose>
    <pray>
      <chassedKelp>clucks</chassedKelp>
      <watched lardersBurdie="8" cameTablina="postea" kopjes="hadbot" beant="50707842">
        <amanteDamlike>zagging</amanteDamlike>
      </watched>
      <doleTampionMelts atees="towpathAlliage" rhemistLaments="reeruptRappiteTsadik5948" fauvism="replevy" norard="71810113">
        <deticksRotters>275</deticksRotters>
      </doleTampionMelts>
      <boodh yetlingTwanker="tabut">
        <natty>70782799</natty>
      </boodh>
      <velour shemuSlashed="advertsPlumpenAmomal" muscotZygous="bursMantid">
        <ctsSonraiStoppel>holiday</ctsSonraiStoppel>
      </velour>
      <knurled>
        <ondineRandell>trapperPater</ondineRandell>
      </knurled>
      <cosecs poisesCitrineRigolet="pedantRaxing49" unslingOswego="garnishTerzioBayz">
        <hedgierRewoundHerders>scamble18</hedgierRewoundHerders>
      </cosecs>
      <presidyJammy camelot="champRevered">
        <widower>copaWeariedPelvis</widower>
      </presidyJammy>
    </pray>
    <cosmic thitsiOutmanConfute="3802095" dognapsCorners="cloudFundingMarcot" wagangVictorsUrsine="horolMaskingLalled">
      <tippledHippedCatcall>cruetyLwmDromos</tippledHippedCatcall>
      <reshChamois mixing="4">
        <coaxy>narcistHusho</coaxy>
      </reshChamois>
      <guitarsFriar manuka="biassesHeptane" cyniasBylined="caguiGorerJuliana">
        <dhamanScrums>zygosis</dhamanScrums>
      </guitarsFriar>
      <bunyoroUnsworeGleet setoutsSorbentIniomi="73" kaiSyneGrieve="inkrootHamule29" unions="banyaiFlanque">
        <knetchDharma>halfaGauntly173</knetchDharma>
      </bunyoroUnsworeGleet>
      <sardel kahunasMarlpitIulus="beflap">
        <papered>gaums</papered>
      </sardel>
      <akiaFunic>
        <oouassaBlashyPentyls>byteEnfantsPackmen</oouassaBlashyPentyls>
      </akiaFunic>
      <nudism price="30941298">
        <effect>wizesLams</effect>
      </nudism>
      <octoic resmeltEvetideCements="223332114">
        <dirgler>raftage</dirgler>
      </octoic>
      <jaudieIsopods tetrads="788116">
        <sieniteJirgah>ionismYurukLibated</sieniteJirgah>
      </jaudieIsopods>
      <waxbird>
        <toskCourtsPomard>agouaraElixCaon</toskCourtsPomard>
      </waxbird>
      <upaisleCeston knez="quotedLearoydLuna" retiaAsthmaSurhai="chaus" omer="3901">
        <decamp>each</decamp>
      </upaisleCeston>
      <hunnishNiobium cuteEtonianTalcing="yaoFeeders1" abigeiSoireeNatter="94857">
        <torydomUnvenomFirebug>gaveledBeaumeCopple</torydomUnvenomFirebug>
      </hunnishNiobium>
      <nagsterRemigesLegged pecans="31" larlikeBolls="5013" rhodite="bod58">
        <aphidsSeemedPlagate>cabmenHonestSamogon</aphidsSeemedPlagate>
      </nagsterRemigesLegged>
      <halyardCavidae forsungNye="kinkerEwder" sairve="74717725" siringWarbleObey="carle">
        <dalasi>huanacoUptide</dalasi>
      </halyardCavidae>
      <shambu>
        <otidium>terzina</otidium>
      </shambu>
      <andorNowiseHectare caranga="foliumHusked" mott="rwy" placesTamil="demy" spencerMoiraWinare="holiest">
        <dapples>stinty</dapples>
      </andorNowiseHectare>
      <curite waxbushLolly="mullahStealedIsomere" crimped="fas" crownalAlesanUptilt="abideUpas" bougetVanistBeastly="cassoni">
        <backsetPratt>jestee</backsetPratt>
      </curite>
    </cosmic>
    <bewhiteLunuleOarsmen>
      <razzer>wingmen635</razzer>
      <flotantBisect etude="coletitLevVagally" foldageUntawedUpspin="umbrana" lungersVillagyLobbies="skinnerHedgebeUpwhir">
        <minvend>ralphSocks</minvend>
      </flotantBisect>
      <vaginasDanaineCabook bournBogue="moolaBelight" peitho="pomelyAtesNattier" truthUnfelonFiddler="epicarpOildomJoul">
        <swonk>skelvy</swonk>
      </vaginasDanaineCabook>
      <coraise>
        <druffen>jenkinCurpin45</druffen>
      </coraise>
      <marcsBummedBindery alia="perturb" juergen="muesliSativae215" braizesFracidExcused="claresHandy" kittedMerlonsCarbons="revengeSnowlArise">
        <capeArkosesBinh>cayapoStriges</capeArkosesBinh>
      </marcsBummedBindery>
      <busyingVers jocksScuttle="picotePsoricWindy" dancesLimulidDevs="keelUnleaf" ascaron="whod4" kloesse="72427628">
        <lacunesAwaitWawl>rehungUtsuk7337</lacunesAwaitWawl>
      </busyingVers>
      <jailingImpen junciteShootsBrachia="bestuurPunchesOllav76" denyerEngland="tacklerPopjoyLucrum" withesOutlays="aliiInstilHothead" naiantPlanont="albaceaRoove">
        <fibdom>reglowsPerksBraids7985</fibdom>
      </jailingImpen>
      <oathedPinnerSeptole teazeIsidae="hardhat" fecalInwickGerara="3">
        <dosselsEucleidVyase>talpineSaditeUngruff639</dosselsEucleidVyase>
      </oathedPinnerSeptole>
      <diptScavage wining="savvyCeibo">
        <suctionDroveAtwitch>9</suctionDroveAtwitch>
      </diptScavage>
      <calicleSickleUnbank bromineLyrismsUppers="9344" raiment="comourn">
        <grants>pritheePulasanPanpipe</grants>
      </calicleSickleUnbank>
      <durantBroadenRadious dinerosGnsGoaled="63">
        <james>74</james>
      </durantBroadenRadious>
      <pibcornCainBojo>
        <bricksTocsinsCulotte>troat1084</bricksTocsinsCulotte>
      </pibcornCainBojo>
      <fullers astrer="cousinKanten" babbageFractur="umiakPelasgiRousing">
        <accessGenecorGuiling>cheepedNeapedChoker</accessGenecorGuiling>
      </fullers>
      <pouce>
        <aftosaModica>211</aftosaModica>
      </pouce>
    </bewhiteLunuleOarsmen>
    <hacked>
      <shawnMoorishWaiting>villoseAlii</shawnMoorishWaiting>
    </hacked>
    <whiskin>
      <nonyaFess>florets94</nonyaFess>
      <twarlyWispilyOlders demirep="merrierPalmRazor5883" refresh="geneStrewYowing" spuriesTydden="9408576">
        <stereid>chenaRamadanXix</stereid>
      </twarlyWispilyOlders>
      <churelNatrix reflogGriphe="4144" tuckedFooters="4242">
        <uphelmMochel>16</uphelmMochel>
      </churelNatrix>
      <rebaledTestoon veepPhymaArtabe="paenulaFoggier2160" roedOminate="kegsAkov" perchesBrakedSleeken="738" tektiteDuosTrigamy="sags">
        <linableDispandMoitier>overput</linableDispandMoitier>
      </rebaledTestoon>
      <crambusTalipot pnxt="mazedly">
        <cheddar>replantPixy</cheddar>
      </crambusTalipot>
      <felafelMazumaAgrope syun="sulphasIsletaRazing" harshSpinode="48" azulene="amsath8" amaltasThurt="metamer3476">
        <ferrate>hawkins</ferrate>
      </felafelMazumaAgrope>
    </whiskin>
    <toroidsSwarmBemuses>
      <foutyExcurMagasin>189031773</foutyExcurMagasin>
      <biskMidward>
        <xincaTopical>tortue</xincaTopical>
      </biskMidward>
      <scurferZimmis labels="doweredRameanParl1188" sealery="finnedAdular40" tagtailCerosinBubalis="surmaAccuseSnouter" curatic="potgutJasperyTapery202">
        <godling>muffedBaylet</godling>
      </scurferZimmis>
      <servalsPed groverCurcasKora="usuaryApteralGerent">
        <sow>syst7</sow>
      </servalsPed>
      <sateenIgnaro biggest="brillBrutismOhare" mushily="khanate" couldnProrean="codgers">
        <biribaWamuses>44</biribaWamuses>
      </sateenIgnaro>
      <agenArzun>
        <chestCaromedBoob>monkey</chestCaromedBoob>
      </agenArzun>
      <untaHardockBoons flutey="teaWillesCombust" shiel="bicorneCsardas" puttanEmigreEsox="wastesBeldMilvine">
        <coriinMapAlg>988</coriinMapAlg>
      </untaHardockBoons>
      <beltir gaulish="rashDyadics" adverbBoti="176037182" liman="appears18">
        <anoxias>skellSluttyDonny8</anoxias>
      </beltir>
      <azha aorticHuswifeBellmen="fungoesColetitFlavius" uplitRaiaStridor="68177260" debtedDarweshRoop="crannelReffo">
        <kosin>87</kosin>
      </azha>
      <lapsesGibel unfrank="tribady" suomic="501429385" clow="4414157">
        <julusCavie>263</julusCavie>
      </lapsesGibel>
      <ctimoGarlicMinims pikers="galops" rhagonHyped="248" thrymsa="195902237">
        <chielBetasSkibobs>coccalVetture</chielBetasSkibobs>
      </ctimoGarlicMinims>
      <wopPogyFordeal>
        <abadejo>49111</abadejo>
      </wopPogyFordeal>
      <punoCrozer>
        <fuzzingPentineVild>727</fuzzingPentineVild>
      </punoCrozer>
      <housage btrySwales="mishapAdoxy" huaveSkiersOriolus="cuscus" volcaeRivery="tapedAnnule" popinacEpoptes="eddaGruntDeucing">
        <gjetost>eschelDolmensEssene</gjetost>
      </housage>
      <gitim kharwaSherpaPronpl="milfoilStondUntaken" orthicBegrimUndiked="3" impages="cracks">
        <impis>imper</impis>
      </gitim>
      <bibbons xylite="oralize" pantiesIcodShindle="8">
        <quippusAbl>acholiaBezoarPostbox5</quippusAbl>
      </bibbons>
      <lavageQueazenAlruna acequia="meridieAppointPunkins43" ready="rusaUnioidNoerror">
        <bennisIllyric>uptearsDuckletPapal</bennisIllyric>
      </lavageQueazenAlruna>
      <otomaco burrsCockie="bogoPanseWisps" murmiQuieten="smectis4789" puristsPhlegmy="loticDiluviaHuma" randansBullety="popadam">
        <askantArroyosSwart>15</askantArroyosSwart>
      </otomaco>
      <unbushBedazed censerLagarto="valetry" kentlePeptideUnannex="bagdadFloweryAmazia3586" nauseasFerren="hospNeemsTallied">
        <shrugsLapies>aroynt</shrugsLapies>
      </unbushBedazed>
    </toroidsSwarmBemuses>
    <firepotProg>
      <pontage>17</pontage>
    </firepotProg>
    <ferkinTragal>
      <puddlyPanacheFluoric>dasheenSanai</puddlyPanacheFluoric>
      <iridiumCornels whinnerTopworkKuttab="ajowan9">
        <leuch>aroMoroncyGozzard82</leuch>
      </iridiumCornels>
      <atleHaika dawtetUnspentMuftis="bariumsEntoilsParers" haikunSearcer="dominae" finific="5618" pallaeNotchSplent="sworeMateley">
        <umbraGroynesUpcrane>scornedHogweedSquiffy</umbraGroynesUpcrane>
      </atleHaika>
      <tacoHirseLimiter>
        <daubers>gweduck</daubers>
      </tacoHirseLimiter>
      <outletsOryGellert amandeTenet="unlumpyBecalmsCumarin" tweelAsellus="fulledChafted" shackerPerter="andriesUnhorse" karrooResprayAggadic="1827823">
        <cushatsLogierGlaive>aeolism</cushatsLogierGlaive>
      </outletsOryGellert>
      <bromide hewhole="scourSubvola">
        <nisus>rickeys</nisus>
      </bromide>
      <fasting oolliesVanfoss="967" discousXylate="nonuserSelagoFoxed" phallinSaigasPitarah="159655715">
        <bunningBldrAlmadie>abirIllumer5372</bunningBldrAlmadie>
      </fasting>
      <warpath accloy="armboneMycotic19" cloningWingate="shebeanOccursFlares221">
        <cossBewraySkying>wreatYodhsDoorboy7</cossBewraySkying>
      </warpath>
    </ferkinTragal>
    <lapfulsBanjoes pigging="picaraAlmanac" shaptanAcronicWardite="29645">
      <meeceUnsheet>1915</meeceUnsheet>
      <bainPulsesDrupa recFigured="below" harking="extinct">
        <catelUpspire>monoseSwinger5451</catelUpspire>
      </bainPulsesDrupa>
      <buckoneToysomeBuddled swirdAfgodChromas="61" quernScrab="burdieRepeal" trickedHobnob="35133">
        <baggage>9523955</baggage>
      </buckoneToysomeBuddled>
      <sipsRazzlyThaness inbushLegbar="garuda7" dreeingFaquirDyked="1945289" serge="hilledPoil" coition="oriform">
        <primeEmbossGermule>ilealPiques</primeEmbossGermule>
      </sipsRazzlyThaness>
      <espavelCurtsy gestenPled="fourgon737" seax="9699052" mbundaMbpsSumachs="brimfulGeezers" galumphVagrate="astateTenoned">
        <liposis>leonist</liposis>
      </espavelCurtsy>
      <whiz nowt="deposeDoped">
        <marianaOryssid>luxive</marianaOryssid>
      </whiz>
      <abedge sharnKallimaTalker="hubba" psyches="69042" teemfulBackbit="hyphaBotflyGruel">
        <agnusVatfulGareth>7202</agnusVatfulGareth>
      </abedge>
      <foist flusker="trouseDurianAstrol7367" centra="amicron" moultedCoccousPorkies="resatRubbled">
        <vareuseGammick>abl74</vareuseGammick>
      </foist>
      <unbaledCalabar pigheadDozilyThirst="querierSpail37" flintsVowely="cyrusParoticAloysia469">
        <osophy>radioVelourPreyed</osophy>
      </unbaledCalabar>
      <opusesAsteism>
        <sandhiElamiteVelika>unwrap</sandhiElamiteVelika>
      </opusesAsteism>
      <facebow>
        <blibeJumfruRuth>wakeelSquawk</blibeJumfruRuth>
      </facebow>
      <sexturGranderCaloris quarmen="unsavor" tickSievyAstre="floss" elegistSycosisElops="citiedWugg" kolos="plural">
        <dancery>griphus</dancery>
      </sexturGranderCaloris>
    </lapfulsBanjoes>
    <ageableTubba>
      <gigsmanMottlesRunkle>mafiaApocyte5543</gigsmanMottlesRunkle>
    </ageableTubba>
    <zho>
      <jugulumJoyousStumer>rustledAerobicElean32</jugulumJoyousStumer>
      <atwainOverapt unknowNigherExcess="tuppenyRumply" pulers="barit" succadePincian="aper">
        <letty>zinganaSubanal</letty>
      </atwainOverapt>
      <skives oopakYedCunza="2945960">
        <inferLorryDecreed>drent3</inferLorryDecreed>
      </skives>
      <unheartRichenPrests upgiveAvid="1" genghisHopak="760" rubinMommerToplike="proberSpassUnsoul">
        <lottedButches>rellyanTerrarTyranni</lottedButches>
      </unheartRichenPrests>
      <willfulOmitsRucky codistSumpt="aprilZurichSkidoos" hobbismForwhy="mph">
        <mambaSlightsFlamy>dyesDipody</mambaSlightsFlamy>
      </willfulOmitsRucky>
      <glob infelt="173881855" geldCuarto="fulhamsBoffShumac">
        <redline>38285840</redline>
      </glob>
      <alascanGeomant xylopia="aspensFlusterMortals" pupeloGazebo="voyanceChartaeShantih" zimbiLimax="886862230" unvowedBibelot="boycott">
        <haskard>befistSenora</haskard>
      </alascanGeomant>
      <crisesAbiding>
        <walrusTropoyl>14</walrusTropoyl>
      </crisesAbiding>
      <reglair>
        <publici>belgianMutatedLaxity</publici>
      </reglair>
      <fatalsWoolsey deric="wabblyOgams" unrisenMucknaGaby="multureTrawleyDecani">
        <mulctedHushPikle>720055</mulctedHushPikle>
      </fatalsWoolsey>
      <zingerMetoac seraphsKinoosChati="shittah" deletesTownmanDocious="948">
        <sippersBeeferByword>7608986</sippersBeeferByword>
      </zingerMetoac>
      <unsootUnspot>
        <timiasEgoistBariums>ajugaCuddy</timiasEgoistBariums>
      </unsootUnspot>
      <fusedDrownHeriot abandonNeutriaBateaux="ave" scoldedTrompRedive="loosing" grubSoggily="foreToywort">
        <armadasDsnamesAlexius>argyllsSorbile</armadasDsnamesAlexius>
      </fusedDrownHeriot>
      <outcameBisso patronSnaith="88" adlai="hotels" gou="naveta">
        <usqueEmpaler>annats546</usqueEmpaler>
      </outcameBisso>
      <clayen misaimsSporterStoater="fourierInarm" geotic="tibbuPucheraRoundup" royaletAgnus="fleecerMesstin312">
        <atokeIraDamnum>7193</atokeIraDamnum>
      </clayen>
      <bowersEburna ham="48599" cressyVenturi="tausWarmly" jerseysConfitLakatan="billete" gruppoKinging="legallyRewhirlConsume">
        <atavicUnlyric>pomona2123</atavicUnlyric>
      </bowersEburna>
    </zho>
    <hoveredMastingOsseins>
      <enureRix>flaconsDupletPolska</enureRix>
      <delugesBellyAgger evited="339" gursh="374816977" thorias="947092487">
        <ketalCaesiumFoothot>glaring</ketalCaesiumFoothot>
      </delugesBellyAgger>
      <bacchusWittingWave coelho="silesia" narrateDawn="pusleysActaea">
        <pteronViolalSnedded>gardenyHippierLurker</pteronViolalSnedded>
      </bacchusWittingWave>
      <fulmen unsentKoiari="9" bolsterSothsChirked="92820" tutelarStygian="btise">
        <ducallyBuckledNasch>realms</ducallyBuckledNasch>
      </fulmen>
      <diademChestDouceur>
        <taunt>osperm</taunt>
      </diademChestDouceur>
      <suerreTatsmanMetres gibbalsSagerMotet="kushaWeenies" stinkerAbuts="9" reifCalvinAbac="lemmas">
        <overbidAugites>larchesNonage</overbidAugites>
      </suerreTatsmanMetres>
      <invarsInamiaPrises nodder="kanaffAthyriaOutback4298" sicelTyauve="7923892">
        <palmeryWhichSperket>pashas</palmeryWhichSperket>
      </invarsInamiaPrises>
    </hoveredMastingOsseins>
    <dacitic>
      <enrolsSeepageSleever>46797059</enrolsSeepageSleever>
    </dacitic>
    <furoresLeftistSlav>
      <kialkeeEpodes>hemesPhilolKantela</kialkeeEpodes>
      <veenasTesseraAttaint withal="695">
        <clippieDojoMoleism>mel</clippieDojoMoleism>
      </veenasTesseraAttaint>
      <course>
        <servusGoldurn>mouthy</servusGoldurn>
      </course>
      <glansIghlyTory gargetsTsurugi="fordamMamluk">
        <biggerTph>morBotein</biggerTph>
      </glansIghlyTory>
      <quietsPshawMorphic kibeiExterns="jasyDurably" shlocksFecund="polaranPunningEach">
        <plancerKedgedMuskit>341508</plancerKedgedMuskit>
      </quietsPshawMorphic>
      <glacialRehung ahey="9547408" augursAcquest="inertNagsterBeavery" onsteadDasturi="12819464" climateFezRossite="quinton">
        <moistySweltDodges>somneGiddied</moistySweltDodges>
      </glacialRehung>
      <doxyCreasolBoteler>
        <waneyZaque>sudesChoule</waneyZaque>
      </doxyCreasolBoteler>
      <codwormObia>
        <hearsay>55502525</hearsay>
      </codwormObia>
      <slogsMeltingEccrine pilsnerSprigSputa="choke" dottier="emicateRubiestOutran">
        <eliaSlewerDarksum>dibholeScythedRuffs875</eliaSlewerDarksum>
      </slogsMeltingEccrine>
      <wadlikePuggingBromids>
        <degumsSympode>rigidlyIctusesDelf6725</degumsSympode>
      </wadlikePuggingBromids>
      <upgang jillingInradiiCaproic="clipperParafle" dont="bother4806" posthocPasselUnbowel="grote">
        <enifSubclanGapers>forbore</enifSubclanGapers>
      </upgang>
      <sowingOutfoxMallet noddled="pinnockSalpaeRelayed" issuesAzimideInflex="copusThrist" dusackAzures="opinesHunfysh">
        <salmo>balineGuricVended</salmo>
      </sowingOutfoxMallet>
      <satchelSinlessMacan>
        <hammamSprues>800</hammamSprues>
      </satchelSinlessMacan>
      <punts speedo="52" shibah="picaeDraff" daverOoralis="683133294" dotierCordial="byrlJimmer">
        <dawkinMildewy>quibble</dawkinMildewy>
      </punts>
      <beclipTornese rampantStupentDaffier="cowpen51" heraDockize="9088">
        <hypoxiaShargarBlickie>jibhead</hypoxiaShargarBlickie>
      </beclipTornese>
    </furoresLeftistSlav>
    <manuaryZebrineHadada needledTublet="gerusiaAlveolaWinsome821" cravoGoitresAssumed="corbula760" hidalgoInternFalisci="helped2904" herm="laqueusRidger" wilco="oakenTrailsHasp5" sousedShawyAnvil="78" screwedYukkedPhiline="lindiedDipterDorsad">
      <parvuliOvalish>macusiSimpEnzone</parvuliOvalish>
      <arophReshook>
        <fertile>9825</fertile>
      </arophReshook>
      <dragoon argifyUdasi="10">
        <serabGaitingOrlop>izzardCalmest</serabGaitingOrlop>
      </dragoon>
      <espartoEndersCogware>
        <roncoLockups>donnockFundal</roncoLockups>
      </espartoEndersCogware>
      <opinerShilohJocks forlana="7">
        <neatensUnmowedMaror>helvinBelgianKyars</neatensUnmowedMaror>
      </opinerShilohJocks>
      <dioxidParadox dagomba="7">
        <piggieSeptaveAgoho>hubbaShivasNexuses5</piggieSeptaveAgoho>
      </dioxidParadox>
      <fylfotsIsodefAnnual triolBehavedCumenyl="papula" steniaNeedler="hazan">
        <hoists>27761</hoists>
      </fylfotsIsodefAnnual>
      <oleinesCerimanGrieved>
        <libreAgoneMisact>isonymPenideRhodite5493</libreAgoneMisact>
      </oleinesCerimanGrieved>
      <mountedWheeze>
        <beden>azores</beden>
      </mountedWheeze>
      <jokulInspans adetDecalinByrrus="fishpot2" abwattAraire="hernia" yodhs="visardsLupinNide" sutleryVagientWolfdom="mirificCorradeBedways">
        <eagletsDawned>acridyl</eagletsDawned>
      </jokulInspans>
      <violateVolosts>
        <knacker>khamtiCordsFolds</knacker>
      </violateVolosts>
      <cithers>
        <detainsYouths>504</detainsYouths>
      </cithers>
      <pacinko aetitesChollerAnviled="inhaulsSollar82" signori="letristJerichoRunman" platineLupineWalter="wrylyPuceron" mopiestWarlingRoosa="3">
        <randleSkyte>readd</randleSkyte>
      </pacinko>
      <kamalasAreelUnopted lomboyNemine="euphuesBuffosCopes" blanketGrind="britany37" laban="57280304">
        <oohDeifyTappoon>humblerLuluaiCowers</oohDeifyTappoon>
      </kamalasAreelUnopted>
      <slattedToxicol enwall="justine" ibaditeTrucha="prepped8926" azoicCrew="jawfish" vaguioRheumy="331">
        <wicked>gade1826</wicked>
      </slattedToxicol>
    </manuaryZebrineHadada>
    <alpacaTidioseUncrown>
      <lamaDamasks>digress</lamaDamasks>
      <alexine crazedAmidoxyAdinida="4393761">
        <tatoo>834</tatoo>
      </alexine>
      <bestridEducIare>
        <abraham>obongoUnworldRedact</abraham>
      </bestridEducIare>
      <curbySeatingTripal ascillMinas="barvell241" eyeflapPrizer="sixths" warundiEndiaManges="orochon">
        <tlaco>beeve</tlaco>
      </curbySeatingTripal>
    </alpacaTidioseUncrown>
    <lumut>
      <exudedChuted>yip4</exudedChuted>
      <friscalTorrefy jiggledCgm="72" deniesTruingAmahs="dareallPickeryGrumph6743" daredOutswimTussles="tamise">
        <prioralUnpiped>avaunt</prioralUnpiped>
      </friscalTorrefy>
    </lumut>
  </sordidSap>
  <summed dorlotWashoutPollam="broncsBandletMiscrop" mimeosPoufed="glaringBetting3" liplet="2" />
  <livethGynic skodaic="firyErnesse">
    <gieZeugiteRood>
      <acerraCalepinReamage>clasherGuts</acerraCalepinReamage>
      <sadismArzanPoulard belleStoves="tringle" yirk="soave692">
        <ombresKunziteJarvis>88</ombresKunziteJarvis>
      </sadismArzanPoulard>
      <cloversMaidkinKorari schemeCrocus="corosifGuayabi4" teleiaWawa="gair" trunchZolle="31" froisseCitee="9">
        <pumpkinBiofogCarlot>refanWrayfulBranch64</pumpkinBiofogCarlot>
      </cloversMaidkinKorari>
    </gieZeugiteRood>
    <fracidIngraft>
      <bishop>outrapAmenity2</bishop>
    </fracidIngraft>
    <carnieFilmingNatator frog="slavianFarineEmoters">
      <dawtsStuddie>envierGrannieRobots</dawtsStuddie>
    </carnieFilmingNatator>
    <colourSwizzleFocuser>
      <embraid>ethnal</embraid>
    </colourSwizzleFocuser>
    <biglyKaifsCheken cinerin="sonoresUnidly95" ebcdicDingman="buzzBassBilgy" virgas="lumbersLimeade" panfulsDiedralRajpoot="erdvarkCloquesSovite" unnaptAttackDansker="panels" paulismBummieVetus="ahmedZoom" snarlerRhemeIckier="wichitaWheal">
      <fibroidCorpsyAdenyls>11689800</fibroidCorpsyAdenyls>
    </biglyKaifsCheken>
    <nilgai>
      <ollamh>tabbisBlamerFling</ollamh>
    </nilgai>
    <botry>
      <dammaraIdoneal>barbs</dammaraIdoneal>
    </botry>
    <cammedTopazesTerbium poniesGleysSundang="natch" verbs="anvilsJimpyFligged" orbRelaySupa="lysinesWanted" tempus="89926" trinelyDubbBaittle="jhowPeril">
      <fourth>devils</fourth>
    </cammedTopazesTerbium>
    <quidsUnarrayDrissel>
      <smeeksIacchic>96797</smeeksIacchic>
    </quidsUnarrayDrissel>
    <animateRegleFacials cohobLatest="806429" turndunRiggedPinkoes="nephiteFelsiteBohora28" helperNerita="muth" wadge="latheLycStript36" haemoidGedunk="frizerNathemo" greAmomum="78270795" mahalla="sedged">
      <dinomysBerkDartars>tzendal</dinomysBerkDartars>
    </animateRegleFacials>
    <brute wililyMezcalShaup="muse59" huskier="dentedDevoter" quartzyRanis="trogue">
      <evestar>unshellCourieReboso</evestar>
    </brute>
    <cogweelUnjointBoatie>
      <scranny>pkgTowdieNewshen</scranny>
      <hoarseDarkleLei>
        <wincey>houve</wincey>
      </hoarseDarkleLei>
      <trestEmpalesBarding>
        <chawl>remouldOnion</chawl>
      </trestEmpalesBarding>
      <acquitCecilia awink="891876893">
        <unbootTheins>boobish</unbootTheins>
      </acquitCecilia>
      <qursh geminisEight="idlishEuchres" ameneKohenCuries="86441602" narkingPuisnyMunt="fuffy">
        <gestateCookey>nomic</gestateCookey>
      </qursh>
      <lorateUnagile chars="spongerHumblie">
        <swipedBabas>frot300</swipedBabas>
      </lorateUnagile>
      <lindenPutti pulvilShravey="camber" osseinBecloakMazer="7">
        <grasserKasaFunge>90142459</grasserKasaFunge>
      </lindenPutti>
      <labaara monalBrinySpavit="asthoreRumless" sexfoilImpreg="pawkyTweegLosers" fistfulFylfotReloan="podicalHornier">
        <niftier>debiThongsGlobe</niftier>
      </labaara>
      <tamersXerusGoxes menageCrusher="needles" alethicGnarrKatogle="26712" cowpony="neopine5">
        <oulap>income148</oulap>
      </tamersXerusGoxes>
      <nockingNova jugsFeltyPeyotes="sneathMummeryShyish">
        <zoariumYeaomanClinked>ponce</zoariumYeaomanClinked>
      </nockingNova>
      <milacreDaniHagrope>
        <wauchtSeduce>grotzen</wauchtSeduce>
      </milacreDaniHagrope>
      <bagindaHighhatCora tipmenInfantaChauk="nectar" sluingCorach="breth">
        <lomtaImply>elysiumCaball</lomtaImply>
      </bagindaHighhatCora>
      <kendnaBlamesVaras fond="calindaGawker3887" requinsCantilyYederly="pursierRappage" fagged="coppas">
        <jerboasArgidSuck>trophi</jerboasArgidSuck>
      </kendnaBlamesVaras>
      <heypen hoatzinLongearWhomp="curdyNotekin" imiBeslapAbrasax="crewsSossOribis" ceylonMatanza="trumpedPirayaDelays">
        <simnelTalliStrobed>sefton5</simnelTalliStrobed>
      </heypen>
    </cogweelUnjointBoatie>
    <actionsAnglify restampOmaguaNods="177" resownSwelledMarkaz="piroqueAzalea" opercleChiefry="dovenedAletrisGuacimo" alaudaIsaria="elemol">
      <novale>289389</novale>
    </actionsAnglify>
    <potgunThatll>
      <chich>salade1579</chich>
    </potgunThatll>
    <uninnSmoltOcciput>
      <nomeOocytesCoreign>hinterGastrinImmerit35</nomeOocytesCoreign>
      <desists caesiumUnawayEfflate="plods" hangBaudsZaribas="384">
        <rated>remote</rated>
      </desists>
      <catersVishnuSoleus dewbeamOnset="classerGrowthy" canchBanketPainter="quarmen" jndRedcoll="bruntsTingidForcers5" meeting="posaune1">
        <ipseity>19252882</ipseity>
      </catersVishnuSoleus>
      <morphoChess neath="erisGanchWeent8143" egressBolshy="quitch5" moltFlown="rebuked9213">
        <surfingRammi>stearylBasker</surfingRammi>
      </morphoChess>
      <lammockDemiss dipnoanGaugedDidus="kalkvisFulgourGaro" kisserBasothoAcme="whereupWhizzFicins" munsiffPhenoms="flukes" copus="telaGozzan">
        <scaloniTinnen>renableBowfinsRerent</scaloniTinnen>
      </lammockDemiss>
    </uninnSmoltOcciput>
    <abrineGaufre>
      <bivane>prairie</bivane>
    </abrineGaufre>
    <stonkerFares>
      <unsnare>jathaIteming</unsnare>
      <disrayCogways>
        <smurtle>woodsSlatyBuddah</smurtle>
      </disrayCogways>
      <dracinReveil>
        <hakka>intextEponyms</hakka>
      </dracinReveil>
      <goldbugProneurGlumal deign="berainToroidsNuclide" cycadBlandlyTatther="deslime" enateLinnet="sirpeaCubages" trippleClayishBossboy="45276">
        <waymarkFoleye>pontiusTwaeForra328</waymarkFoleye>
      </goldbugProneurGlumal>
      <comaeRipperTybalt phphtCoprahAmp="spritty1" coaxialGhatsSnottie="bite" crumGowans="553594690" argelHayeMckay="cuspisAking9">
        <liplike>stond802</liplike>
      </comaeRipperTybalt>
      <virgilAlliedDravida crumblyRevotedAttacco="elastinGoboesKolobus" unfussyPaut="hitSallooChapped">
        <grunterIdahoBlate>kyrineHookah</grunterIdahoBlate>
      </virgilAlliedDravida>
      <zaguanUnicity milosSouped="41" unguled="withbegSned" shuggy="dustee">
        <cunjerDefamer>whitelyBezoar</cunjerDefamer>
      </zaguanUnicity>
      <dequeenAmlaLabefy kwintraGraze="oculateYoldiaSneezed8588" uricPrecast="vistaSling" creemCaite="reckingNotchesKojiki">
        <emendsMatsueFittit>33</emendsMatsueFittit>
      </dequeenAmlaLabefy>
      <oogamyAworry fused="dinkly">
        <gummersPoinderReceded>azo</gummersPoinderReceded>
      </oogamyAworry>
      <safesHalt lawgiveUntop="alaihi81">
        <sapsagoChebelLuffa>584931</sapsagoChebelLuffa>
      </safesHalt>
      <protylBitts>
        <bayokMoloid>clerusTurfdom7132</bayokMoloid>
      </protylBitts>
      <talipatBlacked>
        <admixt>knackerOilwellThyrses</admixt>
      </talipatBlacked>
    </stonkerFares>
    <malleli damasseFibulaCatarrh="valvule" inbond="yoopStetEmim" crozesTonousCroaked="akharaZokor" shekelRoiled="291958960" algarotCorsiteArriere="anhingaTowghtVugg" sperket="liquidyLegatiHohn" teerer="94623">
      <filerInlayer>quaveWocas</filerInlayer>
    </malleli>
    <anletUnit odored="regestRings" departs="caryotaChetiveHeftier" yepely="dowingKans17" assishSsiHuffed="monthsVivency" cheatIstana="stoas">
      <caseateDirhamDermal>macrliPoesy</caseateDirhamDermal>
    </anletUnit>
    <goles swissPeonize="eveScats" bedrownCometsHymens="pimpledOrtyx">
      <flybeltBecalms>boomy</flybeltBecalms>
      <durhamPlumula hoboeAssewerEmbryo="moose">
        <gibbiEnliefKnitch>coddyBragged</gibbiEnliefKnitch>
      </durhamPlumula>
      <admi svgsGangan="hummeriFining" uptearsTariricDunciad="corylinTashlikKyklops" envy="linnet148" tammanySummerSaddles="dorpersSpider">
        <barbel>14650431</barbel>
      </admi>
      <spoffleUntarShaps>
        <toots>66962752</toots>
      </spoffleUntarShaps>
      <cadambaSierDivines uncouchZiara="vowingDartoic">
        <addressChebeck>dollierSireneMonimia</addressChebeck>
      </cadambaSierDivines>
      <laystowFadgingVifda mittyUnknew="phoraFounderSsing" myrrhol="ffaDarkeysCritism5" deevey="valleys">
        <aswoon>382</aswoon>
      </laystowFadgingVifda>
      <oundyQuilateScouth alkanetYwcaGemmel="tiremanSlaveCalves">
        <heliums>17056</heliums>
      </oundyQuilateScouth>
      <paybackFausantJophiel corriveResiled="shotsArchive" awlsFishers="honchosExcambWhorts" gnosis="aorta7715">
        <adonistMeltersJewelry>curacoa365</adonistMeltersJewelry>
      </paybackFausantJophiel>
      <loggieBorrows berimesAirdateLupulic="debaseNympho">
        <beveil>lurer</beveil>
      </loggieBorrows>
      <mastaxMeatal othmanyShankerNaves="ogrismKochiaOxbow" tiger="spoky">
        <captain>lastsDaimios</captain>
      </mastaxMeatal>
      <verenda>
        <estabRelictGentian>qtr51</estabRelictGentian>
      </verenda>
      <backbitYamalka>
        <halala>tauntedVallateTendido</halala>
      </backbitYamalka>
      <telliesGabblesImaret>
        <noddiRhizineZigging>58332</noddiRhizineZigging>
      </telliesGabblesImaret>
      <snabbieKnivey coccus="5139" audrey="bowetOutgnaw5">
        <flyness>balakPuraqueGladier</flyness>
      </snabbieKnivey>
      <afflue flanchArgonsResteal="evictedGraperyAythya" usablyHinnyFootman="lordletEmitter">
        <avengedJargSoueege>soorma880</avengedJargSoueege>
      </afflue>
      <rewearQuawk alapDewiestAffaire="bryony" permitFrouze="10097">
        <caudaConiaEnology>ganza</caudaConiaEnology>
      </rewearQuawk>
      <ruttingLearntWarth>
        <abeNaviteSallow>lav</abeNaviteSallow>
      </ruttingLearntWarth>
      <saltato grudgeRager="hevi" inlaidHeftPol="44">
        <amhranStangs>axolotlSipapu</amhranStangs>
      </saltato>
      <saigaOutwell unmeant="frsiket" ratanNatherJactus="arnutSectViz" butyralGuamaPied="splicesDismals" navahoThetaPawn="955972">
        <tarliesTrema>168620572</tarliesTrema>
      </saigaOutwell>
      <excambGyms thivel="gharryDiamideSideage" trained="67910667">
        <misdraw>avilionCoiffes</misdraw>
      </excambGyms>
    </goles>
  </livethGynic>
  <blvd stdIzarParilla="8" />
  <butyralBasten naique="40" venoseOvalsAwalim="studiteEntreatPeds" scissil="ascrive2" winzesMuzjiksAdsum="gurriesFrijaAntoeci">
    <tapedPreenTheeker>
      <attirerMedidia>kilahFugatos</attirerMedidia>
    </tapedPreenTheeker>
    <zaxes>
      <evinces>bestrawKunziteCodium9</evinces>
      <arrouse narrArsinoVascon="paruresAlleleuVallis472" kiltyAreHowea="7585" pusleySoothlyRariety="seculumBobcatPlaning" dargueFighterDhunchi="prismsBemeansBugled">
        <eclogueParisEtched>reshotNowder484</eclogueParisEtched>
      </arrouse>
      <meloeHyoids>
        <copped>gyvedAriidaeLungan3319</copped>
      </meloeHyoids>
      <undoes peckRickets="remedeAtropin">
        <begat>aliency</begat>
      </undoes>
      <besootMainorMabel kumhar="testateSculpin" cachetsWeeded="dhurraSmocks" morthBeet="334">
        <valerieBlintze>fremtBhotia</valerieBlintze>
      </besootMainorMabel>
      <jibbah lueticsNougats="sallSimpsDrastic" shahdomEliasOopod="tystieToolHewing" jarnutGruccheTrichy="36641155">
        <latusJubbahsFrivol>voidAttrist</latusJubbahsFrivol>
      </jibbah>
      <gasts krumanWallow="7" pothuntPrinker="328" flukeyIkhwan="87082" tsunami="elapineWelsAdulter">
        <verismOkeh>gebbie</verismOkeh>
      </gasts>
      <besnareSenoufo yellowsBattled="anklungCluesDowdy" dogfall="variag" hardishUlcers="bonetta">
        <halidCarrat>forsadoSmartie</halidCarrat>
      </besnareSenoufo>
      <kannen mantyGaleidOkapi="persianJaobSayest">
        <boweDame>embers</boweDame>
      </kannen>
      <edna ruddsTaky="40753532" hassock="bedrollAcarids" hypogeeGaistGriecep="rillets">
        <apomictAcystia>rouse</apomictAcystia>
      </edna>
      <ramjetsAmebae pdnKhatib="hadjis" olympusUnarch="lutewayBoodyHowled917" unsetsRod="tubfish219">
        <pigless>thickPricingFouty</pigless>
      </ramjetsAmebae>
      <pewteryGutte caggyDornic="pirrCedrelaExor" groggerDrabler="330" veridic="banjoreChased">
        <strumsOdeletNoising>shisnSophtaMintage9</strumsOdeletNoising>
      </pewteryGutte>
      <jemadarOrcins>
        <birded>shrilly</birded>
      </jemadarOrcins>
      <guttScreens yelpers="67806" aerocar="pushumOphites">
        <evovae>nongoldInwick119</evovae>
      </guttScreens>
      <safesBileve bertrumSavacuKookery="fondler3" keening="prizePalsifyAptiana" ovistPurling="beakierSolversLintels">
        <quants>cymraeg8209</quants>
      </safesBileve>
      <rewed>
        <umistBoozes>jellies31</umistBoozes>
      </rewed>
    </zaxes>
    <pulerTailyJacinth>
      <teiidsMdse>glumpMaiming</teiidsMdse>
    </pulerTailyJacinth>
    <noyantRendu>
      <apropos>causeBotDidact</apropos>
      <intitleSoroseFuriant retuck="achreeButtersEperua">
        <pionsAlibiesRareyfy>agraPhanarBrid</pionsAlibiesRareyfy>
      </intitleSoroseFuriant>
      <empathy chintze="sandRheumsTiffie2">
        <bivocalRifest>scogieVarletRehears</bivocalRifest>
      </empathy>
      <addable buddleUliconRenail="snastPellian" unfainAbjurer="3" pietoseMaracas="salteeDoggrel" gauging="tukulerHeriotKits">
        <densate>polit</densate>
      </addable>
      <detray meliorAbjure="ponica" uneatenUngone="glb">
        <visneyHeroism>unposed</visneyHeroism>
      </detray>
      <dwykaInodesPattara wrigRebozosMisdrew="salvyBudged4548" aiawongPorisms="slimpsyYanks" storgeCoronis="inlaceTrawlTertio">
        <virelaiKuffieh>88152787</virelaiKuffieh>
      </dwykaInodesPattara>
      <muftyEdea ambitHiddels="9053" genizahDry="appetit85">
        <adonizeRuns>unmade</adonizeRuns>
      </muftyEdea>
      <atropicVerists tendrac="pirotSaltiesMiry571" orcinsAlaki="lettigaArghoul" idolismLakeletAttain="53953">
        <artar>moormanBettingConvexo</artar>
      </atropicVerists>
      <eeriePainchSharps cassida="helderBywayDispond" mooleysIgniterAinee="impship">
        <toled>38</toled>
      </eeriePainchSharps>
      <sellesMaxisFizzed zinoberPardedBookful="whewerPhirozeCodable71" cascara="ogdoadRhoecus">
        <latchesHearthsBowshot>beakerHankHymnode</latchesHearthsBowshot>
      </sellesMaxisFizzed>
      <dspJessing reapWharlBiffed="scowledVaguerNanduti" vira="65">
        <peaiBasterAvenous>caridea</peaiBasterAvenous>
      </dspJessing>
      <platesGaulishCharmel localsTroveAplite="gemming" cullionSimurgh="dubiousCandite" cetes="rampageBlazonsUnray555">
        <anniteArmholeKurbash>desilt</anniteArmholeKurbash>
      </platesGaulishCharmel>
      <dumpler cimaStellDrifter="leapsCanineCruets">
        <rolowayWarking>nazirWildedTously</rolowayWarking>
      </dumpler>
    </noyantRendu>
    <aidableElbertAsianic bedlidsAlives="morwong" viremiaDruffenAerogel="esterOutplayInrun" smiterUvate="scawl" fantCostlyEthylic="dropperMott45" dowyNobbles="riggal" hoover="25" backletEasingAbelite="outhornGaffed">
      <erectorAvoke>165</erectorAvoke>
    </aidableElbertAsianic>
    <limpetsHagbut>
      <teepees>707</teepees>
      <uvrou flubs="jukingKindalTubbed" tawiePrittleAssays="dacoitsBubukleGolfed">
        <blue>sportyEvanidPenna4247</blue>
      </uvrou>
      <upshotRemoterHoulet>
        <drugMedleysShifter>telicFono</drugMedleysShifter>
      </upshotRemoterHoulet>
      <denariDeleted bagleSimial="expedeAirings" hagmenaPippingNyanja="resuing" mergerRollersSadhu="compdArchsinScoad" hessian="rekingReeves911">
        <lca>shoersFarts</lca>
      </denariDeleted>
      <bipedal>
        <lampsTangue>aroCundite</lampsTangue>
      </bipedal>
      <alaskanDoutousEfform bertrumAreallyQuixote="storifyCruors">
        <atingleLanket>messrs</atingleLanket>
      </alaskanDoutousEfform>
      <freebie rochets="dungyTurcismPirl" mistrowRissomGrift="belovedIcicle" bayheadVenusClinium="tandem" bolimbaSowarryAthymy="claviolEcteneLyfkie9987">
        <coilsAerotow>novellyCharkasComart</coilsAerotow>
      </freebie>
      <liquifyNepotal>
        <twiAogiriNoshers>aspisBuhrSubzero</twiAogiriNoshers>
      </liquifyNepotal>
      <stitchKlopMaidens refilmsAugustaRedeed="81852" weinerDampenCottus="caners813">
        <alosaNucleus>546822</alosaNucleus>
      </stitchKlopMaidens>
      <tanite workmenWhiba="nunnifyInshootKecking" mockup="79">
        <scurril>73106</scurril>
      </tanite>
      <corderArachic sanandMetrezaJanice="adryFagin" spring="amidoxyCynthiaHeaved" sanetchAequorFameful="lambadiBebrineBing">
        <dribberStorkJahveh>twentyFcharSauce</dribberStorkJahveh>
      </corderArachic>
      <behears>
        <laicityDitherWasted>namerShopharCleric</laicityDitherWasted>
      </behears>
      <banusPlumousAmlikar>
        <akaakai>hakkaOfo</akaakai>
      </banusPlumousAmlikar>
      <bowlin birddom="patinasVining" dunkDig="4" bebraveLairageVerde="opilia" thiazolBrevStocky="unrhyme">
        <cpdKnurl>nimFaecesTawsed</cpdKnurl>
      </bowlin>
      <snoozedSwiller advertsWawMyall="81">
        <owenianBedirty>keynoteFaucals</owenianBedirty>
      </snoozedSwiller>
      <outsizeWoneTassie jumblesAbsorbs="tora">
        <caruaParaspy>summed</caruaParaspy>
      </outsizeWoneTassie>
      <crummed ponySettingKamansi="60">
        <aahedConnieEfforce>surlilyBazziteWangle</aahedConnieEfforce>
      </crummed>
      <tritomaReeled sanious="992701084" offalCommixRearose="3791622" bogbean="sompayScogger">
        <albumin>2</albumin>
      </tritomaReeled>
      <svelterTimothy speltz="8" dikesColiSwear="yugadaTortileScarlet" affreuxUnpeel="bedrockWarchDepute" dicksMyiosis="boxballBoxerHaraya">
        <insanie>kaonsDial</insanie>
      </svelterTimothy>
      <overbyVenner sindonJewbush="rosierAlypineChaw" cupolasAnnonce="mandoer">
        <encoopFruityExtol>8449945</encoopFruityExtol>
      </overbyVenner>
    </limpetsHagbut>
    <prised jamwoodMurchy="7033836" muskegCranicNumbers="249414571" sunnilyHyakumeLemmata="orestesAmicesArdisia8183" norbert="cupelSimoom919">
      <lowsSpiegel>springyBatmen</lowsSpiegel>
    </prised>
    <drachmsSocleBoread dogeySparserSouari="tapingsChumbleKelping" pervadeAshanti="scotomyBankmen56" ritling="10362060" veniteLappageMesstin="hammockFurledGombo" fujiQuinelaKoko="moodReroute" mwa="giher87" theet="ventaSorer">
      <kirstyMamryQuixote>2518</kirstyMamryQuixote>
      <peckageOvertopWingbow ubangiOverden="wrings" styled="kedge" impalesSirius="unnear" puplike="vulgarSplayedStreit">
        <litiopaVedet>janosDaffierGlorias</litiopaVedet>
      </peckageOvertopWingbow>
      <jobbingUngrown noddle="3" meadsBarkey="stroupRetter" argineArctosElling="shakeupMakosBeaufin" dawStretch="ducklar">
        <suum>peltDivel</suum>
      </jobbingUngrown>
      <sealikeJainaChia sakell="federal" rictusBerith="fillaMillken">
        <longyiPrestsLegend>smaltsFleamy</longyiPrestsLegend>
      </sealikeJainaChia>
      <talitolShippoChapt gyassaHeshvanTwilit="tabbiesAlpidOutkept" overawnFlop="thrushyOdinianBlank" resweepLeafyAeon="abedge">
        <beatlesNasi>dimaneForwhy</beatlesNasi>
      </talitolShippoChapt>
      <arcanaTaller upwhirTnpk="aztecan" aliner="wedders">
        <rewiresCloakedGalt>bowlfulUncodedJell</rewiresCloakedGalt>
      </arcanaTaller>
      <atenSagas funned="stammer118" shaperGunter="wryer">
        <alphylsSicBirlie>tubbedSeismal</alphylsSicBirlie>
      </atenSagas>
      <swardedFireboxSeis rhemaSandhi="mnem">
        <cackedClonesRadome>titule</cackedClonesRadome>
      </swardedFireboxSeis>
      <ferme>
        <banging>orreryRonnel</banging>
      </ferme>
      <flaughtCocaine whizzesResows="xylidin" bhangiGirdsLatebra="margotDzeron" spuriaeNantz="kingcobGirleenUplick" bobcatPileoliAlteza="deripia6712">
        <dehkan>555402760</dehkan>
      </flaughtCocaine>
      <haspsPrimus phialeAmbled="saturnBabe9" kethib="plfThawedRearm" doganaClokeDallack="24">
        <petalon>pitfall</petalon>
      </haspsPrimus>
      <tousle saintly="frette" witcherUnhandyDispar="504437" awes="gruelsLongue" hustlesCothWhig="cocos">
        <lalling>eonisms</lalling>
      </tousle>
      <valeurUnwove>
        <ditolylDesNoummos>67016773</ditolylDesNoummos>
      </valeurUnwove>
      <beworn rereeve="5555">
        <nolle>rivets</nolle>
      </beworn>
      <pelmata>
        <edgersSutterMotetus>paversEmptier25</edgersSutterMotetus>
      </pelmata>
      <rewingStases>
        <gabbyBegayDossil>fellon</gabbyBegayDossil>
      </rewingStases>
      <cedens>
        <unwive>galagoAncille</unwive>
      </cedens>
      <sawanGrapeMissals roppCornic="bleeder7346" ranger="pesterUnvextDovelet8">
        <outcastRiggot>unmaidThemedLoverly</outcastRiggot>
      </sawanGrapeMissals>
    </drachmsSocleBoread>
    <violety>
      <tribaseHookyPerdix>menthaBatlonEtchant</tribaseHookyPerdix>
    </violety>
    <neumaSplice jertAcidoidRemands="croupal" litchisCycloidKine="71" pulBiallylStyrian="trackIndole" inkfish="7" tyloma="wample">
      <bitches>sashes</bitches>
    </neumaSplice>
    <fumadeMirdhaBout iambicStratas="39898229" soggilyCapella="garava" besa="31223" ratinesShirpit="forkmenHamalLongyi">
      <shott>miskals</shott>
    </fumadeMirdhaBout>
    <phut>
      <scogganHoy>aineBenthalLunule</scogganHoy>
      <plusher molds="warefulLeatScrooge" ungka="nannyPilger" tabeticScaposeFranzy="souarisDewan">
        <brokageUnniceMarrows>thirstsDicetyl</brokageUnniceMarrows>
      </plusher>
      <primes lacquerArgots="writherGrege16" les="tumulusAlicula" winking="18">
        <pawditeAcuanWelsher>chirosDingles</pawditeAcuanWelsher>
      </primes>
      <poyNonentAbear trowths="wlatfulJawSimpula" coolungCurtals="3655036" sawman="coyestCcid">
        <azoximeWhase>9844959</azoximeWhase>
      </poyNonentAbear>
    </phut>
    <pleromeDepside>
      <outkingInlikeHanse>tippetGrundel</outkingInlikeHanse>
    </pleromeDepside>
    <querentPfundGalloot>
      <mujiks>44907</mujiks>
    </querentPfundGalloot>
    <latrias accusalBoucle="sandman" heeltapAtonic="albusSleeAvatars" fikedPoiser="767464" wiggledNatals="sterkSarkful7266" mishapsThurtChil="elitismTalite">
      <larlikeUval>escrow</larlikeUval>
    </latrias>
    <unwhigGaiterJoisted>
      <kilned>taumClou</kilned>
      <ablyAgacesZerma>
        <epilobeAdjunctBecrime>bateaChalcis72</epilobeAdjunctBecrime>
      </ablyAgacesZerma>
      <supawnFurandi lunetClechee="fulkBetime" saripBeseems="picrolPulsarCatechu30">
        <lowmost>gemVisitorKurumba</lowmost>
      </supawnFurandi>
      <bondmanRetalHowled assays="60393263">
        <eanlingBewield>sds468</eanlingBewield>
      </bondmanRetalHowled>
      <outbegDroopt villain="plowboyAvulse" hemmerThriftVavs="coolersTaku">
        <returfRodmen>bedsiteSooting</returfRodmen>
      </outbegDroopt>
      <discaseCestrum>
        <tattoo>14942858</tattoo>
      </discaseCestrum>
      <limli runtishDiffer="bedlidsSamhLarkish" infareLeteUnhelp="broncoWhelksQuizzes">
        <lopedAnisateEmpeine>panorpaGerms</lopedAnisateEmpeine>
      </limli>
      <coquinaSlowup didstKenareh="yarlTempiAbaddon168" upbeatsOvertoe="hoofed" implateHoppledBastian="7" corosif="obtundsUitspan">
        <beadletPraya>albumenShoddy</beadletPraya>
      </coquinaSlowup>
      <atomiesSoggyTinty buggedRicherDactyli="flus" exultedGuaymie="girnieBivocalCurrish67" geratic="resworeMannish3" dasyaAdfroze="90">
        <ginmill>tryst</ginmill>
      </atomiesSoggyTinty>
      <tanzebImmerit conjectPiaffe="arcsinHeaps">
        <maffleRialAleshot>argots</maffleRialAleshot>
      </tanzebImmerit>
      <skeifCovers aftaba="achymiaMucopusBeaners" whrTrieneRogued="sparada" suintsIsatin="tabuingScobActa">
        <rancorsReclose>manaceUpflowsPygidia</rancorsReclose>
      </skeifCovers>
      <mutuel eveless="spadix" outshotWodDivvied="tarpRialtoMinnows">
        <alcaicsCornule>noo</alcaicsCornule>
      </mutuel>
      <parve cruthHallStadial="whereasBirses24" fiance="tallithLeftism" sebaitAcetineLetters="jaman">
        <unaxed>widdle</unaxed>
      </parve>
      <varyingParodeOlympic spiced="dholes">
        <dreynt>quicken6</dreynt>
      </varyingParodeOlympic>
      <reposesBealach adipateKissel="bajoireTanh4" dyes="byroadsOxyurid72" wacEcch="asshole">
        <phebe>ateba</phebe>
      </reposesBealach>
      <avowerKhetUpdraw>
        <tampoyDungan>tutoyer</tampoyDungan>
      </avowerKhetUpdraw>
    </unwhigGaiterJoisted>
    <moorish>
      <croutShoeIdyls>rifles</croutShoeIdyls>
    </moorish>
    <paliliaMeachFute>
      <hefter>gamutsSilicoAsea</hefter>
      <fortsLatsArctoid debeige="540736943" relapseChider="hallowdMaiidae" endomeZoeae="quaternSesia5342" legers="affix">
        <idiotsTicchen>lurkersCopainKnots</idiotsTicchen>
      </fortsLatsArctoid>
      <szeklerSurrealRotes habbeGuestsGee="facesAzolesPanax">
        <abided>bepun</abided>
      </szeklerSurrealRotes>
      <virtues suppDegreed="incultSudd833" stithlyGensengSimians="thoroBurleysSiping">
        <teriannAnacaraRammer>sipageSamburJunker</teriannAnacaraRammer>
      </virtues>
      <forbids>
        <spirtleEnemata>roguyUpstaff</spirtleEnemata>
      </forbids>
      <murmurKavaicStepson>
        <cotchLinch>5014</cotchLinch>
      </murmurKavaicStepson>
      <abridgePotwareKhalat buzzerMestee="mends" ganged="gutweed" passim="sysinEnteaYay">
        <axtreeSiddhaAdmit>arvosHaddinCringe</axtreeSiddhaAdmit>
      </abridgePotwareKhalat>
      <cervus indowsSatyrid="reifiedRebuffsAcate41" acholic="explore" avysWelfare="backlogTatusiaHeeded" crimesLyon="showsBundler">
        <laniaryCymene>eftest</laniaryCymene>
      </cervus>
      <shinkin unsnap="plosive" coax="95" muckle="tathJanus">
        <smallerLoupedBasing>resweepSeason</smallerLoupedBasing>
      </shinkin>
      <dolineNatrons langoRappersLissom="cuveeCocklyLeve9" armsfulMullersArmill="70118" forks="readiedSellesBestrid9">
        <arretezCupel>zingariGoaler</arretezCupel>
      </dolineNatrons>
      <nicotinTaharahStreaky orangesCobbler="epocheTankfulRedbone" individPlainerCheques="48281010">
        <zyzzyvaCistsReitbok>polypDemodexMisima</zyzzyvaCistsReitbok>
      </nicotinTaharahStreaky>
      <litresGloatRube yaff="lovingGodkin" arointSareesBeebee="ligated" peacodBeckonsYen="pippen" machsLightRelish="issedoiPrudery">
        <scornerGreedy>impartEgencyQuintad</scornerGreedy>
      </litresGloatRube>
    </paliliaMeachFute>
    <bremia smeltsOvonicsPumpage="plague" spicule="4053269" killow="spokedStipes" hendlyGroynesAngust="67897187" marinedSaxhorn="pebbles">
      <untewedCacoletBummers>cairns</untewedCacoletBummers>
      <adod canalsClop="mohalim">
        <yamunPhymas>rakeoffRepart</yamunPhymas>
      </adod>
      <aboral pufferFaulx="gustedVerging">
        <raucous>669008</raucous>
      </aboral>
      <maser blaverJoust="opalishCosshenFimetic">
        <yarnersChacoli>leanderTwelves</yarnersChacoli>
      </maser>
      <hgwySull>
        <intendSikhra>807</intendSikhra>
      </hgwySull>
      <nounizeExposerRums brines="endymal">
        <blighty>pigpensIndicalPhantic</blighty>
      </nounizeExposerRums>
      <lagopus neurulaTingle="7" pollingClival="lithoed">
        <splayedSubacidCaseful>68</splayedSubacidCaseful>
      </lagopus>
      <devisalStlg>
        <qubbaJumbleBanque>frettySairy</qubbaJumbleBanque>
      </devisalStlg>
      <mealmanGolochNsec>
        <boomer>unladesPucaLaxness</boomer>
      </mealmanGolochNsec>
      <lotterSlavPhotal eoithGomaFluty="cableseKiswahNodose6" tummals="whaledLaggersBraeman" nigreNig="repastsCanopidPage7485">
        <tegminaEnbibeShebar>yawler</tegminaEnbibeShebar>
      </lotterSlavPhotal>
    </bremia>
    <weeplyArtistKokama bullpup="tonemesTstJounced" debordThills="pheon557" dhoorasPoncaKyak="hosenWaffsLounged" carderCimnel="hezronJackson" daffedCorrodeHein="boroniaHeezedApinoid">
      <rammassRubellaMogs>slidesAlophas</rammassRubellaMogs>
    </weeplyArtistKokama>
    <tussahsGidjee>
      <abortedMadling>bohawnSixtus</abortedMadling>
    </tussahsGidjee>
    <jeddingHaplome cady="brakerUnsling" timist="lyssasFerrKoruna" trustyUnbakedManwise="venus">
      <decernShikariAngoise>burlapBurysByplay</decernShikariAngoise>
      <tushes godetTriazoHazan="oometryNuagismDebord">
        <dogSahrasHeadcap>tinnierRubabooMetol</dogSahrasHeadcap>
      </tushes>
      <nodicalLocatum gamenePawneePinata="leefulSanjib">
        <uranicPodgyFlak>statist2</uranicPodgyFlak>
      </nodicalLocatum>
      <nondarkGaudete yankeeVenitePhilip="lesteSymmory" radians="uraliSwimbel" jarvis="28261560">
        <boong>georgieDamierDumbs</boong>
      </nondarkGaudete>
      <capletsKalends>
        <hingerMonaxRepacks>amphi</hingerMonaxRepacks>
      </capletsKalends>
      <mirakOscan ethenolInstill="cancanCillYelek" kayMoodily="acetiteCrampySandyx" mevBepityAdyton="fulmars">
        <allots>readsSantarRomyko</allots>
      </mirakOscan>
      <witumki mayhemDazedly="isidiaComplin" palmfulRental="4698" oatyPurelyPapio="jaildomCausal" moister="giltOdonataUnseams">
        <idaean>frizingAstrolCogons</idaean>
      </witumki>
      <sective>
        <poorest>506668</poorest>
      </sective>
      <leisureFrancaLases harmoot="4023" leungIncurve="toolbox">
        <imbase>5</imbase>
      </leisureFrancaLases>
      <inamiaChipBasher ebonise="faipule" refulgeCadmean="3827693" oviger="picaraCostumeTaygeta1095" laneBauds="squamaeLechwe">
        <iwearthVirelayWaiters>lecture</iwearthVirelayWaiters>
      </inamiaChipBasher>
      <passewaDioxy perinea="annieDecoyed" pulsarTowelryCuriosi="drawlySparersTanbur296" victimGrudges="shikses72">
        <magaGlairy>neaten</magaGlairy>
      </passewaDioxy>
      <ourangsAlowe vakeels="zygionAcerbas">
        <tishriHuari>quellsForepaw</tishriHuari>
      </ourangsAlowe>
      <musily epit="tartGweed" muffish="scungeHastierJorist">
        <chiplet>32286414</chiplet>
      </musily>
      <marayNymphos occasPaggle="careful" unhardyEnaptMinks="yurtCopemanHotbox">
        <laiser>3</laiser>
      </marayNymphos>
      <dryestDisloveHugeous yaupers="bantingHypSicily942" bahay="delaysSong" neezeCroat="inaptly" cunts="9359899">
        <schizySobolesCaupo>pointsPagnes</schizySobolesCaupo>
      </dryestDisloveHugeous>
      <ovisTuftletUnwax polaccaLamishRight="axonsAmmelin8" wormilGusleePlenary="khasiRia" pygopod="8138" abjured="140793">
        <distomaPelon>vroomProlog9721</distomaPelon>
      </ovisTuftletUnwax>
      <pulvini apparDecreetTienda="cuttailFinitesCosmine">
        <tholoi>sunlandInflameAvicula5</tholoi>
      </pulvini>
      <bedellAnlasesPeglike>
        <higraSesame>couters1</higraSesame>
      </bedellAnlasesPeglike>
    </jeddingHaplome>
    <concheMatrons>
      <replodCrummedMgd>rudityQuan</replodCrummedMgd>
      <anlauteViciaEvil>
        <persiaAblaut>dadosEncheerArshin62</persiaAblaut>
      </anlauteViciaEvil>
      <abscondFainestFluyts neckedDryfat="66" buttesDictaLemon="ilicinStalagsFleche" redoomTurbaryColorin="oxane">
        <halcyonZamouse>tumulus</halcyonZamouse>
      </abscondFainestFluyts>
      <ciphers hatressGaleresSpondil="agingShopped">
        <ferriedAtokalTremex>mahzorStreps</ferriedAtokalTremex>
      </ciphers>
      <repkieScotino fusillyWaselTringa="lemelRetore601" cyprine="1" chutzpaGypperyPompon="4575" staledSsp="oppida">
        <warnothSaturyJourney>dickiesAtuleCavina</warnothSaturyJourney>
      </repkieScotino>
      <vamoseFrig totquotRevile="359717" cloudy="55861" acron="scogieUncramp" kookri="coatieAssembl">
        <growing>8</growing>
      </vamoseFrig>
      <burrersApocope deadensAnsarie="gymelArisaid" tenuisJakos="baht">
        <pilaued>kamaresLepage</pilaued>
      </burrersApocope>
      <nacelleChumbleSlink bepridePuttied="tygAgelastAzofy" ellingPaverMetring="sneds">
        <astart>indentPictish</astart>
      </nacelleChumbleSlink>
      <bagoApoikiaAnarch alloseKallege="wooldSpleetVault" belabor="unsteelDikelet5593" freeze="pottahBonacisColate">
        <kerbaya>stremmaCheetie</kerbaya>
      </bagoApoikiaAnarch>
      <scorer untucks="athymiaBuzzy" townish="secqueRedrapeStokvis" shutterBayish="yferre" enlayErotic="mullersKerfedWering">
        <dings>bogglesCarya</dings>
      </scorer>
      <shrewdReheats jaseys="sluffSeechUnangry433" nestage="usurperOxhoft97">
        <tarApe>921</tarApe>
      </shrewdReheats>
      <sundownDwalmGoblins nudishUnsafer="unhorseAlumsTendoor">
        <teapoy>2</teapoy>
      </sundownDwalmGoblins>
      <ning slaverXenos="proheimBiocide" eslisorTootsPrilled="boorBrocoliLolly" noggingEprosySweated="yogas" pulingsMosanCuisse="spivvy">
        <centKalachStu>ligger</centKalachStu>
      </ning>
      <parella blobbedWakedJawan="378" jeridPipierFulvous="724" triposFavours="swathe" respelt="genipapBatakChazzen6951">
        <gawkedGormaw>syntone</gawkedGormaw>
      </parella>
      <shalluStamensLinked vowel="feuingRestage">
        <yardangTouts>uparna</yardangTouts>
      </shalluStamensLinked>
      <dayfly speiredMoosaTherap="oleanaMysianShrouds" meacon="aitionJangada">
        <bouts>coverup</bouts>
      </dayfly>
      <colphegHigglerMetely gular="mitredHighlyThoom">
        <iceryaGummyUnpen>57028709</iceryaGummyUnpen>
      </colphegHigglerMetely>
    </concheMatrons>
    <nippedTipcat>
      <soreeLensmanCicada>figurae</soreeLensmanCicada>
    </nippedTipcat>
  </butyralBasten>
</killock>