<?xml version="1.0"?>
<vitaShuckedColutea>
  <exodic gaoledStanner="470247" />
  <hyrcanBuffedDorse>
    <dearieTorrid>
      <consoleDebusedSapient>206</consoleDebusedSapient>
      <amoradoPontesHuzz>
        <simperBooleys>lirothTankaGorging</simperBooleys>
      </amoradoPontesHuzz>
      <leewillTiptoed antaraAmatedOrguil="opticalChaymaCompear">
        <unlikenWinchRecut>armoireErvilsRehem</unlikenWinchRecut>
      </leewillTiptoed>
      <empty fickleTern="fezzedPuffier">
        <detailAscians>crewels</detailAscians>
      </empty>
      <loeingSakelTipster effortBlare="7">
        <flackedUnbark>leskea397</flackedUnbark>
      </loeingSakelTipster>
      <siruperManisLathi kookie="clayeyMysian">
        <whareerSyrenDoty>ennia</whareerSyrenDoty>
      </siruperManisLathi>
    </dearieTorrid>
    <steelNobler>
      <heroidAme>sporingMangour</heroidAme>
      <logchipScaldraMustnt victim="enrols" oleanaAnisole="youthenLovery">
        <odylsLobeMormo>slickerPouty</odylsLobeMormo>
      </logchipScaldraMustnt>
      <gagster>
        <coastalAmortCsp>ashurJobble</coastalAmortCsp>
      </gagster>
      <vinnyWeepers taraFrancasMenus="reptantDermsCorpses" typedTwirpsVaccine="hindoo" missout="homily">
        <zirconOlorosoHatpins>414</zirconOlorosoHatpins>
      </vinnyWeepers>
      <belahRecipesBeliing incony="unhiveFarmery3">
        <inboardAcaleSeduce>pompousBuzzedEdging</inboardAcaleSeduce>
      </belahRecipesBeliing>
      <goeticGripers cattan="madameReshowsBrevi" tetherDaubersColarin="toiler" teasMirvs="373">
        <florateEgestedPlus>versineSculpsShema</florateEgestedPlus>
      </goeticGripers>
      <islsGremmie stepheFrownerUrinary="apheliaClivisPeles" jumentTripackGuessed="carrDeadman" yummierLotterKathy="cosmicAlecizeDuendes" petrFirmanChego="borerOkoumeGing">
        <ketchupMarxist>ramblesRefryMelpell</ketchupMarxist>
      </islsGremmie>
      <foozlesKaitakaEdgings annexeDuchanAgawam="shimalAtypicPapally1425">
        <oglingIsodef>yerthRadion</oglingIsodef>
      </foozlesKaitakaEdgings>
      <anfract pompUpstairMispay="leucoidCuttail" bragsGulper="87630" supsAlmaineOskar="lusiad59">
        <galjoenOfflineMassa>kuttaurTunics</galjoenOfflineMassa>
      </anfract>
      <talieraGibersCarpid alertly="gays" dying="suraTibbitComing" striderCamooch="lyttasStuboyUnblent9443" naigueCyathiaTenoner="amoyanUntaint">
        <brawlerSholom>shrameElverLorius</brawlerSholom>
      </talieraGibersCarpid>
      <amineMessan desalt="aconiteBolterKnowe" evasive="dainful" dammishHayzRidleys="cariocaMiaowerDruttle97" gripple="4622464">
        <alpheusRaploch>99274803</alpheusRaploch>
      </amineMessan>
      <lucreceTouserBurd brynza="grylleCarman7">
        <silviusVolost>retundNgaioByp</silviusVolost>
      </lucreceTouserBurd>
      <sowbackAmerindWergeld notsCeriphs="flay">
        <disedgeEmcee>cawquaw</disedgeEmcee>
      </sowbackAmerindWergeld>
      <mugful>
        <alwite>decastTestySnobs</alwite>
      </mugful>
      <tapasviSnaps comfort="25490608" hajisWordageStripe="trigamySclater4787" shakers="pennageTicchenRebute">
        <bleachsBesides>5</bleachsBesides>
      </tapasviSnaps>
      <stifle>
        <persea>475</persea>
      </stifle>
      <civismsCrinalUnborne>
        <preside>darnelsOdalisk9223</preside>
      </civismsCrinalUnborne>
      <hatchelTwinges>
        <nurlCupcake>arnottaBarqueRnd</nurlCupcake>
      </hatchelTwinges>
    </steelNobler>
    <birksFasola rosily="poyou" elec="flueZincid" grossen="tuxFabliauFurrily" formed="eiderToilMimetic" lophine="bungedBeefs9665" glarZoogamy="cottrelGoudyOsiered" coronadCabaParks="khami">
      <votress>ketonicMopsy</votress>
    </birksFasola>
    <spins axonemeTonerBors="558" shews="634114624" geatUnzonedPlaguy="idismItza">
      <gemeledNotator>eelierEngore</gemeledNotator>
    </spins>
    <dauWikiups taoism="8382716" cruntBarbe="asarumJailishCorymbs">
      <zizaniaArango>kernelPommet</zizaniaArango>
      <outrode>
        <moted>bonducsAriettaAbides</moted>
      </outrode>
      <piquAmphora enforthIoskeha="kudize" banffPerjinkFreesp="14233664">
        <usualZigzag>cometicEnergidSinnet14</usualZigzag>
      </piquAmphora>
      <cycledTewart hove="85217" bonaci="truffes" boldlyLachesSarcous="4">
        <lessenMichiel>53</lessenMichiel>
      </cycledTewart>
      <staithe actUmbraeLenth="graftCarotic1" arguesMakar="3750" vinata="chiviesLiernesWrights">
        <sadistsAbjures>814</sadistsAbjures>
      </staithe>
      <hulkageTownies casqueBlither="acuateAndaDusked" musselsColibri="clereteAscebcBocces" staresFeckful="banlieuCrab" gelofreAlienerVinod="stowth">
        <caponWarmersTurquet>degAlloSutaio</caponWarmersTurquet>
      </hulkageTownies>
      <hoeingCello clouts="gyneAuxinEnchair" roostsArdea="myatonyOrcineEarhead413" adjudgeNetless="buddy">
        <reignedAhet>thetisWriggly</reignedAhet>
      </hoeingCello>
      <upgradeNitrideMemoria annuliMochasGlumose="1599014" durosRector="moiUnlucidUnfrill" ridding="968917">
        <slinkLiegier>triobolJalapinAeolina8858</slinkLiegier>
      </upgradeNitrideMemoria>
      <yacalAcrid gabbingInqilabDeplore="cacodyl">
        <warmest>613577</warmest>
      </yacalAcrid>
    </dauWikiups>
  </hyrcanBuffedDorse>
  <winrowRearm />
  <tulalip sophoraCedes="8" feoff="somlerLapels" timbery="grindalTubicen7669" cocksyRechurn="levulinDorsaleKikoi" />
  <lacunesManateeIsraeli attriteMutates="matalan354" mincersScratSerpari="abbassi" barquesSaggedSeizors="6" />
  <chausse filmedPlazas="dualsHyde" herboseTwain="ceja" />
  <spiraBisonsTeste royale="yunkerPutty">
    <shoolClay>
      <pamlicoBisectsLoured>metolBicycleEncore</pamlicoBisectsLoured>
    </shoolClay>
    <peridia micastsCinderOctodon="infelt" tibiad="sapotaUnaxled" descryBluntlyShelley="100345885">
      <vasal>12294130</vasal>
    </peridia>
    <moreishWarrens>
      <serines>waygate82</serines>
      <fices>
        <guavas>bohorokAzygos</guavas>
      </fices>
      <wolly purs="fiscalsSirpeaTairge" copable="lation" vasterLactamsTowser="barbionTramcar">
        <boogum>426245</boogum>
      </wolly>
      <foothilCamper>
        <couvertPimploUngag>murzaAmbitus</couvertPimploUngag>
      </foothilCamper>
      <phytane targum="toytown" balowWauk="698529650" twifoldEmbrued="galilei" tarea="36">
        <niyogaDittyNito>joseiteRecrush</niyogaDittyNito>
      </phytane>
      <karsticMarteleEosin howdies="abo" thiller="archgod541" dutyDepucelSonger="baronneDont">
        <armrestGloomedGawks>crombec</armrestGloomedGawks>
      </karsticMarteleEosin>
      <pheneneUnsnow>
        <foetorLuckedExpo>frameaNerium</foetorLuckedExpo>
      </pheneneUnsnow>
      <hondas>
        <bankmanLegumeEnsoul>tankiePaludal</bankmanLegumeEnsoul>
      </hondas>
      <doigtArborerMeikles coffin="hokumPicinaePotlike6" linderCasitaMoore="656315" yenAdjurerBalas="viseInf" rector="rexesLoggiaRumbaed">
        <jesseanDesexes>khakhamIpocrasEnmove</jesseanDesexes>
      </doigtArborerMeikles>
      <twifoldTazeeaGuider hails="12">
        <pressieNonact>tartufePrizerAlway3</pressieNonact>
      </twifoldTazeeaGuider>
      <peaShereefUnjuicy>
        <verists>arditi</verists>
      </peaShereefUnjuicy>
      <xctlOnt sweatyCarat="carryonMerist">
        <rakisClogwyn>sistentMoothLatus</rakisClogwyn>
      </xctlOnt>
      <sailourCedrol lousesCentrexOchroid="48">
        <kooka>mordvin8102</kooka>
      </sailourCedrol>
      <hoosierBariumCovert>
        <azures>voicersKanukaRuss</azures>
      </hoosierBariumCovert>
      <wotting beauxAbuser="dragnet" futileyNumbatKlaudia="overDecius">
        <panaryComradoKeying>carotinPranava</panaryComradoKeying>
      </wotting>
      <sauf>
        <augers>628</augers>
      </sauf>
      <fibra sindocRollway="wagnerBestuck" sonoranReadorn="mercatSawder">
        <neologyQuimWhilend>minutia</neologyQuimWhilend>
      </fibra>
      <geetSpirateSlour>
        <mantic>pnceDewy</mantic>
      </geetSpirateSlour>
      <sproseJujutsuClaude>
        <solpugaDiskeryOverbit>spurrerReadmitDeport</solpugaDiskeryOverbit>
      </sproseJujutsuClaude>
    </moreishWarrens>
    <sabanSealant>
      <alaneOwen>358586388</alaneOwen>
      <blasia sannupsQueanCatchup="lochTepeeCiscoes" nittyTibbu="besomPelewArb">
        <huffcap>snedAzonium</huffcap>
      </blasia>
      <joggedMatkahConform readapt="111">
        <pelvics>poralHamletMnem</pelvics>
      </joggedMatkahConform>
      <speeredPiraya barger="2" trowsTydden="teepee9" dupersHorrifyManred="bawdsForbit" bequest="nopalsVagrate">
        <jutish>bonked</jutish>
      </speeredPiraya>
      <pultonCoquitoArchon busing="garlicsSerpigoHike">
        <kartingLanital>6</kartingLanital>
      </pultonCoquitoArchon>
      <beadsWersteRisberm rascalUperizeFilo="lustedTanzine67" suimateHaemic="3">
        <bearletFanwe>jaun</bearletFanwe>
      </beadsWersteRisberm>
      <nigre rowableEscribe="nibblesMalopeEkphore" kokowaiEnnuis="selfism">
        <stibbleGimlety>danglesQuiaMelba</stibbleGimlety>
      </nigre>
      <spavitCasule feeblerAnagogy="dtdMyelonGowfer" oinomelMagog="vespoidNilghau" electic="oolithsAssart" hyp="tessara28">
        <rushyChanduiWaiters>wynArchdAdsbud</rushyChanduiWaiters>
      </spavitCasule>
      <hexaceMeliorCoky carnyEquulei="99768" lobule="rampionFarding7" hiphapeAtinga="sheriatSlopsIntrail">
        <jawfish>tankieFilosaUredos</jawfish>
      </hexaceMeliorCoky>
      <engoreRohobJanua pyralidWaysRrhiza="lippierUmbrae695">
        <blueZen>136134</blueZen>
      </engoreRohobJanua>
      <cutitisAin burked="presume">
        <nasardSuncupBousy>9449</nasardSuncupBousy>
      </cutitisAin>
    </sabanSealant>
    <saladeChouanYawned formateVanadicLanific="chinkerMortisBunco" tailage="implies" saging="tamboYusTezkere" slinksOrloAcoma="tantricAbbas" riatas="adightBuntedSoord" magrimLealty="wleccheGrates" helling="compedZaramo">
      <chevauxDossy>chaftDecalBannock</chevauxDossy>
    </saladeChouanYawned>
    <diel>
      <solaninCons>hauMismake59</solaninCons>
    </diel>
    <waitingFogBounds beveledOfays="mautherUppersCoyer">
      <ceiledUpcover>765923</ceiledUpcover>
      <bonyDupable lehuasKapelle="coached" float="7383" chimbly="6">
        <alepot>sapientActoryIsoxime</alepot>
      </bonyDupable>
    </waitingFogBounds>
    <forked>
      <blockerSodlessGonial>paradaNatalieCaracol</blockerSodlessGonial>
    </forked>
    <erumpNon>
      <oreideSeroon>4174424</oreideSeroon>
      <sadlyNectarsGlomus sciotNidulus="7370" wittyDogs="hldTorilis">
        <reast>1</reast>
      </sadlyNectarsGlomus>
      <babulRustle>
        <gismoBesandTaigle>925375</gismoBesandTaigle>
      </babulRustle>
    </erumpNon>
    <loatukoFostell>
      <geomysPieingMapau>helicin</geomysPieingMapau>
      <cutbankTalipat pocketPyrex="evokerLotuko">
        <aldazinUppoiseScintil>wasogaGlossMeeks</aldazinUppoiseScintil>
      </cutbankTalipat>
      <bemoat pulviniEnlistsSpreed="erminedEgoEpiglot" trilletMimiSnawed="966910101" rowingsSuomi="casabeMolochs">
        <bungler>headboxBdeTailory</bungler>
      </bemoat>
      <whipmanDeadensAdrowse artabeForgiftDrownd="parcel" timable="cytulaTheist" upshootAstrideBungles="40136" upbuiltUpdries="kittingCalluna">
        <hypoxicCadbitPrendre>keyakiSalols5485</hypoxicCadbitPrendre>
      </whipmanDeadensAdrowse>
      <vag bruceCosts="shilh" crambly="9361016">
        <ruggownDescale>baalismZills</ruggownDescale>
      </vag>
      <niecesConcrew>
        <parkasSaura>unsickDredgeCestrum</parkasSaura>
      </niecesConcrew>
      <reswept petrSeenilNofile="okapisGardant" picolinAestus="999715">
        <swaraj>muscaBurrahCappae</swaraj>
      </reswept>
      <deafensMaiefic secantThriftyGuaza="soupon953" maturedLawtonLogroll="chevySakha" cozy="cockyGreenth66">
        <unusedCorrup>63692504</unusedCorrup>
      </deafensMaiefic>
      <opening jasiesLigneHoneys="366890903">
        <dishierEvacuee>tagged</dishierEvacuee>
      </opening>
    </loatukoFostell>
  </spiraBisonsTeste>
  <sanesRebaits spleensPhotCute="ramets274" ceibaDeavely="schuheAsimmer">
    <lapsanaCharksGazed>
      <hermitCrotchySkeppe>fustyCattailAtwain</hermitCrotchySkeppe>
      <hinchMoschiMools bilge="foxchop" herbaneSoarsNou="sliversDumba" coccinGrosLiftboy="unclaspRoyalty6" kirverYustaga="218">
        <bathersNurledAscrive>48475</bathersNurledAscrive>
      </hinchMoschiMools>
      <unlivePashas aponicRuspone="1289494" encreel="920274" fir="beylikCorcass">
        <dysuriaXenial>yair</dysuriaXenial>
      </unlivePashas>
      <thereupObelionWrive>
        <rovesDalarSpooney>15809232</rovesDalarSpooney>
      </thereupObelionWrive>
      <cheapie summedRehoned="loopeAttractWassail874" denmarkSizeine="6" chutney="amphion" vyinglyAphoria="diazineUrucuri">
        <meio>calpulPelops</meio>
      </cheapie>
      <torasCavia xmasesCarpers="gorals" finagleBiffiesWrixle="soapsudQuiches53">
        <unnighCarle>71</unnighCarle>
      </torasCavia>
      <gauzes>
        <retralMiaowed>tethers</retralMiaowed>
      </gauzes>
      <karooShilfAggress gamgia="coburgWhame" genicGinner="hurriGonofsRebuild" wightRecurlTalose="elator">
        <realist>dolmanSomma</realist>
      </karooShilfAggress>
    </lapsanaCharksGazed>
    <renablyMotedMortem wishfulMaeingDukedom="neal" sofaPringleLiens="knurs" maugis="ozoena" ionicalLive="hox" scupperShp="99707145" golesStreakHeroner="7962">
      <mitierUswardsSulks>hatedNagaMonaul</mitierUswardsSulks>
    </renablyMotedMortem>
    <gaietyExposalPeroral sankaReiversDiaene="erugate51">
      <outdoneVeluredOxyazo>verst</outdoneVeluredOxyazo>
    </gaietyExposalPeroral>
    <pereion scags="creemMusthRillock2326" vers="dicastMytilusSurrey536" oilier="atumble" aspide="pulSamohuBooger">
      <subacidEmit>guacoAfarsChytra</subacidEmit>
      <rearguePoromaHekteus sphagiaBilabe="furdel973" toused="5082" shedsTechies="fledgesCymar">
        <purees>salMeiosesBubby</purees>
      </rearguePoromaHekteus>
      <rollsCongou>
        <latchAlmadiaRimple>serriesRainesYfacks8</latchAlmadiaRimple>
      </rollsCongou>
      <curaghSipped nempneMetreta="crater">
        <scodgyAgility>stewbumQuetEryops</scodgyAgility>
      </curaghSipped>
      <croisad sculsh="anconeiUnbegun" gloated="vaccinaHaloids">
        <tiredDouterGoggly>phraserAbiloPalpal</tiredDouterGoggly>
      </croisad>
      <poster findsWekiWhewer="772211" cladusCreedFarcies="sledful">
        <eyeseedOsmeticSags>tombingAzofy</eyeseedOsmeticSags>
      </poster>
      <joni twibillGeraera="64325" stannidPetterSafrol="grabberAmarantRare" preceptLamistaGiveth="loupeEmbrave" aspatiaSalsPropane="bestridQueres">
        <farandLeglenDefunct>carvingAmelCarpium</farandLeglenDefunct>
      </joni>
      <subjeePotooBagasse erizoSagTantrik="begnaw">
        <congosPierces>2</congosPierces>
      </subjeePotooBagasse>
      <esprit biviumUnbloomLustly="cortineMixe" boldlyOutrunsHeft="kloesse" tirwit="brr" babineClavialBorer="slovak">
        <numdahTertiumSuiting>87</numdahTertiumSuiting>
      </esprit>
      <liningsCarli grummelExpiry="asheryWouchBoulter" aljamia="hybridCaver">
        <abletWeared>quellioPistleSenam</abletWeared>
      </liningsCarli>
      <messrs caddiceEftsDietary="dapicoSalutesHunch308" snowdonArionMoonie="6811" framing="sternerUnbow" gladifyCheveysReemish="3">
        <smouse>truced</smouse>
      </messrs>
      <increstBrinded>
        <maidkinOilyishTrekked>ngaio</maidkinOilyishTrekked>
      </increstBrinded>
    </pereion>
    <glairy>
      <refaceMegatonTeaze>odinianCheekerPrelim9148</refaceMegatonTeaze>
      <knottyMaranao ripariiOcubyHat="cryptsZiaraSlote" eelback="bunchyStanek68">
        <nepaliLaresSeeking>7602484</nepaliLaresSeeking>
      </knottyMaranao>
      <draftsCajuputPallors lepage="4577" discsPigmanLoket="bejewelLibbersWunner" garotteLelwelCaliphs="earnieEanling" alphardWarmlyLarmier="pitaMbunda9">
        <vowingRheinicWhiley>2</vowingRheinicWhiley>
      </draftsCajuputPallors>
      <crashBerg sorterBedeckMedias="corrDraggerAkene" ernIsled="hardenCapsuleClammer3624" nusakan="48577" warslesKilldee="26774593">
        <faroese>tabret</faroese>
      </crashBerg>
      <theyve hauAcuchiMisseem="99680925" hircine="flyte" heir="stoner1436" portato="rinded">
        <jaddedLaodahMoud>inanityRabific6224</jaddedLaodahMoud>
      </theyve>
      <blurter slowedMadidBrowsed="cologEstadel">
        <crepeyLopChoice>hookerDere</crepeyLopChoice>
      </blurter>
      <lobefinAludelAmental>
        <cabmenPaleman>3</cabmenPaleman>
      </lobefinAludelAmental>
      <mesallyJuliott kalasieUster="86135686" rimmed="tikker">
        <shelleyTonkinMerce>3132</shelleyTonkinMerce>
      </mesallyJuliott>
      <towniesNouveauFlicks sort="rustedReamendKuruba" eten="feat" skeeingMatzahsVoar="8518199">
        <coffleGrinnerMulto>kavasPinge1</coffleGrinnerMulto>
      </towniesNouveauFlicks>
      <skyugleAlbitic unleave="katik742">
        <firthYippingGidjee>caveat</firthYippingGidjee>
      </skyugleAlbitic>
      <aporiae angoras="mtgeDinahLeafen">
        <upswellMosaism>tickle</upswellMosaism>
      </aporiae>
      <tisManness ephraimBalza="kiddosCaudae" madiCoeliacSinnet="semeiaWordenGaviae28" spates="bewrayApteranOutbulk708">
        <comicalDiner>middlesTemblor</comicalDiner>
      </tisManness>
      <dilutesMikaniaStrawy hpital="marlena" trotletDauditPunnet="orgyMacro">
        <baraitaPapulaUnbind>995994469</baraitaPapulaUnbind>
      </dilutesMikaniaStrawy>
      <crummedUkes aphanes="leashDunair868" thereBasket="margeryDenoteFondon" wights="kinemas">
        <summandAzelaic>6526</summandAzelaic>
      </crummedUkes>
      <molalLuredTarkhan vaultsBulkily="13">
        <boobySecant>58614</boobySecant>
      </molalLuredTarkhan>
      <geyserAntiars tentierFocalWenny="cormelCarina864" ruscus="regnalGlaireSoumak" razers="temperyLuisenoArjun" prologPisumStipule="shafiiWiretapTrochar">
        <kihoMyitisSwimmy>lividly</kihoMyitisSwimmy>
      </geyserAntiars>
    </glairy>
    <nitinolFatihaFluter>
      <poetiseAlaneNea>wentle</poetiseAlaneNea>
    </nitinolFatihaFluter>
    <threepGable>
      <polarSupaRipoff>tylionEuboicWinbrow</polarSupaRipoff>
    </threepGable>
    <sidest>
      <hubbyOnces>6700</hubbyOnces>
      <prontoGushNiching ickierTrample="choakByrri" latigoUranic="sheepStatus" thishowPraesesUnheady="momismsImplead" splakesRaconFunkias="pariah">
        <subtrayCablesPhotons>spooferTufters</subtrayCablesPhotons>
      </prontoGushNiching>
      <codicilTottyWhelks adarme="ennia" acast="mentSkere" justoHumlieLigates="reshowsOwler" reynold="ferkNaifly">
        <shragGlared>mistureSubtleRegle</shragGlared>
      </codicilTottyWhelks>
      <algin mellon="upglean" pyrena="489398" knoutEmydea="pastourDampsTenters">
        <akingTrumpetBiaxal>nithing4817</akingTrumpetBiaxal>
      </algin>
      <gearPoisson boubas="virtuedOpaqued23">
        <aguilt>inleak</aguilt>
      </gearPoisson>
    </sidest>
    <redatePoppiedCapcase bisnagaMunj="banksiaKishon" musquawWrestleAccent="3218375" fletherDopiestFleme="spathicBasnat">
      <preserIntakeAlgomic>guazumaTwiersPeulvan</preserIntakeAlgomic>
    </redatePoppiedCapcase>
    <yawnupsBubo>
      <humatesAglintAlls>napsYgapo</humatesAglintAlls>
      <tenoursAggradePer>
        <repelChasmedDiscard>splungeHallowdPutidly</repelChasmedDiscard>
      </tenoursAggradePer>
      <abox seedyRackedGleby="margaysWhacker" caphitePirned="leveled11" wapitisProngerEndmost="camiasCimlineRubbly">
        <hoopingPleiadsPer>ranidae</hoopingPleiadsPer>
      </abox>
      <cheviotHaikun jinni="nairobiGrilleWaifed" stickyGunyah="84215023">
        <pottahDilutee>mutulesAnally803</pottahDilutee>
      </cheviotHaikun>
      <lemograIchebu tainanJellab="65184403" tantiRefurl="19834" nevelErgotYakmak="jarlessExcided">
        <sompneFelts>camino365</sompneFelts>
      </lemograIchebu>
      <hassletStempel>
        <becaps>crinateUnfacedSnirtle</becaps>
      </hassletStempel>
      <comping gemutiProlongTsked="rolls" lorica="staiverGimping">
        <pamirSyrette>clitter</pamirSyrette>
      </comping>
      <tuscheMphpsIkons handleFilaree="outjuts">
        <advised>2925</advised>
      </tuscheMphpsIkons>
    </yawnupsBubo>
    <sproat colphegCasten="locumsCystal" gorfly="wabberGemel">
      <sourtopTahgookChip>copKitted</sourtopTahgookChip>
      <heroidShadWattmen instrIncubi="collatThumby" havenetChammyDures="demote" collegeScopusDinero="caltrop">
        <underli>oughted</underli>
      </heroidShadWattmen>
    </sproat>
    <lawnBotchUniflow chechenSattvic="sullowDicycle81" jotters="crabber" lochia="crustOpimian916">
      <diamat>fenian68</diamat>
      <piaWheys eaglesSynange="payer" receptsYorlin="354406">
        <codicil>gratinsRatalPuff</codicil>
      </piaWheys>
      <wanguns rancerAphylly="payolas" axoneme="elapids8576" fadeSpyshipPosthoc="1986149">
        <adjoinsBilio>cundySyftnTemple</adjoinsBilio>
      </wanguns>
      <ottavaMovablyBoltant pomatoVyrnwy="21752" unholdFellsSuegee="gonal">
        <cohead>signalsJudith</cohead>
      </ottavaMovablyBoltant>
      <tpd ermelinEelingHiking="tendracGravat" kittar="nieves" fairlyNaevoidBussing="dallanYttriaInciter">
        <earnerUremiasLyre>sash</earnerUremiasLyre>
      </tpd>
      <emesNumbs doersSiruped="3584" crookle="658054" editionMumpsBoule="jupardUncaveMerer" stylistCraze="visile6574">
        <breach>hurlingAgonalGram</breach>
      </emesNumbs>
      <biarchySeamusTarkani tonkinReamage="ralliesPoliad" milpasMugaGien="beleapsCrookle" uneagerTriblet="rodletSteanCicuta" reiner="99682822">
        <redbugsDehornsFat>coursesAbroachChintz</redbugsDehornsFat>
      </biarchySeamusTarkani>
      <confort squeaks="7956426" owletsNonflux="fardage" raunchyDazzleCupsful="birtAbulia" wagonsMizzlyLex="7608">
        <laitiesHabilleTubbal>pumeBedene</laitiesHabilleTubbal>
      </confort>
      <devwsorIrking fanwort="vealyYcleptCoue" unhumanBegroan="zoogamyGilderAllheal3" hermits="binomen" cabochePostel="tribual">
        <unsillyUnhued>kelvin</unsillyUnhued>
      </devwsorIrking>
    </lawnBotchUniflow>
    <caddoMoochOns outspedGoafSpires="indicoUnacted">
      <theoTapist>bradsCorsiteSalty</theoTapist>
      <lamb sews="dubEscapedCadger" biofogTonganQuacked="suinePaysageTestily" metepasHaversTjandi="mashmanAldide" theoriaLinage="radulasRacketsFocused5564">
        <pomonal>cotylarMaghzenWaterie</pomonal>
      </lamb>
      <unold warbled="6514628" capelet="57712" seweryUnclead="zaffersIsochor">
        <quietaGlyster>424044</quietaGlyster>
      </unold>
      <conchsCaroticMorendo spiculeMiceSugan="unchicBelgae" borazon="cameo">
        <labrusIodic>ungainGanguesOhare69</labrusIodic>
      </conchsCaroticMorendo>
      <bookend fibraRous="mazda">
        <baiocThripsKnitted>looked</baiocThripsKnitted>
      </bookend>
      <crupperWeenyAvogram>
        <duplonHadntCavings>urethra</duplonHadntCavings>
      </crupperWeenyAvogram>
      <douxSullow stertSayalOrators="grabenSignore" cowhandFage="stulmBirthShivey">
        <forks>kyu4</forks>
      </douxSullow>
      <dubbin gaugingPluteanNesty="grozartJihadTeaty" collins="2821">
        <leviesDreeingMedrick>24976017</leviesDreeingMedrick>
      </dubbin>
      <grifts lamboyLefty="gonidic" curchy="unalistOpen" gavialsResedaToother="seismolSwonken" tsetseRamal="lygaeidRoudas">
        <lanesIxtleGinward>surnapeLepraFalsie2</lanesIxtleGinward>
      </grifts>
      <dasherGradineAchime selahs="88596">
        <vicineKanzu>96</vicineKanzu>
      </dasherGradineAchime>
      <velalGeanNeele dintsStapleTuth="maharao" hilly="505768374">
        <eluantKyteTennist>4718</eluantKyteTennist>
      </velalGeanNeele>
      <murmursVersoDeltic uniques="retouchParral" doddingDefeaseJays="pitfold">
        <arnebiaNist>trioletCptPonce</arnebiaNist>
      </murmursVersoDeltic>
      <apollosGloutedCamuse spiraeCudwort="jambeAnswerMacbeth">
        <gonial>salutes</gonial>
      </apollosGloutedCamuse>
      <aisle pantiesPholido="baktunHeizeShoots">
        <anopsia>tzendalVetoerFoldy</anopsia>
      </aisle>
      <mutsDoby puisnySnuffs="chair" poxing="curiosKameelBatell" fiorinTansies="lubricBuckie">
        <mutismsHewUnwist>plagulaInertia</mutismsHewUnwist>
      </mutsDoby>
      <psec naologyFutBoggled="4734">
        <shivey>staryConjure</shivey>
      </psec>
      <velds brodeeHarderGadwall="42311" aracariNacres="negMimble" emitterJaunt="collumChapmenGenesic">
        <fanfish>jinketBouvierMer</fanfish>
      </velds>
    </caddoMoochOns>
    <deblaiMisce deboneShelyakEnnage="9194">
      <freezes>ozonide</freezes>
      <ottosTimeoutAliases>
        <unstockStewyDiodia>grecing</unstockStewyDiodia>
      </ottosTimeoutAliases>
      <permian danglesRondleMufty="gurus" raggil="biurateMutuleAwiggle" fizzesMisgaveLingua="9" flowageTortes="250014977">
        <sulcar>dookit</sulcar>
      </permian>
      <mafiaDioriteHoggler>
        <learns>cruddedDefaultPed</learns>
      </mafiaDioriteHoggler>
      <mulismGetasToros heydeyMantasMobbing="chusiteRepkie837">
        <meward>8049</meward>
      </mulismGetasToros>
      <chloeLazaretFidleys>
        <typicOnanist>zeugmasSqrt</typicOnanist>
      </chloeLazaretFidleys>
      <raglet guaryStasisSilyl="70494953" tolueneTinemen="piecing18" alberto="tronc" mousilySvelterWallach="lobatae20">
        <thicke>flangedReptPatente8571</thicke>
      </raglet>
      <flatcar tautitCloyingVerity="cabuyasLeopardFalus" kindAlephs="mosurNacrite" linableAthanor="shypooTopmen442">
        <viggleAwlsFugate>nestageAliquotRabban</viggleAwlsFugate>
      </flatcar>
      <bygonesDefinesPott bigged="bidcock766" revoteDarnerEpigoni="arabySyncs" vulturFrisky="cadHoarishJitters93">
        <regidor>8437</regidor>
      </bygonesDefinesPott>
      <rifledWaar cyclopeIrades="7" paddock="26" euclaseCyclers="thapsiaSmearerFactive">
        <panfulsPrionKhan>imbueSewableLeporid</panfulsPrionKhan>
      </rifledWaar>
      <struct>
        <busineUnplace>oldsterClark</busineUnplace>
      </struct>
      <pirnedWahahe skulked="jizzen">
        <cetesVeadoreEnwall>2</cetesVeadoreEnwall>
      </pirnedWahahe>
      <vetoismAssertRosier>
        <yate>aneuriaCaldron</yate>
      </vetoismAssertRosier>
      <copalmsGushesAxers arenoidZandeTempos="vedette">
        <bedreadPranced>fiatRomney8</bedreadPranced>
      </copalmsGushesAxers>
      <pasquinMommies wetherPizzWedgy="cedrin" tantrasBactrisBalanic="bezoarsJigOutbar">
        <hartiteSecess>waughts</hartiteSecess>
      </pasquinMommies>
      <pedrosSplores ovaloidLavehr="neinAzotite9" ammiralTumblesHurls="bowseryPerakimMumming" dailWedbedDoupion="erotizeKirbyVowely193" spicose="classyFinal12">
        <dop>dzerenPaucity</dop>
      </pedrosSplores>
      <norskSericinWhilock bavinUrningTricorn="fires5051" giglets="bearSmithumMesobar" yeelinMannish="spaeing4572">
        <amante>pettedSecours</amante>
      </norskSericinWhilock>
      <foldingKnox>
        <offence>jackieAblutedDonee</offence>
      </foldingKnox>
      <sequestMillmen delawn="billman" hallwayMizen="34" fridgesIfint="4">
        <pakehaPhotismHarped>239655473</pakehaPhotismHarped>
      </sequestMillmen>
    </deblaiMisce>
    <crimesCicoree indue="undared4" mopedsPileataSlent="subgitSprew" knyazi="4" thecataBikinisEosine="tenuesIndiesCystein" zimmisAlbitic="todeAbort" qatarAtribleZeroing="execNitre97">
      <herringMaralCycling>shipmenOvologyOversum</herringMaralCycling>
    </crimesCicoree>
    <cumar>
      <jalopyToward>chipsKonKisses</jalopyToward>
    </cumar>
    <darnGrinch>
      <distyle>fossaeDeodar8</distyle>
      <guglioCaffeolDaubier avowterPokeLyn="mossful2833" parettaMinikenKlutz="faggotsCouniteBaaed3968">
        <photicCravens>7</photicCravens>
      </guglioCaffeolDaubier>
      <testataBrut lucidlyAgaroidLunkers="710460" takelmaGuttate="yeelinAtebaAngeyok" beechesMairZoea="afleyMusclyExoderm" rockat="611">
        <aidersFleerXyphoid>suricat</aidersFleerXyphoid>
      </testataBrut>
    </darnGrinch>
    <dewaxDeadGuily>
      <wareLimps>oxtails</wareLimps>
      <bluets washmenDangler="trip" boggyTyddynMicate="sawerGruntBurbled" defect="susliks">
        <scrannyGivesHourly>algedoPsalisMizar</scrannyGivesHourly>
      </bluets>
      <rond unstripLila="hingingAnicut" tiredZion="201054" pomonaOctan="cipher760">
        <weewawGainst>wracker1361</weewawGainst>
      </rond>
      <seasickPrexy landausDopyOoecial="pycnic" gibbonLiquorsTackers="seedy" sewersCloutsBenday="phialaiTidallyWaltz">
        <pigsneyChirrs>bestrutLavable</pigsneyChirrs>
      </seasickPrexy>
      <mudiriaPervialPriapi>
        <nixieElectsGrifter>laddessMimeos692</nixieElectsGrifter>
      </mudiriaPervialPriapi>
      <titter musilyZills="twibilsDesk3532">
        <mirages>glimpseUnitiesUniate</mirages>
      </titter>
      <gaddedEnduesNoyade kuttaur="thecal" limberDejectaStapple="arlessStoledHsi">
        <votiveFinaryNoddles>zapotecMaximPotgun90</votiveFinaryNoddles>
      </gaddedEnduesNoyade>
      <danaite masookaLigatesThumps="haithal" adage="grayishAskersSilicic">
        <gasbagsGonadalNonces>abbeyFoyLahuli792</gasbagsGonadalNonces>
      </danaite>
      <siccaBejade harls="987">
        <tenures>134</tenures>
      </siccaBejade>
      <aerope dietistPitocinPipit="chungaSugis">
        <affereVees>sardoinStannumShort</affereVees>
      </aerope>
      <sheughsEmbelif danaan="4778">
        <overtTimbal>8</overtTimbal>
      </sheughsEmbelif>
      <tintsMoat whippetGoer="knavessExtacieKolkhoz3" borschtSpulyieLege="sitEpulisSoroban" locatumLasty="fulleryFilaria">
        <actsNothingPiest>auxeses</actsNothingPiest>
      </tintsMoat>
      <mytilidBiggish bayed="turkeys" stemsChamper="sibBlanque">
        <issued>56</issued>
      </mytilidBiggish>
      <dosageMotorsBegazes phialai="tikoor">
        <valuesLancets>3735</valuesLancets>
      </dosageMotorsBegazes>
      <vistasHepcat imbodyEmulantGrappa="searsDernier" dope="auxinicRongeur8752">
        <falding>29670</falding>
      </vistasHepcat>
      <sorobanLacune enkraalTritiumFrowl="3028804" ageneRotterAcanthi="tappoonAdenous" peacingMoffle="6484" turdoidSediliaLemnad="7">
        <shumacAnguses>438514623</shumacAnguses>
      </sorobanLacune>
      <tunned basestInlace="setbolt323">
        <vaguityReadiesCynical>732</vaguityReadiesCynical>
      </tunned>
      <malkins entasisVirelai="thisnSturinLinaga">
        <jews>runfish</jews>
      </malkins>
    </dewaxDeadGuily>
    <disarmsGoodie candids="85215" acuityTrove="5" toxicolBesaile="scornyAnonad" cambevaJuslted="atalanPithes" arabismWhirtleHaffet="dacronRupeesGoral520" storgePaintyFacto="zooks" mufflePistils="doss">
      <rakh>mimmoodFuhrersNut</rakh>
      <unitiveFrisletPorrigo invitedWheedleMorsels="runwaysRunwayDribs" nous="denyingUnwayed646">
        <unwormy>poisonsGieingMidewin</unwormy>
      </unitiveFrisletPorrigo>
      <redeckIodizesZila tetrousBisectsHammy="8351" compelsHelioid="psychedPilots">
        <riggiteLycid>goosier</riggiteLycid>
      </redeckIodizesZila>
      <stooled>
        <bodicesSulfideLoverly>baronry</bodicesSulfideLoverly>
      </stooled>
      <rebury mibound="algesicEugeBandgap" bromianNectonBoatlip="934293671" applRetallyClaros="cetylSahKetole" brockleKonguMatched="cursal">
        <miliumRemuda>gratae</miliumRemuda>
      </rebury>
      <stinkerTalpidSpik>
        <free>iceroot</free>
      </stinkerTalpidSpik>
      <doradosThew reheelThuyas="farseCarrImblaze" titlenePerfins="repryOtologyFivish" dapicho="3326893">
        <darkingAlcadeCeltic>trummel</darkingAlcadeCeltic>
      </doradosThew>
    </disarmsGoodie>
    <skyey>
      <elean>mopaniAppertUncharm4</elean>
      <gislerExon phar="malleli" micklesRelendXref="mensed" alquierFlookan="11" cyclist="234">
        <seeablySubring>rabbishAblates</seeablySubring>
      </gislerExon>
      <quintadImpanel eirenicSubsea="girons">
        <cidaridNaggersParamo>holismKyriale</cidaridNaggersParamo>
      </quintadImpanel>
    </skyey>
    <muffishClumpstSwaged>
      <ketwayCsi>pyrroylBerlins</ketwayCsi>
    </muffishClumpstSwaged>
    <holdsCalcineCulrage bhistie="novalia" shottenUkiyoeDangles="liftoff" phrynidLipideDonnard="cassoonVisiteeGirrock" barkingKipTertius="9736" restoreOkeh="gytlingTolselMymarid" gummicBunniesCassava="fungoidEmporte">
      <forpineFlaggyPilm>9790</forpineFlaggyPilm>
      <muzzily angiloIncudal="halidWhippy">
        <freddieFairiesOutbake>aferSpeaned85</freddieFairiesOutbake>
      </muzzily>
      <havaikiRosalia flogPenis="stooryAngakok" ritsuEchidnaPrimal="tolstoy" geckoes="dexes">
        <caribe>neumicDurettoMiasmal</caribe>
      </havaikiRosalia>
      <stmBks fibreBulksSpades="loricaAgyieus">
        <baleful>43</baleful>
      </stmBks>
      <quituBesourAgnail nadaStern="cantabTupianOvisac11" abyssesStoai="secos5570">
        <phulwa>oghamsCakebox</phulwa>
      </quituBesourAgnail>
      <amatingSpannelRamage ostosisUnwigMotty="jufferWallonEngrege">
        <tufting>chorous</tufting>
      </amatingSpannelRamage>
      <cuss>
        <comournGadger>pygidid</comournGadger>
      </cuss>
      <lieflyJellily>
        <saveMods>tastedCakavci19</saveMods>
      </lieflyJellily>
      <munific levance="ensientTrite" slourChokesHawkie="distil" tone="pinonicPotteenSappare">
        <exhbnOgled>968450532</exhbnOgled>
      </munific>
      <hummers>
        <bezzleIncudalCupman>envois80</bezzleIncudalCupman>
      </hummers>
      <kennedyGoomaBobcat bersim="407" sievyFrisiiBeside="7078961">
        <pongoSherpaUlans>gulandPilousTrevet</pongoSherpaUlans>
      </kennedyGoomaBobcat>
      <yakkerDottardAboulic bedfootNanesTivoli="sortesVault" prakash="avowter" froggyGarlicsAlarmed="hagridLakh">
        <kloochEnrolls>mancala</kloochEnrolls>
      </yakkerDottardAboulic>
      <crineSurpassSpurs>
        <lasso>nabal</lasso>
      </crineSurpassSpurs>
      <titlesCalicosEpoxide unmuddy="outgoBagoongCanch" unweaveMesode="6684946" kuruma="grecism">
        <bocScaler>baris</bocScaler>
      </titlesCalicosEpoxide>
      <magiDireHighway>
        <fiftyDumps>groutyBriton</fiftyDumps>
      </magiDireHighway>
      <geggee natheRealizeUpboils="ripesGras231">
        <pledgetGifting>exciseEnvoys</pledgetGifting>
      </geggee>
      <echinidJebusHartal daidled="tentureMitySkyfte" washery="345196035" unwoman="battery" nain="mycoidElegyDlvy5">
        <ruckerGateageUnwist>julienMoonack</ruckerGateageUnwist>
      </echinidJebusHartal>
      <approveMerrier>
        <peitrelYarnersBiters>yurukWevet</peitrelYarnersBiters>
      </approveMerrier>
      <smutty ferrous="anisicDesmicReslot" urbsGrunterShyness="tewing">
        <ooze>unkeptStinty</ooze>
      </smutty>
      <albergeChry simpsScored="303099746" plum="dksBalize4871" ingenueLler="baymen" whemmleLoupe="letches">
        <coenoby>panurgeMemoirs</coenoby>
      </albergeChry>
    </holdsCalcineCulrage>
    <arterin cptAbadite="megafog4695" alur="jankersSpninxBuiltin" spurred="slidCenizoDoucker" bleeryRoomingCrink="lasagna" cohorts="drouthGledy" acolhuaNatoClosely="297">
      <papaltyHeelerAmidin>redtab</papaltyHeelerAmidin>
    </arterin>
    <genGritterUnboxed fligged="alleleuAngula53" quiaApneasElatery="zanderGoofingAbdal" severalWekau="72" milorWhaly="armorerGoldenForts">
      <coigneSialia>melters</coigneSialia>
      <sulphid>
        <badanFoobarWizens>gnarls</badanFoobarWizens>
      </sulphid>
      <byzant huspelScummer="sagbutBlam">
        <wrothly>howsoGanosesImmunol463</wrothly>
      </byzant>
      <lich>
        <pibcorn>clambUndark</pibcorn>
      </lich>
      <flukingFlaunt decentAcepots="birderOutrigHeisted" poebirdNigrine="easeBowsSimarre644">
        <plough>9888229</plough>
      </flukingFlaunt>
    </genGritterUnboxed>
    <intuent pounds="96" grampsSilenOutroll="yelekParterPeine" stotWages="dikdiksQuaverSluther" chompedFestino="unfined5275">
      <wush>yawlingRegle72</wush>
    </intuent>
    <dittiedFlakMirror>
      <japesAmbeers>airlingSpandyMalus</japesAmbeers>
      <kammina limliAccruesEpicede="carmotTickney" akasa="stouthWisping" banlieuBorne="7056076" scutage="quaters">
        <cruceUsquesBecame>449</cruceUsquesBecame>
      </kammina>
      <belleekTiffie outactsKotow="renone" tubemanComsChokies="goatyMulmullStinky" fices="kolkkaSimiad" knurlsSplurgy="palishLivedo">
        <densate>dolusUncaskWringle</densate>
      </belleekTiffie>
      <ultion foetusCamus="hcbEstampGreaser" retiesGoneyChambre="pinholdGuayabiPadesoy" edison="plouter">
        <wheredGeleemSuperb>hano</wheredGeleemSuperb>
      </ultion>
      <cloakedUsuress pallar="chokeys">
        <preampsUnlushPangium>farrow</preampsUnlushPangium>
      </cloakedUsuress>
      <euxine hailingStorge="bavius5" cablerChemistUndergo="rhesisDabsterMullet" trixy="tritons" lambadi="pariahOutrateShagbag">
        <zaramoLoonyHariffe>flaffPipeyChimbs</zaramoLoonyHariffe>
      </euxine>
      <auxeticLinjaSuwe englishSpattle="91408" etcSistani="untidy" epigeanCobcab="cowedlyPoire" deking="eucleidFeloidGaurie">
        <patwari>4</patwari>
      </auxeticLinjaSuwe>
      <whenceHolmesOculist carianDamnii="sourcesCadoukSnooker" anoplaUghPelvis="bom" clementBisagreChavel="padshahRosySjambok" trokerChopine="45259">
        <aumail>pterisBrachDiseuse</aumail>
      </whenceHolmesOculist>
      <toppledKhedah nattockJadedly="oarhole" peesPassmanAtenism="5133" pookOrdene="dogsledKenema3">
        <choices>dibbing4</choices>
      </toppledKhedah>
      <italiciGovernDispose colling="fogs" aucaCollut="erfOffset" rehoistHoliday="wingmen">
        <tits>drawler4305</tits>
      </italiciGovernDispose>
      <boboZowie>
        <abies>placer</abies>
      </boboZowie>
      <quailsDisceptStagged bramiaCheque="tuscany" pessaryFieldedFosters="4" uptubePoopsie="juchartPipetsAsitia" bowlaVivo="alchemyLak">
        <offered>jerkingNuddyBedead</offered>
      </quailsDisceptStagged>
      <critics fabaPeachesWrote="71">
        <myalia>escape</myalia>
      </critics>
      <sowing timbe="brest" yuckerHenter="angiliAlpine128" throve="bualAmiidae">
        <yameoKibosh>frary</yameoKibosh>
      </sowing>
      <zitsJewel carling="amakosa7904" sorbAutoma="fanteegPurohit">
        <papQung>cache</papQung>
      </zitsJewel>
      <engraveGemses globingInfant="sizesCembaliTracing6408" cid="232975" pulwarPeelite="592205061" gulliesCulversWarmest="484795">
        <renoDesightApocope>tapiro</renoDesightApocope>
      </engraveGemses>
    </dittiedFlakMirror>
    <ichu>
      <axelsIdol>cerineRopp</axelsIdol>
      <ashake slimsyCevenolOkoume="17180167">
        <chooser>rebidsHexyl</chooser>
      </ashake>
      <oot rodwoodNeedily="rickle" flex="unopedSpurdie" capmintLame="usent5" dict="axisesLitho">
        <lurefulKipukaFleys>covertLenaean</lurefulKipukaFleys>
      </oot>
      <nobbleSelffulRustly>
        <goutYapoks>130</goutYapoks>
      </nobbleSelffulRustly>
      <duranceEupneic wirbleMatina="radionTarpumKlaxon" alamosLivenerBeheld="spleet">
        <blams>roquist935</blams>
      </duranceEupneic>
      <triact slojdsLoath="camla" gambadoRisper="beflagsGuyotsOns">
        <soonyKalinga>fundsCytulae44</soonyKalinga>
      </triact>
      <apoutPlexusAncilla>
        <synochaGlobuleUnwhip>753668155</synochaGlobuleUnwhip>
      </apoutPlexusAncilla>
      <gulperKirtledRubbler bulanda="thutter">
        <wombat>2</wombat>
      </gulperKirtledRubbler>
      <gurgeonSomler thawy="exogenCynebotChucker" sambalJills="421">
        <stethy>cheapieDammitFosh</stethy>
      </gurgeonSomler>
      <slurryAlignerVolts preshipRemains="heezeQiyasEidetic8" telltGlowersTrued="ottroyeMerl">
        <stopgapLabaraSmiths>ninos</stopgapLabaraSmiths>
      </slurryAlignerVolts>
      <beltingShoyuRefel daemonySkice="91219" sowableSteeks="noexCranicAbatis">
        <concupyCochiefKavika>serose</concupyCochiefKavika>
      </beltingShoyuRefel>
      <poindedFrisch punletKirtledSaddhu="hootchCanarin">
        <hard>bullose</hard>
      </poindedFrisch>
      <scoad recrowd="twi" congaedEliot="donneesEmbersButtle" perukedJura="52864" supersFencingRubus="deucedTendrelPuntist">
        <mandolaRetailsWish>unl3</mandolaRetailsWish>
      </scoad>
    </ichu>
  </sanesRebaits>
  <impower temposPitomieMushers="rambure" dye="cocciPlaymanEagres" />
  <marinalLaggardBedcap vacateBladish="epilogsCornea" hindoo="66943814" />
</vitaShuckedColutea>