<?xml version="1.0"?>
<cusecDrown>
  <pragmatTunnageDoffer tanquamBecramOcelli="octagon98" />
  <amidid kennellMilkingHueful="drailLauwine" unmowed="dequeue">
    <odzooksMeisje>
      <spacesAiger>5024</spacesAiger>
    </odzooksMeisje>
    <whealsAginPathos>
      <svan>9110096</svan>
    </whealsAginPathos>
    <tarpum>
      <guddler>waughtZaramoQuiff</guddler>
      <stoatsSucraseHemocry>
        <ziffs>cocamaPurinBoric</ziffs>
      </stoatsSucraseHemocry>
      <smiterMeltageParrock worrierRejolt="mamluksMolinetCharac">
        <mallet>383607070</mallet>
      </smiterMeltageParrock>
      <slovensDeraterMulatto>
        <enduing>tawsesMatronsLeopard</enduing>
      </slovensDeraterMulatto>
      <arshinComble legbarAlkies="44368305">
        <dessaMoths>geastCaste</dessaMoths>
      </arshinComble>
      <unwildPotanceBasks babeBigness="nanigoSnookProxime" piercelRafaelBarouni="ataxic723">
        <muggarsAlfetChandu>cleaned</muggarsAlfetChandu>
      </unwildPotanceBasks>
      <soonRuderVaad papalSmaFotmal="overing7218" encomia="pasquin22" cornuteCarrot="testate">
        <cardoonWappatoNatator>apelet</cardoonWappatoNatator>
      </soonRuderVaad>
      <cajoler cedulaFasts="enhydraAdagialHawky8" manwise="veletaUndeTikka">
        <upsetsSulfid>glycolViolinCoutet</upsetsSulfid>
      </cajoler>
      <ratcherOutffedHeumite wanions="studies218" portato="aracanaInternsGuaiac">
        <pluffy>monacanGennyRutch3</pluffy>
      </ratcherOutffedHeumite>
      <ketimid molleAsthmas="fresnoPeavy1">
        <snottyReburstSteeks>grene</snottyReburstSteeks>
      </ketimid>
      <tunedStaling unrowed="stigmasDhurnaViii" wigansLeesome="blissesBrigandFanned" granum="amolesBeworry">
        <loyally>8921306</loyally>
      </tunedStaling>
      <yelledIngroupPurfles excreteRosetteRosel="lienicSaddhus" oleineBasker="totters">
        <gliomaMingler>prunellCairo</gliomaMingler>
      </yelledIngroupPurfles>
      <apayao potwareBhangsBazaar="shawHemina" loafs="vimen">
        <guenonLinos>8046</guenonLinos>
      </apayao>
      <makos degradeBaterBounced="cleatedDouanes852" halfaCacam="oobit" specieLibyanPearter="8654" testeeWackes="politic">
        <poky>coltsCauf</poky>
      </makos>
      <bebatExscind>
        <prude>819</prude>
      </bebatExscind>
    </tarpum>
    <oxamateCelomsRands>
      <outfortRasingMimers>673</outfortRasingMimers>
    </oxamateCelomsRands>
    <celtBegroan>
      <pyasWindway>leetRit</pyasWindway>
    </celtBegroan>
    <budgeroPharmic tiradesDinomic="susceptExuded" unpropEllEluting="whole1710" thatdTroche="yinPalings" burial="abdalBothria" vendees="watusiCasbahJetes7840" munchet="85624" mimamsa="whulk">
      <candler>mozosPandionBeshout</candler>
      <scabia harkensKestrel="yowlingRoubleCaplets" iconvNowch="siltierFringe160" uterinePlexalSalvage="tadjik" pioted="rambledAnetholHiney">
        <prinkerTornesi>exogensSnoozed</prinkerTornesi>
      </scabia>
      <sectsSisi hadronShoppedMedium="801281">
        <moniliaChuttieSpathes>dadeRigueur</moniliaChuttieSpathes>
      </sectsSisi>
      <paltAilurus>
        <kylikesChusite>defaultEngem99</kylikesChusite>
      </paltAilurus>
      <kaiaksScrotal bakesDebitHammed="49436" poyouOctuplyAppal="33063" unaxledMontuCartway="skills">
        <suluanCubitoSenegin>peperek</suluanCubitoSenegin>
      </kaiaksScrotal>
    </budgeroPharmic>
    <nitons>
      <marcorFlora>oyelet981</marcorFlora>
    </nitons>
    <golfChiamLuny>
      <associe>95091</associe>
    </golfChiamLuny>
    <lucency dorineTrifleAlburn="foilMutic">
      <seltWaddedCentrev>lotahsTapuyo</seltWaddedCentrev>
      <skilpot arabsBlirtOur="393" sarlakLiersPaip="tapesOuphsStaboy" ghess="steptoeHardish" emusiveClassis="jarbleBuried">
        <gruelly>3937</gruelly>
      </skilpot>
      <matterEpoxyedVulgare tropeBaffedWindage="batler">
        <bedaubEchoistBureau>matkah</bedaubEchoistBureau>
      </matterEpoxyedVulgare>
      <beladyTavertComfily renay="490878541">
        <disrestGeared>unminedAxoneSheets</disrestGeared>
      </beladyTavertComfily>
      <reariseClarts efphDime="carven">
        <paiksKabakas>leissSennetMimsy</paiksKabakas>
      </reariseClarts>
      <redarnEstrada>
        <pensumSemibay>ebenIncurs</pensumSemibay>
      </redarnEstrada>
      <sottise trottieOnethe="armletDebusedGees" sunray="askileKoftgarRaiidae242" talukasRakan="tenture">
        <aletheaPalsiedSinzer>61278182</aletheaPalsiedSinzer>
      </sottise>
      <mascotSnum gluey="paler" sukeyMilreisStriate="burrowsUncoreNurly757" talpaUnsaneAndorra="barrets5" lhdCopiedRouser="809311">
        <izzyBagio>nazeGrunzie</izzyBagio>
      </mascotSnum>
      <aweary gunz="pnyxNarc" mummies="pelew3204" braggatCasbahGermon="larditeKosoTorydom">
        <disagioProsar>gunyahYerksAdvt</disagioProsar>
      </aweary>
    </lucency>
    <contuneFrenShnaps crimpPacquetPlasm="visesAquariaMarmit" hearses="95638367" shipman="overateBiens84">
      <palmus>aptInmoreMakuta</palmus>
      <phonoAvatars>
        <uncariaUnsiegeBchs>wishesOutfort</uncariaUnsiegeBchs>
      </phonoAvatars>
      <sweatCyclWeeda swangStalely="53840511">
        <alphasPelvicsGirt>collowStringsCenobe47</alphasPelvicsGirt>
      </sweatCyclWeeda>
      <leguminBelace feazing="cunjerAdlessWeanie" gealGuzzledAwful="feering6650" togglerCalineGimble="alveoliModiliUnhale" waacGery="akvavitSokaBulbel">
        <snite>secohmPretextIntue842</snite>
      </leguminBelace>
      <rondeAdrentPhenose consarnPropale="etweesAptal" inking="zymosisRit" bedinAtimonShires="apsidesMistsShirvan" oleumCovey="5">
        <updived>249</updived>
      </rondeAdrentPhenose>
      <timucua tolselLooverNeepour="45979646" petziteToffLaudist="duciFlorounBignou" borelStivers="hagmallWhosoMult9" weltDumpler="maulsCardoon">
        <unidlyOculist>briquetShaverChalot</unidlyOculist>
      </timucua>
      <serins jarkNeelaPupped="woaderBepunReknock" trijetRamananLicuri="ryking" cadi="42721" imcntAmphore="86">
        <sparelyCocculeCaviar>vicarlyMmmm</sparelyCocculeCaviar>
      </serins>
      <asianMismakeGally>
        <numbing>sublatePoppel4</numbing>
      </asianMismakeGally>
      <dufflePrizePionic battelCydippe="94">
        <lobbers>pimped</lobbers>
      </dufflePrizePionic>
      <lesser squib="359">
        <storayDamson>vespoidDolium</storayDamson>
      </lesser>
      <fractusDeadenGebang greavedClarre="9">
        <upsuckJobbers>haemins</upsuckJobbers>
      </fractusDeadenGebang>
      <flummer husoStaph="fooyung" pieletJelliedFouth="wields">
        <feltman>againstShowupRawin77</feltman>
      </flummer>
      <atmansIntrude anserin="circaea" rollUproomChudic="defectPiercel">
        <lysin>6146</lysin>
      </atmansIntrude>
      <sookyPony spiltBluejayAdmixt="erkCadelle27" nectarYhwh="stankiePicCoulie">
        <crosbyNor>janeMusket9835</crosbyNor>
      </sookyPony>
      <cuskSappersLiteral>
        <molest>hotrodsPylonsSavelha</molest>
      </cuskSappersLiteral>
      <pokeout cultIsatins="transpCasaqueSeaworn" melonGallianFusible="devant" linage="gabelleCappaghVocoder">
        <anasHowledGospels>ostlersPresumeRetore</anasHowledGospels>
      </pokeout>
    </contuneFrenShnaps>
    <whipsawKopsJunior>
      <dauniiLecticaKeylet>disally</dauniiLecticaKeylet>
    </whipsawKopsJunior>
    <fezzyFaring awalimBihariFuzzy="outrailBetakeIcecap" avanti="anlageFellerTripod" treacleAmidonBumpier="warstRecodesPawers" redbait="825564786" graciasIndowedSaltate="jumfruFlavine">
      <cloamTinwaldSaguaro>ersRedraftPhytome</cloamTinwaldSaguaro>
      <yeplyBumpersStraky adfix="cuddenViseedBavin">
        <hencoteArgolEngouee>picoCathood</hencoteArgolEngouee>
      </yeplyBumpersStraky>
      <hamitesSpacyUncloak headsZizzle="clarkiaChirrupTuggery7" posole="bummer" furiedIraqian="somever">
        <eked>flytes</eked>
      </hamitesSpacyUncloak>
      <towersGeogenyFaking toroidEnols="wilkinOscarsSkinny" shihDozersDotless="hoaxes" mile="94041">
        <lassoAnnabelVerde>dyke</lassoAnnabelVerde>
      </towersGeogenyFaking>
      <coraisePeacod braky="detrainInaxon4252">
        <nachusFissura>biset</nachusFissura>
      </coraisePeacod>
      <mayeyeWastelyEngler>
        <viminalErgotsRastik>woolens</viminalErgotsRastik>
      </mayeyeWastelyEngler>
      <todayCornedLloyd corcassGurBdl="5" finchDwarfed="dobl" snubberExister="343" becrowdBonacis="cursaro">
        <reitbokBadland>anoureTricesPoutier</reitbokBadland>
      </todayCornedLloyd>
      <prostIntrateOloroso nudeSelden="12">
        <jatobaTrowieRoberd>unsulkyCrea</jatobaTrowieRoberd>
      </prostIntrateOloroso>
      <lynched bundaGirellaApoise="inclip" cloghadNarksAsaphid="fordAbroniaNecks" refiled="glitnir5438" sharnsBladerEtang="chuseSeggardPieing516">
        <wanion>819</wanion>
      </lynched>
      <hatfuls aerobeUnsinCleans="augustaViolist" parpenPumpSonghai="spider44">
        <yankedTours>misseatHaplome877</yankedTours>
      </hatfuls>
      <pesewa>
        <tousesTaintor>435</tousesTaintor>
      </pesewa>
      <boaganeSqualiIsohume masLeapingWacapou="4" thirtyKaolineAcorea="197855">
        <runtsTalk>outrank</runtsTalk>
      </boaganeSqualiIsohume>
      <echiniMispensRutyl aurae="forlet" armscyeTermite="ribskinChetah7" surelyAmbreic="drantJuvernaArided" maudlinDrossedCowpeas="fusserTariffs">
        <curlewSereno>771251303</curlewSereno>
      </echiniMispensRutyl>
      <decafidUgtBecrust miscue="478">
        <salpidEpiglotMaestro>saversFowage</salpidEpiglotMaestro>
      </decafidUgtBecrust>
    </fezzyFaring>
    <brooks>
      <bantam>tentsTrips</bantam>
      <juicers earthy="squeezeMatman" deplump="idealy" takarPutters="embryo" tallageToxonActual="tovahRerunsJurors6689">
        <recrew>cordersStiletUntrod</recrew>
      </juicers>
      <proturaBroomed>
        <knospExalter>enation</knospExalter>
      </proturaBroomed>
      <pulser cheven="soudWidgets" amadanTeen="aureous8007" doserGarvie="styliseExodicTootle" pilchPapules="platodaLingle">
        <enamdarMintage>braizesSongerTallol</enamdarMintage>
      </pulser>
      <kelpieMarronFulcra degamesHonedPackwax="8">
        <liassic>holmicHideout1</liassic>
      </kelpieMarronFulcra>
      <feil>
        <arshineHypoing>burbs</arshineHypoing>
      </feil>
      <squireAidesRevivor>
        <larcin>3</larcin>
      </squireAidesRevivor>
      <dirties triedBrawler="armenic" bolusGabarit="65055" ascriptKibesPodzol="claire" tellt="niftiesOsmate">
        <flimsyTrilitBelloot>beardom</flimsyTrilitBelloot>
      </dirties>
      <jeepersYallockDistad>
        <knaggedEngineStut>airshedCosts</knaggedEngineStut>
      </jeepersYallockDistad>
      <sircarWhabby plockChaumer="lookupsThalerPyrus" bde="840938" lepiotaReboneTernion="hanse">
        <roncetDisodic>wadedCosecs</roncetDisodic>
      </sircarWhabby>
      <chazans egestAlveus="shelahLynSalty">
        <yacata>aracanaTopmast29</yacata>
      </chazans>
      <sunbeamLumLakings dobeDiazoma="toughsSomnus" albumen="8450" woolerDeckman="escuageMarkka">
        <cstHemenTangue>telleeAtactic198</cstHemenTangue>
      </sunbeamLumLakings>
      <dormyMarabouAvarice>
        <outbearBrethel>238760</outbearBrethel>
      </dormyMarabouAvarice>
    </brooks>
    <seconalListyStylate>
      <ephaGuider>levecheMetic</ephaGuider>
    </seconalListyStylate>
    <fanleaf>
      <wove>brazilsPanicumLeapful</wove>
      <plodder>
        <tristamCran>hasn</tristamCran>
      </plodder>
      <peladic gushy="toylikeWoks" embeam="guti7486">
        <ulnarBefistLulabs>cormac</ulnarBefistLulabs>
      </peladic>
      <givenLub shamalo="noelDograLuffed">
        <serer>treeNeyandaBasiate</serer>
      </givenLub>
      <mandomBrightsBadon oneryDibhole="yecchyArrectOttavas">
        <ghetti>mornayLusty</ghetti>
      </mandomBrightsBadon>
    </fanleaf>
    <rundownTotted boogiesCivite="eauxHolden9255">
      <twigger>mahat</twigger>
      <euectic resgat="holts459" nectar="arcade" cowriesCoalyDammar="lawless" bozal="adriftWaf">
        <upgushPredenyHabille>898159</upgushPredenyHabille>
      </euectic>
      <shoalsAlmond opiismTyphlonBert="aetat" mudee="freyrRecceConifer5" jejuneMoughtFadedly="defiedMandom">
        <arboursHydrol>antarSuffari</arboursHydrol>
      </shoalsAlmond>
      <guggleAllay zoboQuippus="880978507" uncoopBeslur="bevomitPyocele">
        <ruthsLagerReside>hopsageScripeeAgar</ruthsLagerReside>
      </guggleAllay>
      <aoudadSnapoutArion>
        <wummanCayapaAureola>8</wummanCayapaAureola>
      </aoudadSnapoutArion>
      <flux loransYrbkPrefool="simarJussel" compsSowerHawkeys="71804">
        <jaloppyTheorumWheesht>decoyedDardSeugh</jaloppyTheorumWheesht>
      </flux>
      <seersWaughy turpeth="settos" inhibit="8536012" losh="chengal">
        <divertsCebathaThreose>jeePlasmin</divertsCebathaThreose>
      </seersWaughy>
      <neogamy prime="8" yangs="3895">
        <pallJilletTwains>courseyFineerTapa</pallJilletTwains>
      </neogamy>
      <sacSachetLammy hypogynEthane="hollaed">
        <acce>rooksHenneryErk</acce>
      </sacSachetLammy>
      <samnani>
        <cesareWidowsIdolum>urucuri</cesareWidowsIdolum>
      </samnani>
      <shikker madronoVioloneFinetop="agleyWhered" zamiaPyruvic="98">
        <meeMuskies>dicer</meeMuskies>
      </shikker>
      <boxcarsDebitumLackeys>
        <atemoyaTunableNicobar>beglareKelima</atemoyaTunableNicobar>
      </boxcarsDebitumLackeys>
      <sompneKarezSlum racheStovies="bobacCoat">
        <cuddyEyrasScoloc>ascesis</cuddyEyrasScoloc>
      </sompneKarezSlum>
      <borerConsent>
        <acanthi>conamedTags</acanthi>
      </borerConsent>
      <gatchSicilyOcean avania="phonghiOutsatUnfaced" precisoKussosPurusha="photonsEmydesCords" queing="caged">
        <tignon>trowels2</tignon>
      </gatchSicilyOcean>
      <salband maimerLairdCrojack="nektonsCoffsLureful">
        <coochDurionsCotyle>unsiegeRegrewDabbled</coochDurionsCotyle>
      </salband>
      <unblessHoiden hobosHuscarlContent="beloutMenfolk738" weeksSwatter="alick">
        <escarpsSeedage>devauntKabukisPave799</escarpsSeedage>
      </unblessHoiden>
      <wairdNaveledMinders cosen="presiftAfloatBricked" plainerRodingCodeia="excystTagsPolt" sicker="957">
        <tackersBusterInterj>rapicPresageTzetzes</tackersBusterInterj>
      </wairdNaveledMinders>
      <femoraChocoan>
        <sieursBesselEnwall>153130487</sieursBesselEnwall>
      </femoraChocoan>
    </rundownTotted>
    <reasonFreaksTurwar>
      <garo>acastusGlistenWarble</garo>
      <doob slimmerVarsityBordel="varanidFarrage" footleMasksMaggy="typicaTriorQuash">
        <knorriaPadouksTruly>203963</knorriaPadouksTruly>
      </doob>
      <hedgyBhistieGloeal cistDrammBashyle="6" pineyCoalingAbolete="49091" wurmalQuabCyanole="eddishFlambee" daydawn="relaxinVacuityUnrung">
        <seawornInciteMafflin>randiesAvatarsFlabra</seawornInciteMafflin>
      </hedgyBhistieGloeal>
      <redansTowdie bolsterPottageTsi="53739" waremanBanal="tipi3246">
        <dofunnyMuvule>bootlegWappatoSwills</dofunnyMuvule>
      </redansTowdie>
      <serosa>
        <placidTheme>leedCalandoNate</placidTheme>
      </serosa>
      <maxRectumsCocain>
        <reynardFetors>dubberEmunge</reynardFetors>
      </maxRectumsCocain>
      <nold cindyZingariUnlime="9" asemiaJesus="514966002" thymeneQuipperPatting="atabekCholentPlacoid" sativa="541001">
        <sprawlsTurrum>318726</sprawlsTurrum>
      </nold>
      <etuaGirdle noricVarsalDort="geckSerow" resue="57">
        <fondly>mattaPlushedTheet</fondly>
      </etuaGirdle>
      <gilliedGogletOarman parazoa="dossety">
        <areachRegCloners>tuchunsEuconicNorelin6</areachRegCloners>
      </gilliedGogletOarman>
      <lungyiGravers seelilyPadouksPotiche="fibsMafurraTonga">
        <candelaSacian>hairseUnthrobLariid8890</candelaSacian>
      </lungyiGravers>
      <clarify solanSpeedKopek="unfullHaori" equuleiPencelSawman="2" enfirmPlattyEquinox="37">
        <percaseDerthRoomlet>lupanarDeepishMerfold</percaseDerthRoomlet>
      </clarify>
      <acptCrotinMollusc>
        <aurigidPintoesUnix>1720549</aurigidPintoesUnix>
      </acptCrotinMollusc>
      <cragsSneapTarter admixUmbles="tsunamiSorbolTorn" precelHallingTript="pht" wamefu="swissesCosenCedrela" alexiaNairLineas="532531320">
        <aneuriaFrillsWatch>198</aneuriaFrillsWatch>
      </cragsSneapTarter>
      <gunwale eupathyCoracleObli="24611">
        <traditeFarceRiantly>lanPronuba</traditeFarceRiantly>
      </gunwale>
      <camaileGalangaSabaton obusJehadWaff="6901661" racialMyrosinDuledge="unnet" fustieRagshagBrogues="chalutz">
        <bequestStuff>207</bequestStuff>
      </camaileGalangaSabaton>
      <florinsLagartoPerkin>
        <ikeHetaeraJennet>8</ikeHetaeraJennet>
      </florinsLagartoPerkin>
      <snawingPalewHylidae warori="diabloOvereat7088" pekoe="emoterMotivo" pionicTopassHeikum="meredCoined" slivingLasiusLaniard="remedeSalviol">
        <doper>inglesPetrean2</doper>
      </snawingPalewHylidae>
      <ryked stigmaLimy="763" karren="33227" osmoseTibbieOras="damning">
        <gunsel>376400</gunsel>
      </ryked>
    </reasonFreaksTurwar>
    <troupes>
      <reavesRadulasQuivery>truisms</reavesRadulasQuivery>
    </troupes>
    <godlike nobut="peyote" babionBoris="spionidAthirst" locarnoPavage="nicksSparsimCancel">
      <mewardElopedPresaw>oratesHinPeles</mewardElopedPresaw>
      <curari dupRusks="torpidsShouTelergy61" mintaka="69487" budwormGunwaleHermits="farting">
        <capraEnring>286</capraEnring>
      </curari>
      <spicantHattic>
        <muritiYoky>potomacCobnutLasius</muritiYoky>
      </spicantHattic>
      <stog spicantCimex="went48" potwork="brashy" billow="spurryAntijam" pewingSelfismClosed="ningpo">
        <aricin>nockedRenvoi</aricin>
      </stog>
      <creply tharmsPinacle="2" croups="6" ungka="salmiac">
        <myosoteVolansEnzooty>fthOthersPaneler</myosoteVolansEnzooty>
      </creply>
      <typhon>
        <ramule>ribbon</ramule>
      </typhon>
    </godlike>
    <fandoms>
      <endive>3</endive>
      <retraitLoeingGuilfat aureiFldxtSiroc="remadeFlexed">
        <cubelet>flopped</cubelet>
      </retraitLoeingGuilfat>
      <angelonSamsienCommis phylaHoggsSaloops="embiidTulare57">
        <unmossyLogria>plattedPotchUlamas</unmossyLogria>
      </angelonSamsienCommis>
      <sey>
        <pedule>ailmentTurrumRinks</pedule>
      </sey>
      <hogsNiminyParting aesirClares="riotedUrao">
        <meseledGranetBrazen>2</meseledGranetBrazen>
      </hogsNiminyParting>
      <geatasJataka>
        <bockeyFlic>spruitNotaeum</bockeyFlic>
      </geatasJataka>
    </fandoms>
    <adobos>
      <bolagShittimWhim>lanxAneathSaronic</bolagShittimWhim>
      <malkinAmpFiji germinIambe="geraticSphericDamper" thronedHods="186" gyratesAdenine="6524">
        <subilia>squozeAblachAbigeat</subilia>
      </malkinAmpFiji>
      <belsEchinusFreeby decoic="lullerAvoureAzonic" klatschBhoosa="2970">
        <naveteRhizoidIllude>1</naveteRhizoidIllude>
      </belsEchinusFreeby>
      <qually behowlsRetypesChip="rarebit" engemAftersFreed="addeemPoind" siglaRuddied="morphiaKluckerProcure" frizzy="83">
        <ternizeSnapsSacian>1</ternizeSnapsSacian>
      </qually>
      <deludedShilled vellute="cribralShahsBimbos" cokingCervoid="53" tecunaCouxio="dansyAnama886">
        <cramped>lobwormAnlagenYakmak</cramped>
      </deludedShilled>
      <detachMumpsOzone pannage="harriet" cessorCrasesKhutbah="bottegaHylidaeFungify">
        <astirHelped>soggedCuttail</astirHelped>
      </detachMumpsOzone>
      <xylolsCresiveSoter>
        <tinsy>seatronTubulus</tinsy>
      </xylolsCresiveSoter>
      <rillesPilon vicedAttackSteer="dooleyPigyardAloadae" claquerProrump="incise845">
        <ser>tylusGutweedDumby</ser>
      </rillesPilon>
      <dureeLoan dolt="baldricTesteesEncrisp" shushScreakJazzily="moperUnride">
        <sedgesGramsSlithy>1</sedgesGramsSlithy>
      </dureeLoan>
      <choribiPelters squizKanchilStaidly="97005472" scampedReusedPositif="gizmo" sermoWithnay="rajpootOustiti">
        <paneled>quassLiebig</paneled>
      </choribiPelters>
      <unhillySnurBalor doles="zoisiteSornare" battiksTetrole="outtalkAcaroid2" clonic="8249">
        <troughsViscose>7</troughsViscose>
      </unhillySnurBalor>
      <dowl gignateKiddierDarkey="picrySlopped2358" snakily="bastardIndict" pablumOghams="shredSpars" miauled="824">
        <paroecy>8</paroecy>
      </dowl>
    </adobos>
    <oportoLoxesCocoyam reswearBerseem="haje" liane="ebcdicOutgazeCuban" kantelaBilkErinite="yerkedSuspendVagary" wouchFumy="bipodsTimetSeines4186" talkyWissel="askable77">
      <enosist>muvuleIowan</enosist>
      <hates mesillaCereousHede="eelback" suerre="nodulesCones1" domingMicerun="fowellsSpiles">
        <ethoses>zygosisRoweled</ethoses>
      </hates>
      <vitesseParine waniganLampoonMavin="flaxenDrovingTruing" soakmanObrize="picara">
        <clarino>cumquatFoin</clarino>
      </vitesseParine>
    </oportoLoxesCocoyam>
    <vowelsWingedMuscot>
      <biomassFanal>gummicCloacae</biomassFanal>
      <preemptBesnowsNetty webbedShitty="subashiHarem229" aunterCassone="coops" ataraxyRebusyAerates="10" maulMgr="smily">
        <getling>chichaAvowing</getling>
      </preemptBesnowsNetty>
    </vowelsWingedMuscot>
    <cessioSlappy prositNegundo="sorbing" anarchAmbitalGunate="fissuryIronice" decodon="hormismDocityEmphase913">
      <charely>kwhrUnjamHowsour</charely>
      <madidStrips tailerTwiddle="summonCrazed" ditolyl="outrove">
        <usurer>gaunt</usurer>
      </madidStrips>
      <fleechNibbleRetrace joyletSkreigh="tuningMawseedMadmen">
        <resizedRewelds>osiersVerditeKommos</resizedRewelds>
      </fleechNibbleRetrace>
      <iridesFlexity margedFandoms="beigy" protendSpaikGenetor="ratafee" collaLadinLazar="650" geatasAgeismOutcant="snorkerDebited">
        <misfileAxstoneAnimi>bole</misfileAxstoneAnimi>
      </iridesFlexity>
      <sinopiaBactrisPavis>
        <cscTrpset>4410667</cscTrpset>
      </sinopiaBactrisPavis>
      <jolterBounderDiscamp>
        <baburdPiscidKnoppie>nextly</baburdPiscidKnoppie>
      </jolterBounderDiscamp>
      <reninRingy>
        <cratingComtian>dhotee</cratingComtian>
      </reninRingy>
      <totoPanos trubComatik="zincy" whiffsCruses="dikesKotowerDulls" mopesConchol="cleekedUnzeUnhele" crohCohue="lukeCobbsChitty">
        <intakeWod>gleetChegoeThujyl</intakeWod>
      </totoPanos>
    </cessioSlappy>
    <rezonedChoppedSkiving toxonAtavusMens="chabBinodeKingcup" unopedMongery="reheatPurportHypaton">
      <appeteQuelitePyloric>santirsCopist</appeteQuelitePyloric>
      <eveseHilting couldn="decklesTowersHormigo439" pixieCograil="fusure" broncosBlypesGulling="1252" uppitySaunter="bozos">
        <briningSensal>lacunarBegobs</briningSensal>
      </eveseHilting>
      <akeakeWhorle balsamo="walkingFatless">
        <upfloatCrimine>tirrKepi3611</upfloatCrimine>
      </akeakeWhorle>
      <azhaWartKatana nunni="poppelRori" cohoRoutier="jelib" mortier="camelusRuther61">
        <phippeRondure>68915</phippeRondure>
      </azhaWartKatana>
      <bailieNerkaBachel gateman="chenierSubitemKaimo" cabbler="libitum" cassateYoeLumpmen="540636403" regush="rocklet">
        <motte>outlawBarrowsAnele</motte>
      </bailieNerkaBachel>
      <towWhimsyPiscis lookingKitabPedlars="lineupMauri" heleGuanase="adapt66" indazolGraunt="17" indowsTenio="80377">
        <levo>unacute</levo>
      </towWhimsyPiscis>
      <caphsWhitensBiases bournPadlike="acetoneThienyl" elegist="cashes6">
        <bygo>constTolled</bygo>
      </caphsWhitensBiases>
      <molas hoopmanLookWedding="134" missangGlycanWorldy="queak" yourt="bespeteRaphaelPrills142">
        <tumphyHauteur>eerieBooms</tumphyHauteur>
      </molas>
      <mentors>
        <accourtSkites>elepaio</accourtSkites>
      </mentors>
      <bearcat rikshasEmboil="gonagiaUncleftSeres" eerierLayaway="iraniEpileny13" purringWafd="soso6018" guestIcebergBuncoed="sonderLeads">
        <simiidTarsaleRagee>octaryGodlingBarer</simiidTarsaleRagee>
      </bearcat>
    </rezonedChoppedSkiving>
    <aquoseDiauBlanch>
      <gravers>hurleys</gravers>
      <iriditeShoed caesar="94" fiefdomMaanaBassi="puckerOgees" gibaroPlasminOutgo="hafganNus" witchetBegumDiosmin="hobilerYaguazaHusks6224">
        <elateProtyl>orogenLignousWrabbe</elateProtyl>
      </iriditeShoed>
      <cafoyKhahoon bedsore="ankerPagnesSteerer" hacklogCamusedSubicle="dribLolls49">
        <retrue>667458262</retrue>
      </cafoyKhahoon>
      <mystax furler="sploitPinulus" sauces="186583" lentiskBoohoos="teflonAuritedBlawn1076">
        <bonorumBloutForfear>blowyStrollOboist</bonorumBloutForfear>
      </mystax>
      <cetylic agoing="giltenIsoamylGenal" apprendTwelveTorsten="17872" popjoyPithier="bunglesReaalMes" falcons="140798">
        <knaggedHanced>nestorsGusset</knaggedHanced>
      </cetylic>
      <anonol ocherBurutMistico="outstayTaillie" vaadChirm="hangbyDared" fervors="keets" pushersFusuma="2">
        <spilthsSubMildewy>eidolic298</spilthsSubMildewy>
      </anonol>
      <sargosWoodboxPneuma townish="pigdan">
        <salwinSluther>azygote</salwinSluther>
      </sargosWoodboxPneuma>
      <glick upbinds="hummeriCutoff" piloteeTeatGraith="2475" honed="tufts">
        <dizdarOzan>40</dizdarOzan>
      </glick>
      <morphicLinty>
        <alphornAldernGraded>888365506</alphornAldernGraded>
      </morphicLinty>
      <hakeems>
        <bluecapChristsKetogen>daneFindal</bluecapChristsKetogen>
      </hakeems>
      <slicksUndines externaButine="gelly2" sanes="gaolagePealikeBerbers" goldneyInanelyDaffed="bravoNitentVernier8">
        <quintin>subslot1849</quintin>
      </slicksUndines>
      <amotionFoulerTurse>
        <sramanaPeavine>ornisGregos</sramanaPeavine>
      </amotionFoulerTurse>
      <loobilyBears gillsCruet="dewal" kbps="dudmanNudgersSimeon" muggerCoasterMollie="275">
        <rheebokRemanetAnklet>cocoEscalan</rheebokRemanetAnklet>
      </loobilyBears>
      <xema poianaBarrage="aboveErsSomital" joebush="flipeTrilabe">
        <spars>5</spars>
      </xema>
      <sativaSangil sikhAve="glome">
        <mackledBatten>45786</mackledBatten>
      </sativaSangil>
      <reusingPiraya skimos="madoqua" borsWheedleFungusy="callowMatures">
        <azofy>levelly</azofy>
      </reusingPiraya>
      <reiceKnawelsTilyer tombacHalimotRaring="swonkenBilletyGuls" iliahi="drivers" hyalinNonane="davielyMath" jinriki="43305769">
        <aporosaCoom>greedsOrchid8</aporosaCoom>
      </reiceKnawelsTilyer>
    </aquoseDiauBlanch>
    <nimrod>
      <amylumGlamorCoss>boulimy</amylumGlamorCoss>
    </nimrod>
    <frache stog="testaoOverbig2013" capitanFoliumQueery="iterumHalvahsJulep2113">
      <lazarsBabooshAmole>9476317</lazarsBabooshAmole>
    </frache>
    <pureesPutageEscoted sayableUnfusedAdvowee="1455944" moolasSark="couchyPersian" arling="7968" dynelLeah="maximinCatena" dawningCanosGeiger="hetairyPyrola" ciconiaDecadNicety="subet558" recockCastanoJuncat="numbat">
      <cassoniBewall>toggeryBoobs</cassoniBewall>
    </pureesPutageEscoted>
  </amidid>
  <reable clew="leakyBinghi" crammelGabbardSharra="374" banty="cashoosHoyaGooky" nursesRegrown="ugroid">
    <ulnariaGoudy>
      <locatioSodworkCalchas>19234705</locatioSodworkCalchas>
      <vibix wid="541052" teras="twirly">
        <sockmenNablas>taceHobsSioux</sockmenNablas>
      </vibix>
      <hyoides>
        <branlesMulettaTeenier>indrapeInhereFluyts</branlesMulettaTeenier>
      </hyoides>
      <crudelyHubcapYarly buffetHeuvel="polyneeDignityTorfle" hillaryParietSubilia="rhamnalTailzeePicacho" whaFickle="cajetaEsnecy" conreyAccum="animasTightsWakeful">
        <daukDisrateHymnal>roisterNewsy55</daukDisrateHymnal>
      </crudelyHubcapYarly>
      <agrotisEgards clariesApardon="porism" relJalopy="13414" apiliThermeTergum="shaughs1330" xarque="suckerTisar">
        <kayCanevaJubilar>stichel</kayCanevaJubilar>
      </agrotisEgards>
      <podetiaFiantsSkirreh>
        <invectAbamps>kaidScythicViagram349</invectAbamps>
      </podetiaFiantsSkirreh>
      <immixes suesKhatKueh="coombesNephricArtiste6473" bougies="8" ferias="zirciteEmprime476">
        <espial>sunbakeTurfen</espial>
      </immixes>
      <abbott sweltGelt="hartenParsedCorver" lathing="garlopaGaylyTimote" tippySwears="clonosBalatteTermors">
        <riceStoups>9</riceStoups>
      </abbott>
      <opinantTylus fijiShopletIngate="aortae" dentelUpbay="hallboyPhotos" mardy="cutoutsAghori" caversInsanerClash="60826422">
        <mealock>peahens659</mealock>
      </opinantTylus>
      <shoeingBashara viols="dinking">
        <tenguPaniscButeo>speil</tenguPaniscButeo>
      </shoeingBashara>
      <cooeyQurtiHalyard poopSoave="troutsMayansAdmit" kippyAonach="9071275" blowth="dodgerRedbugs">
        <teleiFreaksSeizing>fellersDomiteMalleli</teleiFreaksSeizing>
      </cooeyQurtiHalyard>
      <rechaosPilonInstar>
        <squeals>nomblesLarrupDallan</squeals>
      </rechaosPilonInstar>
      <jamiCapcaseWaft incisor="valuedPuffin" gradateYiteAmlacra="5" dhoonStrialAgamae="summutSeedlip">
        <dofunnySeinersSebate>hotheadAmadiCried</dofunnySeinersSebate>
      </jamiCapcaseWaft>
      <earless kalema="klezmerQuallyAplites706" greithClinics="30" bunyasUnslaveMoutan="buddleHotkeyTiglon">
        <sippy>floeyBeladyGrubber</sippy>
      </earless>
      <aquageAuturgy thro="2724659" porogamMonishStyrone="tunhoofChunga" libidos="bussesDenis">
        <grignetPoultry>misgo</grignetPoultry>
      </aquageAuturgy>
    </ulnariaGoudy>
    <akalaBeckett>
      <thrawedSprunnyTriblet>soleynePawers1</thrawedSprunnyTriblet>
    </akalaBeckett>
    <prolegsModocEviting>
      <cactusVariateUnfence>dellsCraal</cactusVariateUnfence>
      <abortedRudolfCaunos wooerGuacosMouch="defuses" chooseyVelites="39235499">
        <hallboy>pelageTends422</hallboy>
      </abortedRudolfCaunos>
      <putsAtka faeculaEndysis="serrulaAltared">
        <prunt>mahi28</prunt>
      </putsAtka>
      <glikeTiedogPushpin azurousBusky="puppisMontyDenim">
        <gaufre>saigonVughGallish</gaufre>
      </glikeTiedogPushpin>
      <fussAstone oieScannerTargum="upcastDrainsSabring" gigaWineyGriping="4603912" gorstHidingIbad="batsmanFuzzed">
        <regaledVenusKidhood>lugsome</regaledVenusKidhood>
      </fussAstone>
      <aptestWeariedOutas>
        <whitlowElmerFowlers>alpholPeptize</whitlowElmerFowlers>
      </aptestWeariedOutas>
      <domalCossas hancedGaulter="mowland" bummackStupheSourer="reveil2" steedsMiraVitrial="651710604" pleis="anoesiaWytedGulfier">
        <savacu>7508743</savacu>
      </domalCossas>
      <fiddled alosaShusher="slingerSkodaic">
        <mooseyMinever>physicsTinger</mooseyMinever>
      </fiddled>
      <stenchyBogum uptakesTitler="9452" tanegaEoleThwack="1601">
        <hoovey>ewerer</hoovey>
      </stenchyBogum>
      <scalpsCorver urinaryGageite="birgusThuan" furzes="australCee" nidderParersBoyards="burrioMbubaShogs">
        <reemit>98384</reemit>
      </scalpsCorver>
      <maddensAphesis nozi="ladakin" cuevaOpuntiaSardel="5" tentersZosteraLauders="floaterIndrape6207">
        <urnsPajamas>wildersHalter327</urnsPajamas>
      </maddensAphesis>
      <madroaScaletSquamae umbrere="ducaton" varunaPectous="briosDefrock" sylva="logjamOuthurlStue">
        <sudicMelisma>rosehipLapsusUnsoled</sudicMelisma>
      </madroaScaletSquamae>
    </prolegsModocEviting>
    <shriekParous jerkin="deloulTuebor" abayahSupersUncoded="255" nanda="byes55" undenTwitted="rumourLondonMalayic">
      <myrtle>mummerTalpifyDight</myrtle>
    </shriekParous>
    <oakboyPurimAholds>
      <ouchAgrufeGazania>oscanEsau</ouchAgrufeGazania>
      <hethenWissleBureau ferret="splents" hillyCasaba="alveoleMuckmanJimmied">
        <lankSlotter>1723468</lankSlotter>
      </hethenWissleBureau>
      <typees spinae="brutingBackieNonvoid" syrups="restampKurt5212">
        <semitic>gittite</semitic>
      </typees>
      <luciveeRedatesFungin>
        <realismCleatedCharas>senegin</realismCleatedCharas>
      </luciveeRedatesFungin>
      <lappishAlbumenFucks heloe="banlieuOpai" dicecupKatydid="similarWhiterSchoche" fudgingPressSemes="scrae">
        <saved>orogenyCannCytoid4499</saved>
      </lappishAlbumenFucks>
      <ducdameDashes ovisUndownyGymnic="dimaneShamal" airshipSibship="hussyCloghadPoodle">
        <sobberCulrageBakes>teargasBesingBaiters</sobberCulrageBakes>
      </ducdameDashes>
      <durosFemicBusyish shoppeNoting="yodeBegary134" pterin="9330" ratatatForker="klutzyPleas" firked="82544135">
        <bullous>sciuridColicinLadings</bullous>
      </durosFemicBusyish>
      <raja acrossAmrita="archersToluatePolloi" put="lovery" daytimeLemonyBecuiba="daciticPauserSubdues">
        <irisPhasmidCoved>oyersGenome</irisPhasmidCoved>
      </raja>
      <prionidSkrupulZenaga>
        <plookRappels>diol</plookRappels>
      </prionidSkrupulZenaga>
      <buffosEger chappeAdzooksWauch="1770143" heroinMnem="terror">
        <fuchsin>geoduckSorrows57</fuchsin>
      </buffosEger>
      <xysters>
        <mim>defeise7596</mim>
      </xysters>
      <sifeSlackenZar glazersLateradRazer="joinedGurletSeducee868" trishawRotes="feedingMucors" shivas="titteryHotkey">
        <jackmenJinglerFigeter>bestialGabe7196</jackmenJinglerFigeter>
      </sifeSlackenZar>
      <pulsionLineage doatsHerem="knowerKetimin" bogy="roost9" cobbyLemmataMadams="27287918" housal="167862">
        <begulfsIxilGrogger>39</begulfsIxilGrogger>
      </pulsionLineage>
      <ensurerReefing>
        <daunt>aquateCereus</daunt>
      </ensurerReefing>
      <tarres cushier="2118" erosive="oilletAlpacaCheeter" creeshyYowleyUnbind="browedQuirksBatoid" rebuke="fagotEspinoDobroes">
        <obiter>markupPursySpug</obiter>
      </tarres>
      <nowts eludersBilos="eprosy1933" dagoFulgora="rakeeBeslab" gluedFanners="banjukeSorgo" abkhas="begrownAvestaLeafs">
        <oinkOsmolarBeadle>oboe236</oinkOsmolarBeadle>
      </nowts>
      <stddmp glike="stadiePangasOpera77">
        <laddockBismite>glaceedBriolet</laddockBismite>
      </stddmp>
      <souushPontinMilking adonist="4500" montjoy="monomyaSteemWefty">
        <keepnet>fuguingDelaceGarbell2155</keepnet>
      </souushPontinMilking>
      <brairdOutrow embain="riveterYanderFusain">
        <laded>doddie</laded>
      </brairdOutrow>
      <gurtHoars tyloma="unpass" dobyPinjaneUnwit="vizored6715" ferigeeBefoul="174405">
        <cliffyPrizes>wipePrevize</cliffyPrizes>
      </gurtHoars>
    </oakboyPurimAholds>
    <skeegTsatlee>
      <fdnamesGravelPahutan>berserkPoniedSpumes58</fdnamesGravelPahutan>
      <focusSufiCpi>
        <geswarp>sexifidBestockScrewy</geswarp>
      </focusSufiCpi>
      <misdrawThak mercersCeriasAlcumy="sunbird32" burrosBeverFourble="patriot9041" belord="arnattoEuxineUnwoven">
        <signate>wispPopdockAwald</signate>
      </misdrawThak>
      <canamoRebellyProtium>
        <loomsAphoniaMascots>spideryStookSolert</loomsAphoniaMascots>
      </canamoRebellyProtium>
      <newark>
        <cryptalBesigh>shocksKabyle8</cryptalBesigh>
      </newark>
    </skeegTsatlee>
    <corodyCarnify>
      <derails>morosisKantenApothem</derails>
      <kins akmiteKokumBroider="tweetsKouroi370">
        <sulk>waggedMexico</sulk>
      </kins>
      <linderAttaste bushetUltras="koasAerogel45" yaffDunkingEpigyne="babsSaveloyDeipara" ravelerRotatedRebegin="aeolusPeddlerAreolae">
        <galenasCoatiLare>caseins</galenasCoatiLare>
      </linderAttaste>
      <peavineGroupedNitro debyesLiinChisled="jan">
        <kwazokuTutorlySpheral>maycockEuodicUlulu47</kwazokuTutorlySpheral>
      </peavineGroupedNitro>
      <owlhead>
        <willy>masseurWickupPhanic</willy>
      </owlhead>
      <versionRuderalSil burdockThof="foggaraTilingsReswarm25">
        <besouthOpahs>664976047</besouthOpahs>
      </versionRuderalSil>
      <koibalCateranIntact>
        <jagatPrepend>prosaicAtopite13</jagatPrepend>
      </koibalCateranIntact>
      <nosier ourebi="coventAsprawlTherial">
        <courtsUncages>corkingTrapeze</courtsUncages>
      </nosier>
      <hollinArmadas>
        <opingRingy>80373907</opingRingy>
      </hollinArmadas>
      <bigwig gunnelMyopia="homelynTunket598" scullUnwound="nutgall" caulsChimar="kokowaiZilpahMasse" pundits="sonly">
        <gaugesFloat>chukorBlinger</gaugesFloat>
      </bigwig>
      <gweduc abaveWayward="keloidsKarlingDurion9" lithe="praetor" curacy="exister">
        <begluc>doter62</begluc>
      </gweduc>
      <led eluateZaptiahTarpan="abatorGeomantLucrous" ordererWoozily="72833" snoekJaseys="melonsTenguGloriam" wurley="reshew">
        <waffieKaduCamilla>saletMoldsAvenges2</waffieKaduCamilla>
      </led>
      <restioGrubber fanwork="bahadurConvitoNailset" boreanCamboge="3">
        <carlistPrana>1824</carlistPrana>
      </restioGrubber>
    </corodyCarnify>
    <carterRamoonUucpnet>
      <milkoShikken>634400453</milkoShikken>
      <kludges ligulesJivaran="domageAnice" nipples="exodeSaice" whiba="yahwistTuneupsAmentia15" tombolaShyster="soleraDeepishThrang">
        <epigoneBoomed>8388587</epigoneBoomed>
      </kludges>
      <blatsOriansTitlist eryxPaludicEnamine="rampant" gallantExtructActing="rotalRefr">
        <yucked>toper</yucked>
      </blatsOriansTitlist>
      <arthurFragged liverCurnsWeskits="rulersSyretteChapper" abodes="tabstop" babish="hoists95">
        <doated>parodosPsychidItoism836</doated>
      </arthurFragged>
      <eboniteRazorsRus ungruff="4981876" twosome="zarnecZaitha" valetaCuttlesSaber="40490153">
        <byzantBytalksEuectic>exedeFiador</byzantBytalksEuectic>
      </eboniteRazorsRus>
      <coexertMadcaps jacanas="poritesRudge" corsetCowpen="ptinoidCankersRussud">
        <dowdierGenepi>838364</dowdierGenepi>
      </coexertMadcaps>
      <readilyCaryaRuddles olonaPeseta="brawerPuggedTeguima" ernieLutists="sauldWanrufeKongu" entasiaAlichelAndy="8653450">
        <resews>nosselSamnite</resews>
      </readilyCaryaRuddles>
      <nitroDictic jewing="sealikeLetches" prajnaWhelmsRenvoi="shushed">
        <cudgels>43550</cudgels>
      </nitroDictic>
      <oilily>
        <merinos>spyismLustily2330</merinos>
      </oilily>
      <dicingScamler jeuxAtoxic="augerWelded">
        <rillingMerula>50751443</rillingMerula>
      </dicingScamler>
    </carterRamoonUucpnet>
    <thereonClads vinyMuller="92985631" peahenFraised="12485" ppdAkongeAlder="proxenyLaxityMorsel" morraGolfdom="chawnDrowsedChati7809">
      <jeannieVeruled>cacodyl6067</jeannieVeruled>
      <colmarTrueing swathyGurniadUnbait="sonicSleyerDowing" squame="okayedDuan" knottedKeeling="spallsDyads">
        <gnomes>beteela</gnomes>
      </colmarTrueing>
      <aviticCaulote tautensHayrake="poodleGunlGargety">
        <confessLignose>rudityReshunt</confessLignose>
      </aviticCaulote>
      <phearseHijackWagsome>
        <botches>glebyAahed</botches>
      </phearseHijackWagsome>
      <shutingTetrazo coronet="pegmanUpmast" pellian="piattiSepioid">
        <patios>470322</patios>
      </shutingTetrazo>
      <satarasDefacerSobs>
        <narenTarnish>929321078</narenTarnish>
      </satarasDefacerSobs>
      <grolier tutinPurfledCaic="chatti">
        <hoarsRentalApulian>cadgingMajosConed</hoarsRentalApulian>
      </grolier>
      <outkeptPapelon shraveEildAliners="daterDriddle" kumykParaphs="whilieVaseful70" powerRoaring="5540" figaryFascis="coplotsPrecentUndeep8">
        <reindexSalivalFurl>bowery</reindexSalivalFurl>
      </outkeptPapelon>
      <mousme mossesProbant="jagath" telfer="34">
        <pittiteTawkee>tamaAngrite</pittiteTawkee>
      </mousme>
      <indinMosetteForams>
        <dimityUmiaqs>haftedMooter</dimityUmiaqs>
      </indinMosetteForams>
      <lowbred raninaGoitersMosk="526459830">
        <kabietBold>paddedCassy</kabietBold>
      </lowbred>
      <artMilos keen="lillyDismesEgress" schnitzDeedboxRonga="metisseTregetForbad" aperchReevoke="wangle">
        <hognutTimbalsExceeds>42501954</hognutTimbalsExceeds>
      </artMilos>
    </thereonClads>
    <bum>
      <tinnedNerolMilvine>saltsAportTavy</tinnedNerolMilvine>
      <kanawhaAirbusLubbers choise="trismic" unducalHennyAdit="22301" fidalgoHeaveMulita="bargingPawing">
        <flossedAloud>etnaBiodCaliper</flossedAloud>
      </kanawhaAirbusLubbers>
    </bum>
    <cymaeCleamTildes>
      <zanyishTastenApayao>rymeAidmanRiggish94</zanyishTastenApayao>
      <momble mahsur="ulans" snorers="19738301" inhameAgria="107451">
        <farceMalarAcrawl>kephirPulk</farceMalarAcrawl>
      </momble>
      <mailbag penheadThimberBraza="preloanWaggled" biogasIulusLauia="loginsWhilst">
        <chiro>109</chiro>
      </mailbag>
      <loving vieClisere="ratsPewage" parpalJavali="poudret" timpanoBovidScags="byremanDavoch">
        <trooperAmatolShacky>subsortSteaded</trooperAmatolShacky>
      </loving>
      <neutralAsaphMopper>
        <inweed>issuersJoveVogul5</inweed>
      </neutralAsaphMopper>
      <yirred fumarinSpettle="yarmEphahGoers">
        <barbita>proteus1</barbita>
      </yirred>
      <fillsThecla cicadAurorae="budded" warheadUpwellDynam="serries" bantay="repaperDusty" puddy="mergingImpis">
        <storerGeswarpDiced>moppersBudgies</storerGeswarpDiced>
      </fillsThecla>
      <cravesRonion>
        <chewsProfAchuete>hardieMulletsAbfarad</chewsProfAchuete>
      </cravesRonion>
      <romeite bcfBoosyRamack="orchatPilotiTurtur9284" scuppitLintsNodiak="frothedTomes93">
        <flimmer>apogamy</flimmer>
      </romeite>
      <prepaveEmissiTyphoid>
        <rioter>tarlike</rioter>
      </prepaveEmissiTyphoid>
      <intakesNobbilyTrusted cresols="tangoPapier578" lipomas="maceman" morae="moriceLorries">
        <royAllezAmidate>tensileBeck</royAllezAmidate>
      </intakesNobbilyTrusted>
      <adorDorine tarbox="ignored4232">
        <markmanFlathatTotery>riccia203</markmanFlathatTotery>
      </adorDorine>
    </cymaeCleamTildes>
    <curpleAseethe>
      <unbasedBroidRemede>muscotBosniac</unbasedBroidRemede>
      <labourHeros curarasOutgas="swapQueyBugi" eucalynUnlist="1359444">
        <lorenzo>catteryCuorinTogo9806</lorenzo>
      </labourHeros>
      <cylNobodyd>
        <cortaro>sardineBooterSic2058</cortaro>
      </cylNobodyd>
      <ailanto kandol="sternlyEvelong" summing="dikageIotize78" luxusLophiidBecramp="81" fundic="sirplePommy">
        <glassedKozo>dinusDouarAdopted</glassedKozo>
      </ailanto>
      <mucedin charciaUnthinkChawer="224203">
        <sawnebVesanic>atelierTenablyOnboard</sawnebVesanic>
      </mucedin>
      <glyoxalHailingChurns narwalBefools="50341" outpushSurgeryCurara="outfeedHammierAddax" choke="todditePiratry" speilsDaubersPeeler="talipedBowie">
        <metopeUnladesBanjuke>bottu</metopeUnladesBanjuke>
      </glyoxalHailingChurns>
      <gentesSubmain alignKamahiHazel="usurpedBryozoa" roomyInfarctAunter="buybackSirian">
        <wudge>seamarkProphet</wudge>
      </gentesSubmain>
    </curpleAseethe>
    <rummierGerents>
      <refusedCibouleOpts>increepBradawlHure</refusedCibouleOpts>
      <rhemistCotylar estrinShoop="timpanaClothy">
        <wystyCongoesAminish>mullerPavings</wystyCongoesAminish>
      </rhemistCotylar>
      <afters scaglia="obtundsAdapisGrype">
        <kurschBaw>193345</kurschBaw>
      </afters>
      <umbral tessara="tetard" hyenasGothiteScudded="weseLeachProwls" tholliMoabiteSmriti="latinGeoids910" velarSorghumPote="tamburAdosSpiling">
        <abiponManuaoBedad>536952272</abiponManuaoBedad>
      </umbral>
      <indearPhonal outjestCurule="milreis" scragsIsurus="sloidPanure" muttenKhisAswoon="sutoriaBravery7">
        <verbyRustier>yucca34</verbyRustier>
      </indearPhonal>
      <gpss hantleUnfence="upflung" eeyuckBlueingDepside="ceriums7" ropewayTutelar="453133079">
        <heuk>unmeekMiao471</heuk>
      </gpss>
      <peals mojoRuins="komatikGynura" rettore="mimicsAbomineFirsts" martelRewinJelloid="koilBrasier9">
        <voleryPondageOutsing>scalma</voleryPondageOutsing>
      </peals>
      <spools toppleAbrazoLichen="mimine" miter="actine" echoeyDipolarTahanun="159" gritted="subitemAbsentsChirper36">
        <gidyeaExarchGally>regald</gidyeaExarchGally>
      </spools>
      <scibileSmilers>
        <creatorPlagose>2</creatorPlagose>
      </scibileSmilers>
      <toriMinahVeneers courtinVehmic="aburtonRusset" maturePinene="happy" fovealMoneyer="kazakBungledBabist">
        <begutCuminylAwalt>doli9</begutCuminylAwalt>
      </toriMinahVeneers>
      <bergerJuridicAccum>
        <ambientUmiaqs>scoliaDeer</ambientUmiaqs>
      </bergerJuridicAccum>
      <xvii hominid="finalsSabujaBunder" baburdMaddock="bandhuGnatter23" agalaxyCum="jehuVicugna26">
        <shluhEpimerCeramic>cascrom</shluhEpimerCeramic>
      </xvii>
      <beglozeRooving urbanaSaltaryEmforth="decorsSexernLyrics5">
        <morendoReredos>rubierJaggersCrease</morendoReredos>
      </beglozeRooving>
      <bumpingTobiahButyr animineUnami="chest" notated="bown" wardian="unstyEpisciaZachun">
        <behelp>8</behelp>
      </bumpingTobiahButyr>
      <heel>
        <oxonianLackeysIts>292863</oxonianLackeysIts>
      </heel>
    </rummierGerents>
    <suciParsers spikierPinkeny="harpago" huspel="nomineKrauts" ayenstPurty="14367911" yarke="turacouSencioKenno" safarisChappin="eof" turioMahout="gymsiaPargeVapory" slitty="compeerFeasant">
      <vilifyTeicher>soonest</vilifyTeicher>
    </suciParsers>
    <tamalPiecerAblepsy upwent="dorr" dasherSighten="bumbass" moiled="keith" pulletsFiliteEtonian="sinapinAstond" hoked="hahCasabaCharmer" ninons="biarchyBesugoBoubous" inbuiltBodoniTownees="proved">
      <neseEmpory>vintaMummsArrive</neseEmpory>
      <redias scuddedStriveCadee="remoted" sidaCordyLollard="prequelCaufDaydawn" euripusHelodes="fairs" nydiaComing="tokelauSuccoth">
        <lleuSeiNotus>seeped</lleuSeiNotus>
      </redias>
      <keptPropelsRigsby>
        <hyalinTurnipFurrowy>palmitoCalk</hyalinTurnipFurrowy>
      </keptPropelsRigsby>
      <vellumsGypsum>
        <upsweepKisses>ozaena841</upsweepKisses>
      </vellumsGypsum>
    </tamalPiecerAblepsy>
    <brakier>
      <booty>muddier</booty>
    </brakier>
    <wriedRepostGipsyfy>
      <mancalaRufousCrozes>swayfulTerasPrs</mancalaRufousCrozes>
      <reshOrbedAssert>
        <carolCariri>guaymieHuspilSeeders</carolCariri>
      </reshOrbedAssert>
      <searerFrontadDanakil>
        <dapple>bigaeBouvierBurnt</dapple>
      </searerFrontadDanakil>
      <crowdieKabaka brechamBagnio="dirten" availsHedgesSepium="juntoVade">
        <favoredDognapDamply>tivy</favoredDognapDamply>
      </crowdieKabaka>
      <anemicLippySkiwies flossaSnakierMartu="crispsSuburbPackers" detinue="unquietSkink" puton="geestWharfSoared" rotamen="entoil">
        <cloacaTakefulWhat>spiltLesya7339</cloacaTakefulWhat>
      </anemicLippySkiwies>
      <pileumDecrew hotshotBiphaseEnhusk="pylarWithins" snowkBoursePiupiu="whiskinLiddedChanged" coppa="cuppingVaguity" micahWusser="625">
        <emboundChicagoBrith>amylene4</emboundChicagoBrith>
      </pileumDecrew>
      <linFulfulEdental wideKithsCombes="unquodUtrechtFurison" sketchy="zabetaFartlek">
        <sawingMiszone>29161643</sawingMiszone>
      </linFulfulEdental>
      <views>
        <halide>pleuronLademan</halide>
      </views>
      <adjutorGaitingChalaza bidderyBrike="37">
        <blennyCouxia>97</blennyCouxia>
      </adjutorGaitingChalaza>
      <treksAbsit>
        <buildup>unprime</buildup>
      </treksAbsit>
    </wriedRepostGipsyfy>
    <emoting>
      <lehayDrizzle>2758</lehayDrizzle>
      <sussexBadged>
        <carterTirlingApercus>731</carterTirlingApercus>
      </sussexBadged>
      <bungsBouclLimeys cepous="359" plangMiscopyBudded="9283">
        <babuism>gottaLoiasisSwathed9</babuism>
      </bungsBouclLimeys>
      <uxorisFeudsCatched gummierLayeredBiblist="amisBromaYohimbi807" wincerAkron="hanging66" vintageDoggerIns="bournsTale4">
        <whealyAnent>boxierOozyGaiting</whealyAnent>
      </uxorisFeudsCatched>
      <reinsCockupUtter dioxideAgly="sworderMandom" mine="fistulaKissar" kyriesAnthoodBluffly="frog">
        <starik>spasmLakke</starik>
      </reinsCockupUtter>
      <saviorJobade kippyBiolVarsha="78927352" dovesKiswaSaurel="1545956" effluveOgaireAbsorbs="giarraPeltish">
        <chiliRavelinOohing>6</chiliRavelinOohing>
      </saviorJobade>
      <embox arghelCageyRanked="7141201" haideeOastsYakking="1">
        <jessamyAdeliza>koineDroptUnendly</jessamyAdeliza>
      </embox>
      <caproin defuzeMarkebDrive="662">
        <cuculle>787</cuculle>
      </caproin>
      <rumdumTritiumSponge druttleChute="bisetHereof" pebrineCueva="coulierEndarkPronity" sinsionEbony="eroticaSordoJufti">
        <paraleArugolaInlands>kalendSafarLouvar</paraleArugolaInlands>
      </rumdumTritiumSponge>
      <pilusliExarchsCecils germyWhipsaw="bahar" oedipus="uraniid" enchymaAftergoIncr="indene">
        <cycleLigulas>aquila</cycleLigulas>
      </pilusliExarchsCecils>
      <teaty>
        <paroticSamekhsValues>marmose</paroticSamekhsValues>
      </teaty>
      <putAporiasWhuskie>
        <truestVerbsPloceus>repHoward</truestVerbsPloceus>
      </putAporiasWhuskie>
      <bacileWrungMappist tribracAdevismAzophen="24">
        <neocenePetrols>aire</neocenePetrols>
      </bacileWrungMappist>
      <clashy>
        <nogheadTanier>wharrow</nogheadTanier>
      </clashy>
    </emoting>
    <duplify gobiesCornualRatti="warden" proc="paladinGelidPinus">
      <dashing>serioCannWryness34</dashing>
      <ronga lockUnsunnyPaced="reitbokEmblema" boardlySenors="brisks2553">
        <sootSpencieSarigue>prinksRepinsStorage4080</sootSpencieSarigue>
      </ronga>
      <slabbyAmolesEmrode staresAvoutry="ration" compoed="waasiRoughy7511" chonkSeaxFetor="absist" bayz="howls">
        <twisted>enshellRigadigNettle</twisted>
      </slabbyAmolesEmrode>
    </duplify>
  </reable>
  <jamshidWoppish humlieBiotronVese="adjurerOrdered">
    <glakedLobbySpuffle eutaxicRefanTappers="bayongSwede" grittenProsoma="holdFondantMisword" stgeDuliasKnez="gasmanSubbeau" fellateCarhopsTweaks="binmenDim" engridKnezi="fussed" forrard="unworldRaneesLibre" champNeemMoonily="waughCardoSelsyn">
      <barbutRhagonPinnae>rangedRearraySessa</barbutRhagonPinnae>
    </glakedLobbySpuffle>
    <ridleysIdeatedPyaemic acerola="jaybirdReariseGheleem">
      <busiesMadrier>ovalsHeyratVetus</busiesMadrier>
      <mewling egriotIrked="hits" predateWearierBracked="yousPipiloOlympia" bonyRibbon="76">
        <hostryCarksWolfed>woddieFoggageBayous37</hostryCarksWolfed>
      </mewling>
      <beyondTibiad>
        <upbraid>shaupFardels</upbraid>
      </beyondTibiad>
      <gonzoBeirutDeitate>
        <baign>jinkersPadeye2</baign>
      </gonzoBeirutDeitate>
      <tottle>
        <allayerHexapedLogger>bobadilInbreedPoorest</allayerHexapedLogger>
      </tottle>
      <sackMohawks choel="72" tammies="witneys8">
        <solandTannoidTzarist>8103500</solandTannoidTzarist>
      </sackMohawks>
      <deicticTit aliptesInburstAmyl="upstaffVeepsReword">
        <totemWurmal>tutin</totemWurmal>
      </deicticTit>
      <saulgeOsamineGourmet tabanusCrosses="parlorGrecism4067">
        <montia>asopClunkedTacts</montia>
      </saulgeOsamineGourmet>
      <dirling kamiksTorgotWiled="2962493">
        <quakedYday>sauroidFleshedSonant5</quakedYday>
      </dirling>
      <bocksHaircapJacktan forthgo="9296" yezidiObits="upleapHemineRechaw" cardiaeCampho="tonlets">
        <shamBlartGiron>spatterAcross121</shamBlartGiron>
      </bocksHaircapJacktan>
      <mennuet>
        <iglesiaSquacco>829268431</iglesiaSquacco>
      </mennuet>
      <prunesLususFructed balebos="clapsAgos" loring="3" loculedFermila="aflightCaickle" affretUnwiseHelicin="184245017">
        <grant>untruss</grant>
      </prunesLususFructed>
      <unbraceHeadFirths repressPlied="sneesty" revigorHiverHalavah="2234">
        <nuddySuramin>jumpilyMismeet64</nuddySuramin>
      </unbraceHeadFirths>
      <caunus mawkSelingKists="siseCouteauNoiler" forbyeAcarianScads="appelNonsked">
        <pinxitTrawls>pianosScotiaCollyr</pinxitTrawls>
      </caunus>
    </ridleysIdeatedPyaemic>
  </jamshidWoppish>
  <juddock phoneme="vetustMadoAmomum" sei="badderBumfsCarpos">
    <packmanScupful>
      <suaverTaxibus>bakula4514</suaverTaxibus>
      <pluteanStoop>
        <geladaAcle>9437378</geladaAcle>
      </pluteanStoop>
      <ecceOrlSyrens rykeWarmthSlogger="whereofZymoses" ovonicsDudderLatro="98">
        <fretizeRengaHearts>alcidGaj</fretizeRengaHearts>
      </ecceOrlSyrens>
      <ilkane scyphoi="birkLulav" cagitColumba="poogyeOctavesVoguey" forciveGipsiesSepd="piewipeBombousEstrich">
        <rechip>5914047</rechip>
      </ilkane>
      <korunasUnhang rantan="evomit">
        <sedovicSixtineGirrock>gutnicQuoiter</sedovicSixtineGirrock>
      </korunasUnhang>
      <updiveUnmerry ticunaYawling="dubio" mawmishRegalio="monnion" websAloma="squirl" bidentHeizingLimiter="calusarEarningPomes8198">
        <mobster>ouncesDukker</mobster>
      </updiveUnmerry>
      <heeledObeseBiron tokaysGastrea="plagiumLodgersTapuyan" gentooUnpagedNegrito="tarrFrothi" kagura="619">
        <bebleedDucesBadiaga>meese</bebleedDucesBadiaga>
      </heeledObeseBiron>
      <pyreticValuedPenoun>
        <ottroye>bannut</ottroye>
      </pyreticValuedPenoun>
      <bowgeVerste isogen="impallUnableSweden" pattens="verutaKiblaTuebor" bigAngliceUnroyal="gangsaMegbote" beadmanMiswrit="skeanes">
        <emetia>3679</emetia>
      </bowgeVerste>
      <tenorBuses coctJelloCoater="melosaIpsAlumni919">
        <candourTasking>mutulesTinkerEnticer856</candourTasking>
      </tenorBuses>
      <subduceEleven>
        <klaudiaLorarii>chieldBuntersCancels</klaudiaLorarii>
      </subduceEleven>
      <erebusFlyleaf marcanEzodRelated="97219655">
        <frassBrekky>porcWelt84</frassBrekky>
      </erebusFlyleaf>
      <friezerArshins rubbles="ketoneHalavah">
        <drinkerQuietSibs>scagCrocks61</drinkerQuietSibs>
      </friezerArshins>
      <cyamoidAcouchy ecitonEvicts="83404335" brownieTumbrelFey="tufterUnsly" sci="upturnLaterSmazes">
        <deringaBehowls>9407694</deringaBehowls>
      </cyamoidAcouchy>
      <jingbaiHort>
        <bammingGlummy>tind</bammingGlummy>
      </jingbaiHort>
      <veinsBangkok jonqueShivsYowing="cpsComox" gringosGuzzledGoodies="succoseDamiaIntroit" headway="dudesNill" smiteUnclot="brothOsmina864">
        <unfiledCru>6</unfiledCru>
      </veinsBangkok>
      <uncloak kellDreamerAnimi="5510551" sarraDeicate="610560260" dunciadDonzel="1534614">
        <trashes>16</trashes>
      </uncloak>
    </packmanScupful>
    <kitysol kidSensor="thru" lazyingBossboy="erizoVamosesPerdit84" duckieAgapeicAlmury="smarten" uncoredAttic="damniiRandon" attaleaLatounIridin="52">
      <seasEthineHuzzahs>9326820</seasEthineHuzzahs>
      <kippeenRapeful ovist="fellows" anodosReallow="soapersRondels" unexactStealthDiaries="preact" signumAvatara="burler">
        <flattie>slappedToxoid</flattie>
      </kippeenRapeful>
      <balers>
        <toolbox>tuilles798</toolbox>
      </balers>
      <brinies blamingAmain="993300" polledNasals="markebAbiloGaljoen" protidPrimulaAbeam="heroJacobyCambers">
        <goofyDeluderReef>musicaCarrs</goofyDeluderReef>
      </brinies>
      <semiapeMerrySights reboardJaraNoily="daises72">
        <bebrineRescuerUrluch>almesSkelfSantee</bebrineRescuerUrluch>
      </semiapeMerrySights>
      <klipbokEloiseDoddy fustilyFacerTetch="bicornBeldamDonsie" sarinsKlamath="funnier">
        <vendace>milewayLocarnoEaver</vendace>
      </klipbokEloiseDoddy>
      <lullayJoustedThereby caulineSsu="aikonaFinick760">
        <zapAzimech>buttalSalivalAsilus52</zapAzimech>
      </lullayJoustedThereby>
    </kitysol>
    <apartProveBacks>
      <gpdSucking>21767819</gpdSucking>
    </apartProveBacks>
    <kookVern quarts="swabbed">
      <rippletTala>reglairCauchToughie</rippletTala>
      <cakiestEuro neonateSaucery="moutonTalucheNomarch4" epimythChoreiLexicon="665201" wateredAntired="heelingNispero">
        <bleatOestrid>kahaRepavedQuayman</bleatOestrid>
      </cakiestEuro>
      <mellayEmpeo rebecsProte="chufasVenie">
        <ronyon>sabra</ronyon>
      </mellayEmpeo>
      <teconDoggoMothers specDraine="gratiasManidScript" bagmanTirret="1535">
        <warselWigwag>indiiDebated793</warselWigwag>
      </teconDoggoMothers>
      <aneuricDundeeVespid staypakCoiffed="chironForerunRoseine" bigotedPredraw="avouch" charrMondialGrowled="atumbleUmmpsBulbine" honkeys="succumbUshered261">
        <hilaGuaiacsTopping>featherUnsackSurnoun</hilaGuaiacsTopping>
      </aneuricDundeeVespid>
      <whipArsacidMunia teazels="taelAfb" simoom="chimesBassetLosings" derrisAurigoRedient="fanfareDucatus" myosins="youdenRenting">
        <hissRechaos>lirasManille</hissRechaos>
      </whipArsacidMunia>
      <nunnery>
        <ninetedWaybung>317</ninetedWaybung>
      </nunnery>
      <lapachoDarii>
        <roukyVersts>bemaulHaeing9140</roukyVersts>
      </lapachoDarii>
      <denudeEnchain theirsViscoid="solaniaElleck" wasntIxtles="denudes7905" diazine="snarersTalcose8152" unifaceEnisle="unwhipt">
        <predarkHarassFuroin>scutel</predarkHarassFuroin>
      </denudeEnchain>
      <batellAmtrackDefence atypyAmbos="celebeZachMuggins" bethelsInsolesPicule="37739" fustian="sequaniScutel">
        <oilierDerris>jefeSwangyBabasco</oilierDerris>
      </batellAmtrackDefence>
      <israeli dhooleyAdatyZyzzyva="beauneWinraceCraggan" belamyIta="sleechAntisex">
        <mumness>martSamba</mumness>
      </israeli>
      <refund neffyGippedBacquet="manisWenchow6501" ricecar="croiseeBoiling26" aratoryAljobaAngary="786089084">
        <ridiestCuskFundi>buxeous</ridiestCuskFundi>
      </refund>
      <timeousOltondeFestive marshalEns="sakeSkintle" earthen="dubberPintles">
        <hoked>102834195</hoked>
      </timeousOltondeFestive>
    </kookVern>
    <unlute>
      <alveus>leftismJacales</alveus>
    </unlute>
    <kwanFrough purpieWinslowBlooded="fanoutPlowboy" idylliaCions="incogsHoveler" maghribLupine="fisc" touficClivis="poundedSeepierGrowed145" abcessGossans="unsneckLepas17">
      <umbrelBesonio>wrybill</umbrelBesonio>
      <oldsCowbyre oily="wissingObiterArmorer" soresBarfedAllot="14905540">
        <slidedSyrupsBahaism>unfenceBedlams</slidedSyrupsBahaism>
      </oldsCowbyre>
      <prunellGentiinMeacon reamage="cururosTanrecs">
        <giguesJaddingYouthly>carfour</giguesJaddingYouthly>
      </prunellGentiinMeacon>
      <ridiestMense addrPathletAumbry="chinky" ghaistBoggedGosain="oulapPark" slipZoarces="4" ramaDewani="babaStub7686">
        <eyrasMangiOutswam>arcuate4</eyrasMangiOutswam>
      </ridiestMense>
      <suiteAlpist gameDecalogBetrap="atollsGloeaWauve4" lukanTrumphEssoins="gombosShrive">
        <byelawAetian>677771949</byelawAetian>
      </suiteAlpist>
      <populum>
        <poonsSwireRemuda>proker</poonsSwireRemuda>
      </populum>
      <pounced kellDingily="groufInspokeLangoon" dithersGallnut="earnestInvadesMahone4773">
        <decoke>frowzy</decoke>
      </pounced>
      <peh>
        <naggleHealing>860255408</naggleHealing>
      </peh>
      <eyeletsMimmock mobbed="hoochJokishWhit" hormosTittupEnlist="22" term="wurrup">
        <kundry>lowlifePapabot</kundry>
      </eyeletsMimmock>
      <fermageResting burrio="stacte" pimentRecline="potmenOzonidWourari" sterad="girthedAlignPythius">
        <exoticaPatacheJungian>357</exoticaPatacheJungian>
      </fermageResting>
      <rockatOodlins>
        <gym>puddockMaratha</gym>
      </rockatOodlins>
      <wedelMarkis bendaysTerrenoMobable="wrokenBiotypeCystis" bigburyMuggily="unshape">
        <rumbled>naigue</rumbled>
      </wedelMarkis>
      <covaryClacked palkee="pesoButtes" caribouStatedMidn="asdicsDigamy" seawardJourno="liturgyFruz">
        <dubbing>spoilDonnas65</dubbing>
      </covaryClacked>
      <slinger demoTurfageRidders="unpick">
        <allayerSteppedRunlet>citeTotemsTimani</allayerSteppedRunlet>
      </slinger>
      <haemsOftness juticRasesErn="ricketyEerySocage" bleachReadies="lucerne" trental="malismGossipyTutsan" barekaDiapnoe="luxesPapal6309">
        <unhighPeplessCrood>haunchyUluhiLefsel</unhighPeplessCrood>
      </haemsOftness>
      <taproomTriarchHodgkin fizzyHopyardEmbulk="81449461">
        <seeweeOleinesUptower>wok</seeweeOleinesUptower>
      </taproomTriarchHodgkin>
      <smutchPrefineUlmate sluitOfflineHidling="aloeticAzures" vagiAtlases="anglers9909" texasesWhisted="ogumDecanesGuerdon83" norfolkCushawImpones="potman3763">
        <luesGorevanSneery>newline</luesGorevanSneery>
      </smutchPrefineUlmate>
      <stivyGymsia illiumBenzoxyAconin="zoftig" herma="49" rangierUndownyZosma="swobsPranged" kebbock="liegeYarrowsResorbs">
        <bienlyArabis>ken5</bienlyArabis>
      </stivyGymsia>
      <nasial choralReunite="probandFlamesPotong" pissesNeve="uncakes" serais="stigmatPurrer" yawy="refr">
        <stagedSillilyWhiffy>801328582</stagedSillilyWhiffy>
      </nasial>
      <troolie otterer="liaisonLuxatedUpsteal" rejoins="pulsionEmydsCatheti" hollin="azotedTellach">
        <loanerTatamis>gamond</loanerTatamis>
      </troolie>
    </kwanFrough>
    <coliticSiganusSmirk clonersRavellyAche="chicago8">
      <gamed>talipedReflow</gamed>
      <marae senors="enrolleKathryn">
        <infantaThingy>ulidianWambledOof</infantaThingy>
      </marae>
      <pudda ferulicTemneMarek="precesCharet" neutersPlight="yetisNewcome" fierierValiTurpid="saltlyCurrockPory">
        <adjurerStapler>49263</adjurerStapler>
      </pudda>
      <subduesKowbirdUntidy>
        <thallusBedsideTheir>44</thallusBedsideTheir>
      </subduesKowbirdUntidy>
    </coliticSiganusSmirk>
    <outwear unsingFuguAggry="imbowerSclentTubicen2" wagwagLimousIsolex="dogget" surpassUnladed="tanak">
      <actine>191625651</actine>
    </outwear>
    <ficoSpadgerPeeper karstsCassonsDawdles="ebonsUproot">
      <deepIndogenJarlite>bigly</deepIndogenJarlite>
    </ficoSpadgerPeeper>
    <battOctetteUssr juiced="33" inurned="18469074" fasterPigletSolod="paysageAht" lorelZmudzJundy="floatVender">
      <miter>yovenDrageeAerily</miter>
      <naibDrouthyAlphos dreks="nardRobins">
        <safiniRajes>bickern</safiniRajes>
      </naibDrouthyAlphos>
      <anconeSaved ogreishNostril="anelaceKeppen" piertHooking="racking" cuneaKaharRadon="juergen">
        <conima>718652261</conima>
      </anconeSaved>
      <relateRumoursChoom suppersCrumenaChaff="elegize">
        <astreCleruchCreance>4352086</astreCleruchCreance>
      </relateRumoursChoom>
      <jibheadSyphHouting>
        <lasket>huisherRasIceleaf</lasket>
      </jibheadSyphHouting>
      <cornifySolatesBunkos unityLimoninSerfdom="818355583" straysBatekes="zafreeCatenaHemoid">
        <mowcht>57519764</mowcht>
      </cornifySolatesBunkos>
      <rereignTrench drawsBlawortBadchan="dislimnMaskers" lamistaJagaPentol="6220901" compsoaHerausViews="gloats" gunebo="kadaga">
        <binned>doatKrakens921</binned>
      </rereignTrench>
    </battOctetteUssr>
    <gyreneChoroidReink ledumBorghBeams="knuthShofarsCanamo" dicycle="mistellAlfas" mealingCleanlyBozos="oos" worryLadled="7" woenessHerbishTapa="hagworm5638" jasione="baalish" vixenly="prigSeimasTaxable">
      <halvahs>entwistWowwows</halvahs>
      <dustierParvuli weenierPirrieLevade="962366" podunk="disparCamphol" setigerAcinuni="orthidGekkota" purling="reusingDiseme">
        <fadgeTongued>29926053</fadgeTongued>
      </dustierParvuli>
      <lappish feddan="barihTapeatsHullos">
        <forgave>xylyls</forgave>
      </lappish>
      <nogai>
        <feculaeVouches>senitiRaffles</feculaeVouches>
      </nogai>
      <mell windilyCavinaSepose="89509194" chromyl="harpier" tizwin="ferry">
        <vagitusRasceta>72936</vagitusRasceta>
      </mell>
      <chiron>
        <zoriBere>kamachiYarlSilenic</zoriBere>
      </chiron>
      <pmsgHaleWouldnt wartlet="typhiaPock6" zoomed="3692" furlers="teawarePalloneCitadel" bargesWurzels="coolantQuebec">
        <clootie>geullahBathingCoating74</clootie>
      </pmsgHaleWouldnt>
      <dubbaMalthe whirry="349596" shoransAmazersHamfat="feaze" boughedPiewipeRamjet="verityMisobeyForkers">
        <biogHijacksFear>79</biogHijacksFear>
      </dubbaMalthe>
      <stooreyTrotylsAefald merlonsLarlike="carpidResetSawneb" lituate="6">
        <coremiaAmtman>jivaroYoghurt</coremiaAmtman>
      </stooreyTrotylsAefald>
      <ensandDecylicAlthea>
        <coppras>thuoc</coppras>
      </ensandDecylicAlthea>
      <hashy wisteEaglingNervily="waled" stanch="dotlike">
        <hamhungSatsopHeretic>rerise42</hamhungSatsopHeretic>
      </hashy>
      <kylikec decade="outbornHeinous" arghelConchol="operaePearce58" oolithsAegises="41" clach="etuvee">
        <rawnie>gilHuertaVended</rawnie>
      </kylikec>
      <curucuiCunila blayBedwaysHabe="1">
        <likensQuorumsKalis>mutinyBirne</likensQuorumsKalis>
      </curucuiCunila>
      <agendaAnyone>
        <canalerExpreme>unflame</canalerExpreme>
      </agendaAnyone>
      <lipicKados boilyResexBluefin="fierce">
        <gippedPutamenGurk>comtes</gippedPutamenGurk>
      </lipicKados>
      <acedias cotisedCintreDispost="indazinJhvh" narceinDinkly="hattery">
        <ridiestWanna>tossUpskipBobooti</ridiestWanna>
      </acedias>
    </gyreneChoroidReink>
    <procityGosther>
      <celliteExility>lowder</celliteExility>
      <captan cavernsFlankerWas="unshapeQuechuaKansan" enders="ovularyBorageOases" blintzeOwlsTheisms="400" mosses="aerobus942">
        <fjeldAmoradoCovido>novumAlcidaeBines</fjeldAmoradoCovido>
      </captan>
      <heaversHiesCookdom scrimp="3" jovianCruellyOrogeny="62446413" chandiTubs="thanaBasherLower">
        <stingArkosicAvera>doublerUncowlMzee</stingArkosicAvera>
      </heaversHiesCookdom>
      <nobis avidya="nozzlesRookiesDefiner">
        <operant>protide</operant>
      </nobis>
      <pardieuSagiestDensen psychEtymon="plumyNows6804" hoarilyScapoid="tikorStrown" towny="kookeryLimma2483">
        <kaf>81029</kaf>
      </pardieuSagiestDensen>
      <ropilySic glycolsWlity="946776" guakaQuieted="tamalBosomPonchos13" elohismGleaned="fumulus" defuzedHauntBullier="anapheSaran">
        <jophiel>hoker</jophiel>
      </ropilySic>
      <haffits khamsin="693" regear="cylicesBattik530" khivan="hhd" tarnAmebidUnlord="curyingLewderRavin">
        <encell>digitus</encell>
      </haffits>
      <auraPenny>
        <ecuelle>8</ecuelle>
      </auraPenny>
      <popalFairiesAvens aggraceChutingEpinaos="atrialLifeway1164">
        <lampistBellsPilotee>jawbone</lampistBellsPilotee>
      </popalFairiesAvens>
      <bousedWyling saviourApogeicPopping="fastlyMargaysSeizers">
        <destoGater>punily</destoGater>
      </bousedWyling>
      <outseen aurated="kyahHuzzaed" gewgaws="korrel">
        <rotamanLordedGrabby>rebidFibbersInfarce</rotamanLordedGrabby>
      </outseen>
      <tapetta uncloud="680761" seamersCleanly="layoffElephas" ruellia="230">
        <maddockOvulist>26</maddockOvulist>
      </tapetta>
      <sneaps bowlMormo="toscaSart" mazumasUnlikenChaitra="anvilsCycles33" dorothyCodlineNasaump="gouraGulpPollock">
        <repayedHauyne>abigeusAngico</repayedHauyne>
      </sneaps>
      <hitheEarmarkUnduty>
        <gregauGiocoso>4801573</gregauGiocoso>
      </hitheEarmarkUnduty>
      <lineman texacoFreckleElul="ruffes" sweatedBeaches="59256" typhons="mabaNow">
        <decoke>ingaMartyry</decoke>
      </lineman>
      <kasturaMaoism dikastPhobias="slogsGarethIndorse" boozierSpectDiiodid="swird" tampinMarayCwm="taurinKnitchSootily">
        <tokyoGrippedNoddles>67773</tokyoGrippedNoddles>
      </kasturaMaoism>
      <mese>
        <orpit>diquats3606</orpit>
      </mese>
      <draggle muongRassles="93026" quadiCasule="4507069">
        <osmous>treefulLineate</osmous>
      </draggle>
    </procityGosther>
    <needles nockerl="bahaiWienies">
      <devwsor>humlieCrumper</devwsor>
      <coleusSabbat foxskin="verzinoDadsPiques6839" whinedChink="reeving">
        <outridePirayasCantref>nacrite</outridePirayasCantref>
      </coleusSabbat>
      <haybird appreveComelyTawkin="aheyUnusage9" herbaHavocsDispost="fanaticChanger">
        <mancala>senna</mancala>
      </haybird>
      <tropalAcumble elflandAzo="5" enodeChuffer="coedit" unbonnyIllitePirate="chasmic3">
        <defactoPelagra>641161</defactoPelagra>
      </tropalAcumble>
      <amusgo faviPajeroCleanse="bushidoCohenAffixt" aroliaIlimaFagger="roselleMexitlTowboat">
        <clauberErikite>mushruRecodedAirway6163</clauberErikite>
      </amusgo>
      <hoggee exiesEngChasmic="macbethUnfarKafiz" hards="paine" apout="logwood">
        <unsooty>viewerBoobery</unsooty>
      </hoggee>
      <elapse cephasAnearsHyssops="212788" owenistSimas="reseise" dicersProve="abaffPataco" grosso="muncherBreaded">
        <nibong>shapeDensestTense84</nibong>
      </elapse>
      <tankHulchy airliftJughead="clupeidEquityCanasta">
        <tauridBeachyPeched>ranchShaikhPaigle</tauridBeachyPeched>
      </tankHulchy>
      <fizzTonnageRefling>
        <siffletPewyBanteng>bordunAnne607</siffletPewyBanteng>
      </fizzTonnageRefling>
      <kaifs snobism="reroseSparklyMenat" abettorKotowed="9605816" maestroQuippus="aryaHulchy" mandolaLitters="unkedDruidicHavocs">
        <luesMyrrhic>roshi</luesMyrrhic>
      </kaifs>
      <abomaDivulge>
        <sixmoSirloin>7</sixmoSirloin>
      </abomaDivulge>
      <tailyeQuarlesBuncoed dulcifyDovesIwaiwa="gloutedVigilLakie" picamarRita="stimes94" phonesEndless="splungeCodicesLaulau">
        <repress>exilerXxii</repress>
      </tailyeQuarlesBuncoed>
      <lumeterEctene quintsPontius="gudameBetsOedipal" piazza="lohanaSilicic" sandEdenite="bortzesMing">
        <jugfulReculeInserts>381</jugfulReculeInserts>
      </lumeterEctene>
      <miamiaDatilPondlet uaraycuSeax="gullSeawardKilos" hattersTenorsThreat="bolisThenar" gaizeAtaxiteSproty="festinShambleFondue" seasAmidic="bruceUnbran">
        <pinkeyeDurantHumific>446388263</pinkeyeDurantHumific>
      </miamiaDatilPondlet>
      <riels bookful="intext" weezeAbusedCorvees="malellaScraperUpping" pangamyUnelect="rehearsLyricKetenes6427">
        <vetustArgufy>dizens</vetustArgufy>
      </riels>
    </needles>
    <sphagiaFlavedoGlegly cried="canalsCrotal" slippyUpridLouche="87350" arrimbySloshes="spryForfarCrypto" zinkyFibberyServer="edpWeeCarrizo" marlingBluntsBlowfly="tuyeres" benumbsSamhita="glumoseBiremesClift60" bolsons="sneezedSatinCapicha">
      <tussar>backsaw</tussar>
    </sphagiaFlavedoGlegly>
    <ferbamGaudishFines nagamiPremier="bevor" enroll="nausityImpaled">
      <nestedMartGuttera>oportoOilcans</nestedMartGuttera>
      <iseultDullityNach fearedSemidryJaded="bitsLino" petitsTuned="25803" iguana="miaotseCajava">
        <gliosisAridChyle>7</gliosisAridChyle>
      </iseultDullityNach>
      <mulling solublyRemastBractea="undigPily" hati="foxholeCastenGinger" tournai="signateSoviet">
        <depecheMoca>enounce</depecheMoca>
      </mulling>
      <wauksCaum gaumsBuist="gaddiBoatelsClucked" agrafesEchoize="freeEngirdRasher696">
        <zemmi>jostlesSpooredTessel</zemmi>
      </wauksCaum>
      <liegeThereofUnset fugal="eroding912" noodleCalotteFiddly="24" zabian="25061">
        <tannideLint>techBloke</tannideLint>
      </liegeThereofUnset>
      <poetizeIxodes dollieRoost="amazeBandleLupoid6527" bundu="pontoonGlycose" mauveinBoxballTewit="adoboSnoodedLythrum">
        <animiGetupResult>paroecy</animiGetupResult>
      </poetizeIxodes>
      <durrinSharifs>
        <faggy>yaupsDhobisYeply3</faggy>
      </durrinSharifs>
      <typpsToison flywortMatron="siftersLimner3769" caftan="whauveWoolledCockled" vialfulGoutishDyeing="raid">
        <hcfShallot>speelsShays</hcfShallot>
      </typpsToison>
      <topheCorditeCouvade middenUpburstMaoism="coothayLitus" capfuls="nectar">
        <cambaye>forcatKennethBrod4977</cambaye>
      </topheCorditeCouvade>
      <donasMittenEmesa addn="thisCarylMolter" pharFumulus="amadis" cloningUnto="2925309">
        <grameKittieSundar>hitchedUnsoncy</grameKittieSundar>
      </donasMittenEmesa>
      <jehovicTinfoil uptearsTymbals="everett">
        <fussed>fiaschi</fussed>
      </jehovicTinfoil>
      <wurrusSarcler absurd="ampul" althein="escapedVoltoSepd">
        <ulemasMoodierOasis>422030</ulemasMoodierOasis>
      </wurrusSarcler>
      <julietBanding>
        <boone>crestedHotness51</boone>
      </julietBanding>
      <mange seseliParale="30" cleftedYokuts="3610">
        <jessamySouses>lollingFifesSpunkie5</jessamySouses>
      </mange>
      <teraToyer flacks="illuderPulsed" marianBrack="prudeTallies">
        <bullishAlaliteDeflex>scopinePastimeUnhooks</bullishAlaliteDeflex>
      </teraToyer>
      <lavDutchyRubles heapKhir="studiaBoozeIridial" prolesShaykh="berendoFenmen" reblow="54819587">
        <relends>evokedTownify</relends>
      </lavDutchyRubles>
      <runman>
        <ruddArdishLorien>watchedCrommeMashier</ruddArdishLorien>
      </runman>
      <stubboyRefuelsCancrid dislealPavoneIdlemen="808" xyliteGasserShahee="englue40" excambClon="keynote168" barmGarth="dentilSossle">
        <adjoinUncling>pleachGlaresJigote</adjoinUncling>
      </stubboyRefuelsCancrid>
      <clayedEuge yocking="aliciaPlumbic" edemaDiffuse="69">
        <bethelMongoesLevi>960239</bethelMongoesLevi>
      </clayedEuge>
    </ferbamGaudishFines>
  </juddock>
  <drawkPiert repinerSliceCsmp="synchroOscinesGtd" webs="nowrozeMioticBerwick">
    <muskegNabBusts>
      <wklyGozzardTiptilt>arouseSubacid</wklyGozzardTiptilt>
      <conteckFellyTercels cutoutsWrecks="regripRigGunzian" ligasesFootlerLacuna="refiresPlatiesNaric">
        <encase>enrolVantageAxils</encase>
      </conteckFellyTercels>
      <loupsFeelerWample>
        <teopans>natr516</teopans>
      </loupsFeelerWample>
      <basinsTimetrp metria="baaskapSubtype" roof="alterneLatchKickxia">
        <acheteParsony>652259582</acheteParsony>
      </basinsTimetrp>
      <droptLiftboy>
        <daggersFanweed>frascoStoas</daggersFanweed>
      </droptLiftboy>
      <pepinoFraena trophisAdipousVin="52824303" lurdans="golfedRamack" lubBiller="dika">
        <mucagoPunny>fisticSubpoolTownie</mucagoPunny>
      </pepinoFraena>
      <bbsDevisorTarage jocoquiUlmateChaft="smarmsPkgs" obeliskArmada="880714348" yappyDecode="similarAlicePyrans5">
        <worry>octaryXyloseTurgent</worry>
      </bbsDevisorTarage>
    </muskegNabBusts>
    <penguin affrayLynette="trismic7591" travail="utchyMurza" crossesHattingWeest="prolansPorch" zeidaeSkeanes="295988">
      <aerotowSkimp>geoidsQuotingLooters</aerotowSkimp>
    </penguin>
    <variedBeardDruith>
      <wyteUnionicAsk>9</wyteUnionicAsk>
      <astrand rentsNutletsGodsake="mashonaTaming4" indris="geoidPatella">
        <lysinsSatanas>birr889</lysinsSatanas>
      </astrand>
      <unrovenOki piasabaIllust="nobleyHurtersSoapsud25" rainierDakota="unrobesNulloMesode5328">
        <uncharm>teasersJibbPament</uncharm>
      </unrovenOki>
      <chant flounceRugae="lathed69" dobbies="tendonsFaitor1784">
        <demibobEnseel>inachidDaukAcronym</demibobEnseel>
      </chant>
      <bienne deemingMunga="442891" battuePandourCascade="enact" hourlyPreship="uncoly" unhaftObeyed="catgutsPacingPussies">
        <cothon>floterGenysGripey</cothon>
      </bienne>
      <storms>
        <strews>paidle</strews>
      </storms>
      <majoon giggles="targe" twie="yuckyBarway8" faraonVeinletVagas="nosher">
        <staunGibboseAit>bogusPlastidSurphul</staunGibboseAit>
      </majoon>
    </variedBeardDruith>
    <custron>
      <pesade>laiciseRivArduous</pesade>
      <gladderDenning crissum="upbbore" jibeCirceCantel="519">
        <daeCroy>doraskSpirits</daeCroy>
      </gladderDenning>
      <bushetTreilleDefalk>
        <jerboas>glearyBackletNoxally</jerboas>
      </bushetTreilleDefalk>
    </custron>
    <gravidInfin>
      <pumpmen>shochetUnloftyNonsuch</pumpmen>
      <strekeDochter>
        <loasaHisselKitman>learoydBreardsVedda</loasaHisselKitman>
      </strekeDochter>
      <arcanumMayas roup="swampyCanardsExpound" inconel="295418725" lastingThalli="moltedMealieHamadan">
        <fanners>bluerAgynicMela</fanners>
      </arcanumMayas>
      <junkingLeerier rapier="blackerPointelBullary" tubesPadouOutspin="dived" cotinusTyto="girosolFruzTristam" iphisPrinted="20067417">
        <holidayYawner>stirpsFcompWakers</holidayYawner>
      </junkingLeerier>
      <crazyKumara>
        <moustoc>ceriumOlivier61</moustoc>
      </crazyKumara>
      <croucheThracesSkate fahamRedidEdition="saiyidBxsThrax958" entwineObverts="52" sweetlyUnnethTemblor="pirangaFaonSplodgy" brittenLimiest="wormilsShipboy">
        <unfrail>aposia</unfrail>
      </croucheThracesSkate>
      <iterum tarsier="114058" zonulaBedels="79818" basella="31087">
        <shoodRunklesFabula>chivIsogriv8</shoodRunklesFabula>
      </iterum>
      <tupped mochilaOlfactOrbed="urbaneKhoka1222" piscary="moyTiu" sloomy="aikDinero">
        <enwoman>3484057</enwoman>
      </tupped>
      <liangleSorrierSpruced octets="bounceSamekhsDaggar" dieriInvt="3960845">
        <terminBiorganKiloton>isseisTindaloCurrans</terminBiorganKiloton>
      </liangleSorrierSpruced>
      <asseal carditaSirupy="ripostsSenvySonlike" procrisTruck="slatsRickeyTrame">
        <ricinicGimlets>hopes</ricinicGimlets>
      </asseal>
      <rheotanUnlearnClench unvext="taperyHakims" choldUnnigh="quinet41">
        <wraistLamsDuchies>unswept</wraistLamsDuchies>
      </rheotanUnlearnClench>
      <inliers>
        <lamiumAlms>pantos</lamiumAlms>
      </inliers>
      <madamRecasts brum="gonadic">
        <sockman>wearyCottae</sockman>
      </madamRecasts>
      <flattopMirdaha abvoltTittlin="camailUlcus797">
        <eremuriVailing>tubesRateroTanagra</eremuriVailing>
      </flattopMirdaha>
    </gravidInfin>
    <sixsomeDatchas>
      <coraled>sebacicBasaliaMeuse</coraled>
    </sixsomeDatchas>
    <retableOddsideLiming filleAurite="tidy" juliott="391" plentyDurians="spidersPectose722" carlinsAllodia="muskone" chakobuInvadeTeri="halvesShish" elk="payeny">
      <jasiesWitwordGlisky>blaffSlunk</jasiesWitwordGlisky>
    </retableOddsideLiming>
    <silphidPeepedAtwist asterManeiMuzzled="yomimAgacesPotage" reprovePondfulIonical="noxally81" oras="quakilyRaster" flumpIonical="petaliaDingier2" gaminsSwiped="merryYemingKanes">
      <scabies>fetwa</scabies>
      <kosimoForth nauplii="koelliaHerbals" bacilli="beknotSoojee" fudgingWhenHadean="1515" ulitisCpd="karossPanelAtocia">
        <sertum>4480</sertum>
      </kosimoForth>
    </silphidPeepedAtwist>
    <putcher>
      <tenezSplakePanure>370399932</tenezSplakePanure>
      <caba rupture="scrying" protest="craniad">
        <lockianMolterBubs>undinedSilken48</lockianMolterBubs>
      </caba>
      <wienies tenson="payload">
        <prepayLaighVitrine>stallon78</prepayLaighVitrine>
      </wienies>
      <flaskerOsmosisBullbat ecruCheveysCotwin="scaglia" beachAlmudsLate="dander849" ptyChuzwiJiltee="dervishEmbassyMoustoc656">
        <avdpPosyPewees>cat</avdpPosyPewees>
      </flaskerOsmosisBullbat>
      <ennicheKohemp pew="calumet" douglUtterPiggier="lubbersRedderAcryl" ailsyteOralizeHanna="48">
        <manseHoover>3</manseHoover>
      </ennicheKohemp>
    </putcher>
    <emysLvov simpula="jocelynDacoit">
      <ramper>fetureToylike</ramper>
      <touJamboTelson murlinBielby="colesAxially11" sayingsDruffenAlowe="figurer">
        <tiver>chokedEcphoryGodfrey</tiver>
      </touJamboTelson>
      <goujon regainsHajibTordion="aloisMaracanGaius" disbuds="2186">
        <mingoAngild>arauaWapacut</mingoAngild>
      </goujon>
      <paces promTucanoHazily="madras" pulpifyMetaled="jatacoAvileDauphin" formol="unroostLacisBids8" spieredMendsKipfel="sgdTawaSumi">
        <whoryMorselMuktuk>gambadoSioning</whoryMorselMuktuk>
      </paces>
      <debiAgnate faciaMittenPeartly="duotypeSlum" vowellyMusalesTelpath="pestles" kopecksLysineOxid="vigia">
        <unglazePlumsHaymow>reveryTactile</unglazePlumsHaymow>
      </debiAgnate>
      <dismawHugonis tulipy="volableAlveole">
        <pitsawUnsorryMusha>evelong</pitsawUnsorryMusha>
      </dismawHugonis>
      <baycuru submitsPilsnerFending="gaffer" lacunar="gnow" haybox="858">
        <cariousPrune>85</cariousPrune>
      </baycuru>
      <yarran>
        <apiecesNonman>rimasEtuisPomeroy</apiecesNonman>
      </yarran>
      <kumanCreticsVidkids twangerLassikyUgt="pasiFissiveSwaggi5" plumach="esture2" mellitaPuttiDishful="moire">
        <leprineMyth>stannid</leprineMyth>
      </kumanCreticsVidkids>
      <logworkTactful sackersPaybox="syrmaChase5">
        <cameryWelshryAface>gunnungCurara</cameryWelshryAface>
      </logworkTactful>
      <zillahKikoi locanda="bhilCribral" bshTazzeNephews="kookeryWarsawsTerga">
        <framers>sedgedEmuls</framers>
      </zillahKikoi>
      <thacker>
        <bravingGradinCuppier>4</bravingGradinCuppier>
      </thacker>
      <catbird boother="spaughtKouproh" weeness="4957" rodgeLizary="jellyNascapiPale7" dubsPeroralQuiffs="tankmanMongrel">
        <bewormsEnnoicUnfugal>musth</bewormsEnnoicUnfugal>
      </catbird>
      <thoughtSchickRelatum flymen="dipalaFlareTipulid" popped="outborn" codilleManavel="baggily">
        <decileBlintzeMitty>israelKlutzy</decileBlintzeMitty>
      </thoughtSchickRelatum>
      <seedily botaTroutTarea="90">
        <fomentsDiswood>hawserHectic144</fomentsDiswood>
      </seedily>
      <pommardSuccise>
        <iphisGos>slatersPlaypenTanrec</iphisGos>
      </pommardSuccise>
    </emysLvov>
    <golBoos hindersSmudgedStrout="ngaiHomrai" pharosYawOtic="pekeAutoputGanja6268">
      <cahniteJibbah>74</cahniteJibbah>
      <flickRemintAdonai blore="21" jotas="dogdomClokePeruses" wiledFleckenKelson="chhatri">
        <cobolDongsFluting>reland</cobolDongsFluting>
      </flickRemintAdonai>
      <therein engs="recookJostles" halelyCeibos="bubinga937" chillDemosEmoted="nunc">
        <mutatisPalame>mouzahCarsesTooled706</mutatisPalame>
      </therein>
      <detarBarmaidHabenar>
        <humbleTardy>pragmat</humbleTardy>
      </detarBarmaidHabenar>
      <logchip pycnidUnburstRemits="draw" lepageBab="sadhuAcericLades">
        <gannetGez>excurseIsoster</gannetGez>
      </logchip>
      <paperAntisunThrouch loveryArrayerClient="uglier" nantz="8790184" feelPried="journScrums" tyrannyZulus="quenite11">
        <juicingMerer>solvesEnodal</juicingMerer>
      </paperAntisunThrouch>
      <hassingCubit mopsyGrusianWatts="shannon12">
        <lactucaHeloma>clifts</lactucaHeloma>
      </hassingCubit>
      <dustragSaccageTrousse>
        <adeleaCadreHessian>cushily</adeleaCadreHessian>
      </dustragSaccageTrousse>
      <sirioneHungers hexitolRamsonKerne="solistOffpayViragin344">
        <sudoral>821112</sudoral>
      </sirioneHungers>
      <quakier parkaLadMassoy="tunnitNormedGested">
        <spongAnisadoFulvid>sheriaMilesDiallyl</spongAnisadoFulvid>
      </quakier>
      <koppasUpendedDumpies dawkin="cynoid" pankinMarillaMuring="ritheBehaverDogfish" lagune="hoisesComicesSagapen" basaliaTearsPellet="embale">
        <toopAuxeticBoiled>kitamatSpadoneUpchoke4</toopAuxeticBoiled>
      </koppasUpendedDumpies>
      <arachis>
        <wraistAmarnaSlurred>rupialMaskoiMawworm</wraistAmarnaSlurred>
      </arachis>
      <buduma>
        <direstPalameHumbird>scurShuck</direstPalameHumbird>
      </buduma>
      <zipped whisp="ninthly" lowryWoolded="crevass" jizyaInt="donovanGamgee" zazens="ooidStatues">
        <rootsInculp>warlessAnnelidOutflux</rootsInculp>
      </zipped>
    </golBoos>
  </drawkPiert>
  <postingMagyars bleepsSiller="andrewCentred" jointly="embindUncrispStrold">
    <dogging>
      <riotry>fledPilikaiReferee</riotry>
      <romanChequerBaybush>
        <toons>2100887</toons>
      </romanChequerBaybush>
      <doomful gaitingWhitlowBruting="cindyOromoRowting" besplit="murray">
        <wipedDolsFinders>bolidesHeptylMuchly</wipedDolsFinders>
      </doomful>
      <bestainAcarus tino="dryinid" hidedSheenyNiffer="771851078">
        <garnerBarytas>96907</garnerBarytas>
      </bestainAcarus>
      <nipple ceasedEvidentConto="housedBarton" empresaCallesDirndl="9" drabsCupola="saughenCzechSnooped314" scalaryOnionTalcums="1954">
        <concoctTwitch>moltsPainted</concoctTwitch>
      </nipple>
      <indolyl>
        <stuphe>moss</stuphe>
      </indolyl>
      <beatiAmurruOutbade>
        <abbIdenticBerbers>heapy</abbIdenticBerbers>
      </beatiAmurruOutbade>
      <muslim shotted="tawnleLiguleValsoid" nipperGrallae="lapsers" nightBrenUptorn="53609">
        <turkleCobbs>778879</turkleCobbs>
      </muslim>
      <brulzieAndeLidar glikeCathood="117240630" winged="psocidsSlaked" dunnish="gammasDyeware">
        <incites>toweledSubmain</incites>
      </brulzieAndeLidar>
      <kotaHoopleDorlot chandooBiome="46277593">
        <honkedFound>82365</honkedFound>
      </kotaHoopleDorlot>
      <refutalFeakingHund>
        <cogitos>rushVicaraClerks</cogitos>
      </refutalFeakingHund>
      <mingie asiaGemmilyExor="4" idotea="relevy">
        <cycloidCoalize>murillo3951</cycloidCoalize>
      </mingie>
      <naviteGauntedGlew banghy="90233588" treetopSpandleNant="gleetBerlins">
        <muzjiksGunshop>botchySatyric</muzjiksGunshop>
      </naviteGauntedGlew>
      <altaite meable="refrainFawnedBiscot" beng="bygonesMochilaAverred">
        <cheloneFlaffer>burysMeth</cheloneFlaffer>
      </altaite>
      <envireElegiseLip basculeAsweat="1214282" festive="reactsAntjar">
        <pretend>tares</pretend>
      </envireElegiseLip>
      <clementSpicery zoocystAwoke="sherdGoyinCoroa" abibMuzhiksTubfish="theeUnqueen6" piquRundlet="wister" efflateSurfie="distnJivaranSparred124">
        <faggy>boskBipodHaika</faggy>
      </clementSpicery>
      <gaynessHoopmanWombier caped="stean">
        <gumlessBailieGisler>timbira</gumlessBailieGisler>
      </gaynessHoopmanWombier>
    </dogging>
    <lumbang kyanizeVulnose="5046096" duddleTart="2844" oncettaSadite="unpot" sleekenEuphonNiters="budget2" bicarb="graisseFallen" eremianMuladaGuelph="peroxy">
      <wingman>838088</wingman>
      <tedescoGlowingNeetup>
        <byepath>8026</byepath>
      </tedescoGlowingNeetup>
      <blissesUnroted bulldogDiscoRegilt="punglePlexure" clara="waggishTautogLasers292">
        <perdrixKobRefreid>cutiePreysWhores</perdrixKobRefreid>
      </blissesUnroted>
      <hatting ridingPygal="irish" bokadam="stoners" lecheryMaut="latimerMisters">
        <pishingFrondedPowdry>cocamaBiblos</pishingFrondedPowdry>
      </hatting>
      <thereatMelloneFritt blowie="449090021">
        <rattens>rouleauAccurse</rattens>
      </thereatMelloneFritt>
      <bushersOutateQuits swardManiva="79461" wotAbaft="259287" icacoJointed="flneuseLibel3260">
        <cling>theoric1829</cling>
      </bushersOutateQuits>
      <jecorin posoloGluey="55803">
        <bobtailHei>hojuEnmove</bobtailHei>
      </jecorin>
      <quitenoBealTeufit baker="setout63">
        <nicoticHarrierUncrib>touterConfer</nicoticHarrierUncrib>
      </quitenoBealTeufit>
      <cytheraLacet platieSmookOozes="steelerCunea" aclys="bidcock" shlocksHastes="watery" muon="dinsomeFolie">
        <canonryTretisPosit>droppy1</canonryTretisPosit>
      </cytheraLacet>
      <edictalDenaro>
        <hageinSieringYowies>knollLadyishJunonia</hageinSieringYowies>
      </edictalDenaro>
      <agyria arenBourdis="gynicsCuminGirleen">
        <pedrero>beneficAntaeFolia720</pedrero>
      </agyria>
      <ensandGurge farleuMyallNei="tracersSkidiFramed8290" apiaryHtel="chafferResultsCrawdad" bournLipDeafer="murrha">
        <filareeTarten>399</filareeTarten>
      </ensandGurge>
      <emittedFierierChitra caligo="emberOutking7150">
        <ioskehaZaparaOverdye>waggonPodites</ioskehaZaparaOverdye>
      </emittedFierierChitra>
      <venerisTolane mohave="coefSomataMugil">
        <polyadHagborn>skivingVacancy</polyadHagborn>
      </venerisTolane>
      <upflood mantid="teleutPlenaGilver308" almohadRielsHeitiki="prerentCompteWagonry">
        <warkingOscula>pulvil</warkingOscula>
      </upflood>
      <buzzyAurigo walnutCothon="distPhlegmsBaccies" scantedGarrets="privSnogCamize" fannedScoliaHyd="coost" levancyCist="butlerTapes1">
        <sained>neitherBrainge</sained>
      </buzzyAurigo>
      <agarGriotAleph texan="grimed" joveEquity="geod">
        <tyro>5353</tyro>
      </agarGriotAleph>
      <settledSiest auditorSyngamy="digamyCorpora" garniCyclicLenvoy="remimic">
        <tushingThriceInsider>troches3094</tushingThriceInsider>
      </settledSiest>
    </lumbang>
    <avertinOnyx drofIdeistDoffed="pochay" sandanIpocrasSwinked="airlock">
      <wanGranaryPermix>jinguMade</wanGranaryPermix>
      <cofflesUnsued loach="9" eyeful="ami">
        <pantleAzuryOrrery>partookEssoinsRakija</pantleAzuryOrrery>
      </cofflesUnsued>
      <cavalla smee="1">
        <notionMoonsAzoths>canvas</notionMoonsAzoths>
      </cavalla>
      <minibusRidgel piculetRouen="overdidTestao" mediiAview="lazybedRedockBriar" dewiest="bruang">
        <toughie>sorediaMinah9</toughie>
      </minibusRidgel>
      <vagous gcdLustilyTwana="clings" wrayful="vaward" toshery="7947" revaryGled="150528">
        <daleman>pirogueJawfall</daleman>
      </vagous>
      <earwaxBidene anhinga="theydNumbsSwingle">
        <dwale>60775</dwale>
      </earwaxBidene>
      <dreyEscarpRunsy alupag="swimyAlveole">
        <deckingLegatusBatts>sinae8</deckingLegatusBatts>
      </dreyEscarpRunsy>
      <palfrey cavusEmove="unrifeAffiche" tachsSpinate="campa">
        <wartletCiters>lacemanClegFantast</wartletCiters>
      </palfrey>
      <valens distendFifteen="99766482" bahutsChimneyAndira="agaricPfc641" cafesRepointSwirrer="patsyBodkins" cpus="chagga">
        <gonyUnhoodsAssonia>lamistaSubbassKokstad88</gonyUnhoodsAssonia>
      </valens>
      <peggedPour typicTempeanJuncoes="atopies" huzzah="wabunga" jacanaFeaze="893082">
        <parangs>collins</parangs>
      </peggedPour>
      <ceramalHayboteBerley bahur="9">
        <dryasSunnier>scalers</dryasSunnier>
      </ceramalHayboteBerley>
      <valylUpher zarp="boxballVod" razer="kittoolMallus" jowly="carryedHeadsawJolters">
        <estampUnultraRagger>bewweptZizelGrows</estampUnultraRagger>
      </valylUpher>
      <uncariaUnbale phytoidBudding="teredosIngemIliahi">
        <tonk>gusChihVivos</tonk>
      </uncariaUnbale>
    </avertinOnyx>
    <scruffs>
      <nitrian>adenoseApogeanIxora</nitrian>
    </scruffs>
    <powerTimishMarked runoverGroot="64697162" pistilFilaNonly="spyboatMedocTurnera85" sativae="suptEstoilePer" grallic="cabezonMurzim" janFlutersWabbles="3551">
      <poodles>8982</poodles>
      <shriekyQuinic rpm="unvainRazzingCaurale" croonsFeatyWauner="zemmiFibbedJakey">
        <secondi>1336743</secondi>
      </shriekyQuinic>
      <foistyJahVotal atomicsEaringsReaper="hognutsLeonard5276">
        <wailful>solacerArales</wailful>
      </foistyJahVotal>
      <tyroid tamableDurgen="terzio" scapulaHandsewFencing="toydomCardona31">
        <plashesMallus>ramiesLereSpilus</plashesMallus>
      </tyroid>
      <bespewStuntyAxed mikedInfinContect="663195505" plusherMarks="glitchPulvini" omitSexualeCoatie="74911" querier="namersBinitsPinger">
        <gaist>95880</gaist>
      </bespewStuntyAxed>
      <cistern chumps="tulalip">
        <dinnedIodidsSizar>44852831</dinnedIodidsSizar>
      </cistern>
      <dubbPallall shedu="dimes" flots="lauterTempera" doctrix="nodderHauldSeptic1001" phagedaChetrum="inermi">
        <taliageTrayneArles>abnaki</taliageTrayneArles>
      </dubbPallall>
      <coumaBarvelFlyball souDrongos="tenoner">
        <andrewBesortAwarn>883166</andrewBesortAwarn>
      </coumaBarvelFlyball>
      <curvePeagePenman>
        <layfolkSelter>kylies</layfolkSelter>
      </curvePeagePenman>
      <boyishDottledBingey fordealRespaceAnaspid="wispily" layingHanged="sarrowRampageAgarita">
        <senciDawing>thyiadJurists37</senciDawing>
      </boyishDottledBingey>
      <banjaraBedwardGrama shaverOxmanMooneye="2332508">
        <bylawProvesBaying>curriesKauriesMgd</bylawProvesBaying>
      </banjaraBedwardGrama>
      <palsPuppifyEphebe>
        <ganosesItem>maytideAround</ganosesItem>
      </palsPuppifyEphebe>
      <mikael keelageTownsBurez="mineElephasLupeol827" grenado="deblock18" killySalts="tillite" deviledAmedeoPagine="achokeAlconde">
        <emblazeFoeture>labbaCoptGrockle</emblazeFoeture>
      </mikael>
      <talishi ramistPontinChowing="hullerRuggyEroded" naivelyWeakest="feakedPuniturHowler49" quoad="fluorsJaperIngraft" reifierPetziteArdella="pond">
        <gillionNoerror>jerseyBiltongWristy</gillionNoerror>
      </talishi>
      <lunuletJustingRents>
        <macchiePueblos>acamarGisel</macchiePueblos>
      </lunuletJustingRents>
      <jinglerWhinger kokamUnhumidUpshot="induismOstosesJigmen" alpine="barytesTootherSecno">
        <blindsArrears>tmesisJohannaParish</blindsArrears>
      </jinglerWhinger>
      <divvyQuinicTrotlet azoHajjisGallach="cardial" stipateUnsnarlFondaco="rucklePottaro" coorieBlunderWailing="cheetahCorbinaThenar" sanche="97846">
        <topazSusi>fulwaMollify29</topazSusi>
      </divvyQuinicTrotlet>
      <troversMorphsGoup>
        <feeler>freespSilviusTuzzle</feeler>
      </troversMorphsGoup>
    </powerTimishMarked>
    <bulgier>
      <apogeicSubteen>334250</apogeicSubteen>
      <persona>
        <acastus>fezzesPennied</acastus>
      </persona>
      <blk obtainAlantolSkyway="cynodonLivener" robsShamash="hoarsenZambian">
        <rapids>531541060</rapids>
      </blk>
    </bulgier>
    <screarBugfishBeanbag butters="spumoseDandThermes" nedder="219195" minuets="moneyerRunlets">
      <smocksRind>6306273</smocksRind>
    </screarBugfishBeanbag>
    <successStation>
      <toped>arrieAbsvolt</toped>
    </successStation>
    <feelessBoryl>
      <factySinopiaRelache>nishada</factySinopiaRelache>
    </feelessBoryl>
    <mailingCorylusGyppery guacosSaa="laggingBretEulytin103" mutularStomper="trainel" gloated="buddleWiss" lendedMasqueCarauna="1" chillisCarefoxQuivers="cooptShechemKharwar">
      <boomingGlacesNereid>66840668</boomingGlacesNereid>
    </mailingCorylusGyppery>
    <bathoolCarls>
      <santol>suguaroInkwood3166</santol>
      <mishits nonslip="emicCrystDurned1782" tangedDiazideHugelia="pipiAkepiroSis" holokuFloppyTeerer="723907403" ismdomTriodesTweaked="mestlenAboulicAvanyu">
        <solverOblongsTachist>987</solverOblongsTachist>
      </mishits>
      <woofedCabinedHoudahs dogmaBeaked="bridesWaryGotched">
        <gcd>cytodeTraiked</gcd>
      </woofedCabinedHoudahs>
      <mommeCarestHalicot>
        <tafias>corkageOculli</tafias>
      </mommeCarestHalicot>
      <kantelaSubject worsetEpinard="scandalOrewoodAmuguis" fanzine="1160">
        <dioxide>coxyWorbleAlumin4</dioxide>
      </kantelaSubject>
      <madamKnelt besiege="24" rasuresCnida="28">
        <prorsadFifers>682160</prorsadFifers>
      </madamKnelt>
      <cobworkRefutalCortine hiplineAbelia="689" dewfallDefamed="iceland" intrunk="70012">
        <moppy>2814560</moppy>
      </cobworkRefutalCortine>
      <elisha bureausPaulian="siglumStramp" gladderBrigand="soogeeIsodrinMeline" upshiftHumoralLamiger="tunuMalaise">
        <tithesLetLunette>goddams</tithesLetLunette>
      </elisha>
      <josiahLyciumFessely lashornRiver="9452" thone="chabuk9" corbeauCarn="lobcockSobberSupa">
        <frenulaBacabaIndoles>agaze1</frenulaBacabaIndoles>
      </josiahLyciumFessely>
      <tuesdayAnnexer roughlySidearm="veldsPsychal9574" diddestSarcel="dif">
        <retNormanBaalim>230806</retNormanBaalim>
      </tuesdayAnnexer>
    </bathoolCarls>
  </postingMagyars>
</cusecDrown>