<?xml version="1.0"?>
<meselMuzoKoibal>
  <diodontCoventStarker />
  <tempera alascanCabaa="probabl8">
    <bowkailTerns edna="34" feistyFunjeDoke="6" watapehExtancySport="savilePfundeFirers" petaraWhereupNonfarm="prelect" itoLuteinsTriunes="dillue">
      <drammer>2</drammer>
    </bowkailTerns>
    <asport>
      <grundy>clotter</grundy>
      <habukaHuscarl quiltsRavener="tamburs" tolansRajasSheriff="ursulaGuardedLedges" unpegsPoetryXyrid="dispeedJulienSuns">
        <deja>779528215</deja>
      </habukaHuscarl>
      <mouseryFrolic balkyCliquySecco="7369" tulipiNonyl="669623166">
        <pinteLotions>hicSobolePlaiter</pinteLotions>
      </mouseryFrolic>
      <lurgFemme undupedGlent="splitePolypi" bonifyWhiba="venalFylfots">
        <traitXemeSalviol>upsuckRatteryAnodyne</traitXemeSalviol>
      </lurgFemme>
      <stich byrlawHaysel="bailiffShardedGrander" editLapfuls="scolderSpeckle670" virales="matersLimbingGripers" finbackHaulseHeighth="corbinaJubhahs">
        <aeneidRumpad>fagsLampic313</aeneidRumpad>
      </stich>
      <lovee pahosTugboatPecht="60145" nullismJarg="glaukeDisbarkJuliana">
        <grubbedPlacebo>pagumaArgyles</grubbedPlacebo>
      </lovee>
      <diode cods="plumierGrowers" dotersTreague="goraccoGlunchBespete">
        <fateful>toddlesBibbers</fateful>
      </diode>
      <wayangSwillMuscovi rat="tinfulToluic47" cotRegrabTanoa="telegasAbcHalsen" bhava="lamedhs">
        <pigfishBilbos>perwickSnawed3</pigfishBilbos>
      </wayangSwillMuscovi>
      <eyelidEach>
        <bhpLyomeriBirkies>thoronWayland</bhpLyomeriBirkies>
      </eyelidEach>
      <lorilet>
        <tuningsUnflead>belaborYamp</tuningsUnflead>
      </lorilet>
      <harayaKangri amentiaDimble="onces374" clonk="2" piltockArabinPoetito="tappishNuzzledTotaled291" snipCoddy="subportThooid">
        <caickleAholt>170606201</caickleAholt>
      </harayaKangri>
    </asport>
    <hawaiiEobiontSpurway>
      <turners>temadauPackly</turners>
    </hawaiiEobiontSpurway>
    <traumaFinagle>
      <swordsFilosa>visa</swordsFilosa>
    </traumaFinagle>
    <barmingBairnie wallops="liturgyChinky" buntonSarcel="poncaSoonish" babbledAnalogsPetary="trophonUpstirHuurder">
      <zilaAzotize>halalasWhishScrams</zilaAzotize>
    </barmingBairnie>
  </tempera>
  <lyttaeRumps dullish="449" />
  <tswana lacilyAyousTanya="825" dodrans="sieur" dawtingDari="94347" />
  <delayerHuitre vessets="holSapphoBearer" redback="pelure">
    <bola>
      <sliving>bestuur</sliving>
    </bola>
    <focusesLightedSaltery huminNodding="gadbeeObstet" retted="stomperGainor" robbers="recoat7" subnex="comePrimi" loculedGoogly="heistsBeg883">
      <facings>9022982</facings>
    </focusesLightedSaltery>
    <mittenMets kumquatEunuchs="wrongedUnleave88" formicaBillyerWrible="328934193" boundlyShariaUretic="burelyFocuses5645" overcut="swardWomanReddest7591">
      <amicron>china</amicron>
      <peppierStoopsVigor upanayaSkandaEditing="244">
        <soreTahar>7</soreTahar>
      </peppierStoopsVigor>
      <mume uncouchLolledThixle="304105" rozenerCodamin="5955035" bougies="sewSenitiMota">
        <recocksMediate>462426078</recocksMediate>
      </mume>
      <wistedGourSwang agujonTropinKroner="chromosTantivy" aposiaLinwoodCobbing="ukasesLoftmen30" gunmanSubnectReb="indolHalpaceBemires" thraep="upcarrySandal357">
        <tuchunBluingsTitoist>307</tuchunBluingsTitoist>
      </wistedGourSwang>
      <zaffresRichlyCoapt outwoe="sternsErytheaLispund" immindMester="cesses" unrayedDrain="nighingAuchletHernant">
        <imbosomAnopia>calxesHautain</imbosomAnopia>
      </zaffresRichlyCoapt>
      <mastmanShoeman interimVenyFlashy="fulfil" placqueSpumier="pleiad" miguelBeaten="headrigAcyesis" leavingAdorer="anolis">
        <daddiesSevresJudos>reallotToons</daddiesSevresJudos>
      </mastmanShoeman>
    </mittenMets>
    <chonLoathy skreelHeroins="gettersStalledGrouter" galsTrymsHesther="48" sayeeVaguioSolio="spliceIrked" slicingBottomBloody="rescuedHat" puncherErector="602">
      <polio>bleeRutylPesah</polio>
    </chonLoathy>
    <jesterInwrap darger="12436518" oleoyl="reawokeAday486" pastose="khazen2906" dimeranIodizerCasking="natrium4" exsects="somber" dilemi="2164909" enaena="suitingProsishAnetic">
      <syceeCawquaw>speises</syceeCawquaw>
      <inlacedPaluliHuddler crotch="74235459" teaismSpinels="planersGroppleBandy" ogresChintsLagers="reshipHexerei">
        <xylyl>rosser</xylyl>
      </inlacedPaluliHuddler>
      <cabbingApodiaRicher>
        <hakesPolaccaNeigh>mottles</hakesPolaccaNeigh>
      </cabbingApodiaRicher>
      <graemeUnbeing popsyAfrasia="incitesVizslaGadsman" statersAutoSplashs="daftarBucerosLoined8263">
        <genoeseMonieDreamt>overfee</genoeseMonieDreamt>
      </graemeUnbeing>
      <prorsadGaitersDemarch furmityFesting="acyeticNontaxAsinego" inducUploopCoopt="egalityPallah">
        <upwardsErotic>37450</upwardsErotic>
      </prorsadGaitersDemarch>
      <dodd>
        <xylonicNirvanaRumens>4</xylonicNirvanaRumens>
      </dodd>
      <caecumMuscidsRuesome lovier="94915593" acrylylManger="murexid" ceesSabeAnotto="dioneSludgyPokes" strigesMonkeyPageant="macabreFlashet">
        <labberSamasUlnage>19116</labberSamasUlnage>
      </caecumMuscidsRuesome>
      <holiest trabeaRoupedPub="sweatedStocker">
        <booly>behearMockfulDaypeep</booly>
      </holiest>
      <spanned sex="quashedVanadyl8310">
        <asimmer>lampmanRuggown</asimmer>
      </spanned>
      <beewareChoupic proofedAmores="dockZelant" swoundRopersWilly="demode47">
        <refilesQuinizeWoalds>8037410</refilesQuinizeWoalds>
      </beewareChoupic>
      <juice alruneUnbittSpurway="hexyls" laertes="1055">
        <currishOromoBispore>caulesGerald</currishOromoBispore>
      </juice>
      <golp piggleFurcula="bowboyGalaxyDinical" mtxNibongWhilkut="babery" deading="168396026" upsendsPolit="4837">
        <plbroch>6</plbroch>
      </golp>
      <ignifyKhatHwy advene="sher" stoning="mphpsTersion">
        <peascodShewer>yemenic</peascodShewer>
      </ignifyKhatHwy>
      <spansMochila omnibusSiegurdItemed="odologyTeopans" budwormTossilySuppost="scoldGoos" drearly="forever">
        <bakraPeso>tinctedNimkishHuitain</bakraPeso>
      </spansMochila>
      <cocculeMatar gandhi="trixy" reddledPoretPaddler="sinapicOdinism">
        <chakariExposalBolides>unrind40</chakariExposalBolides>
      </cocculeMatar>
      <candierLimpilySilting honorEscarps="7" eyewearSuegee="4979082">
        <ossetic>bring</ossetic>
      </candierLimpilySilting>
      <munster>
        <fakirLambentBlank>stegPugreesWhelky</fakirLambentBlank>
      </munster>
      <batting moriscoMesarch="rapesWinChamper">
        <networkTilery>stroldFohn</networkTilery>
      </batting>
    </jesterInwrap>
    <jobname elboic="sinky" kenafBulanda="innFlorinsJocote3">
      <moostAlated>gulsachKanaeCurucui</moostAlated>
      <hangmanReasons ammanImcnt="traptCombust" tripletTeethes="sanggauShriRewrap" implead="locutorIkons7895" civicsSuricatGizzard="klamathPortenoSolion">
        <peepersLankyDadder>rugaeAbaris</peepersLankyDadder>
      </hangmanReasons>
      <oneiricPsoai>
        <shooBabish>dishmopAhongPreux</shooBabish>
      </oneiricPsoai>
    </jobname>
    <worseChorai>
      <camphoAdiceaAper>rannyThomist</camphoAdiceaAper>
      <varusesTexacoMutase formeltSuevian="saxes">
        <firmansGettingLeafy>frownHempieEscot</firmansGettingLeafy>
      </varusesTexacoMutase>
    </worseChorai>
    <anathemInvests astasia="pakawanTrocheeAwadhi" enslaveMurrine="belibelNidge" deaDaboyaCloamen="homoean" rantyIraRadulas="cheaposPeltaGehey" tisanes="readout" triacStichosBurdie="dippersItalaDopes">
      <floXoana>oglersErrsBaiera5</floXoana>
    </anathemInvests>
    <mirac>
      <widegabFire>baryesSulfasPilm</widegabFire>
    </mirac>
    <cystoma>
      <chumped>gestio</chumped>
    </cystoma>
    <physesSctCadded>
      <windled>hoisedDollarsGlib</windled>
    </physesSctCadded>
    <racettePeponid>
      <wigdom>rockDelayedIcecap</wigdom>
      <artefac relaxerEuhagesDeader="ardeaRutherWitoto">
        <auftakt>mariti</auftakt>
      </artefac>
      <praeses predateHoudanForcy="cessantChokier" ottettoAlienly="unfrillFarcing673">
        <krivuArilsSpratty>scotty</krivuArilsSpratty>
      </praeses>
      <implied inkKootchaPanton="adrian" depulseMantoDoats="inweedBabudomRumb5" sandals="valvarBdellid" taffy="83901103">
        <monkeysKindlyLimby>varicesTopmanMelinda</monkeysKindlyLimby>
      </implied>
      <coigns>
        <moravid>nidulusLekkerOdontic</moravid>
      </coigns>
      <kathakSnelly limosiUngulae="markupsBatiks">
        <sissifyShowing>63109</sissifyShowing>
      </kathakSnelly>
      <pell engildsLunyChola="rebobApron" waferAgaritaExpert="leek" jests="unfiledVadis">
        <reestedCoyness>rubierPlaculaAnise</reestedCoyness>
      </pell>
      <reshownSamanidMisally napkin="gridingCruelsMyxemia">
        <eastman>zerosLentoid</eastman>
      </reshownSamanidMisally>
      <alveola kited="manjeetMyalgic" needlerEnlimn="sublotWetbirdGluier2" toaKainite="childesBrasseyTutti" rumpusDurably="wabbled">
        <gummerPrenzie>32</gummerPrenzie>
      </alveola>
      <coadapt parodeLautite="viridinLassoesShevel">
        <seemly>flairs</seemly>
      </coadapt>
      <vorlageSpurnerAkin spsUnbale="sesamin" adamineFloppyPardine="inosin" fishfulGuran="wissleClarain">
        <bialisKabard>46489</bialisKabard>
      </vorlageSpurnerAkin>
      <hatlikeChiripa grandoViharaDeny="capfuls" briskenRoofs="8224">
        <inhumer>670</inhumer>
      </hatlikeChiripa>
      <impingsHabitsBedwarf fangletHogtiedMichael="28215318">
        <tienMarasca>bullet</tienMarasca>
      </impingsHabitsBedwarf>
      <amiralInanity>
        <rabbanJufts>noetianSulaib</rabbanJufts>
      </amiralInanity>
      <sinopleThrowDater sloughs="hobbetObdure" orkey="wede">
        <cutling>haiduck</cutling>
      </sinopleThrowDater>
      <choatyRoamersEarly clonerFurrilyNowch="duckLucrum" bingUtch="musclesTousche9786" maridMenyUpflare="glitchFidosPayoffs">
        <juttiedPhrenol>zeugmasBuzzing</juttiedPhrenol>
      </choatyRoamersEarly>
      <unopen sparserDryableColdest="836324" spise="76569" guan="exacterCometh">
        <cunjerBursary>outhits</cunjerBursary>
      </unopen>
      <tartineDurousChoicy>
        <lignum>eatenSpect5</lignum>
      </tartineDurousChoicy>
      <kentonUplock>
        <addulce>mykissZabaism</addulce>
      </kentonUplock>
      <nesty kintar="showful">
        <lascar>anlageCouth</lascar>
      </nesty>
    </racettePeponid>
    <calashChing>
      <bubalsEnvies>avengerHapi</bubalsEnvies>
    </calashChing>
    <heal>
      <arglingEfforce>38653697</arglingEfforce>
    </heal>
    <satrapFalernTwicet>
      <skewlySingsSmacked>5286</skewlySingsSmacked>
      <queuerFeedbagAlkamin ixiaMizzlerBoca="wort">
        <kliegKyathoi>9695</kliegKyathoi>
      </queuerFeedbagAlkamin>
      <dawnedMouthy daffed="macks" blout="52403">
        <grunter>hausens</grunter>
      </dawnedMouthy>
      <sqdAdjoustMummer>
        <platane>butlery</platane>
      </sqdAdjoustMummer>
      <kaleegeOpposes tagala="mayvinsDopingCoddled">
        <minglerScringeNobis>myomereUpsunHeil</minglerScringeNobis>
      </kaleegeOpposes>
      <sericea obsignIntruse="jeersDimorphTrendy" brewageQuiresCograil="375" caplingBeast="recluseReisnerJealous">
        <twasome>zombie</twasome>
      </sericea>
      <mammers lysidinTapedTruckle="asbolin" latheeCockardAxmaker="10643782" surgy="engraspBkptTriads">
        <ariderElevonQuercin>whitney</ariderElevonQuercin>
      </mammers>
      <combindReforge mottWiped="coitPhossyAmbaris" wips="89872388" bendies="650">
        <arcoseBoyd>abeliaAdnexa</arcoseBoyd>
      </combindReforge>
      <tactusAbsoil clint="buryNootka" tehseelRichesClayen="papilio8051" wittolsSulidaeColfox="lowborn">
        <orchisFeigner>pisoHeadset</orchisFeigner>
      </tactusAbsoil>
      <bumblerChamiteImpings oncaCapreolGrungy="dispellNoddleGamines">
        <brakePimpery>carkingShaula</brakePimpery>
      </bumblerChamiteImpings>
      <addictBewestQuilled hipwortLannersSnugify="psoaeFreres" mycoticLuigini="toughraDizz">
        <sorgo>smellsSailorUncle</sorgo>
      </addictBewestQuilled>
      <paresisDodoma>
        <frightsBrisky>yon</frightsBrisky>
      </paresisDodoma>
      <brotulaArache asyla="uralic" refliesPos="foetureKuan" powtersSivaite="mulsifyKhahoon75" leaper="hunnishAppetit">
        <beadlesTalQuadded>mouched</beadlesTalQuadded>
      </brotulaArache>
      <voetian overaptPyramusRepile="56480050">
        <bedsick>quakery</bedsick>
      </voetian>
      <alerterDividerVedaism boycottVoided="amountsEggnog30">
        <mataraRangeyDomes>psychsAthingEpoxy</mataraRangeyDomes>
      </alerterDividerVedaism>
      <dikkop swadLowseAnitos="dravya" usedlyRaffs="114421179" plowterLiddedXanthid="588" unpleatOnions="sandbur">
        <chatti>780546128</chatti>
      </dikkop>
      <linaloeKannu cocoas="abroad">
        <balkerPollam>cabana5750</balkerPollam>
      </linaloeKannu>
      <heyTwal spasmsCupels="nightyScabrid9908">
        <india>pramsHerbalsBindles</india>
      </heyTwal>
      <upgrown maltese="964422" arridgeMaracasRubor="forearmTrawl" potterRematchYoking="phiesOrmer" butlingTalariaMiauls="rumChoreas23">
        <subsalt>6</subsalt>
      </upgrown>
    </satrapFalernTwicet>
    <corebox>
      <thapesEmeerLaddie>enent</thapesEmeerLaddie>
      <mamilla kebbiesResaveAcedia="ibycusZinging2" comidAperDid="38922353" burrersArgaile="podsols1" dool="oppose1350">
        <bajochiJiveTaled>scobsViewsHamza</bajochiJiveTaled>
      </mamilla>
      <deforce>
        <rite>baths</rite>
      </deforce>
      <chuckyFrets clothe="erosWronged">
        <sorel>2894</sorel>
      </chuckyFrets>
    </corebox>
    <relictiAntickt>
      <ekeCadere>topsideQuantum</ekeCadere>
      <shrivesScandal vixenly="sadhana" grannamGuntubDormers="9213864" plim="briardHakeem" cogman="3606">
        <bysSwaleSierran>riffles45</bysSwaleSierran>
      </shrivesScandal>
      <oidiumCationsDeck fledgy="lacily" crumblyPhased="deponed" mentalSebkhaHumbly="6576475">
        <unumTagster>830314</unumTagster>
      </oidiumCationsDeck>
      <gave wetbirdChuggerVarier="grievesBenign" tirosCoryzal="daimonFunks">
        <staplesRedbaySizing>agnailsPoshoSolan1710</staplesRedbaySizing>
      </gave>
    </relictiAntickt>
    <oquassa rolleyHelloes="bilstedNowderBayard" degloryEnrageDeplump="diphead" toyotaRebuffsKnew="khedahsCaudal" emptilyEuchres="95923" trudges="miauls" missionStarnyTickles="497" nashForbidsHazard="roinish">
      <exsec>unglues</exsec>
      <emeute miauwYaupedUncheck="17301811" letdownShipway="tarsalBehoofOthmany7344" anisal="voarAkala" buzzingCumbleAched="sphegesEnginLions">
        <beswarmScrivan>stitch</beswarmScrivan>
      </emeute>
      <acadia proller="fundedTinselsHoodle" feal="bulkedCogito877" retledFaki="imprimeOutrazeRetaker">
        <baboonsMislen>gearingChadarBauta</baboonsMislen>
      </acadia>
      <keaweRebrushForbid>
        <ellaCatalog>fugle</ellaCatalog>
      </keaweRebrushForbid>
      <glaivedLoppard madman="saltedForaKeten50" stumperRushyPrises="areic49" caudlesDript="doggle" gonadsCosy="sklents">
        <siccantHexapla>rimal</siccantHexapla>
      </glaivedLoppard>
      <caving sertivePatiaRutted="187221832" hyrcan="injectBragget4" achUrushiDell="fecalJiffiesLemanry">
        <readilyTrefleReaver>unreels</readilyTrefleReaver>
      </caving>
      <linolicPamperRiving moanful="cursaroLeprose175" bursts="nashua5776">
        <kulturOturiaConn>8961</kulturOturiaConn>
      </linolicPamperRiving>
      <nap ladner="isoporChina" kristinSecours="comboLeguan">
        <marcoCatwalk>sculpinRecurveLaster</marcoCatwalk>
      </nap>
      <gramperCrooch>
        <ursaeSifflotSubdean>enoplaSivers</ursaeSifflotSubdean>
      </gramperCrooch>
      <astateDexies>
        <venosalTwiningDiketo>maquisScallop</venosalTwiningDiketo>
      </astateDexies>
      <griotteMarcher>
        <millite>indeedIncluseTeasers</millite>
      </griotteMarcher>
      <cakerTepefy louvresTodd="friarsBetrothFruity" liversGladwinRelent="redfinsMytilidBetaine">
        <fetlockDanaanPern>dareOchtRaffias</fetlockDanaanPern>
      </cakerTepefy>
      <chiwereSclere>
        <baunoTrapaUntucks>ferioOvernewContuse11</baunoTrapaUntucks>
      </chiwereSclere>
      <axtreeResolve cycloMirks="caveyNaneFanam3847" dyslogy="28745" panacheSippy="gonysCade" cretion="5843061">
        <arrased>dobuleBalliesFloroon</arrased>
      </axtreeResolve>
      <oaritisAludra cadgersApplingJeweled="forlet" leporidPlateaDefray="5611">
        <stirkTybaltLintie>7</stirkTybaltLintie>
      </oaritisAludra>
      <zulindeBombay runkled="frownyBopyridAwaked" murky="871730" teacupMongoe="stamnosCoecum7" linder="outwitDecylicPaynim8257">
        <relatedGrager>freudJostlerWeeting</relatedGrager>
      </zulindeBombay>
      <nannieOrpheusTrashy cacciaFerringCoequal="voleryToriesLentil991" blanked="darlingPedocalRussety" bloomedEasing="everlyRabidlyDunne">
        <purport>chouseChergui</purport>
      </nannieOrpheusTrashy>
      <genesisHotbed linaloa="8942" opahsApedom="danaisBythBetone756">
        <peppierPeddlerEnring>cokedSeeds</peppierPeddlerEnring>
      </genesisHotbed>
    </oquassa>
    <alaninsAis>
      <mila>fulled</mila>
    </alaninsAis>
    <oreodon danzig="hobos" skagTuckets="unsharpPresesBoltin" petitPavises="sandanCamanay" savaraAsimen="63531" boutoZaps="739" deficitSchepen="6">
      <burette>chingmaGambler313</burette>
    </oreodon>
    <redeed klan="gulfier7" unsadlyFemesHoddens="earlockStemmerPalew122" dossilsLeafcup="cathariFuchsin" stimiedPleaseMorass="vainTombacKyrie" outwearDonaldFondest="ohingStromal">
      <carefoxDonorLoath>scirrhiIdlebySteep</carefoxDonorLoath>
      <nestage teamBouchalSkivy="jishengRecueil">
        <deseretMussesOutrun>sholomLadderHouris</deseretMussesOutrun>
      </nestage>
      <slicksRillow boxtopBunningPeace="yizkorGiraffe">
        <bratinaSarah>kodiakCorneal</bratinaSarah>
      </slicksRillow>
      <rajasSpawler simconWeighed="kannadaPanime" lolledRepines="ischuryVelate">
        <toothed>63</toothed>
      </rajasSpawler>
      <rosetumEngages mushingBubblyTalwar="piggiesEvanidCurtals3" teiseRassle="6" foemen="verbidsMoulten">
        <asopDefends>9702</asopDefends>
      </rosetumEngages>
      <deirid plantaeAxil="tratlerUst91" redeed="yashmakIceni" sluer="gamineEndives151">
        <emaniumSpavine>54465</emaniumSpavine>
      </deirid>
      <sconces hababDesight="461" yquemSolutus="135619">
        <plotlibCatarrh>4</plotlibCatarrh>
      </sconces>
      <peiningPribble flabileFlenseOsseous="leeringSiccarLockman" waxandBesugar="anagoge">
        <micasTramperBoozing>curtainOpiumsHemic</micasTramperBoozing>
      </peiningPribble>
      <engraceCoucheeBaltis ennuyeeFrabousSobful="routineWoozlePiffles" ceteraAmorousLuaus="ayen" scabidTeliumGhbor="galleyKomarch">
        <feijoaScurvy>untried</feijoaScurvy>
      </engraceCoucheeBaltis>
      <slape brisureAbandon="hatfulRexine" clothSwiperDoeth="eluvies" mimingWhither="hardPaleolaNifle" bironGaddangLardoon="masaridDiseuse">
        <weepfulCivics>dutch</weepfulCivics>
      </slape>
      <waggery>
        <growers>rauraci</growers>
      </waggery>
      <bonorum sodaAuxinsFleers="28">
        <mymarGraysbyNyroca>scatter338</mymarGraysbyNyroca>
      </bonorum>
      <primySerenoa maizeMazeTiwaz="dumpokeSiloingCliche" hartall="admetus" skibobUngrace="matzot8" pogeys="92649258">
        <pitrisAnoint>steekedPectaseGirding</pitrisAnoint>
      </primySerenoa>
      <chirrsDebarkEyoty>
        <quelt>offcomeOutdateManuals</quelt>
      </chirrsDebarkEyoty>
      <unboatObb>
        <nudumDepone>agersIdantCivilly</nudumDepone>
      </unboatObb>
      <kickoffLooeys>
        <zatiBeakier>smeuse1</zatiBeakier>
      </kickoffLooeys>
      <shiftyTazzaTankman>
        <deeming>92</deeming>
      </shiftyTazzaTankman>
      <genipaAgrise ternShipfulNeskhi="ironish">
        <moonja>rehoopDyne</moonja>
      </genipaAgrise>
      <podding>
        <jewelerSiltage>ginglesBrynzaSivaite</jewelerSiltage>
      </podding>
      <calamusPlacula durant="sauIwberryIntaker" gooseCambist="62756" hoodingInducerMurrey="415179261">
        <theriacPallia>guserid</theriacPallia>
      </calamusPlacula>
    </redeed>
  </delayerHuitre>
</meselMuzoKoibal>