<?xml version="1.0"?>
<jecoralSortBiacuru>
  <sinder>
    <honorFoxholeKnelled>
      <wailakiDistilPat>abrActianCessing5003</wailakiDistilPat>
    </honorFoxholeKnelled>
  </sinder>
  <procureFesselyGross />
  <unsight stiltsSatori="conoyArginPinte" coercedSkunkInvents="soilSacry" gruisPiggery="closeupRepumpHaplome460" />
  <subbiasOverawn />
  <blackerRarely ibanagRookish="keefSamkara" reeves="muridsTst" ortyxCurucuiTerata="trystsWarper326" />
  <cricked />
  <philtraHaratchTorso coddler="snooksTiaraed" messily="whitsBrattle" hottestJaspe="evansLief9141" futures="bundh">
    <meted retipEastersPulser="hugsomeMunjeetSolar1" wiltedRheboks="flame" harlockSedgierDie="brambleBleck" eveweedUncoylySertive="motifLordly" ptyMinora="bebasteLiseGulls">
      <carnicElisha>runedNinetedLossy1</carnicElisha>
      <scripCheckup lampmen="radmanDuke">
        <pilaff>nebbuckLedgingRetells</pilaff>
      </scripCheckup>
    </meted>
    <rootage turkizeChelloGrimily="shovingDebosh" reknits="6177120" epiceneSmiteLinet="seggardFlobWarless" quivers="glaumSalletsSafflor" elianicDiamond="swiveCileryBoggler" wadding="rumina5256" rie="creolesHoboeChocks2998">
      <pursuesPenna>snakier</pursuesPenna>
      <bassia hurtSelflyGashes="quartusStad" nigglerKashima="satangs" tarlikeCrucian="esurineMele">
        <spilomaAcopon>theyve</spilomaAcopon>
      </bassia>
      <diotiLobed rougeauFlop="semirawSkunFourgon" doggerSisals="knewJulianeRodolph" mousmeeBrights="hsuanPowwowTrucked">
        <turnix>78971420</turnix>
      </diotiLobed>
      <malarinYelp ail="538" wiskingTogGrote="413342" tiesSperoneFolate="21" brogues="yarnenEmbays">
        <hamotzi>induedGamely</hamotzi>
      </malarinYelp>
      <heydayOutworn ilpirraUnread="unbiasEjectedDashers">
        <souaggaWedelnsAlkoran>adeepUnsourTheasum</souaggaWedelnsAlkoran>
      </heydayOutworn>
      <camballEvovaeGiterne yawsGleekLaches="bintsBoshesPom" smichFrundelSch="jantuTouts" yeguitaDid="outwayYawn">
        <miderNeascus>wanders</miderNeascus>
      </camballEvovaeGiterne>
      <deedyRestainZorro kovilColletsJoin="turwarPitfold25">
        <ciphersTendido>866240</ciphersTendido>
      </deedyRestainZorro>
      <pesewasPetzite baizing="assethTulle3883" jaquima="inodesUtensil">
        <twirp>triketoTuffetsDewer</twirp>
      </pesewasPetzite>
      <nibblesBattuesPrayers>
        <talwegYetlin>2</talwegYetlin>
      </nibblesBattuesPrayers>
      <nunnishTepe>
        <dryrotBecome>300341</dryrotBecome>
      </nunnishTepe>
    </rootage>
    <jactureRefers whitiesPliableKori="leerishNasieiPaviors" smokosCaviareLooplet="130" tetrylsTenrec="89610" brainy="outspinGodfrey">
      <inkyFavor>loafersLeftDorize</inkyFavor>
      <periwigCanyWanders soleyneBribingColob="papainDefilePropyla" intentsOatmeal="22">
        <dewdrop>bouvierAdatSexy</dewdrop>
      </periwigCanyWanders>
      <holcad>
        <rostersPrivily>plusesPyrFarinas</rostersPrivily>
      </holcad>
      <linge chilionArtouSardars="howdahAlonsoa" pawnorsScyphaMaigre="sikra629" scarfedOpcodeQuaffs="939113">
        <deditHuastec>inbushQuaternBaron1</deditHuastec>
      </linge>
      <makuta gruntsMistedSwat="hooray" linins="nandowCayusesBindle" crudsRateBurg="3405" cologAttriteAgric="hastatiIcon">
        <unwistHobbiesBumboat>posteen</unwistHobbiesBumboat>
      </makuta>
    </jactureRefers>
    <heidiSolaryLochs>
      <midlegsUngull>stanleyFolioDoppio</midlegsUngull>
      <beleave>
        <hecubaAnanymMaddest>ostrea</hecubaAnanymMaddest>
      </beleave>
      <unleanHumuses amanita="619583831" seepageSwinney="spankedHousel">
        <chorineAlertlyLactide>jobsonWans</chorineAlertlyLactide>
      </unleanHumuses>
      <phrases cardecuShem="55" paletRerig="outbegsHewholeAblauts" druffen="76">
        <tributeBaulkyNovum>gutsyHaidee6</tributeBaulkyNovum>
      </phrases>
      <tonal boxfishLapcockStrent="statize4470">
        <bluffedAridge>yomNardineGhafir</bluffedAridge>
      </tonal>
      <disjuneOncettaCafiz>
        <abjudgeIrenicsHubris>ares</abjudgeIrenicsHubris>
      </disjuneOncettaCafiz>
      <lauraSeah laudes="wamefuDeliberVaisya" jinGigman="topfullIthacan" begladsTotems="brigsZeugma55">
        <vaccary>lufferOutname</vaccary>
      </lauraSeah>
      <juridic nonzeroMoths="geodes" seabedMiniums="9169">
        <dowfartGormanValsoid>leegte</dowfartGormanValsoid>
      </juridic>
      <doby yob="overbit">
        <cherguiOverrun>boaganeTahltan</cherguiOverrun>
      </doby>
      <custron samolusSorgheTappers="clootsRomneyaVacatur">
        <dogtailChappyXylosma>upbeatEmitsBasks</dogtailChappyXylosma>
      </custron>
      <evicts phlox="23506">
        <kiesterBedrel>untenseQuaigh</kiesterBedrel>
      </evicts>
      <jubilesSkeen>
        <cymbateExultetFarcies>shoversPicrite</cymbateExultetFarcies>
      </jubilesSkeen>
      <gabi dispendNeuronsCocket="1" ignaroPinionPurlins="bouetComfitBrewer" cycleneCambism="bantinTaenian37" paalOrnisInfixed="manAlureManati">
        <broeboeDeviantSprenge>anteingMoment</broeboeDeviantSprenge>
      </gabi>
      <yazataDoitMadid hottestSobbyDurians="fleeing" purauDalliedThalers="711950549">
        <hooeyLedgerOomiaks>382936342</hooeyLedgerOomiaks>
      </yazataDoitMadid>
      <saeta>
        <dewfall>humaneGrunt</dewfall>
      </saeta>
      <enactsHasidicInequal clewsImmoteCitrins="fanfootTrined" kangriMatchAdulate="heraldsYazataDolphin" sheiks="5">
        <newshenShnookOvening>dannyRwound</newshenShnookOvening>
      </enactsHasidicInequal>
      <leoneseSurgers>
        <supperUpjerk>joukedBulgurs</supperUpjerk>
      </leoneseSurgers>
      <iseultDawtieMorris skijore="snaked">
        <visibly>wailKvarnerArs4369</visibly>
      </iseultDawtieMorris>
      <iguanasRye acrania="tubulesEpit" pendaUnmovedPlacage="gutlike">
        <falxSanjeev>mooletLassieMucus</falxSanjeev>
      </iguanasRye>
    </heidiSolaryLochs>
    <hotlyYgapoUnframe>
      <shaded>filicic</shaded>
    </hotlyYgapoUnframe>
    <hights>
      <myoticsIlless>lopsPoroticLeuk</myoticsIlless>
      <stroyPyroneWongshy legionsCurupayZonoid="barblePoros" peepul="canamo" uvaniteDipsie="issuers" cubistsAmulae="bloodsSpeceFull">
        <traneauLengths>sizzledHymnals</traneauLengths>
      </stroyPyroneWongshy>
      <sulfitoPlaza blinkerInfundWauls="761102239">
        <glucoseEmpeo>59490516</glucoseEmpeo>
      </sulfitoPlaza>
      <fineerSareeTph reviles="beknow" excusalPiloriTitmen="scufferCrocksGrenier" wonnerWichtjeMismosh="ksi">
        <mammutCarga>7830</mammutCarga>
      </fineerSareeTph>
      <thoseSimiidNumbers sloshesSolvateSunday="tonicsSeisms">
        <bogleAlgebraCashews>5966527</bogleAlgebraCashews>
      </thoseSimiidNumbers>
      <puisny esther="275972" fairs="sprit" demoded="cheetahBrimfulIdgah">
        <gaugerHealedMissays>scorceDoffed</gaugerHealedMissays>
      </puisny>
      <kiluba lastage="muyusa" deperms="leanestMarlite" telosMiddays="shikar">
        <balliumUnburlyFeelers>pomary</balliumUnburlyFeelers>
      </kiluba>
    </hights>
    <pulpalFeceris>
      <bushwasDeicersGrinded>7072769</bushwasDeicersGrinded>
      <gussy warrayCassenaDisney="macupiEnageStigma">
        <rosario>83516312</rosario>
      </gussy>
      <shouterParersMutilla facierBollardUstion="siwensTruffe">
        <unsatinOutsConins>30372</unsatinOutsConins>
      </shouterParersMutilla>
      <schermTegularRayan cruses="ulpanim" blowsyLindaPavies="actuate" biotin="5596348" bitty="enlargeAmara">
        <scaut>busyingAngorasSnorty</scaut>
      </schermTegularRayan>
    </pulpalFeceris>
    <umbrateTopasSwots>
      <jabbedCampoo>173</jabbedCampoo>
    </umbrateTopasSwots>
    <parents>
      <conchie>stoleImpound</conchie>
      <serapisSylvan disable="butter" dulce="talisTherapIzzards">
        <violous>enableBanig</violous>
      </serapisSylvan>
      <doormanVacuaDorje>
        <swivelMustier>tamersLeatmen</swivelMustier>
      </doormanVacuaDorje>
      <soggier>
        <frenghiSlurs>hyllusFedity</frenghiSlurs>
      </soggier>
      <oorie cstAreoletForleft="metumps" aldusEnureBarter="kerfedIsolate" gliffsBocalHust="casasiaReuben" goosishPocillCommaes="rechewFustier">
        <unwivedForfareViewed>anthoodSpakeBecolor</unwivedForfareViewed>
      </oorie>
      <hipwort bezelsMeathUnpave="faquirsEjidosArchon" pippy="fains558" georamaDryness="isomereLaglast" equineOysterLurks="76">
        <sevenerTitarArccos>klom</sevenerTitarArccos>
      </hipwort>
      <chagga pulpal="fleshesRedfinDeddy" mildestHoople="freeBismarClotted">
        <obtestsDaturicNot>91</obtestsDaturicNot>
      </chagga>
    </parents>
    <anolesFarleu>
      <barbingKiotomy>jark</barbingKiotomy>
    </anolesFarleu>
    <boomkinBattelsMbira arts="1" battles="aidersEmeroidMaximed" phrynidArtal="gaposisRealest" lechosa="2" preveWoady="skellumBawneen">
      <berchta>weariesRupialAllody</berchta>
    </boomkinBattelsMbira>
    <precule augur="utiPilularGawsie" marwerSoueege="oxanicBhutaniCaddice7684">
      <caciquePasts>moreenLotahsImidic</caciquePasts>
      <shodeLemmon otyakHated="678054938" scrunchScriveBowyang="thiokolUngrave" daimyo="489">
        <vase>fiddedGrams</vase>
      </shodeLemmon>
      <baboolsJerrids disney="fairishPeles" ceresinBegoniaDumpage="gizmoResee">
        <unwryBildarPeen>squid</unwryBildarPeen>
      </baboolsJerrids>
      <dat weedCuttage="mannan" boreenGisla="glottic" avgIcarian="danelawTronkNappier">
        <psyllasTowneeAkeki>harnTenzone</psyllasTowneeAkeki>
      </dat>
      <trioleHackly newcomeUnfenceGird="40442702" deniersDemodeFaust="assythSorbing7" whosenPrimi="haidaShamed">
        <riv>limiestTannins</riv>
      </trioleHackly>
      <hashery ascaridPlush="webworm193" kifsRabbitBurrier="copensStylops" pluffy="amishGamahe">
        <fumariaRepavesOverman>issiteGumtree</fumariaRepavesOverman>
      </hashery>
      <stealedBestudsEctiris nooningUnfixtConfed="oriasIncaveMalarin">
        <alfredaMunific>ingesta24</alfredaMunific>
      </stealedBestudsEctiris>
      <volublyMonelStumpy noterseAnlet="localeMilady" empanelHugh="swatsSosia" rodentsRelideArgine="freeway" pumicedFloush="bacalaoOwenist9">
        <vicugnaEncystsCrews>susliks</vicugnaEncystsCrews>
      </volublyMonelStumpy>
      <agadicSpringy>
        <hoodleParodeBlousy>81</hoodleParodeBlousy>
      </agadicSpringy>
      <toluideHauledWisking kevalinBalada="algor" sadhJugger="precite27" brutedCesium="sowans">
        <sparthStacyDansant>beche</sparthStacyDansant>
      </toluideHauledWisking>
      <liebigGratias unluckyLandmenRoupier="atweenGanoidsBeanos" begAlumni="domedMambosCamisa" sepawn="2097" apersAbettor="rabiCoils51">
        <hustOutsing>andriesEscapes</hustOutsing>
      </liebigGratias>
      <iciness existsSlump="donatePomeyInditch5943" depotDearsPetrary="pewySperple7121" clock="misrunJesuitsAzimine">
        <ukelele>7</ukelele>
      </iciness>
      <assoils lingamsTardily="tansies9">
        <lexiaMegabarFrapp>tersePillows</lexiaMegabarFrapp>
      </assoils>
      <trockTsoneca lamprelCrowbar="sunniahAccurseHaddin" hiantDusted="aahsCabot">
        <lupoma>iodismBriteSclimb</lupoma>
      </trockTsoneca>
      <spooferForbear misteryPulpitErrsyn="acoupSpelterTty31" tawpyNattJarabe="ebony">
        <hoazin>7</hoazin>
      </spooferForbear>
      <perigon colter="thraws" biriUntwistElbows="smervyFillUpseize" beknaveDubbing="4006">
        <betellDishyGanefs>34342</betellDishyGanefs>
      </perigon>
      <minerCelledErk>
        <evadesAtaxic>aveneryGangsaPresses</evadesAtaxic>
      </minerCelledErk>
      <crepedAgba yodlers="annexImmunol">
        <hurtyThundFissle>haustIllbredCamansi</hurtyThundFissle>
      </crepedAgba>
      <perilsAdaty>
        <weltingLacunes>vibioidOgles</weltingLacunes>
      </perilsAdaty>
      <certif>
        <ambarisAliptaeBefrets>828508263</ambarisAliptaeBefrets>
      </certif>
    </precule>
    <cliviaBenignPotteen>
      <shilla>scalf</shilla>
      <coadmitOwl octyne="pockilyCrest377" militiaElohimDoorboy="858104">
        <pungies>throwstRubber</pungies>
      </coadmitOwl>
      <bailiffBlautok outblow="doyen">
        <kaphsLakelet>868947832</kaphsLakelet>
      </bailiffBlautok>
      <adeling aerocar="fatheadDaymarkGeejee">
        <oakesia>779715</oakesia>
      </adeling>
      <argles>
        <sappy>reactorMacesOil</sappy>
      </argles>
      <herbary theciaRarishSubnect="45981318" noyades="trishnaEuriposLignums98" lunaticSpandexRakeful="shuhaliHodaddyPerdue2">
        <impishArsenylAntisag>gargElectreDurably8440</impishArsenylAntisag>
      </herbary>
      <norah mirkilySuclatCorella="49">
        <ervilsAgaritaMusard>659509</ervilsAgaritaMusard>
      </norah>
      <knurlyComtian>
        <marsoonGerip>alrunaGeninSextant204</marsoonGerip>
      </knurlyComtian>
      <soldanAmids syssitaBoccaro="mickeyTripled82" rivetNuder="larvasMfrOffend" soshedWaxbillSnugs="reps" cointer="codifyKnivey">
        <somdiel>disallyIlling</somdiel>
      </soldanAmids>
      <merkhetBimbos skevishAmbary="seginusInspeakTimeful" panamasTaissleTureens="87" pursue="62">
        <suitorAllicitSwobber>ioskehaGaulInsets</suitorAllicitSwobber>
      </merkhetBimbos>
      <beeballPillar agush="581" gavallTeam="arthralCarcase" pursTern="17">
        <calkinQuilatePomonic>34861</calkinQuilatePomonic>
      </beeballPillar>
      <gibbar edgingSanifyAshwort="tagsterPretil" wainmen="ovicellLeftism" frogger="sorghumGeraticPusgut" inachidSceptryZaffir="chaoush">
        <unpeaceDefusedFestin>88</unpeaceDefusedFestin>
      </gibbar>
    </cliviaBenignPotteen>
    <accordsCausae scamperAquavit="feringiMemsObfusk3" bayingClemGrubby="sakelNephesh" outsoarDebitedKalo="peeverGuerdonBedwarf" laniary="houndSmiddumFlouncy" scatsDistome="puraqueCanelasNatuary" umest="npeelUrnfuls" tunket="clours">
      <rezonedWhitishSallets>styrylSickestPrimine</rezonedWhitishSallets>
      <fifersRackersBespew byhandPlaguyAmbrein="3819198" cedar="embank" whervesFumarylRacer="chitterSubtackCothon" hulkilyGeikia="nudniksParcher">
        <windedRifianPump>deavesBytes6</windedRifianPump>
      </fifersRackersBespew>
      <psychosBunkingLen tumeric="agregeVaried" toralFerryCasha="jostles" lockup="gaiters" edility="62891347">
        <cliverEmergedFirbolg>oket</cliverEmergedFirbolg>
      </psychosBunkingLen>
      <moltedSusliksJasper petty="dullifyKagoCymry" marinerDrawnly="zemePyxes468" widgieOutblow="rhagoseZenickPunily16">
        <mesely>spryCroose</mesely>
      </moltedSusliksJasper>
      <griever oxydase="pastilCasita" troakedSposhTreated="dormers4" hethen="alforge" retortsWormilSigmas="moplahCavdia">
        <aor>4</aor>
      </griever>
      <hyraxes>
        <hempier>staplesDisgout772</hempier>
      </hyraxes>
      <foulderTingledYells wagati="petalyMidas2133">
        <strowsAzygoteSemifib>xicak</strowsAzygoteSemifib>
      </foulderTingledYells>
      <zanier vibgyor="burkaAntrin1" photosChewerMeths="589551" imitantMarker="62" marrube="7793438">
        <fogmanTollentDedit>758</fogmanTollentDedit>
      </zanier>
      <askableItalon uropodBrollPomolo="3882364">
        <frownsPeteca>nudest</frownsPeteca>
      </askableItalon>
      <rockletEphapseMaru>
        <doubter>kootcha9</doubter>
      </rockletEphapseMaru>
      <smeech mascon="5" esoteryGroan="haricotStipple" crzetteOceanedSough="36053" twinkle="trinelyFarfel">
        <griddle>vowed641</griddle>
      </smeech>
      <griffonRedbackPrayed sculk="impalesHeraAviator">
        <caroledUmpireSetwall>eclegmaAlay</caroledUmpireSetwall>
      </griffonRedbackPrayed>
      <fictile chiclySmeeked="coyRiddles">
        <gruesInshell>9</gruesInshell>
      </fictile>
      <briniesRangy unspoilGirt="bewield" gauzily="cesium6443">
        <buyoutsFlabsRebecks>sprunny</buyoutsFlabsRebecks>
      </briniesRangy>
      <rancidUnship lavaret="gowlan" sracRedialSulaba="645" bridaleRazeesSigner="ais" sunland="larvaHyllusSooter">
        <ailweed>theelolOutsungFrabous</ailweed>
      </rancidUnship>
      <doariumFlyball>
        <unhard>build</unhard>
      </doariumFlyball>
      <radula shaughPlotxNacred="chamiseZihar" endwiseAdvt="lapp" graph="kotoite" ovenSulcusBoatie="hubby">
        <biomeUrealKioway>blatta</biomeUrealKioway>
      </radula>
      <peposChrysis meileBadgeBloc="140242064" taalBeprayWeedily="rainerAnurias">
        <tiredlySerowPinches>fesapo</tiredlySerowPinches>
      </peposChrysis>
    </accordsCausae>
    <likings>
      <biancoJowly>pessKibble</biancoJowly>
      <abatageBigburyGront musjidsCoonsPadding="9" luggingAtomMithers="lyomeriCroset" prooPundumStashie="hamatumUntiltPilfers">
        <enditedNegros>darkishSignoffStuphe436</enditedNegros>
      </abatageBigburyGront>
      <willock sao="asaPupaeBagger">
        <rashlyJesus>unlunarBarytaDhoni</rashlyJesus>
      </willock>
      <arrondiPuntingAam tastyPholadDsnames="gerkinSabaismFub" easterPleasedClaes="9686697">
        <preformToysome>nace</preformToysome>
      </arrondiPuntingAam>
      <taverUnbatedSizings lanazRagouts="stoopIncask" writherInholdMuumuus="jacalsClerid">
        <retiredAscapeBedsick>waistedOpaloid</retiredAscapeBedsick>
      </taverUnbatedSizings>
      <pasts cribber="tipperGympie" nabuHuggleAzurite="jewbushScanceFlatted" sizzledAdhibitAnsar="reedsCornageRegion">
        <smiley>739594</smiley>
      </pasts>
      <actg ettaDiremptSurgers="bespeedMisniacDryth" dotOutcomeMocked="kurumbaSusciteNepotal" odyl="protylHaganah">
        <murdersGauderyJannock>vulnose</murdersGauderyJannock>
      </actg>
      <emerizeBarundi banyan="scanianRemercy" dickensHapax="99297678" manuf="thermesMullarRowena" milady="welsherFowageTamarao">
        <lancer>weaken</lancer>
      </emerizeBarundi>
      <neinTritestNonages peeryPlankedGrivet="5">
        <escuela>ohioansExpySarkit</escuela>
      </neinTritestNonages>
      <basogaBleepedScabine chileCarers="winfredBarege758" sportyMammyQuizzer="chuffyExposerAside" caridea="2075430" gregeYashmak="tacosRunawayDakotas">
        <sacradApoious>2</sacradApoious>
      </basogaBleepedScabine>
      <zoniteTrin myasis="poitrelVardy" breciaWosbirdSpasms="nettShitaPuttee" mozosAmalicHydrol="remercySly">
        <costageStoitAmnios>1365</costageStoitAmnios>
      </zoniteTrin>
      <osseticAbsorptHasan sledgedSnickeyFeloid="enrank">
        <skeezixHalferJalap>4</skeezixHalferJalap>
      </osseticAbsorptHasan>
      <jocksBullnutBesomer diary="swarthsFangsDjuka" toluids="elinvarNobutCarlet">
        <indraftSlyness>neology</indraftSlyness>
      </jocksBullnutBesomer>
      <skysailYeuking>
        <petaledTiddley>crestsMayhems</petaledTiddley>
      </skysailYeuking>
      <testButch houri="pimaDynamoSendee8">
        <kyliteThrillyHobo>jugularLouderHenen</kyliteThrillyHobo>
      </testButch>
      <imbalmsAdducts shemakaKhami="sheitanEstufa" amenePappain="inaptlyAlcaliCapataz9667" memoryOtolith="901" walkers="83891600">
        <advects>20</advects>
      </imbalmsAdducts>
    </likings>
    <agnatesBrankieHunnish muticBlayTissual="scroochMadres21" beaglesSympusUromere="91048599" cursaro="lignoseNailingMature" kileys="leviersTention" heaperMoosey="81479" leveret="orarianChylifyConduct">
      <isotriaGroomyLichens>tattiesGorhen7591</isotriaGroomyLichens>
    </agnatesBrankieHunnish>
    <kloofAcuate>
      <stongLiganGuipure>newmownGasherEnchase4446</stongLiganGuipure>
      <sighSoviet>
        <caserns>haick</caserns>
      </sighSoviet>
      <psisLauryGlial daksMut="coppetMinable" cessioTrendCoart="cootyVentersRimal" exquireBulkage="868568161">
        <prozoneScarpsEndarch>searerShemaka</prozoneScarpsEndarch>
      </psisLauryGlial>
      <aceric stopedPiniestOthin="wiseguyIditeTozee1912" embeam="uncakes" bensail="sirkar" heads="edenizeAtonies">
        <coluteaMaedSanyasi>surviewKittoolDoric897</coluteaMaedSanyasi>
      </aceric>
      <vexedReblownBesped biltongBadassDingle="tektosi2">
        <sealikeMasks>yogurtComarcaNouille</sealikeMasks>
      </vexedReblownBesped>
      <littersHastily>
        <khatib>recoalPrese</khatib>
      </littersHastily>
      <unshornCrowderBursts zerdaOxyacidPrinker="cayapa">
        <rereadsRawlyPushup>salamisFriends</rereadsRawlyPushup>
      </unshornCrowderBursts>
      <sateenRigid riotiseWoolen="legatesQuechua" sibberYauped="caesiumIsle6">
        <oilingPhratryLatrate>longwayHacht</oilingPhratryLatrate>
      </sateenRigid>
      <sikatch>
        <portray>druidicRubrics</portray>
      </sikatch>
      <chiuleRelessa hyrcanEuonym="arcingSawlike" genres="telegnToluolsBesoul">
        <rakijaSmacker>generalCorset778</rakijaSmacker>
      </chiuleRelessa>
      <fifthTacticsSaucy cudwortChi="montana" kaikara="ensear" somneUnlax="pmtDizoicPorion9142" botte="punecaDecoys">
        <syftn>patholRackety</syftn>
      </fifthTacticsSaucy>
      <nopalryKileyFacular sangriaMorrows="plebifyUncoly" cobolCabdaCaddoan="kinbot">
        <diableEoanOlepy>garotteTaroBatete</diableEoanOlepy>
      </nopalryKileyFacular>
      <bakairi>
        <orgyia>41541179</orgyia>
      </bakairi>
      <clubberOutfly villageShramTaxa="fastens4" naebodyAspringArchive="fornaxSnawleBlighty">
        <pyrans>luteletMoineauMuses</pyrans>
      </clubberOutfly>
      <odium infernPrecopyArmpit="647817" sileniMather="bashedCeltisSloyd19" myotomeBam="coronis" fraudsMammulaReel="calcineScrieve213">
        <waists>73</waists>
      </odium>
      <lususesRainingKiss lowbredCuspule="ashrafHolyday" copiers="lesyaCinerin" wickupRiboseSneaky="rotan">
        <signing>gaugingDebrideDolor</signing>
      </lususesRainingKiss>
      <scrollyCleuk>
        <miniDiscourFir>561828</miniDiscourFir>
      </scrollyCleuk>
      <unstiffSonancyMomble>
        <fiel>titrateValeriePlatoid</fiel>
      </unstiffSonancyMomble>
    </kloofAcuate>
    <sarpo tulesDimaris="569523428" botling="virent" rayahs="lorel7479">
      <isnt>warstleAsta27</isnt>
      <dhobyButtery maniusPotpies="9763647">
        <meumUrachusGawkily>890887</meumUrachusGawkily>
      </dhobyButtery>
      <coed guzzleFuttahBanting="238" molerAlackSooner="64" daggyOficinaReeking="btryDefunct" groatWindrow="heaps5">
        <stokerFraying>yazooAnesisCalite</stokerFraying>
      </coed>
      <dobroes cussesFicariaGermane="joyrideFinicalRules" damas="teltHerpes" orogeny="logic">
        <biotype>facsim</biotype>
      </dobroes>
      <chooraBeehive>
        <atomizeJubilar>69003304</atomizeJubilar>
      </chooraBeehive>
      <heliast vauntyBrutterJuwise="educiveAmniacSyd" greylag="conine" afaintFucousThwite="ohia2" sordidUnorbed="arollaMorocco">
        <oolongsUlamaUnicef>371276</oolongsUlamaUnicef>
      </heliast>
    </sarpo>
    <pishaugAxunge hackieRazors="parseeLeantSlaps895" flays="kalemaCorulerRelater" hoboe="parazoaNumaDeener88" echium="104038">
      <badgeFaisan>cals</badgeFaisan>
      <alack>
        <bowlikeNonnant>6</bowlikeNonnant>
      </alack>
    </pishaugAxunge>
    <unjaded>
      <dumpsDozingBote>73</dumpsDozingBote>
      <moronsCynicalSitz>
        <acknowInherit>medusa</acknowInherit>
      </moronsCynicalSitz>
      <sliest>
        <pesterCosteenBlume>jagrasUnzipZippers</pesterCosteenBlume>
      </sliest>
      <adelizaAlewhapAmianth entasesVillarTui="teggMoolet">
        <acrisiaSoonly>salvedGorgets942</acrisiaSoonly>
      </adelizaAlewhapAmianth>
    </unjaded>
    <mesode proudly="clackedHubshi984" wurmian="linonElectorCrepis" basokoBrottPakhtun="maucaco" addaxesQuicked="wehnerUnhewn">
      <sherootIsonymyZaniest>demount</sherootIsonymyZaniest>
      <envyingLatinic arabizeDerekSorned="sultone">
        <ballamPhytolRetube>24558</ballamPhytolRetube>
      </envyingLatinic>
      <drudgeCurbersFourth ast="keeling">
        <fannell>hajjJabots</fannell>
      </drudgeCurbersFourth>
      <mau>
        <lintern>squarer</lintern>
      </mau>
      <caxon tukeHurterVital="kabuliSclerWrawl" chatonsAdornTrussed="daffishGandhi">
        <kagusAphylly>bridge</kagusAphylly>
      </caxon>
      <twinyFretish wawlsAsked="943734342" stoupsNeedersNoreast="mccoyToledoTarre">
        <podtiaForayedBalteus>outjump90</podtiaForayedBalteus>
      </twinyFretish>
      <balantThetin pivalic="tholosBlemish" puntaPardee="mildred">
        <exertedKaliums>827977</exertedKaliums>
      </balantThetin>
      <reining glusideFumago="nidaryIleumDilly" gonofAdrench="silviaLowboysRentes8050" sellateKhats="tty" immaskImpedeOxyurid="59104">
        <poof>pianolaEnraptsPhene</poof>
      </reining>
      <loyalerMicrons ujiRosa="kissed" sunroofRemover="455542723" angorMac="sirrahsCaitiffKickxia" agamoid="59593">
        <weevilsEquableCubs>86494910</weevilsEquableCubs>
      </loyalerMicrons>
      <alerce wingmenPub="80677" popeism="dewlessBookletLoader" iztle="95" wrible="torcher">
        <comicalSillilyCode>outpace6</comicalSillilyCode>
      </alerce>
      <protoreIaoPignet>
        <loaderCratingMaharao>reavoid</loaderCratingMaharao>
      </protoreIaoPignet>
      <legpullPorc iniomeXylemProne="reap" theoric="regillGussie" balkyFamilic="roquesTinkleIrani10" megabarFriz="5323559">
        <subcash>themesVehmeCooker</subcash>
      </legpullPorc>
      <workupSilviaCangia ulexite="ebbsEimerQuiddle" wigwamWurrup="877" ringtawTombicPodsols="4123" hunfyshEpees="ureLongful">
        <bedyeLookee>accedesRodsmenMaconne</bedyeLookee>
      </workupSilviaCangia>
    </mesode>
  </philtraHaratchTorso>
</jecoralSortBiacuru>