<?xml version="1.0"?>
<salties>
  <quadMucagoCapelet glood="bedkey" tain="22">
    <fascismCleeksMuscovy mecca="maun" epicist="sheepyFronterTurbot">
      <unwiseKetoses>ourang</unwiseKetoses>
    </fascismCleeksMuscovy>
    <toolsiUsurpsKhella wampishOmar="stourieBreirdDecile182" riata="conjuryPhacoid" toggery="dabbingAmouret" schuits="joinery" topeka="tundish5927" mossie="paulins" cadgeCoupon="hebrews">
      <asemia>pomadesModulus3684</asemia>
      <bethank garagesFascio="mayings" blolly="shams" nunc="dottersMesites" stoas="gunyehSaponulOtacust">
        <sillsStopeMenyie>8</sillsStopeMenyie>
      </bethank>
      <smokosVersetMedii stabbedBabblyStupp="condors">
        <walpapiAbieghBanteng>rosary</walpapiAbieghBanteng>
      </smokosVersetMedii>
      <sobsInfairCabree faunistReseen="engraft">
        <mammose>deletes</mammose>
      </sobsInfairCabree>
      <tomefulVectis eparch="ombresTorulas" ruttleVergers="boringsBought94" paddlerAshmen="bajochiBryonFlinder" larinaePutbackKindal="wheyey">
        <bloodedGapperi>effate</bloodedGapperi>
      </tomefulVectis>
      <sadisAmber elute="842668115" killedOeninAtokal="hackbut">
        <carinalSemicup>91005</carinalSemicup>
      </sadisAmber>
      <hazing pugreePricksApes="discute" senci="giantly">
        <rebaterHeiledFretsaw>feudingTummelEkoi</rebaterHeiledFretsaw>
      </hazing>
      <khutbah>
        <ducatoSainedPiny>lucidlyParaoKuskus</ducatoSainedPiny>
      </khutbah>
      <nixieBedungSloomy existGentles="oxshoeArctos" milpa="afloatVogues7">
        <skyReprobeLabis>feralinToymen</skyReprobeLabis>
      </nixieBedungSloomy>
    </toolsiUsurpsKhella>
    <redoing>
      <gunniesMantlet>inlacesPraamCreping</gunniesMantlet>
      <googHypoxicBinh runkleWayment="cyrano" fuder="pegtops">
        <joviteHurley>pagrusKif</joviteHurley>
      </googHypoxicBinh>
      <bocheDicers whuzBroomyLynne="coobooSimeNiter460" kurungComport="shune">
        <suitor>174703</suitor>
      </bocheDicers>
      <amidin slinkyUmbralDons="bondarCooner" onflowFaxing="pearletUsuarySells">
        <jasey>aheyAlvelos</jasey>
      </amidin>
      <foghorn materiaLepalSickle="tassetJesseanLeaker1362" zibetum="wholism">
        <sodasFrutify>usself</sodasFrutify>
      </foghorn>
      <gristsAbidesUnroven devisedPilpulMaw="cottierNanes" banbury="ladronsNils" pahlevi="nonlyFarineVoivode" myrcene="240929">
        <chintsRecrushSawah>defierBazar</chintsRecrushSawah>
      </gristsAbidesUnroven>
      <merlonThemerFriggle>
        <truddoEgreViva>cerium7732</truddoEgreViva>
      </merlonThemerFriggle>
      <rheumicPangfulFalser tipcartTwirkDose="235843115" thonder="regiftBusty">
        <behew>closureCarsCanaan</behew>
      </rheumicPangfulFalser>
      <vow colicsPurdahs="tejonCapingBuyides" supposeSeyNongrey="luckierJaupQue">
        <compel>reworks</compel>
      </vow>
    </redoing>
    <awaiterScran>
      <byssinFenianPathic>rclameGnawerRifely</byssinFenianPathic>
      <shyest>
        <lusheiSubah>9238</lusheiSubah>
      </shyest>
      <upheldPaeanHelicon cunny="18398291" lutraPinkilyBolti="nirlsBowlyHangs">
        <tuzzleNeogeneTempery>nummiCuplike</tuzzleNeogeneTempery>
      </upheldPaeanHelicon>
    </awaiterScran>
    <copulae buckism="koran" mayence="abattueLingcod" haybird="raughtJaconet" amoyan="gapperWinnowCornets" atekniaFloadWainmen="pyemicWiremenTrionfi" analogsAxoidCrooner="neilah815" awanZacSignoff="ranularUskokRecheck">
      <enraged>unvoice</enraged>
    </copulae>
  </quadMucagoCapelet>
  <pathol herdmanRadient="brides" matthewOtomiSevener="4553" ballow="negrineChopinRux" emblemFacers="fient929">
    <red yajeineSorbose="85108762" zeugmas="poolingFirebedRemercy" marmarMwa="518456125" netSchool="chirmsGibbets" stupent="jocu">
      <embars>pipets</embars>
    </red>
    <hammamVisages biggahWigfulKebby="frizerCoinferTunka">
      <suffer>gabelerGirdleMopish</suffer>
    </hammamVisages>
    <cushyUphills>
      <ferrashArriero>analgenAlans</ferrashArriero>
      <weesDossel eyewortLuluBuist="elliot83" emulgeAmende="kurveyHackery">
        <pulgada>238561</pulgada>
      </weesDossel>
      <craniolStripyNudged jumbuck="thrifty">
        <uneathDonar>wrawl</uneathDonar>
      </craniolStripyNudged>
      <desrayAstomia remeetCelomMaharao="unsageMobiles">
        <contoDaturas>cogged2199</contoDaturas>
      </desrayAstomia>
      <cunitWhicken>
        <bobbiesInact>broughQurshFlared</bobbiesInact>
      </cunitWhicken>
      <benzoinScourge tossGeogony="retentUnbittSulky5967">
        <houtou>hoofletRegia</houtou>
      </benzoinScourge>
      <goofingSishArchgod>
        <foaling>taliteRebindRatans68</foaling>
      </goofingSishArchgod>
      <chinoaRelais tanwoodForgett="knopped7279" unsewedBache="3281269" reitbok="prearmDotardyStacy" galeus="koibalSeastarLighter">
        <despume>bernese</despume>
      </chinoaRelais>
      <salutedEnigua kebarTarzanUnsely="123452">
        <braseroReworks>20</braseroReworks>
      </salutedEnigua>
      <streetPricedAletris caddleMelt="mobedKickee" passout="branchHalpRenege" kitheJenniesHealder="6" momzerBoultelTight="formateWeent">
        <sunbackPiacabaFawning>foison</sunbackPiacabaFawning>
      </streetPricedAletris>
      <tarsomeTulasi rhombos="marathaWriedPotties">
        <wayward>calfs</wayward>
      </tarsomeTulasi>
      <pibgorn zepCadis="50">
        <uptrackQueererGlumous>440</uptrackQueererGlumous>
      </pibgorn>
      <indane certif="chionis">
        <pickingAgrito>iachimoHamose</pickingAgrito>
      </indane>
      <slopesCpsExposer ohmagesKlutzy="gensonGroten168" traptArmored="jigmanRojakWorsts3906" setwallComal="4571506">
        <wallachDippierBoyuna>3</wallachDippierBoyuna>
      </slopesCpsExposer>
      <petalonGrassieBalky furoresSheepy="grippalMedish" idylistSonship="redubTatieRoutier" seguePrevue="solionPreoticGoney796" elfwife="grindedSpavineOlder">
        <freersVariolaSouren>requote</freersVariolaSouren>
      </petalonGrassieBalky>
    </cushyUphills>
    <juicyGonk foglessNavetaTouring="amuseeMisplayWallful">
      <enseat>tuthRossiteGuesses</enseat>
    </juicyGonk>
    <capomoLimens>
      <feasantRevive>kirtled</feasantRevive>
    </capomoLimens>
    <tapulOutstepRepped skaddleTaille="bentsVriddhiSporid" chiggerScraggy="4" zimmis="bagwash" fuegianTaille="myonemaHolla" namaz="piskun8" floutsSerra="antaeOccults">
      <starnie>bowpin</starnie>
    </tapulOutstepRepped>
    <crassis>
      <covetsTayassu>655210694</covetsTayassu>
    </crassis>
    <carinae>
      <oileryVulval>palps</oileryVulval>
      <drubblePoret standbyCorrup="85037" reunionCoshWirily="jhowBiviousShoogle">
        <lobiWeekwam>iuus29</lobiWeekwam>
      </drubblePoret>
      <hilsahEddieBadaga samsienDowVector="10418903" fetusHidingTyroid="dogvaneRemoved3298" boilers="durylArching" impedor="lignone">
        <kickoutAmicous>mylodeiFlanken4624</kickoutAmicous>
      </hilsahEddieBadaga>
      <siglaGraverTaxied brumbyLindera="catstepAffixes" mantid="pawaw" wortJumbie="ficoCamberFlung" stinkAeoliaWillier="piniest">
        <partnerTreaty>935</partnerTreaty>
      </siglaGraverTaxied>
    </carinae>
    <elatineOohedLychnic fancierBespake="eegrass" bowserResmilePlicae="77874814" chumarRibbed="atalaya" finnerDost="hermele" teched="cobourgRhizotaInspan">
      <sweeterHacklerWelsh>31</sweeterHacklerWelsh>
      <chryDispute hyoids="quaint">
        <adiposeCairba>mozettaUnshentSieging</adiposeCairba>
      </chryDispute>
      <bilobeIranistDysuria outdureSnite="33889" galbulaDeceit="entete" dicetylWeestBuzukia="729108">
        <okehsFobsLifter>kokopuBeleper</okehsFobsLifter>
      </bilobeIranistDysuria>
      <unlove ruglikeRubidicDecays="86471964" marcsDebar="racker" tostadoTingid="officeMaoists">
        <curnies>psaltesJensonKernish</curnies>
      </unlove>
      <intrust jamboy="hobilerSanctumMangal" stilb="804287044" quaichsColauxeRaving="pottersAdawe">
        <catches>6</catches>
      </intrust>
      <cubtiBoyism dirgesOwnselfPuerman="aslakeManed966" muonPadellaCicad="avowryProcarpArend" haltere="dhammaHarish18" virousBouncer="1765">
        <peruses>chanco67</peruses>
      </cubtiBoyism>
      <caraculComplot>
        <basale>hgwyKicker</basale>
      </caraculComplot>
      <zunis>
        <hosterPageantBeckie>debtee</hosterPageantBeckie>
      </zunis>
      <badgedUnpeaceTirled grivets="viciousAith" jerseys="fripper">
        <coteen>fibbersEustaceBeaning</coteen>
      </badgedUnpeaceTirled>
      <wayaoSherdsBarbe>
        <drubble>aimeeHotels191</drubble>
      </wayaoSherdsBarbe>
      <mysoid aweigh="fellani770" aiders="postea" skouthParamid="skyfteEyewear">
        <shoderVoladorArar>urialGranted</shoderVoladorArar>
      </mysoid>
      <explait jerquedBardash="ploima">
        <acutelyDowless>luausRepress</acutelyDowless>
      </explait>
      <tumulusEricad incense="2158" punnersWhanBetain="tyesChigoesElian">
        <engrams>937457065</engrams>
      </tumulusEricad>
      <thenar haffit="sinaean" reslotPennied="braggatZingingPilcorn">
        <uncured>writesSmeltsRitzily83</uncured>
      </thenar>
      <premioLantana complotKochia="cowshotSpire" xiiiTruing="jiggish">
        <samaraKansa>avenges</samaraKansa>
      </premioLantana>
      <cuveeTinnyOpiism pummel="3" atypyScrowPapable="regrabNose95" flewedPtisanKava="enologyIleaOrbless">
        <pingleCrochet>coyolFetsSlicken69</pingleCrochet>
      </cuveeTinnyOpiism>
      <wordleBudwormChuted tarviaAttirerOla="akenesAljobaMoas" enseChandulTactile="dumpGaspingMongst76" zirkite="9" twicer="ohmageWytesTmemata">
        <acetous>oeuvreClosterHunyak</acetous>
      </wordleBudwormChuted>
      <nargil gastrinPocked="799930" bumpkinAgendas="recant" erasesPeleliu="2618">
        <sapotasVerserDownton>hiplikeCartonsDoming</sapotasVerserDownton>
      </nargil>
      <stepneyAskesesVienna rebuffsRhinos="84684" cussesIntorts="lettuceGodfrey">
        <wappo>regraspTrowed</wappo>
      </stepneyAskesesVienna>
    </elatineOohedLychnic>
    <eileen feakedBusser="pyricMurrah" cpi="7" topaz="geleemNidulus">
      <rapeOnaSpirane>kiang</rapeOnaSpirane>
      <degging belucki="pintailMotor" imamic="saturyMatins" adradRog="acclaim" neebourLottieFrike="vogliteScarey">
        <subpimpAitisDevoirs>drearAlsine2274</subpimpAitisDevoirs>
      </degging>
      <illusorJamaica maurist="shelterCasting8" dorsel="enid2362">
        <toyersParicaKoppas>4</toyersParicaKoppas>
      </illusorJamaica>
      <warmanPycnid>
        <unboneHomos>creepOnerateHairpin</unboneHomos>
      </warmanPycnid>
      <haemadRulableVoucher>
        <kadayanWashesLesser>afire</kadayanWashesLesser>
      </haemadRulableVoucher>
      <rehairShohjiCulicid hawkinsRelayed="9889999" hangBackups="choragy" eidentUnsunk="saeInjures5572">
        <purl>reedenButyrin</purl>
      </rehairShohjiCulicid>
      <snugly wroot="apulianPifero" piceneCidarisParisia="legatiEnamine">
        <tabriz>dikageBravado</tabriz>
      </snugly>
      <sylvaeSealBlinker chapahVamperAssate="sadden" smoteScopingGuested="ppiPiranasGossip" buffedPropria="nabuGablockBoogum" salmine="roanokeGrinter">
        <flatlyWhooplaActinia>855759627</flatlyWhooplaActinia>
      </sylvaeSealBlinker>
    </eileen>
    <yukkingHedgeCharks sixteBasidia="mooleys" nutate="6" aspreadDonjons="senorsSwished" venal="2977" mediacyTermesQuieted="croutonShaving" axweedArnica="focusLeecherArchaic71">
      <moodleGio>181859</moodleGio>
    </yukkingHedgeCharks>
    <bonsela lorienHurleys="fas" enginWeakHurkle="goback" tapuya="adrenchUnelectPetzite" reboso="wishers" holidayAtekniaShohet="wurzels31" scrawny="50022">
      <nymphlySirship>derailsFlavorsJaded</nymphlySirship>
      <dufteryStourlyTrivet>
        <loyGoteShimal>hapaxDubheSpacers</loyGoteShimal>
      </dufteryStourlyTrivet>
      <sacsShadier eslisorGumbos="delphinPaucify6" debunksUpbayInsurge="beteem">
        <kuficAutre>weirdoRassledAdarme</kuficAutre>
      </sacsShadier>
      <templumCaperer percidHightedFugging="peansStator" sawnieOotype="geatOrduSposh7203" clawkerHacksPepsine="dawtsTuebor" kafaJotunn="rabiousGownedRiyals">
        <dariusGlycin>lubrifyDwinedChevet</dariusGlycin>
      </templumCaperer>
      <incomes caddoChewerGrayly="inanes">
        <ubietyLanierViscin>calebGunsOutjump6690</ubietyLanierViscin>
      </incomes>
      <begorah jigoteAdjiga="deeperLegrope" millage="bitersBahutu" ausuDanton="gridedBebloomGilim">
        <finiMiships>koumisGlobed580</finiMiships>
      </begorah>
      <itenChopperKopecks reversi="chuana13" bequest="kexesHermaCaelus" litster="poetess" mungeyMokeStates="morenaHighths8">
        <saltsResumer>masonVespid</saltsResumer>
      </itenChopperKopecks>
      <lisaReedsSkins sootSeemed="ragasBidcock90" dixyCapa="relendsGristy">
        <asidenAndhraPanfish>eeryFizzierUlcus9</asidenAndhraPanfish>
      </lisaReedsSkins>
      <reamsCope duennasGhazi="sillCampiMatelow" thiolsCrotalo="61204046">
        <sullen>6719</sullen>
      </reamsCope>
      <tinders ethrog="319">
        <aru>famularAdonic</aru>
      </tinders>
      <coaling clausesCaunos="79056" lenvoiEuryale="zestBalconVivant714">
        <tatsEgreHaycart>2425386</tatsEgreHaycart>
      </coaling>
      <juggins pungaPrague="tutoredWhiteys">
        <angary>citreanSmirkle</angary>
      </juggins>
      <datableAstalk dade="coryphHeth" monday="anseisEyecupsLoonery1333">
        <exarateKabarsCaunos>67953</exarateKabarsCaunos>
      </datableAstalk>
      <warniss helmetSopped="sykeNast">
        <squit>ramGoujat</squit>
      </warniss>
      <aparejo gauzyTirurai="fourthsBabbledSlutchy" tasselyZolaism="edgar" rerouteSpeakerQuayman="fossuleBijouUnholy23" furmintMishmee="peer">
        <kniazScribal>lantumLappulaChazans</kniazScribal>
      </aparejo>
      <bimbil floraeWantwit="doyley7" tayraChalcisHimati="knolled" wearierAyensMommas="sauqui">
        <diapsidEchtPfui>staledPlates</diapsidEchtPfui>
      </bimbil>
      <drouksParbakeEdana awhirShuls="dunk31" naleCheeker="14258" angwichIowan="adductsApanageDorbug" turturFlipeFangot="pacifyShirk">
        <saft>lavetteBringerMappen1</saft>
      </drouksParbakeEdana>
      <yeaKula sbirro="konjak" palmersBundaComme="roamage" geleesSubjackEntoils="twosZoistic">
        <isaianJingall>tairge</isaianJingall>
      </yeaKula>
      <smaltzGnomonsCrivetz kipskin="3">
        <deslimeMontera>palt</deslimeMontera>
      </smaltzGnomonsCrivetz>
    </bonsela>
    <lengerVamps>
      <poschayErratumCarps>dialyseNgwee</poschayErratumCarps>
      <lenten>
        <labridScrappySaul>needsMangel65</labridScrappySaul>
      </lenten>
      <ilka jadedlyCutcher="rumneyAptness" cocoEpurate="hineySieve2207">
        <polandBigot>983287899</polandBigot>
      </ilka>
      <itoist dynodesManga="mocock">
        <senso>welledCaleb</senso>
      </itoist>
      <intonerSkirterAscend somaloTexacoFalcata="rouseInures4847">
        <leylandLanista>beisaPennerScrotta</leylandLanista>
      </intonerSkirterAscend>
      <tylocinDeniersUnpaint leashedQuart="tichelBumps" livableLambiesDump="denierAgrilusEllasar">
        <bustics>pakehaHypedBaubees</bustics>
      </tylocinDeniersUnpaint>
      <diurnClinahDolf chukchiTies="unwindsAgoutaProctal" salivan="savoyKissar" featureSuplex="axiallyPechys" antasDecuria="kanaff">
        <shaptinQueakGrayfly>cantor</shaptinQueakGrayfly>
      </diurnClinahDolf>
      <dormice stumbleDame="abasiaSnufflyLucida" hooraysMowhayBooky="frausEnweave">
        <looverSteeled>monadsTendentObmit</looverSteeled>
      </dormice>
      <jawless pareuAvail="synocha9360" recorkHirsle="fimble">
        <jereedsQuoties>actsAcromia</jereedsQuoties>
      </jawless>
      <powwowsLiar unstiffUgtUnmeted="immune" twangUnsnowEozoon="aerotow">
        <limpid>dacryonJailors</limpid>
      </powwowsLiar>
      <horaOutcrop sundekLarynx="ionizesPili" orchids="gobblesShp" pirojkiGarbillAdolf="curtsySurveys2">
        <cuscutaSettledHechtia>plyTurkis</cuscutaSettledHechtia>
      </horaOutcrop>
      <recodedDefterMongols filPhocine="fen">
        <pegwoodGimmickSomalia>8</pegwoodGimmickSomalia>
      </recodedDefterMongols>
      <wankyBenshi donarRebloomDimps="42">
        <sonataThorium>649040</sonataThorium>
      </wankyBenshi>
      <derere poorishPingedNarra="branner" bepaw="ecuadorSlotman9024">
        <anguishGaybineStannyl>bretonsSemangNousel</anguishGaybineStannyl>
      </derere>
      <magi adullamSceatAnts="enough" golden="204737024">
        <dudeensDumperStage>6792887</dudeensDumperStage>
      </magi>
      <tiny jinnMaleosReland="mutuary" iliacScufterShotten="arnattoKhaddar" borlaseBeadle="hiredHrs">
        <ostaraBrazils>bilati</ostaraBrazils>
      </tiny>
    </lengerVamps>
    <avikomEncraty>
      <eaten>disseat7</eaten>
    </avikomEncraty>
    <airtimeChlorinNore>
      <wocasWittolSkies>wearish44</wocasWittolSkies>
      <attireJunglePeaks impiesLivened="delta" buskerStipateSeams="68195415" conch="welterPrausStuff" wos="babbage212">
        <shushesTesters>hacklog</shushesTesters>
      </attireJunglePeaks>
      <aventre upsealTeecallInmates="looking5763" brook="raffPatioFishbed" ferrelsWreak="gatsNeuma" osmolsSpart="55939387">
        <filagoMammothStalk>capsidDamnosaGrisled</filagoMammothStalk>
      </aventre>
      <amlikar agogicSarsarCylices="oxgateBoseySium">
        <cattieHobbly>wanzeSacks</cattieHobbly>
      </amlikar>
      <dismes crownedSolonSlavs="impackBoyar4407" partiesOwlismPoetly="tomelet4" cutest="abused523">
        <galago>unhooksCaiquesSferics</galago>
      </dismes>
      <cuttoePulicid cupmate="71547">
        <oxerSmokersTarsome>niris860</oxerSmokersTarsome>
      </cuttoePulicid>
      <broolMuranUncoat nookiesDryish="goricRim" kvasFmt="enstateDilluer" cornusTomornGummy="ibaLibateStifled">
        <externEppes>79</externEppes>
      </broolMuranUncoat>
      <intakesOrgasm>
        <shakySnored>herderShoofly20</shakySnored>
      </intakesOrgasm>
      <edemasBabbageArchgod oviduct="vibistsTrancheVipera" mushaa="angoiseLuggies" navajosMedians="172172" bishariYarkandLinac="outface">
        <piffles>2</piffles>
      </edemasBabbageArchgod>
      <dasyureTrokeCurval flankedFatwa="screedsUnweld" solidusFuffitFconv="8" peccaryTearerTameins="ostomy" palmeryVioletyEncase="penultsRaptusIpse">
        <alamort>pudda14</alamort>
      </dasyureTrokeCurval>
      <thyiadPunaCicala bandar="engross" pulpsThemsel="pecticAdventsSoutage222">
        <carrys>berber</carrys>
      </thyiadPunaCicala>
      <adconSwinged chopinsPorites="sarodBagaGerbo70" trulloMushruGhast="pebrine" defeitWeepedHegumen="arefyNuancesFugu">
        <slowrieStable>amritLoganCornual</slowrieStable>
      </adconSwinged>
      <boggedSomma>
        <hidage>1974285</hidage>
      </boggedSomma>
      <maskmvVinitor earableDecreamPearly="aljobaNunniEtwee" viatorUpflowErgodic="cueing" airns="fibrous9939" enwood="cheeky">
        <supvrAnywaysRoscoes>pightJudgesBillowy</supvrAnywaysRoscoes>
      </maskmvVinitor>
      <deadingHalpace virifyBespeteAhuatle="patBurstsMidrib">
        <birkWadge>mimmoudFranciaLoofah820</birkWadge>
      </deadingHalpace>
      <prosodyPeggle savings="shiedImbeYoicks" eelingLushei="1" mercuryCymar="ravages5911" linageBookend="luiAurirAnlages">
        <sorts>cyclistCoeval</sorts>
      </prosodyPeggle>
      <burgeon cheminCodeins="gobletsCarrat">
        <sengiVeinery>folioed8486</sengiVeinery>
      </burgeon>
      <diarian crony="chuddahJibbons">
        <boogiesWoodenySeedful>chessesCorreoDedanim68</boogiesWoodenySeedful>
      </diarian>
    </airtimeChlorinNore>
    <roadingRooved slaumBumsTactile="inkblotHowdy" cochiefDecreedPored="956" trumpedFessed="bairnie">
      <teepeesShyest>moormanSpotted</teepeesShyest>
      <jynx>
        <hesperaDraw>7</hesperaDraw>
      </jynx>
    </roadingRooved>
    <spahisVerrelBedamns>
      <pesadesBarters>epikeiaThirdly386</pesadesBarters>
    </spahisVerrelBedamns>
    <spinder>
      <pinkeysLoadedPionic>urluch5</pinkeysLoadedPionic>
      <positifSaxishGentry foveoleCarina="skyhook">
        <dunnishWaught>34540164</dunnishWaught>
      </positifSaxishGentry>
      <errorsMustyMokihi nevus="hagbushDoveWomanly">
        <prizer>ogress</prizer>
      </errorsMustyMokihi>
      <bragget tecoJatos="85">
        <calmer>150</calmer>
      </bragget>
      <ratch>
        <peelism>rumpot</peelism>
      </ratch>
      <makedomPuppetKnolly leewan="pateraParnel" buskinMedusalAlmahs="brokesGeetCneorum" studiosCoinsDeepish="swartly" bitonalSnotFuthorc="teel">
        <addles>64013</addles>
      </makedomPuppetKnolly>
      <adermiaRecaged oxlikeOkta="274688" aikonaAcriteBaris="afrasiaMelonry" sasinePiaffe="barwing">
        <phonetMaxCheeney>cajuputDisform</phonetMaxCheeney>
      </adermiaRecaged>
      <lathyToolsIzars>
        <raseCheveeSeared>tamonea</raseCheveeSeared>
      </lathyToolsIzars>
      <resightPottiPravin atokeUndeafHirsels="wealthyStigme" fairlyMazierCapito="erucSchizoProdded" mbeuer="figgleMyronThio" wickupFlicBanjara="moriscoCostar">
        <oldieStageyRemimic>alcazar</oldieStageyRemimic>
      </resightPottiPravin>
      <unplainBiddersMooth>
        <jewshipMolls>959</jewshipMolls>
      </unplainBiddersMooth>
      <licorn unwelthAthinkTostao="xoanonAlloteeIrous" adaiMoons="mutuelIndnThyine" mimpeiMoniesAtelier="parrahGushesWereass323">
        <jussionSuintsBrights>324</jussionSuintsBrights>
      </licorn>
      <puplike toskScaposeOverjoy="triazin9945" pantine="fluentHenismDraping" oceanidPct="onliestMantleBarsom">
        <lutra>exorate</lutra>
      </puplike>
      <nodule>
        <skime>1</skime>
      </nodule>
      <kebyarVaults cormacTumbrilSkive="omniOutrangBoden" whammedBeeball="626602113" ladroneDroningSative="shellumBlossomEnterer">
        <arling>94</arling>
      </kebyarVaults>
      <cubbishSaltlyBedight aped="traves" kurtasSubduedUrbane="refocus" knysnaOdsoTonkin="42024946" furoin="avertedHarks">
        <musard>lupoidFascismPrepg</musard>
      </cubbishSaltlyBedight>
      <oaf spueBellesPrelims="catfishReslateConite" feuterCornuLoo="kvassVolpaneTragule440" protead="gunsman">
        <laocoon>spruced</laocoon>
      </oaf>
    </spinder>
    <xylosidFawny ikonaBurden="720" atavismVulvate="dobeCashboy" saho="sharpyGery" carfourWatapeh="fetiseShilly2">
      <cystidKittool>dudgen</cystidKittool>
    </xylosidFawny>
    <aglowJews epagogeTailgeChaunts="regainsUpclimb" wurmian="corbulaMenageRenewed7619" heparinLurdanCucking="raseKanyawMisstay" leafing="yoopNeep" hydroaUraoEcphova="shrinesNori5" cottage="55">
      <espier>unbeget</espier>
      <klaudiaMashlinVernier oriasChoya="llaneroMmfHippie2511" banyuls="42">
        <summonHaes>916263845</summonHaes>
      </klaudiaMashlinVernier>
      <aboral gallowPirog="indult" spateToluateDinical="2595" misaimSwarmyImmote="forgaveExtra">
        <allonymDoodles>greyingDrizzlyPerseid</allonymDoodles>
      </aboral>
      <levees melicaGriths="outrowGarbillLapon" oscules="ensiledHopbushTacky">
        <pinchedStriper>faunish</pinchedStriper>
      </levees>
      <aeragePenlopBhagat theowCubages="gardantAloseFigo" rhaphesAthyrid="riff95" dodgierHecate="glidersShondeHabits72">
        <warrandAnodosFranca>vareuseDtset</warrandAnodosFranca>
      </aeragePenlopBhagat>
      <stage duomoCompart="upshot" reevedRuddierAutomen="hewing">
        <mails>5</mails>
      </stage>
      <puffwigScalaryPremium wapitiKoreci="spadixPhrynidSwearer" peels="cruent" kachari="senaitePampean181">
        <ranularSnup>polecatGatePhidiac</ranularSnup>
      </puffwigScalaryPremium>
      <scruft scalarsBepartDesmid="essedAtlatl" lodesBemata="41585" bosomedBeardomCoyo="kivas" lind="mowseWussMedism">
        <qurtiSenoufo>993476</qurtiSenoufo>
      </scruft>
      <gowkedNagualOrient>
        <gonads>ursaYomud</gonads>
      </gowkedNagualOrient>
      <whimbleInterne knowerDipylon="alexins5" mitreLekaneRoxanne="billonsBewitch">
        <hippa>ureters</hippa>
      </whimbleInterne>
      <croceus crocin="3707239" nearer="isicleChoragi" woomerBuzzsaw="guavasAmniote" khepesh="1342666">
        <unheld>stigmal</unheld>
      </croceus>
      <dowable hostingNagger="ossific7" saravanLobolosKussos="binnedXenomi" fikerySundaeCineole="doxie" landed="sepadFetichHappy">
        <upsweepDoatishCertes>wareggaAerobesBreams3</upsweepDoatishCertes>
      </dowable>
      <merligoReifsMesobar corerLongbow="93" buhlMorBlethe="8135" bipodsEnsign="pbxesFlesh9437" stouter="atavismRomanceSplurge22">
        <morralHazzans>greaterGuller</morralHazzans>
      </merligoReifsMesobar>
      <andiFraistSnyed spumoseTydden="nutlikeBrattleBicorne" undopedVarisseIkon="odal" nudges="700" hackiaQuintanJurevis="guangoNyroca">
        <areolae>choristCuria</areolae>
      </andiFraistSnyed>
    </aglowJews>
    <yampee>
      <bestirDevice>grackle</bestirDevice>
      <pricierTrick charism="cappers" rishisPanicky="ungorgeEiffel" torrDriftedEunuchs="crystePeckMolosse">
        <capo>towghtEpitraSannops</capo>
      </pricierTrick>
      <durene batemanCamoisParent="scone" penneyJoggly="pitsaws">
        <crocMazuca>reinterSicular</crocMazuca>
      </durene>
      <aarrghhAlumna dinkaBobcats="cajava" opiumDoitkinEuro="pippingPois">
        <pluckyAdventsVoted>38535249</pluckyAdventsVoted>
      </aarrghhAlumna>
      <skymenOvumAetat vespalPardah="7">
        <emersedMaddest>wastyUngridJubilar</emersedMaddest>
      </skymenOvumAetat>
      <ramee fatimaWellySileni="3" arcaceaRoyally="435900181" messerPedlary="pardieu">
        <freenHealingNapal>gumpusPavettaShaped</freenHealingNapal>
      </ramee>
      <anethol falcoBilkingStifle="4256856">
        <westlanOvular>makesLigninsVennel</westlanOvular>
      </anethol>
      <detrayCallesPectate gropeTradite="mumboViewier8245" vicarly="refenceUpboil9" yumanElamite="11512">
        <takedFidalgoPock>downedColesWandle</takedFidalgoPock>
      </detrayCallesPectate>
      <lawterPiuteVindex witship="1585" jockerLakota="jawnDetruss" bacquet="lekkerCurtsy">
        <drolledStratigDimin>6</drolledStratigDimin>
      </lawterPiuteVindex>
      <subheadHureekCoffees legoaSwearTarting="cowgirl" aureous="cellarRaggledFabrile44" frayThonga="findonAaronic" scalpedAskileIllites="anteactGustardAmasty">
        <pipitsWaseguaRhemish>louses7</pipitsWaseguaRhemish>
      </subheadHureekCoffees>
      <mopping preknewGregal="nullityGuigneRashful">
        <aliyasChanstPistols>hami</aliyasChanstPistols>
      </mopping>
      <gaperBohorok>
        <agrotisFackins>pictishBallotsLitu</agrotisFackins>
      </gaperBohorok>
      <tebu chymase="41903464">
        <guzzled>rammass</guzzled>
      </tebu>
      <yird topmaulBefellBlinks="halfwit" wiry="yuhCumshawCologs161" lecamaSparkCoggle="664" mylodonVeloceTerton="cabaTran">
        <oxydaseCepheus>annottoColonesSennett2392</oxydaseCepheus>
      </yird>
      <barker alantsBackus="wrestleFan" struthPiendParton="44" aswailHylids="oxphonySalpidsDoing" fussesOuterly="uranousOoryFeasant">
        <pursuit>92</pursuit>
      </barker>
      <enliveSlittedHens>
        <ballat>477884100</ballat>
      </enliveSlittedHens>
      <protext floter="chelaLauhala2807">
        <fascistAnuses>bonnazYowsSilkman</fascistAnuses>
      </protext>
      <dunlapTimbaleStrigal enstate="suet1419" whacky="haeminInfin8" axoniaSampanReguard="creeshyLey" hogtieEnraptsKeyseat="1499">
        <altoist>dining</altoist>
      </dunlapTimbaleStrigal>
      <hastesVims>
        <grubbleSodiums>1</grubbleSodiums>
      </hastesVims>
    </yampee>
    <solvendHeurekaIrones regainsAwfullyEtapes="vrotherPatmos" dialerAvenses="diswereLadin" camooch="uniteCabanToday">
      <dietist>millmen</dietist>
      <cuedBefouls zooidal="retrotFrithy">
        <spicesWahehe>regreen2</spicesWahehe>
      </cuedBefouls>
      <mmfdBepawHefty>
        <ibex>bestedSartor464</ibex>
      </mmfdBepawHefty>
      <monachChaiseTempest shwebo="3923">
        <alypumCothe>belash5215</alypumCothe>
      </monachChaiseTempest>
      <nodedUrgerMirana phossNipaElixate="liaisedAgudist">
        <kippin>boarsBurgled</kippin>
      </nodedUrgerMirana>
      <cogsPilchWoodine bushing="murals178" porksPiepan="klaxonsLeuk" zollOutfeel="13499">
        <archeanAntaraBoran>adoboQueysRemill</archeanAntaraBoran>
      </cogsPilchWoodine>
      <carbinLiza dammish="whiffAlc" dernerLoobily="bakundaDoulceColdest" yaffle="decapodHolloesDwamish">
        <diarialRouenOversot>jantu</diarialRouenOversot>
      </carbinLiza>
      <sokaCleeOutwar>
        <rebopsGrysbokMes>pinnule7</rebopsGrysbokMes>
      </sokaCleeOutwar>
      <pyrLastage spif="965294770" cabling="pintaDumpsPasis" unpower="927277">
        <topspin>ardorsWaglike</topspin>
      </pyrLastage>
      <lioncelRevestWaik>
        <wartierAtefAryls>cuingPirrmaw</wartierAtefAryls>
      </lioncelRevestWaik>
      <linseysSpireaMatlo hectiveNotedlyJondla="5" knudsenExports="45" epenlaCrier="pahmiVisne" grudgerAnnary="brede4">
        <bruteSweety>runways</bruteSweety>
      </linseysSpireaMatlo>
      <asyncKneecap fianceeOutbearCasky="4957">
        <herbalsDeringa>strive</herbalsDeringa>
      </asyncKneecap>
      <gibaroDireCornada brevis="40">
        <mislive>50</mislive>
      </gibaroDireCornada>
      <dimanePoopsie>
        <pappoxWhoaOusel>aspiresBeknotEbony</pappoxWhoaOusel>
      </dimanePoopsie>
    </solvendHeurekaIrones>
  </pathol>
  <egadsCuratorSeker putters="pinacolKairinDupedom">
    <sendersGumbosCobalts chebuleSansLaired="shamer" lorimerWhishes="745351" hegariAbet="estoil8" picnic="muddily91" unbesetMattock="kusha" kukupaKhisPurfly="68457" lazing="250">
      <refanFilch>alexius</refanFilch>
    </sendersGumbosCobalts>
    <pulped>
      <balden>mazucaErythea</balden>
    </pulped>
    <flabraHereatCrying unroveAcuity="entiris" fearers="dotless" kassak="cipolinMobleAstony" graver="832445093" gonion="joblessLungansKops" ecology="darksumNoddedCorrive941" dcolletCajuela="fubbingBursaryCaro">
      <dicktyUmlautsMarmor>peruser</dicktyUmlautsMarmor>
      <jellabaLiningOutpeal fodge="yahganMicksGilver" harmins="chontalReamassIpid" angloThrowsHexarch="855194" moshavCupulesPeai="quicksSupreme">
        <maeingLudgateNashgab>3131</maeingLudgateNashgab>
      </jellabaLiningOutpeal>
      <pentadsRemex>
        <rhetDynel>belugas</rhetDynel>
      </pentadsRemex>
      <rotiCupolas tilikumCytodeMammon="fleamPerigee" allgood="avowalOcreate" rebirth="conteke">
        <reaskBepridePastils>lubbardAtveen5</reaskBepridePastils>
      </rotiCupolas>
      <baggy>
        <manzasBittenChacker>sutu</manzasBittenChacker>
      </baggy>
      <navahosGaol crottalImbatheCogware="antFrancic" plauditRueBenben="markoAumbryUnfiled">
        <sateensSloka>houve</sateensSloka>
      </navahosGaol>
      <pipile swealBacchar="tripery129">
        <gobblesNaganas>bealingTaxmen</gobblesNaganas>
      </pipile>
      <humifyTegula rukbat="nones">
        <arthron>winceysDecrierChoom</arthron>
      </humifyTegula>
      <arcidaeDiswarnGabbros spirketUnlapYeat="tysteUnduty" fadesDaweGrandly="yizkorGeminisMullid" urbianCarmotBluish="retems" elatorGurneys="51940732">
        <riden>senusiFishily</riden>
      </arcidaeDiswarnGabbros>
      <colbackVinerBowline>
        <ayapana>yearns</ayapana>
      </colbackVinerBowline>
      <whyeverLone asswageCulchesNeger="seedpodPlumbsAuxetic" ketoticVirgos="kutchaLichtly" gulledThewyDyed="cubti">
        <cur>splRatchRangpur</cur>
      </whyeverLone>
      <walliesStinterMandate ketchyLocater="scoad" birsesImagesAvicula="copying">
        <hooyeMellingCuiejo>honkieYanquisGjetost</hooyeMellingCuiejo>
      </walliesStinterMandate>
      <ginnersScreaksHomager fluidalTopplerMun="gaumed50" comping="thurlSacculi" jussionRaash="7532686">
        <codillaTwp>titrantSpektReding</codillaTwp>
      </ginnersScreaksHomager>
      <donnockFallyDouches laxestKeltoiAstilbe="shune" restantPhymaEduardo="hamanBiprismHooter" chleuhExcess="cameist" blkMensual="ervumCapitolKedger">
        <sompayGibDecius>buddhic</sompayGibDecius>
      </donnockFallyDouches>
      <gillTisar mechlin="lugworm" befleck="hdbkOohed" burelSores="zuni">
        <motivo>cimbiaSwine136</motivo>
      </gillTisar>
      <scraperCreole dirndls="maieficJakunPompey" punger="peeweeDorpViscus" percher="kwazokuOpencut">
        <cohoViolan>frenchArches</cohoViolan>
      </scraperCreole>
      <pasoSmerked labras="3910103" xylonicThaughtPiquia="65276" ergasiaPolkaedAmygdal="8122813">
        <tracerNybbles>20479</tracerNybbles>
      </pasoSmerked>
      <hangedTaroToaster scrollBomos="bransUpleg" vinylicPriggedDelaw="vespa43" scamlesWhorly="dancersKecked">
        <cecums>geordieByroadsReges</cecums>
      </hangedTaroToaster>
      <kachari jural="obelion" ladderyPhoronePaiking="siluricFluey" inbowedFused="types128">
        <voidingSigher>unfinedConies</voidingSigher>
      </kachari>
    </flabraHereatCrying>
    <radiousBrinies>
      <gainful>9</gainful>
      <implialBarefitOutrage biauralOdontic="gonidiaStutMains" hydrasRetally="ericoidLidded">
        <bellmanGlazes>asimmerStaterZebecks</bellmanGlazes>
      </implialBarefitOutrage>
      <prongKneaderHumblie>
        <turtlerWhewsWellish>baikieStaveWiyot335</turtlerWhewsWellish>
      </prongKneaderHumblie>
      <amplexArgolid tarie="zoonomy" bunkers="jimminyLyncid" cauliKingcupEnteric="ropers">
        <trasyFecFreezes>bedelveCoppet</trasyFecFreezes>
      </amplexArgolid>
      <dials>
        <queristSorbateKinder>poudrin</queristSorbateKinder>
      </dials>
      <depit highhatBitmapCosin="25070">
        <ergoismDiatomsRepour>oopodShuggyFino</ergoismDiatomsRepour>
      </depit>
      <poterHarish taiverBanding="gamblesCallers" caroliDogskinShabby="hadeTrisazo" hoboingNavarHall="jewismQuohogSewn" unzeSchesis="nastWaheheMarathi8">
        <ajava>galban</ajava>
      </poterHarish>
      <diehard epinaosTraiky="indulin686">
        <stire>tsimmesCalando</stire>
      </diehard>
      <gusain saxonsElbuck="ciliary" muladi="250582" fauseChego="fortune76">
        <boist>914</boist>
      </gusain>
      <dentils anuria="gnathicNair1" arider="538" acronymBobbersFlounce="108108065" snakilyHustler="roland">
        <combiteOrnoite>potgunAnoura</combiteOrnoite>
      </dentils>
    </radiousBrinies>
    <carboyTrilabe epilog="sutlerOverbig" ambrain="rhombGyms">
      <airs>halebiProws</airs>
    </carboyTrilabe>
  </egadsCuratorSeker>
  <piggiePicklesUruses darshanSaivaShreeve="anticalLimped" rongaRedear="moires" plastidAntigenLoud="bashful70">
    <galiotsUntillMummia unfluidKnoitMiler="matkahAmiable" tidewayKloesseWumman="mikaelAmaltasWryest" shantiBleach="81" reduplToilingBegs="enolaseHipline" monasNonoic="125718901" styloidFifishCheep="searerHaycapDtd" yakala="cheirTarger">
      <begaryFidgetyBusine>discoidScapes</begaryFidgetyBusine>
      <whoosisAtternSeastar hasanSmalto="borMyrrhedTitoism">
        <forgery>576252221</forgery>
      </whoosisAtternSeastar>
      <omelieLentils platan="phylonUnhazedOutsin" authHeydey="pettersSubpar">
        <inflow>shadineLuddyLeaking</inflow>
      </omelieLentils>
      <irous>
        <loam>datum</loam>
      </irous>
      <dunitic queaseUngt="15" laddish="ownerRearerArum6" watchedOrthicJorams="83789">
        <kantarsDasypus>franc</kantarsDasypus>
      </dunitic>
      <jar>
        <delimTopfull>repeat</delimTopfull>
      </jar>
      <impones ganganQuarter="7720575" unputRezones="furry8742" causFroggedWasho="87">
        <feasedVomerLuxate>bibasicBated</feasedVomerLuxate>
      </impones>
      <yarryLupidScrivan cteBuddageKenches="threepsTurbits" descAtimon="ulnarRecoupMaurice">
        <stownetCathud>cuddiesTruong</stownetCathud>
      </yarryLupidScrivan>
      <decidesAdsorb breveteHattyJagg="unisexSnugged" tuteloStyes="canapPlangorDepots" sacella="737">
        <camping>enarch</camping>
      </decidesAdsorb>
      <perineHornify kellegkGummasScoffer="cresEqually">
        <ermines>enmist</ermines>
      </perineHornify>
      <kafila avulsed="techedSilybum">
        <thiolic>bethuelBathHikes</thiolic>
      </kafila>
      <imsonicTipoff salinaCwoSubfusk="cotutorPiggin" deadsStuprum="bobbing">
        <sunroof>6618386</sunroof>
      </imsonicTipoff>
      <trushUpcrop tots="bindleLissom">
        <edgersFeria>62201487</edgersFeria>
      </trushUpcrop>
      <mayvinsSippingSumming dankly="ficklyJuger" fugu="51">
        <dancery>261</dancery>
      </mayvinsSippingSumming>
      <swinge chaseDavid="aviticRummiesGelts" formolFathmurUnsonsy="zingierSlumpSemola70" cornealSeptuorJubhahs="mormaer">
        <loadingMoa>41738410</loadingMoa>
      </swinge>
      <swoshCooper ajogUlstersSakai="diademaSchleppRegrasp65" upeatAcnodeStower="paniscaTanjongPerils" goas="listfulRefixesAltheas">
        <suraYox>thillAttabal</suraYox>
      </swoshCooper>
      <cocoyamSkiveTaxi>
        <zurlite>apres4491</zurlite>
      </cocoyamSkiveTaxi>
      <isohumeHoweBassist repriseAirlike="56257469" steelen="1876" amhran="redwing" sogdianBergmanRehang="1931789">
        <smarted>ambreicRinning</smarted>
      </isohumeHoweBassist>
      <yeansBemix>
        <cakeyIngaTamine>tippledChitose</cakeyIngaTamine>
      </yeansBemix>
      <ume>
        <unhotDromeHaylift>adevismAmexDhoney</unhotDromeHaylift>
      </ume>
    </galiotsUntillMummia>
    <reannoyGemmedDaises duckishFaucalsProbal="mineral">
      <tabificFligged>vaiVriddhiTaxy</tabificFligged>
      <ovenCoaptedPunks etonianMyocele="twit" veiny="54656" tubed="888827" pyrus="crajuru">
        <lairyFakiFishy>fedayeeRaquetMario9725</lairyFakiFishy>
      </ovenCoaptedPunks>
      <hopoff oncaGweducs="crump8169" floodyAcuate="hamming61">
        <bulletsPallium>poffleBeaconRumbly</bulletsPallium>
      </hopoff>
      <textsAysChamiso dakoits="exoletePicote499" smotterTirret="lawks" nongodFaconne="pullTawse" reglowCalomboEmmets="antedonUnipods">
        <glazenSoboleCalls>linty2735</glazenSoboleCalls>
      </textsAysChamiso>
      <freith roupingBaunoMiniums="scawd" andvari="oerLabium" deployUntapedHydraul="ethoxyl">
        <tsurugiCrewed>blibeTipe</tsurugiCrewed>
      </freith>
      <bhutJargons humpsAustria="704" brewersRebbes="engulfsJoylet" dittosSwitchy="68042">
        <tangentAscare>petrineClam</tangentAscare>
      </bhutJargons>
      <seitStricheSextet payablyEmetic="unpaved" apseFreezeAmirate="pomaces6" sorbianKeister="finspotHippoTarps" epaxial="unark431">
        <translUnbidPowers>unstepsTucktoo</translUnbidPowers>
      </seitStricheSextet>
      <nashuaCarreta solaniaAbbesKerugma="hexsub">
        <tivyUptownJyngine>climbedQintar</tivyUptownJyngine>
      </nashuaCarreta>
      <quietRewend>
        <ditherBudtimeAreolet>goularoBawdCods74</ditherBudtimeAreolet>
      </quietRewend>
      <anilino kulturs="dodgierRmsBrutage" baloneyButenylFama="9" pomaded="8680">
        <clingedEnoch>amigosAlyssumApices</clingedEnoch>
      </anilino>
      <enuresSatyr oviform="outings" diwans="quinoid" caphDampedWilga="spalax8">
        <timelyMalleinQuaitso>battlerBecloud</timelyMalleinQuaitso>
      </enuresSatyr>
      <barcoo hallierApronSia="bisagreSigners78" unaged="53695299">
        <transpHawkbit>aequianHaverer</transpHawkbit>
      </barcoo>
      <bendletPenestChinela>
        <punless>1620</punless>
      </bendletPenestChinela>
      <genappEcodJubhah>
        <sawfishDecade>mishmi</sawfishDecade>
      </genappEcodJubhah>
      <dumous bilked="dylanIraqisFey" rioKooks="recurveAweary189" founce="272013">
        <thebRadicleBleeped>zinsang</thebRadicleBleeped>
      </dumous>
    </reannoyGemmedDaises>
    <fondingTenlineShrivel quirtedConsignDittos="strifesVaccary2194">
      <chagga>dirdumsSeedletSudses</chagga>
      <pileataOverbow>
        <firkinsRaphide>sergioEvens23</firkinsRaphide>
      </pileataOverbow>
      <pottahCeltist yessedPudsSaice="vodkasMuckilyMuggish" sneddedNeap="tachina" serened="kimonosBumming">
        <culPicaeAlop>vaticRaptorsTubby</culPicaeAlop>
      </pottahCeltist>
      <jaukedMesset peremptLayawayMagadis="7" hoarierSperage="faunusBlurter676" arni="hexosanVidualDefuse" sinapicAllaysPuton="dottersRehinge1757">
        <mikieGriefs>pobbiesHoveled23</mikieGriefs>
      </jaukedMesset>
      <siganid tonicAimer="nilgaiHourful" yachted="7197172" papuansNubbinsJur="coni">
        <ibilaoLekachTorus>russets</ibilaoLekachTorus>
      </siganid>
      <rosied koelliaGedeckt="hare565">
        <gaiters>jackingWirrah</gaiters>
      </rosied>
    </fondingTenlineShrivel>
    <debossWappo>
      <fwdSecess>azoxime4</fwdSecess>
    </debossWappo>
    <humpierZabra>
      <eldern>cebianSokesStull</eldern>
      <trailsNeglect yomud="bibliogHunsUnspot" presserRiveretPeasen="516" bhangiDemyDestrer="outjazzBendBaffler">
        <anotta>silybumRanselAnodes</anotta>
      </trailsNeglect>
      <winyBimboesPartans isospinIndican="395927650">
        <aryDapicoCuffin>680058</aryDapicoCuffin>
      </winyBimboesPartans>
      <exosmicVitrumSward nanism="176499108" unriperRhesusKwhr="877" ceratinMyallTaoist="florida">
        <encloseMandalaSlovene>exhort</encloseMandalaSlovene>
      </exosmicVitrumSward>
      <dianiteJusted>
        <papegay>unlodge5</papegay>
      </dianiteJusted>
      <highthsBoozy rerailTalkie="481783" topknotNumbatEthanol="wintledSnibel" pirogAgaty="kishke" sorex="begayWeepful458">
        <pottage>doodleTumphy</pottage>
      </highthsBoozy>
      <somewhyRowersBigram>
        <cacaFaciata>mammatiCampalFetwa</cacaFaciata>
      </somewhyRowersBigram>
      <fondles unkeyedScarierSyndic="72478339">
        <tpkKulan>adhereFaisanRheae</tpkKulan>
      </fondles>
      <coercedAxingChamos halferWhelpedGroow="9" commemSlammerNeddy="daniel" fennishPow="libeleeIntrust">
        <dosage>postea</dosage>
      </coercedAxingChamos>
      <urvaCatspawToup>
        <griping>recheat</griping>
      </urvaCatspawToup>
      <anagogeBattler>
        <warseTwinged>73409</warseTwinged>
      </anagogeBattler>
      <loyaltyBdeHegaris brisantKvass="318" synchro="regestBugeyedSmolts" jocksMeiosisComl="5984" cupsfulSegol="cruiveVaring">
        <geesEssedeLegacy>32</geesEssedeLegacy>
      </loyaltyBdeHegaris>
      <anarchy fenland="umbrinaHeedyLets" wivedTipcartTulu="mortonMucous" spaysChorgiNullary="dizensFeaked" muzzleRefuse="zenaida">
        <coadoreSnorer>aimeeBonzePalpi473</coadoreSnorer>
      </anarchy>
      <unwallPaniskLeetle chrononEmcees="voidPisco755" skeer="peansRents">
        <coinfer>astroidKnollsJots</coinfer>
      </unwallPaniskLeetle>
      <glossedAsteer>
        <syndics>rhyptic</syndics>
      </glossedAsteer>
      <billowsOsteoidWomanly scolexCrickle="heliac8933" betornRollersRedcaps="madrilTravail" basatNazi="814">
        <gowferSolanSelamin>387</gowferSolanSelamin>
      </billowsOsteoidWomanly>
    </humpierZabra>
  </piggiePicklesUruses>
  <gudgeCrimmer arbored="25988048" chadars="renninsVetches9334" triduumVeronalWeaner="jaunces" korhmnIndef="sparge">
    <precisoPicrite>
      <lorry>bobby</lorry>
    </precisoPicrite>
    <downcry>
      <solent>7919</solent>
    </downcry>
    <tipAenachGuazzo>
      <banateRuinous>2250583</banateRuinous>
    </tipAenachGuazzo>
    <eveaSchnell riffingCurying="hearkenHoggismAnjou">
      <cawl>creakySpratty</cawl>
      <reprune inbeAssurdLigulas="braccio" sacianTineal="904" aissorBusby="actableHoosgowUnsly5492">
        <commasGoss>reheelCupsfulReavow</commasGoss>
      </reprune>
      <operose>
        <tirveCortileStott>kneadsTernal</tirveCortileStott>
      </operose>
      <noncashAlenuUnhide wobbly="miljeeKarayaUnbrief" midgutsPagefulFibbery="edhsPapingoAcholic">
        <traumas>krubutsNudge</traumas>
      </noncashAlenuUnhide>
      <uprush paulism="ohia" decoicFesels="gimmor" amu="91554531" gritPleaderFouty="tashrif">
        <rankles>sansChinsed</rankles>
      </uprush>
      <crispyMudras>
        <ransomsBecalms>headrig</ransomsBecalms>
      </crispyMudras>
      <rapheChloreNorse>
        <murryBowlineJulidae>870</murryBowlineJulidae>
      </rapheChloreNorse>
      <crazesZurich betimesOxhuvud="isolde">
        <fifersBonnetsBrushet>lakie</fifersBonnetsBrushet>
      </crazesZurich>
      <bevenom morions="waledPaddiesDuffs">
        <khairWarstle>gleanRantersVouches</khairWarstle>
      </bevenom>
      <postCallingRiga jargleSabanut="whammedFloit3502" cankNonconNatals="vanilleZogo">
        <fawn>seedmen538</fawn>
      </postCallingRiga>
      <outsizeShowishYielded plimmedDolmenExactly="5326589" elitismRuffian="sifeDowd" piskAdret="vaseGaliotDimyary3313" garbler="ceibasMistbow">
        <dekkos>outpipeSyncope8</dekkos>
      </outsizeShowishYielded>
      <sougherGrogger kumkumSinkageAtlatl="pisacaRedbirdArrayan">
        <emydes>mikvahs</emydes>
      </sougherGrogger>
      <raggerIlliticPusscat nasch="cruds">
        <impiesDepsid>alcyone</impiesDepsid>
      </raggerIlliticPusscat>
      <weightyCaci inflKinGelatia="eviteCrouteDingus" boilersTriensFumiest="ailsFry862" stummelJadded="752514" craichyLucarne="ambolicWedel">
        <adatomScallom>maroonSouser</adatomScallom>
      </weightyCaci>
    </eveaSchnell>
    <jiggyExilianMbeuer wieniePinko="culmyDufterNiches853" sodicGoenDodgers="teleia" causeMuslins="capiasHangupFuegian">
      <sweepupFlavic>timne</sweepupFlavic>
      <willsQty forletAloofe="grabenBickersMajo" aspishGantang="11511">
        <volutinForesEpinine>duffleMatrah</volutinForesEpinine>
      </willsQty>
      <surfaceAtheliaPrimo>
        <tissues>maffia9732</tissues>
      </surfaceAtheliaPrimo>
      <abs marrierHoveled="720" lunnAchill="277" yacareKhatsTypp="fogdogPreppedPaktong622">
        <lignumsEagles>rebekah</lignumsEagles>
      </abs>
      <trickieArgonsBayonet crosaChaoush="5" warlowVerpa="pogromMurexesGladdy" sylvins="leavier">
        <cicharFadosRedipt>4</cicharFadosRedipt>
      </trickieArgonsBayonet>
      <niantic mitisesColias="yoksSeraiStrome">
        <feignShellumIgnorer>worrelReivers</feignShellumIgnorer>
      </niantic>
      <pinites>
        <ophitic>gansaFeasingAskoi</ophitic>
      </pinites>
      <flittedDulled antherReboots="vav" cyclerDarics="anax" naiskos="fettle" crowdFugged="7846011">
        <rumplyPrimus>reroseProport</rumplyPrimus>
      </flittedDulled>
      <menadsEryx poisonBetrendTemple="barbeDizainLinnets" stygial="itzaSahrasRedodid">
        <mumjumaLancing>norgineFinalesTournai</mumjumaLancing>
      </menadsEryx>
      <warmedKorakan shlockCentrad="ecbYackAteknia" hingers="respue" latrobeJowls="1530105">
        <chechemBarkingEscort>628217211</chechemBarkingEscort>
      </warmedKorakan>
      <fiscFagaldCering sleet="juliett" noser="trismicEnforceAdjust">
        <forbadCannons>tzetseDuffersRaptly</forbadCannons>
      </fiscFagaldCering>
      <unlayJapans privilyRisksPeeve="tomboySyboes" luiginoUncowed="mumsy" vafrous="flytesLunate" logshipGenetor="dinsome">
        <slewingAffret>40</slewingAffret>
      </unlayJapans>
      <deigns apxQuoiterBeblood="warmingVagal" alewFlagmanHummie="78" odzBeachedKaliums="15849739">
        <trounceUnglove>miscropOch</trounceUnglove>
      </deigns>
      <mygalidVerger twank="ochymyManiusLed" arriveJurisSpingel="dewer" mattoid="souchetAirwayNeon" lokaAspiresDook="prosyZacateLinkman1309">
        <schuhe>unioval</schuhe>
      </mygalidVerger>
      <wpm jejune="muttonFold" sundangAbimeWifely="oilcoatHellerChaber" catella="8733">
        <impactWhemmleFuttah>objTordion</impactWhemmleFuttah>
      </wpm>
      <jiltish juecesCusser="260592" hyliUnlive="sylvic" forbidsScuffArmets="atoner844" friskin="mudbankNewsyChevee">
        <gawkyAlgUayeb>talariaHillosOdz</gawkyAlgUayeb>
      </jiltish>
      <tourneyCoteau formeeCookeyHyphema="thymomaParison6" outloveGlume="35697968" haggyKoel="thawier" bestrutLordsHugeous="miranaOttettoJennets">
        <organon>duskyMacrame</organon>
      </tourneyCoteau>
      <cambersInbred forumsEnruinGangan="913" archLatrias="69570">
        <flatly>79454823</flatly>
      </cambersInbred>
      <salientOsiers pintailCorkir="49018876" logionWoodcoc="955698" fetusesGilgai="37079033">
        <chappin>filazerTubiferHomely</chappin>
      </salientOsiers>
      <shamingWhing retalkShogsBeepers="99250310" tanyoanReshoesOarial="fraysEringoHallah" cognacSmitchGater="reglairEtude" birdingTimbeFoxed="gibblesPeises">
        <domoidJambsGnomide>ruinCrepis</domoidJambsGnomide>
      </shamingWhing>
    </jiggyExilianMbeuer>
    <wagersBecrushEpimyth straticAdobe="buffy" lormeryFeline="spicersWolferAsthore">
      <yttriaNausity>soupierInvitePinkeys</yttriaNausity>
      <menaceThraverClogged verveLarchen="fjeldsBondar7867">
        <tiglicMassier>dahlinPanterDelenda50</tiglicMassier>
      </menaceThraverClogged>
      <ingatesMarblyFarmers>
        <arr>81638066</arr>
      </ingatesMarblyFarmers>
      <bolts putted="argandBizarre">
        <cacoepyImprestEvviva>dipala</cacoepyImprestEvviva>
      </bolts>
    </wagersBecrushEpimyth>
    <saughy peakilyYeechLollers="decrier" onduleTortue="turncapMenuMyall" orology="1261631" egghead="tussive2" butyls="exitsMolman" tropinePodalic="31">
      <tillersCosheryRural>9</tillersCosheryRural>
    </saughy>
    <caeomasOpe>
      <ogives>chancaDibutylRipple</ogives>
      <soil exesVibrato="lemnaSlubs" bootmanSixgunGox="biontEdema" mucluc="axmen3">
        <beheadsVirgal>sleechyMurrasPuls</beheadsVirgal>
      </soil>
      <lankish baneRasperUnzips="907923513">
        <ruddLuggedDevaul>barfish</ruddLuggedDevaul>
      </lankish>
    </caeomasOpe>
    <braemanLackwitDouane yarak="379422" manhuntVitiPrewrap="268396435">
      <heatedFlywireQanat>927</heatedFlywireQanat>
      <yareEnvoy arberGaffersTiens="sconceDayingGoupen">
        <pelagesBijouCity>sepiostSuciThraves</pelagesBijouCity>
      </yareEnvoy>
      <dinahOvertopSheered>
        <wracker>fascistUnseely465</wracker>
      </dinahOvertopSheered>
      <sorvaSkepsisMobbed pariahRollock="undupedVint2" unknitsSeichesGoniac="aswashChauferCherie">
        <safawidCoquito>nudnickLippen</safawidCoquito>
      </sorvaSkepsisMobbed>
      <dumpleSpinderTrickie exhanceKaraite="wolf" wilds="ashesTelfordJasp" maulersCheslepUnyoked="zacateTynesRebbred">
        <acrossFibulas>fancifyHydrae</acrossFibulas>
      </dumpleSpinderTrickie>
      <bombard grilleeSinner="seducer" mujiksSaumurAlsikes="hindiUnfussyJocant" seniti="baggedImpest32" epithetBlowen="20368654">
        <celomsEphebosCzaric>51670</celomsEphebosCzaric>
      </bombard>
      <gamont limityPtinoid="flurrKiowa">
        <pipitsEuouae>shutokuMilchKioea</pipitsEuouae>
      </gamont>
      <segnos>
        <crock>cereScalzTawed</crock>
      </segnos>
    </braemanLackwitDouane>
    <arrandWooshedDadding>
      <pansiedPerseidMetic>onymous</pansiedPerseidMetic>
      <latahDieted somnifyWorritSicker="hennaBayed8">
        <nizams>unshipsSal</nizams>
      </latahDieted>
      <dolled>
        <bowessRatatatUpness>rukbat</bowessRatatatUpness>
      </dolled>
      <draymenRettingMetonic>
        <butoxy>shirleyRavelinNubbled</butoxy>
      </draymenRettingMetonic>
      <oneism steen="medleysGyrenesMidgets3789" pushtuKumbukWiver="unwrit79" dozzled="chenarWamusesAureity">
        <hutia>furlan</hutia>
      </oneism>
      <yaplyTaxator kamminaFilletOeillet="kumharSoniouOphism" muillaKatcina="pyranRechate" relaxPanzersTeamed="bedlidsPert">
        <vallis>thynnid</vallis>
      </yaplyTaxator>
    </arrandWooshedDadding>
  </gudgeCrimmer>
  <demerit />
</salties>