<?xml version="1.0"?>
<aglucon>
  <beknitAngiaCalculi soshedAdore="laura" tornese="944" clanks="baileysWodgyRemill" buddhaBent="grimful">
    <snath>
      <borel>keestEfform</borel>
    </snath>
    <ferineLayoffs>
      <helmetTalonid>warpathKurus</helmetTalonid>
      <hardsTwelfthNautics oillet="mappingDuring" aliciaMildest="dooliesChomper2556" aladaRepunch="cyclersNichingSurest" linda="herseOvercupJato">
        <aryanBraseroKitman>signedPurrel</aryanBraseroKitman>
      </hardsTwelfthNautics>
      <chokraHarkensFuddle upgetSkrike="seculumUvalaLouty" lammockTimbale="volcaeTidbits430" driptPenancyGorkun="tokesTaprootUptruss">
        <geneal>darkerBarms42</geneal>
      </chokraHarkensFuddle>
      <poditesHaggis oxan="robiniaBebilyaStooge">
        <lescheSnirt>89198291</lescheSnirt>
      </poditesHaggis>
      <bootesDecuryPrune>
        <bintOxenFelloe>lesleyaFeofferMerops</bintOxenFelloe>
      </bootesDecuryPrune>
      <puker riffed="cowpen" capitleEpingleGraisse="assethCaille48" kites="1545">
        <jujuFeudaryRepave>donskyEnos</jujuFeudaryRepave>
      </puker>
      <hayband>
        <unpegs>peeingWattsWaved</unpegs>
      </hayband>
      <cootchBromids bushletBigBostal="ratelFallout" benzenePoppas="britPrimps3138" lottedOddest="regnumHowfsLycine" lalled="bolitaWashenMuddier">
        <kurgansBerskin>wanger7221</kurgansBerskin>
      </cootchBromids>
      <recoct dairaMournedDennet="bailoSmokyCalchas" hackeesSaul="revisorFleys604" omniumHoggery="agapai" maltyBoogerTryma="martins5">
        <stevel>mandsDayless</stevel>
      </recoct>
      <silvaPrevued pennantBultowDollies="sarsarChelemTopsail" squirmySlogans="necia" feuXenyl="unhendeRecaps" grilles="49658">
        <hool>whyforWinfreeGabback</hool>
      </silvaPrevued>
    </ferineLayoffs>
    <adenose>
      <matrons>echappeOreganoGemel19</matrons>
    </adenose>
    <matreedQintarsQuackle casusSlowly="gruesDebitedOolongs" uredema="benzole" jaddedMangierCrayons="sistersBladder" vardaYapnessGateaux="16" mizzled="ocularsVampersMimus" kurganDunst="hagletChitins" rauliHexadBehears="depositGlister">
      <navarho>pikemen</navarho>
      <volvox mennon="wotlinkErgatesCimbri70" sikhara="9313514">
        <bechalk>25</bechalk>
      </volvox>
    </matreedQintarsQuackle>
    <nabobChookieSeamen unshown="scolopsPenner" skateEnfants="tmema" deciles="clerumOocyteWhiles" ucalOld="7" swalingLeucoCortaro="aryanJoints" dibber="80">
      <rumboHoleyBawley>deduitFulmarDankest</rumboHoleyBawley>
      <runkle heddle="waspsLeopardPitons" bombEnrank="damsons" cachaca="singultBiggiesCourter3" biverbAtreus="fixgig794">
        <balkier>crissumImamateHex</balkier>
      </runkle>
      <trayfulBonersLardry>
        <shadowsParent>61984</shadowsParent>
      </trayfulBonersLardry>
      <slimyNovityShuba hobbled="ablushDawen36">
        <glazersHornie>edaphic</glazersHornie>
      </slimyNovityShuba>
      <gouger ampere="rignumGres87">
        <unfeted>cellars1219</unfeted>
      </gouger>
      <daymarkFairiesShuba thievedNisusSuttee="sheriatBalebos" fumetteMercer="6355282" thripel="sabesKelpie7">
        <aether>942883648</aether>
      </daymarkFairiesShuba>
    </nabobChookieSeamen>
    <pucaHomard>
      <priamOxbiter>sugentAdyttaCoecal3209</priamOxbiter>
      <leef kaylesPersona="safrol" hoaxer="primNowt">
        <barghCookyChoise>risers</barghCookyChoise>
      </leef>
      <begobEnlaced>
        <harminsGooseyMammas>temblorHazesSandier1</harminsGooseyMammas>
      </begobEnlaced>
      <begirdFra wabbyAlethic="acate" gaeldom="sailedBilosFiscs">
        <flosserSeax>pulerAddulce</flosserSeax>
      </begirdFra>
      <enows podunk="pastime" muta="automenBlown" ligable="breth">
        <cowshotBoilery>baiterUkraine</cowshotBoilery>
      </enows>
      <unona frenula="2758782" yaupon="inkra" awheft="berylsGarua" prepsDisnest="96300">
        <myrosin>runbyNoised52</myrosin>
      </unona>
      <kavas dewaterChantey="rialtyBarkeryBoychik" whoreVivek="twiggyDepot">
        <tamponBatokaPlasmin>semolaSweeredLessive</tamponBatokaPlasmin>
      </kavas>
      <gigs citesOnymize="swedge4318" crena="acidityAdiabat">
        <hydrate>hontish</hydrate>
      </gigs>
      <chinksRatites silicam="annihilMediaeKayo" synodalBreatheLaney="calomba68" eyeballSucciseCroceus="ureideChopdarCircus">
        <wigmake>indoxylCasterRapeoil</wigmake>
      </chinksRatites>
      <misfate cimaiseEccl="oralizeNeyandaAchroma">
        <bdlsBusiedVigil>12769592</bdlsBusiedVigil>
      </misfate>
      <unrollsRetiary jainismKhayal="pprMonerCatnip301" hyphensLeporidJimmies="54" chauve="85" callop="1157581">
        <handsel>striverCard</handsel>
      </unrollsRetiary>
      <skatsBestockPresto taglia="15351738" unsolidEmyd="620045" blunnenWitloofThirst="femurShado" donableSnyedSherry="4">
        <wurlyHertzes>encyc</wurlyHertzes>
      </skatsBestockPresto>
      <labelerZonicSuasive slogsWeld="1" tweedy="400903801" tathataAndrenaAburban="caoba" expugn="79762">
        <shanCymarinKens>puaWaistsArsyl</shanCymarinKens>
      </labelerZonicSuasive>
      <heyDidusJupons ceroticMaros="lepusEloin9" pushers="costal" argiopeKitabis="filths" stipePaso="segOutherTrigone">
        <unpassManrootMoonie>raifIberes</unpassManrootMoonie>
      </heyDidusJupons>
      <nonuser hookiesLitchi="strick">
        <whiskinAmateur>nasionsFlews6</whiskinAmateur>
      </nonuser>
      <updatesRoquet>
        <anuriaDillsAnanym>marcatoBegift</anuriaDillsAnanym>
      </updatesRoquet>
      <deavingPrivataTheat brakedFibs="copiousGlyphsSclim" synchedMelded="sharki" dossmanScroopJavas="briskenLacrymCuracao">
        <lawrieNoriaDaggar>cadentRchauffUnjam</lawrieNoriaDaggar>
      </deavingPrivataTheat>
      <paraiba>
        <moulder>spairge7</moulder>
      </paraiba>
      <rumalCrickAburst cerium="ziegaCowroidForedo" alibamu="ridottoForrel" oquassaShalako="corsageKannen" okroogClothsNippy="924984199">
        <curatesWongenTwazzy>pulasanAcetyls</curatesWongenTwazzy>
      </rumalCrickAburst>
    </pucaHomard>
    <packallWytesMeissa roadPodites="apogeic" methylThriverXanthic="sluedChainedBacchae19">
      <lectionRomano>scarmanBoxenMoody</lectionRomano>
    </packallWytesMeissa>
    <kirkmanBisque>
      <grisScrin>skinnerWird29</grisScrin>
    </kirkmanBisque>
    <wilierDafter>
      <lampicFlatterAvenin>strumsThorn</lampicFlatterAvenin>
      <intima corrieOralogy="buhrBatzenOldest" moronic="archery4719" tosherDeboite="caseinePigstyPisacha" manjeetTilers="sylviaOtterCowheel">
        <eyl>begoniaBlunts</eyl>
      </intima>
      <illocal>
        <sepal>tarviaYeelinsBewrays</sepal>
      </illocal>
      <bromoSheetAquarid exodic="4951360" minyaeFramers="441" formoseAspringKilos="unzipsOverfewImmoved" beckettAhtInsert="pantunOgee5122">
        <dozierGymnite>quinsUnhidKeyman</dozierGymnite>
      </bromoSheetAquarid>
      <seeling meatilyPolarid="elses" honkie="stearicDecRaga">
        <beclaw>murmurHaremUmpqua</beclaw>
      </seeling>
      <intimal cadette="29659" pop="geebongEspec">
        <roamageVindict>crueler</roamageVindict>
      </intimal>
      <enislesBikini stoff="bigotty" pernio="63">
        <tarraba>smackee</tarraba>
      </enislesBikini>
      <kitan stoogeRoubleLingers="fasheryUpcock" scrazeSafiRedealt="nooses">
        <tiddlePirana>pyrone</tiddlePirana>
      </kitan>
      <sabaChobCongeon aculeiMerestInfarce="zowie">
        <sagely>16996367</sagely>
      </sabaChobCongeon>
      <alliesOglers fitchWeddingDated="464879" lagwort="oboliOrnaryPontus" toral="hominyEnvigorAlmude151">
        <dirten>936</dirten>
      </alliesOglers>
      <linaloeEmbedGoblins amarYahwist="jeddingGenusesPoorly">
        <casefySicht>recut</casefySicht>
      </linaloeEmbedGoblins>
      <letheanAletteCarabao umbralNazisCreolin="thats" heptalCorkyIsologs="taraph">
        <oozesFlue>brewedAvisoAmenta</oozesFlue>
      </letheanAletteCarabao>
      <enwoodTerefahHurrer distome="mittens" martlet="6604470" bummelSwooned="coropoAaa" oreadLungs="midband4726">
        <dollin>tonus</dollin>
      </enwoodTerefahHurrer>
      <twarlyLeggerUngruff tankedBefile="begster" barfishEned="464" rosoliGetling="isotac">
        <broncho>cushing</broncho>
      </twarlyLeggerUngruff>
    </wilierDafter>
    <buseraCambaloReindue shlocksParoleEnsouls="glubArache" wulkIncitedBudding="54543">
      <mendeeRearoseRag>farmedSlicedCaudles</mendeeRearoseRag>
    </buseraCambaloReindue>
    <hovererArleTopazy>
      <extendOpianylVowely>tanlingKneecapChrysin</extendOpianylVowely>
    </hovererArleTopazy>
    <wharl isogramPaty="cymling" mystesTrefUhtsong="malled982" bangle="76810" factorNawiesChesoun="oocystsSifted" seals="prosodeVirge" enent="86818388" candiel="rebutLeakilyBobbies">
      <acetarsBerainRhenea>scantyAcumensAnders</acetarsBerainRhenea>
      <uncheat>
        <pummelSommiteKambou>giantlyVenlin8812</pummelSommiteKambou>
      </uncheat>
      <terned moheganCoated="ostialUnboot" matie="befogs3721">
        <omnibusGustier>curatorOspreyCygnine</omnibusGustier>
      </terned>
      <whittleTipsilySuent resave="foeLaeti" acyesisHalakaCobras="nonnyDiedral">
        <hovaUnairedAyont>thebaisWaygoer</hovaUnairedAyont>
      </whittleTipsilySuent>
      <startedMuskit patee="romaean" conidiaSabirs="scambleGrannieUpclimb" yereBancusSerinus="wilesPeateryTrifoil" abasers="mestomeAlamode8408">
        <pictureBinmenArchaic>6111560</pictureBinmenArchaic>
      </startedMuskit>
      <cutoverLyc diazoleToist="43860898" koonti="boyaux">
        <ganodus>airsick</ganodus>
      </cutoverLyc>
      <unrayed humphsPuelcheMelling="240" eelsMagna="vouchedScarfe" jestsTequila="pixyishPiluleWouf" otoPopelyCaffa="lamprelOnerousGaudete461">
        <groynesCahizSwallo>gipsied</groynesCahizSwallo>
      </unrayed>
    </wharl>
    <ostemia tattyRakanCohort="706" floralPanaxBani="outrapSuite9216" waxEastern="snumOrbsLeysing">
      <dungolSomaDesi>dismalsPavier</dungolSomaDesi>
    </ostemia>
    <invectWorkday pesage="7" fooIdledRandir="reubBallots" gustsUnasked="gundog" startedIneri="urosisCaribes535" shaderOverdueGuddler="hoeful1">
      <saquaroCistae>lisaTedesca</saquaroCistae>
    </invectWorkday>
    <alliageDabbing>
      <doitkinShimmey>loweredFeatyClaspt</doitkinShimmey>
    </alliageDabbing>
    <orgasm beginAlsike="pickupCutely7902" quincyJilteeChoosy="bloomerPuffin" nonent="megara">
      <formWayfare>99</formWayfare>
    </orgasm>
    <finals solanSemifitVakass="29117497" logresMislenGagaku="harveyThrillVioland45" lochage="710">
      <shoalerGalline>precoceSinzerMyophan2541</shoalerGalline>
      <thankHunters>
        <unhit>hoddin</unhit>
      </thankHunters>
      <guatoan derth="pooled7294" deathRemorseBezels="subpoolWorkers" vickyFaddism="galopinTriazoPusscat" cocaoUmiaq="patas6">
        <babelicCyril>buzuki</babelicCyril>
      </guatoan>
      <peltingFinletTehueco coinyMasonedSciarid="267904" virago="72333">
        <misnameExudate>rampishMongo44</misnameExudate>
      </peltingFinletTehueco>
      <faintedUnname apothecTakhaarAlready="phobicZymaseCarosse" justestPerinea="40972227">
        <shunDemerolReverbs>bunkery</shunDemerolReverbs>
      </faintedUnname>
      <trevor epauleSpitalStaumer="lieneeVasu" peplus="cozieOutfishBodegas" tenacyVisto="anatolyBagandaTibia">
        <mesopic>turtosa</mesopic>
      </trevor>
      <agapeicComsWadmols palemanTawhid="topogBlizz" cordageSlideServers="ferryGooferChessel" imbrium="averts">
        <clipperButcherKhutbah>nard</clipperButcherKhutbah>
      </agapeicComsWadmols>
      <licitlyMelanoSlart>
        <listensShouts>armletYenderHazing</listensShouts>
      </licitlyMelanoSlart>
      <racemes pedeses="fleeces" moistlyAlii="spenseSubtask">
        <vaireeHunhReactor>megergDaimyo</vaireeHunhReactor>
      </racemes>
      <peskilyLarryRejig mahoesTownifyNiog="aptlyHabus" rebusesMeshes="843801010" makeupBankmenPutlogs="ugt308" fodSodiumsKovil="beefish">
        <flansOyesTubbed>wheyAljamia</flansOyesTubbed>
      </peskilyLarryRejig>
      <durasMoylSates>
        <abluteColumna>7607000</abluteColumna>
      </durasMoylSates>
      <seersBream stefan="exhale82">
        <sahiwal>43392275</sahiwal>
      </seersBream>
      <mauger caunusZincizeBoeing="imposalSniffsBatable" hookierWhirr="whippa">
        <delbert>surnounAmyris</delbert>
      </mauger>
      <hatcherPilingTrigamy llamas="cavinSody" justlerFtnerr="pyropus8212" juttyJacami="2635">
        <cahowRereadsMucky>yirmDil</cahowRereadsMucky>
      </hatcherPilingTrigamy>
    </finals>
    <allayedMirs solversReverdi="715" pokan="misbiasAkaroa4">
      <meltonsTouter>sturtinVenules</meltonsTouter>
      <bonducsWoolenFrusta whalerRolley="vols" amitFomentoOnflow="jackassAeonic" homily="exodySlogan">
        <flatBriguerGelilah>drogueMockupsChappe</flatBriguerGelilah>
      </bonducsWoolenFrusta>
      <sorchinSulliesSamani>
        <preyfulHoops>pinksTerek825</preyfulHoops>
      </sorchinSulliesSamani>
      <havance honeyEdgedCerevis="6762072" harv="owning" haftersCupid="outswam" unbrentMahraSongkok="mensasBogueGorst">
        <seruleSeeping>lodhaPathyBullpen</seruleSeeping>
      </havance>
      <loboHourfulDeckman>
        <exactTrishna>gitSaining</exactTrishna>
      </loboHourfulDeckman>
      <stridBeluteIncrept moduletPierage="stobsPlexurePrecast" carian="sgadUswards" deathsGyalSienite="setigerUpaisleKhot">
        <bolting>bantersPrevoid</bolting>
      </stridBeluteIncrept>
      <halalah marsiZafferFittest="31">
        <toppyMajoTempted>oosSetule</toppyMajoTempted>
      </halalah>
      <martyCfmInkle firyPerdrixMetria="gossipy" realty="parang" taxorMeshes="yadeAret220" thackedBaguetAndor="cullersBustingStrobe">
        <freddie>cheaperPawned</freddie>
      </martyCfmInkle>
      <matey>
        <enfieldNaggish>tabithaTaniaGeoduck</enfieldNaggish>
      </matey>
      <size verseUpdatedKnosped="gaiusDrepane1">
        <nurtureTeucriCroyl>6077</nurtureTeucriCroyl>
      </size>
    </allayedMirs>
    <sibbingDrapeMadid>
      <indultPornsBerther>tallowySparsimUvular</indultPornsBerther>
      <walkUvver youngerTerebraEnticed="381199">
        <breengeCheeper>ansaeMicelleShlock</breengeCheeper>
      </walkUvver>
      <duettedBreezy scathesGillies="45705" katukaDodoma="crestsWilton158">
        <salar>gipperFainterAulas</salar>
      </duettedBreezy>
      <botonnyTizzy swattedFilmsNiceish="48586887" apelles="453686484" acidyVedistJuices="attery" thrombiLatest="upborne">
        <tribune>rebuteRenove</tribune>
      </botonnyTizzy>
      <bullLeniticOrang missals="geogShiveryNothing" lbsBreezesAtokal="proneurDarogha">
        <feltmanDoolies>crotchy</feltmanDoolies>
      </bullLeniticOrang>
      <vomerFrises wakes="gawmBurners" lovey="regents" alersePeculiaUnliken="sharer" lanely="curacoaEspec">
        <ottersKail>breadthSnapsUnbrace</ottersKail>
      </vomerFrises>
      <orgone youthenSubdebsEcanda="29202">
        <sepadInorg>uncut</sepadInorg>
      </orgone>
      <uplick>
        <istana>lucileRayanSpooned80</istana>
      </uplick>
      <biffiesMalayReps pprDunkHexadic="dustierEpigyneCimnel" grackleUrubuBenison="unresty2755" enjoyerGeldant="entwineIdyl">
        <dallierRelongUnwan>pesteJoustFujis</dallierRelongUnwan>
      </biffiesMalayReps>
      <bulbarVialfulFleams macacosJunky="crimpSnewCoppas" knockupFascialRheboks="cyclone">
        <rogerAlbi>compoSenusiEscript</rogerAlbi>
      </bulbarVialfulFleams>
      <curraneBassShawled trampWalled="tolliesPiceneCaon" alferezPlungyTortie="chouMullock" hoeingAldol="oogloea">
        <portletBaptise>206138</portletBaptise>
      </curraneBassShawled>
      <ciders sheikhHaglet="4561213" urosteaWhatsOsmunda="pappy3460" keefBushels="ladhood">
        <cubica>3672</cubica>
      </ciders>
      <enruinGoalPimped quiteWouldnt="collum" prissyCombre="garote" hillelMlx="liguresUndutyHails159">
        <zurich>nardsInbye</zurich>
      </enruinGoalPimped>
      <taler laked="sradha" ancilia="falselyCabdaTrod" yaretaSabadinPreborn="gruffly26">
        <colmarsNifties>placateVernal</colmarsNifties>
      </taler>
      <baculusChoko>
        <koilon>thein</koilon>
      </baculusChoko>
      <plinksAgreer>
        <inkies>pilotMaughtMoggies89</inkies>
      </plinksAgreer>
      <botchyDuskishLincoln whankTities="cit" smokingOhedDewbeam="spencesAeolis" sideboxDecoder="paula" slicks="3635">
        <caffle>35967166</caffle>
      </botchyDuskishLincoln>
      <voivodeInternFanons roxaneWelderArzawa="47">
        <coheadFoggilySaloops>broidStokersSnaked</coheadFoggilySaloops>
      </voivodeInternFanons>
      <aahsEloiner telephSked="58491818" sorelyEyeflapRapely="chullo" dulcRuinous="overinkBihamEtude">
        <prolix>87287760</prolix>
      </aahsEloiner>
      <fannellTankardHollock pisces="hasterTheos" noreast="matsueSwounds533" kiterAriserNieveta="hermitsBurlet" coofs="embrewBrawlArabit">
        <pommies>graysLatexSleeky</pommies>
      </fannellTankardHollock>
    </sibbingDrapeMadid>
    <popsTaoyinCroupal>
      <bolsonsGromiaDecate>gauchoLardingRipsaws</bolsonsGromiaDecate>
    </popsTaoyinCroupal>
    <field>
      <amortChasidPalayan>marramsGowaned</amortChasidPalayan>
      <storaxPinkany repaidGerland="helzelBatetePlural" clewPst="mennuetDamager">
        <cornfedKazoosAphanes>embarsDagameDebout</cornfedKazoosAphanes>
      </storaxPinkany>
      <relabelStooge pucciniThete="wordedEnveilBabus">
        <inwallsRemeet>cardon7989</inwallsRemeet>
      </relabelStooge>
      <alvusSedates sloughyWeedage="scurdyAnomy293" croppyAmbayZoons="hootchDerat" guggledPettingJerids="manei1">
        <zygoteIngoingMizzly>9</zygoteIngoingMizzly>
      </alvusSedates>
      <appense pareve="vervet" cariesPlatysBuchu="appendPhoneys6183" gorsyDribletHumid="2966086">
        <leucoNodules>thunorHatbrimHummers</leucoNodules>
      </appense>
      <peteSerdarBecolor pross="meson3795" pandied="kuskosMishnah">
        <bechernLemanea>hajibLick</bechernLemanea>
      </peteSerdarBecolor>
      <buffoonJura>
        <jokeUnnosePulpar>vac343</jokeUnnosePulpar>
      </buffoonJura>
      <eyresDelace heavens="anosiaAwe">
        <drearAcarolIsotach>istle</drearAcarolIsotach>
      </eyresDelace>
      <overwonErgPowered babel="icicaAcetal">
        <myna>carbide</myna>
      </overwonErgPowered>
      <crimmerBrast beira="8">
        <essencyMuckedFoals>sovkhozParterCuminol</essencyMuckedFoals>
      </crimmerBrast>
    </field>
    <braid>
      <resiftStraintNexal>makarKnishes3</resiftStraintNexal>
      <rooteryDehgan baktun="5230">
        <pohaVacuome>fittingIndecl</pohaVacuome>
      </rooteryDehgan>
    </braid>
    <roveCoinerCarices cambrel="805323" gaittSkatiku="hnyDovesAdulter" zymosanUnquiet="faculaeIntroit6">
      <tabledSaddlerEmbull>decad</tabledSaddlerEmbull>
      <triptPlasticPyrgom oneness="802" yava="furlanDrieLocrian">
        <puistieSoshMezair>unclearThornen1997</puistieSoshMezair>
      </triptPlasticPyrgom>
      <forsarLargosTalers cashoosBowery="gelders" minder="sadistsLobariaTurds" swaggerPhrasey="bailli">
        <termage>laicityBehests</termage>
      </forsarLargosTalers>
      <ampassySoldado notoireInbbred="wuss" fenland="deporteDuckpinYokes72">
        <beelineJuchartDuendes>soonyJumbie</beelineJuchartDuendes>
      </ampassySoldado>
    </roveCoinerCarices>
  </beknitAngiaCalculi>
  <acopicDottleTartana uplineAngulaCivvy="bunionsEadPyrexia" />
  <coolenRepanel sorcer="fusteeSaperdaStave" lindied="amuzeMunandiDimiss" unmakesVetaWaster="49" />
  <mascleLarlike kama="axingCrumpetUnark">
    <wakikiTubsTorso>
      <galled>elissa</galled>
    </wakikiTubsTorso>
    <robertsMewling>
      <papismFairsGoring>loopfulLycealUbiety</papismFairsGoring>
      <airierHoeful donatio="gesneraDotardLoculus51" acetify="pupatedFreezesWendi" emblemCyp="milkDanioRevere" cockSobsPlie="pompierYucca587">
        <relumed>dassiesElecPredoom</relumed>
      </airierHoeful>
      <cumularUpatticInvenit>
        <lewingNimrodCashibo>chethsParsony84</lewingNimrodCashibo>
      </cumularUpatticInvenit>
      <sasin wearingBawdies="taiyalDementi4612" review="sus" boranePangamySkipper="arcticsNeritaStunned">
        <toughsArched>tillers</toughsArched>
      </sasin>
      <holdsUpfield duckingDumpishOxims="paroecyMidair" jouncesAbune="ratosDeave">
        <yamphTaneArmorer>sexipedRhymes4147</yamphTaneArmorer>
      </holdsUpfield>
      <pan karaculCrases="elusion" paso="squeasyHanged" babbit="20118">
        <wommeraFencholMangily>squails</wommeraFencholMangily>
      </pan>
      <gallops kinkMislest="decokeFustily">
        <meshyPaasPutoffs>preppedEarned</meshyPaasPutoffs>
      </gallops>
      <chekkerCoticed>
        <salmonsWenchedOkenite>whirlsNasitis</salmonsWenchedOkenite>
      </chekkerCoticed>
      <aristae boryl="rodletAcetarsDazzle" seadogsSeedpod="964" lacersDoffing="mcfEldestPitau" amandusAigretSell="danteanSanit">
        <huscarlReliefMunific>muckersKraitNorites</huscarlReliefMunific>
      </aristae>
      <tiredom deckels="flamantVallarJives" staumerRegalio="gridsSeymourSmily" clawingNeoned="spoleRotator" regionAbalone="uppowocMae">
        <rampageAdaptSupper>36</rampageAdaptSupper>
      </tiredom>
      <reperk avocat="daybook" harbSung="stoatLappedCowskin">
        <fairwayJinns>iwbells</fairwayJinns>
      </reperk>
      <progeny tellenAmerismBriguer="holtsNaledRecomb" clydeUmped="bullpenExptlShawls" glossalForcut="tipitiGynecia">
        <basella>tribrac</basella>
      </progeny>
      <reexpelFroemanMoche>
        <comoxBalneumSoviet>mockeryCereusLuteo</comoxBalneumSoviet>
      </reexpelFroemanMoche>
      <gaunch fertileBlithe="120" meles="2520" gilgulPienaar="6107" overage="anticorPhenyl">
        <enzymPrivacyShowd>gatedForsetAlanine</enzymPrivacyShowd>
      </gaunch>
      <chuponColoredSchism funliAirways="hadronsHorrify" bumkinPur="rathe" pontoonOrganon="ruddyTaketh" rousSnaffle="jumpEductor">
        <alc>74</alc>
      </chuponColoredSchism>
      <wickPanoram cicero="gayalsSemicup" uparnaWrigleySeats="furredScampsFimble8754" restockDoigt="poodler">
        <fervidSandlot>764280</fervidSandlot>
      </wickPanoram>
      <ladenedPretest vomitosKal="garconEnemies" limasLiners="disallyRadulaBoozily" akeley="lamiid">
        <scoreDynelTubae>barileUruUtas</scoreDynelTubae>
      </ladenedPretest>
      <oleoylCetidUpprick>
        <orfrayPolices>867090</orfrayPolices>
      </oleoylCetidUpprick>
      <unthawRotsSafflor cockilyHeccoAxle="36" scrives="pookaunLacey847">
        <mucoidMarlaRubbler>cargos</mucoidMarlaRubbler>
      </unthawRotsSafflor>
    </robertsMewling>
    <totter>
      <fraist>kafkaDoghood8562</fraist>
    </totter>
    <anaheimAmplect>
      <muckedGrottoAyin>jelliedKanganiTsuga</muckedGrottoAyin>
      <expiry coss="26" theelinBorate="487769907">
        <shelveImmunesWirer>bashesPorting</shelveImmunesWirer>
      </expiry>
      <daricsMillnia minarFugacyRideau="474206" nitherLopingYakker="adnexNakederChing" bikingSixmo="94701">
        <parleChlamys>73848687</parleChlamys>
      </daricsMillnia>
      <hornful variesPalmer="histon">
        <mangoes>afflateAretteRoof</mangoes>
      </hornful>
      <memoirsSparestSpeels didnaKeltic="mezailTeleses" yuksSnawed="unworn" makranFablersMadling="earnedSubtillCordula7995" codings="wadsetsFogman2553">
        <beluteHordockIchthus>purelyHelped</beluteHordockIchthus>
      </memoirsSparestSpeels>
      <xiphoidJumada caslonEomeconEarldom="swopped" junebudTzarina="dawsUnkendCicadid">
        <deplanePipy>recheerCamposCodical</deplanePipy>
      </xiphoidJumada>
      <gangionSativae wahooSargoPor="votable24" paynims="eclipseMiswern" uddered="bluetop">
        <outplayMurrain>ismBugfishPunily9</outplayMurrain>
      </gangionSativae>
      <needierJune>
        <hogsty>aziolaBandel</hogsty>
      </needierJune>
      <fibra outcrySulfionKhasi="6000526" bregma="6476650">
        <bagwigs>bonitos</bagwigs>
      </fibra>
      <devily nettShrubby="7">
        <dutchSahras>sidle</dutchSahras>
      </devily>
      <rectusAzurine typer="vihuela">
        <seatsKelderMauves>avenage37</seatsKelderMauves>
      </rectusAzurine>
      <darkyCorners rushingRelower="skidsOsiride" allowedGanodus="chaumer27" feedsMung="unpietyWasterSalts">
        <unriperAtomism>3189</unriperAtomism>
      </darkyCorners>
      <plutusRulingsLehrs tumliToshes="jainaNosier" toroidsBasural="arnattaTufasConnach">
        <griotteScrewerNation>22214998</griotteScrewerNation>
      </plutusRulingsLehrs>
      <piddock bepun="aulae">
        <dowsAndianLaniary>pulpousSimsimKennels</dowsAndianLaniary>
      </piddock>
      <couxiaCoalHerbar cantlet="fungous" misdoneBunchy="molochsRaising">
        <mottoIffier>bossdomGalbanCeca</mottoIffier>
      </couxiaCoalHerbar>
      <chiasPurredYuccas brarowWhenasAssith="nidgetyStager" clinalBanselaHypnone="upbeatWhangedWooshed">
        <adelite>7381</adelite>
      </chiasPurredYuccas>
      <spavine cashooOmbers="7" scream="64277679" dowmentDitton="sylvaeCupule160" melitis="snite">
        <imbalmCanalis>lannersAgushYaffler</imbalmCanalis>
      </spavine>
      <koupreyOcimumTitlark maffler="kifShan">
        <haulierDongKnop>bedinLepa</haulierDongKnop>
      </koupreyOcimumTitlark>
      <koibal neuters="taglikeGlazily14" peesashLollup="8700" cucaLimbas="73925801" fulwa="heyduckWhyTrillet10">
        <caufle>pranks</caufle>
      </koibal>
      <algosis>
        <coombePiliesTentory>30869</coombePiliesTentory>
      </algosis>
    </anaheimAmplect>
    <elding redoomHisselfHisser="whereer" canonryDepicts="rick" muscats="earthsFervNylon" deifiedTeemful="7293933" suratFulveneJoutes="topmanLoosish25" foins="rucksInglesaCoach">
      <ithandEffare>707</ithandEffare>
      <reknockChibchaVaudoux>
        <keftianLangahaDroopy>loanin44</keftianLangahaDroopy>
      </reknockChibchaVaudoux>
      <deposesEnserf mensa="payaguaRancesLauder">
        <egencyEgomism>parensBeathShannon</egencyEgomism>
      </deposesEnserf>
      <ronde fugientPodsBillian="nefast" toisedYuansBerimes="3348" sorghos="eviratoKrna" wray="30025642">
        <fibraHogtiedFixive>890153</fibraHogtiedFixive>
      </ronde>
      <liardGewgawyPotbank glaveArrodeHybrid="84">
        <tacsoUnland>8794171</tacsoUnland>
      </liardGewgawyPotbank>
      <urbicMesail slotted="topengIndabasGigaton" dernlyHangoutFugara="5857" alaricPlinthsDaubing="doming">
        <meconicVarec>vomit696</meconicVarec>
      </urbicMesail>
      <sargoShelTrazia tmemata="4974">
        <redrug>25826245</redrug>
      </sargoShelTrazia>
      <rascetaReceiptMarvin fingersLeon="29" atlatlsChilcat="pinnyLiniest" upheapsUnswear="gooneyLaharTardive">
        <doited>8261</doited>
      </rascetaReceiptMarvin>
      <croiikBorides chylify="upboilSomet">
        <hoosgowKnurScrimpy>fldxtBoblet</hoosgowKnurScrimpy>
      </croiikBorides>
      <waxingFasten valse="95710553" surreal="4933407" refuseVergiAjowan="wringer" whemmle="ceruleRhoecusTroths">
        <teffs>revieVagant</teffs>
      </waxingFasten>
      <garagedJobsonPepped seineGoonda="bogled" silvas="92" mangierBevenomJoel="hassleNiogRaunge" unray="scrying8854">
        <sabirBurblyKachari>17336364</sabirBurblyKachari>
      </garagedJobsonPepped>
      <armboneTelomes romanlyGuardsCradler="baulkyOutpick" ichulleSmeeth="samplerLapsersLotter" mandra="glebaeClupeinAbkhas">
        <tln>nonbankRambles</tln>
      </armboneTelomes>
      <thrall ebbmanFoppery="cottier" chogak="710951" sebificDemerge="radeur">
        <brin>kiddushCohuneDowsed671</brin>
      </thrall>
      <lwlBackbar bodiedSolarClubby="gonagraClasher" eirackFaired="buffing" asteerHullo="tailsLurkyHeald" sotiePolicyPirny="lidarAngule">
        <reclaimMiridaeBeads>yessedTalkful</reclaimMiridaeBeads>
      </lwlBackbar>
      <foyboatMorsel urgentSitka="scrawls9" ruddyExodus="arationSaccus" plumpedThujaInurn="bizantImpshipSandra81" blenderMobableBestuds="scup">
        <besneerMailes>geogonyTable</besneerMailes>
      </foyboatMorsel>
      <stirrerBottHabaera parging="onlapFurfoozFuming">
        <ascillCathodeAitches>94729</ascillCathodeAitches>
      </stirrerBottHabaera>
      <semises abrasedBald="scoochPourersBokadam">
        <setoff>50</setoff>
      </semises>
    </elding>
    <reslayPyrite>
      <stasisBounty>annulEpochMeaners446</stasisBounty>
    </reslayPyrite>
    <desmomaLish tapingsSpryer="diskeryAsouth" evolver="sintuQuinzeMundify2" daringLockers="jackye" rescaleRecrop="connedSafenIraqi">
      <limitVilleinSubness>loathlyUrocyst860</limitVilleinSubness>
      <demeStarySemese legistsPoonce="4160666">
        <undigCaunch>429</undigCaunch>
      </demeStarySemese>
      <nomism seamenCeil="pulsarsVoodoosWaltrot" octoidAflat="bioliteLiens" skenai="coquita">
        <udiOverbow>358676813</udiOverbow>
      </nomism>
      <pocosonHereof>
        <eleanDrilySates>uncasesSextets35</eleanDrilySates>
      </pocosonHereof>
      <farrowsBenny hangeVakeelFetus="597" meanieJoachim="sulphinUnrobed" verpaIndwelt="amigo">
        <innageLaymanTermal>cupDeroIvies200</innageLaymanTermal>
      </farrowsBenny>
      <guttlesIndeneEtui ensilesVives="5" gibbertLettiga="aquageUirinaTrf" grinnyTerpeneSeen="49985766" nabbingIvy="upbidAuksNits617">
        <guatuso>koriSoddiesKaska</guatuso>
      </guttlesIndeneEtui>
      <yacks ignores="85" tunableDisawa="gushed8">
        <mossiCaestus>upreinSarsarsIdlesse</mossiCaestus>
      </yacks>
      <cofflesUmped conchedAtaxicPeto="phorbin" saprin="penocheHeavilyBowyang99" ecdemic="88931">
        <roupieAppeals>summitsUntile</roupieAppeals>
      </cofflesUmped>
    </desmomaLish>
    <rantersChirlConidae>
      <coypus>411493151</coypus>
    </rantersChirlConidae>
    <aspasiaCloakedHairdo>
      <midges>quaffKnavery</midges>
      <artarin ten="macruraTubbish" undub="unwillMacaronTomorn" cultUnescoIerne="jernie" lamplit="garum">
        <luminedSmeeks>cochleaBisks</luminedSmeeks>
      </artarin>
      <codicesCamail riffles="rantan">
        <stalagAspisRuddock>elenge9212</stalagAspisRuddock>
      </codicesCamail>
      <redbill formsReseamGoad="crub" holmsUnfrillPuppify="5" mammateSkelderMousily="162762">
        <saithAmnestyHaughs>89</saithAmnestyHaughs>
      </redbill>
      <renomme puggreeNeoThrack="alaundBerg">
        <axonesKneelsQuoits>cowed</axonesKneelsQuoits>
      </renomme>
      <tattily tominDomini="beloutTriable" bulletAngary="39872040" girshesTheorGargil="kibei" caramelKanji="scheat">
        <oinked>abakas</oinked>
      </tattily>
      <sawmont>
        <aloin>goyish</aloin>
      </sawmont>
      <zenaga alpidRilieviKissers="weedierBuddieSynaxes" mareMaconne="17954" ehretiaPalings="ribatClatchUnrove" ptomainPasties="testedKeyLetch585">
        <unicismFlybackGnus>guayuleConrailMeerkat</unicismFlybackGnus>
      </zenaga>
      <txtChickyLament insulseBelliesDimmet="70314">
        <yuman>jupesDemiowl61</yuman>
      </txtChickyLament>
      <truemanFalloffPeroxy sledgerGaffedCoenoby="731718" retemGantslScoffer="fretsaw" deistHalalasBingo="defray" opaquer="crust97">
        <mytholGillot>inkle1</mytholGillot>
      </truemanFalloffPeroxy>
      <ftnerrAgib consistDinkWolof="polarisAcorusScorse" miledhRended="motmots" estivalVarios="droveRedline">
        <azuliteTurvesOats>wuzzy41</azuliteTurvesOats>
      </ftnerrAgib>
      <teentsyConchal shideToustie="amidol" crozleCaracal="bliny">
        <choloRaspedAmidone>succesCaronicLowland</choloRaspedAmidone>
      </teentsyConchal>
      <inkenEnfonce>
        <sims>kwapaMurder</sims>
      </inkenEnfonce>
      <rokyWhitens alegerDisable="sleeperMerging" milewayChakrasPali="diurnaPacificHots">
        <scrub>douperCustode</scrub>
      </rokyWhitens>
      <carolusDoozers>
        <chs>langueSanseisCroisee</chs>
      </carolusDoozers>
      <zabianBulbarTriadic busboyThefts="vagous" chummerSizier="tyronicSkalds" whinger="guebucu4450" traductScalma="chrismSetoff">
        <ceaseAnginalCamata>kanthanTetheryWhinger453</ceaseAnginalCamata>
      </zabianBulbarTriadic>
      <cozzesHappens alezanLesserMonte="oldnessCaciMesh33">
        <milkier>baseTrussesMudder</milkier>
      </cozzesHappens>
      <climataLatin lammiePompoonTwilit="admixesEyewort" poem="alkenyl" amoebicTalio="siltWriggly">
        <plowed>6664</plowed>
      </climataLatin>
      <svarajObsess nostrumSchloopSitcoms="amoveJuangValvar" bifaceMawsieGorman="challis" aurifexWeedery="allylsEuctiJurel">
        <bandos>kindredAudaean</bandos>
      </svarajObsess>
    </aspasiaCloakedHairdo>
    <fanteeReliesOilcan>
      <milDribbedFeus>bientt</milDribbedFeus>
    </fanteeReliesOilcan>
    <less>
      <sawbuckAcademePravin>395528269</sawbuckAcademePravin>
    </less>
    <spireas queeryFoambow="methoGabbackScudi" fulcraPerks="tabuedDannyBourout" cilice="6401401" algorElanusFrises="teths">
      <comitiaFaenas>bum</comitiaFaenas>
    </spireas>
    <tueborDeboshNahuatl>
      <codline>taperyHoedownAngami</codline>
    </tueborDeboshNahuatl>
    <hakuUfo>
      <busboysMungeyKneads>unladeAiglets</busboysMungeyKneads>
      <woningGapersViduity wearing="stokedArzanRowan">
        <moche>cylicesStabLepus</moche>
      </woningGapersViduity>
      <agistorAnkoliHookup gecksDanios="garconDemioxDrams" signoraMisdid="ephors3479" pagnes="squailSizzles" webwormDetentMilfoil="pawpaw66">
        <yakima>certifKiver</yakima>
      </agistorAnkoliHookup>
      <datary undug="animalaTumorVivos">
        <fitQuamTwp>chibchaLopes</fitQuamTwp>
      </datary>
      <broidenCutheal goombayReknot="eczemaRedared" reechySkerret="scavelGlirineCherie" camassJayveesXyst="misyokeBuccanMeese674" pianka="lander">
        <groten>forzGurgingPlumply9058</groten>
      </broidenCutheal>
      <muriti indolin="wineBuzzedThird" sampledCourseCares="fresno">
        <apaidQueensKravers>tetractFetidBlinked</apaidQueensKravers>
      </muriti>
      <hildaGawkiesBuilder>
        <malarsTempiInit>caprin</malarsTempiInit>
      </hildaGawkiesBuilder>
      <fiversLinchetDion vilerRedawn="176" yeggman="schlepsRevisalHelmed28" footleGraal="2626">
        <asoniaOsmanli>buretSulaib</asoniaOsmanli>
      </fiversLinchetDion>
      <boltageWining emporte="araneaSinfulShewel">
        <snakes>lingsProleLiker</snakes>
      </boltageWining>
      <losang horned="earlap">
        <hounderCrates>4</hounderCrates>
      </losang>
      <acholoe>
        <peonyDeniersPondman>indivSurcle</peonyDeniersPondman>
      </acholoe>
      <gript outbear="witful" astondSirrasHumidly="ataxiesSyllDeacons8011" spaviesFract="neurineExtund" makerUngtEarsore="carrotMiffing561">
        <arcticSabin>costeenRefit</arcticSabin>
      </gript>
      <bailerTataupaHermit>
        <squissUnwetPanzers>topples2</squissUnwetPanzers>
      </bailerTataupaHermit>
      <cursing>
        <tampPueblos>iguanidAkimbo</tampPueblos>
      </cursing>
      <epiloiaMoiety iffierEbcascBhandar="lobefinCupriteTemse">
        <curdySaccate>primostEkron4443</curdySaccate>
      </epiloiaMoiety>
      <tamenesVeg saviors="lucet19" diakaYatiClaroes="aureityYogees2">
        <dardic>boolyaOstrich</dardic>
      </tamenesVeg>
      <burialsOrfray sixingPitpropPrized="fraxinCalzonePsst" saros="oedipalMartu">
        <hield>inbushPhiz</hield>
      </burialsOrfray>
    </hakuUfo>
    <wafRammy>
      <lasketWankleJewlike>46569</lasketWankleJewlike>
      <banyan haves="pulpedBrieQuaddle" anicut="knappan" eyeflapZapara="forging3">
        <trocharDidy>planed</trocharDidy>
      </banyan>
      <teel mezuzahNisThumb="parkersMushersStopway" akchehEmbrave="stages" upjerkValeral="1">
        <tagster>assistMadras</tagster>
      </teel>
      <gaspBywaysHushing herodiiClivis="fastenFuller1239" dashDessus="ruelleSayingsProngs" quassesMulches="cuiejosMayntSuccess">
        <ethoxyCampmanHeckles>gervasAtisHumbugs</ethoxyCampmanHeckles>
      </gaspBywaysHushing>
      <brokeryVulpineSoupon>
        <repone>yokeage451</repone>
      </brokeryVulpineSoupon>
      <dragsVatesAzotea honingRedeed="scrapDiolEam" scorify="2555779">
        <tarrowGasboat>strawSpinyDinitro</tarrowGasboat>
      </dragsVatesAzotea>
      <shintyOldHet>
        <noyMurinae>gorbMurkishRonquil</noyMurinae>
      </shintyOldHet>
      <cressetLepric endball="boileryOmagraCutlas" mediasWagCollop="smocksRefeign9" holour="scaroidEnamdar24">
        <cabana>geniesBeside</cabana>
      </cressetLepric>
      <firca>
        <zonulaStroke>ropey363</zonulaStroke>
      </firca>
      <axionNoelsSerphid>
        <inquiet>caveyBrusque3321</inquiet>
      </axionNoelsSerphid>
      <fath balonea="subplatStalkoBriber944" ataxia="handingMalopeMuset" alumna="1760">
        <tombakSpongColline>vivesFrancsMacho</tombakSpongColline>
      </fath>
      <cephen>
        <somaticDecrewWelders>huckleJetsom5762</somaticDecrewWelders>
      </cephen>
      <smilerSkelpPluteus>
        <upsideStoutenCirri>wishlyTiraz</upsideStoutenCirri>
      </smilerSkelpPluteus>
      <azimechContenu sixmosHareem="komati">
        <blibeCreosolSmiler>hesper</blibeCreosolSmiler>
      </azimechContenu>
      <iraqiTeety camwood="gonitisRoxanneFornent" yaupWoesSquader="quoniamSpolia" praxis="triodes886" serenoa="spathedReversMoyle">
        <broll>baguiosMonoticPannery</broll>
      </iraqiTeety>
      <wherebyLooper>
        <repostStudia>emptionColyonePrayer</repostStudia>
      </wherebyLooper>
      <ceratin wooly="sakis8" civicsBuffone="bridget">
        <apotome>miggs</apotome>
      </ceratin>
      <rompishCucurb offsetManpackLaker="typesTouzlesHowever" pudical="briarUmbraPianism" hotting="inrollFetsTough">
        <cryogenClof>firsterModsHeroes</cryogenClof>
      </rompishCucurb>
      <resiled brainerDewey="pervade" fumilyDoto="nubiaMartsEthoxyl959">
        <aromaDescryDinos>morescoPelanos</aromaDescryDinos>
      </resiled>
    </wafRammy>
    <brawsDesmon offereeChoir="towkay" mensesHalerzGruelly="66" cogenceJambosaParamo="flavoryCookiesLairage" kendyrCablet="rethinkThruwayEnate" winkelSibbs="8881889" ladify="floc" alantEonisms="fooleryJicara">
      <terraba>lozengyPauseSneaps</terraba>
      <pushers>
        <pastileDisuses>takingGlucidFidleys</pastileDisuses>
      </pushers>
      <hobbist>
        <athyria>6189974</athyria>
      </hobbist>
      <clobber birotaRaft="budgesSlavicDeprest" owenite="44" gawishWebbier="911221622">
        <missentHeraldsEyedot>sends</missentHeraldsEyedot>
      </clobber>
      <blucher tatteryMallein="757" kainitRouensGibli="smaikReunifyFeints">
        <pillars>falutinPythias4</pillars>
      </blucher>
      <beleed>
        <putoutZorroSafavi>chippie</putoutZorroSafavi>
      </beleed>
      <issuesPhilter>
        <pomaceDominie>tarbushAtheliaMither</pomaceDominie>
      </issuesPhilter>
      <photicsShoutsUnition ennicheCoifsMea="pappierOlderShabbat" cygnetsJoniAbode="yukking" clench="klnGyving732">
        <amblerWhored>flavor</amblerWhored>
      </photicsShoutsUnition>
      <thereon leyland="outkeptBiblicShrives" outpompArrhalDouc="athrob" hypoingVerity="kosos2">
        <sickerMalkinsGombeen>anchaForayed6</sickerMalkinsGombeen>
      </thereon>
      <plastid poltFoismShawing="kingingPliantRumaged" canoingClutchyIndoxyl="pagneCoosersRegalo" frizadoSpilletMopuses="chataka">
        <idionWilderLager>fermiYellersHicht</idionWilderLager>
      </plastid>
      <candle upslopeHoickPaid="syce" hayride="kytheTriodia" subornHivesAnisate="wairsCharlet" yumOmegoid="amueixaBrown">
        <seagirt>rotanSnoozedTrist3</seagirt>
      </candle>
      <nipmucMilieu pisayEmbower="daftestDominic" appenseWeirder="atropinMoricheWhisht">
        <chinnamLomitaSchuhe>ampyxYeddingTrona457</chinnamLomitaSchuhe>
      </nipmucMilieu>
      <konyak>
        <bleckMoyiteStime>urgings</bleckMoyiteStime>
      </konyak>
      <bakedBulwand pabaPouncy="balsamyDanliLowdown" mamas="kayCarnelSeizins" habuDullity="twiggenWindbagFleetly" amidolOllas="skeinMuds">
        <gaminesAtoms>931</gaminesAtoms>
      </bakedBulwand>
      <kanakaRasour empearlBawl="forgoerBalsaHearth">
        <quiff>egadLepidly</quiff>
      </kanakaRasour>
      <knub sunyie="ravelGarble" gudeMillful="20033">
        <tatieVernonSeizor>pirned</tatieVernonSeizor>
      </knub>
      <readyNutty congees="tiraz" unrope="794" lasedAtelets="hucho" utopianScogganBiontic="tartineAlange4181">
        <perotic>desmonHampers</perotic>
      </readyNutty>
    </brawsDesmon>
  </mascleLarlike>
  <beatusOnegite duendesRisquBangala="voicingXclFidded" />
  <ioni beleeRynt="rana" impelsSpelledAvocet="nightie" hostleKahau="dosainCabanaBasques">
    <jacking>
      <anchatRelet>tempre4</anchatRelet>
    </jacking>
    <ironesWaasiAsa>
      <verilyRaioid>privies</verilyRaioid>
    </ironesWaasiAsa>
    <egrettaCuttailRewake leppyPlumpen="warsledCanelosDelhi5" wordingClow="pappiBeamageAwin">
      <willie>greingPealed</willie>
    </egrettaCuttailRewake>
    <ulmous nirisGibbet="balebosAnconei" dacryonFanmanScarier="8699422" tallage="6617" invitee="daidledDantonTrull" daubery="billianSquam">
      <danskerSemel>oddest</danskerSemel>
      <crower frothi="392" sputnikInfantBaklava="piraya" lardNeedlyThirdly="lyristsDidineWackes" jibbah="kinooMootStand4">
        <bezazzAgadBennel>jerrieMuesli</bezazzAgadBennel>
      </crower>
    </ulmous>
    <inlayedRavagedDeraign sctdCallose="collLimbus">
      <cosignsWoevineIcicle>morocco</cosignsWoevineIcicle>
      <tether sylvicGhazal="lirateKryptic" ionize="7491" ventana="defeatsAgorothWinnie">
        <gyronCabletsWeedy>caiques</gyronCabletsWeedy>
      </tether>
      <cakavciFaucialEliot>
        <quackedAgreges>exclude854</quackedAgreges>
      </cakavciFaucialEliot>
      <nov idioticBatingPlaybox="sousesAperseeLiken" kercherZamiaLetgame="fellerFlawfulRaphael" ponsBambusaWurst="arainScaseVidenda3" takt="aterianAspread">
        <unslip>mowableQuipo</unslip>
      </nov>
      <acardia kidsYelloch="aldeholLadakhi" gnawers="1723" wricht="niftiesBacurySchools">
        <lodgedServal>13</lodgedServal>
      </acardia>
      <clowre unwipedCanonNotch="motoryMixtureBarwood" humanerTabaccoMidguts="hurrahShimose" bpsSylphid="tupek">
        <linoxynViageBunyip>maliceRittersEmbden</linoxynViageBunyip>
      </clowre>
      <busingEmbowerMucosae wrecker="adulter" insolesMew="drivesSilkenForearm">
        <izumiUseful>sordineIsomeraSquids</izumiUseful>
      </busingEmbowerMucosae>
      <sinew syncedBandana="986">
        <spave>247063769</spave>
      </sinew>
      <dispair kapur="wroSeisins" zingaroDrankFleshly="apilaryHobbedRoxbury21" cfmBakery="oology" roughMiggsJodel="leavensEncasesOrate">
        <tamarauDecoys>warningCornageWanely</tamarauDecoys>
      </dispair>
      <brisk flounceProceedTawnier="merles" rufus="pedesis" losesPrefersTropein="frappOrch" turnipCleamer="3222">
        <dunceryInfra>deeps</dunceryInfra>
      </brisk>
      <loangeSidderLinemen urgingSchlock="2582" crushShirker="eruditeTomnoupTash9058" lymphad="whins" oxbrake="cowpokeStarletCarrs">
        <lucy>skinkerAphthic</lucy>
      </loangeSidderLinemen>
      <batcherTyred>
        <scowlerSpicksMatts>90</scowlerSpicksMatts>
      </batcherTyred>
      <galantMuggarsShored padesoy="sextanVehmicDemeter19" spittleMelic="wattape">
        <lenchYelverSpeer>176</lenchYelverSpeer>
      </galantMuggarsShored>
      <brumous guywireJoskinBawtie="baculeCholtryHissel4618" petitorRumpadReclang="cottidDinder" poloStaphsMolka="blier62" scraichJoutes="tameInpours">
        <ruddsGeomysAgrom>nemesesOrcChontal</ruddsGeomysAgrom>
      </brumous>
      <slightyRicingSirgang thaness="sabbatPterin" warineUncular="53625984" danner="anethumSamsien" dolci="manless">
        <aimaraImmix>wafflesPyurias</aimaraImmix>
      </slightyRicingSirgang>
      <proofedRelicti sagwire="pilaws" cigBulblet="iambTubmenTimider9" eathlyDuhr="ooeciaWaviestScudi" foppedClomps="prancyBothnic">
        <acolhua>farseerSunbeamLeaps62</acolhua>
      </proofedRelicti>
      <adhortScrappy salvorMoat="8">
        <tref>coobah</tref>
      </adhortScrappy>
    </inlayedRavagedDeraign>
    <xenia curareEsprit="2210">
      <seduceeWhistedUprise>reviewsScasely</seduceeWhistedUprise>
    </xenia>
    <piewife obtestsHederal="paepae" clereteInfuses="defatTouter" avoyerJakoBoffin="ginningBahaismKegful" osmolsGhastlyLamish="hotelStudia2" acadiaChablis="largosDeathyOstiole684" gadflyBengola="scissilSpoffleFurnit">
      <noticedIncrossIzumi>karou</noticedIncrossIzumi>
    </piewife>
    <torpent>
      <pashtoFagotyNebbuck>815556</pashtoFagotyNebbuck>
    </torpent>
    <muzoonaAgreges>
      <oildom>guana</oildom>
    </muzoonaAgreges>
    <deessCarot>
      <slicht>anademsSeityHoudan682</slicht>
      <placetRaphaelCricoid yasmaksScioltoNipter="torchesWistiti">
        <zings>debarks</zings>
      </placetRaphaelCricoid>
      <niceSynthol>
        <nightsVucoms>sleckHollinSheals</nightsVucoms>
      </niceSynthol>
      <rompersAcini wastedPlumbum="hided" tatinekSibylsUnblind="858427482">
        <barbet>tarnSheave</barbet>
      </rompersAcini>
    </deessCarot>
    <concise acrasy="60779" eila="rabbetRisbermGaleche" codlinPussesGeryon="86888732">
      <hawserFroise>butyrylMuftiMomes</hawserFroise>
    </concise>
    <citolerUpshots boceEared="eels" shohetFideism="disazoStarchVinos" paxilli="bitchedThenage" xylomaEidosForbare="7">
      <alleleuPithos>1626</alleleuPithos>
      <vizoredStylus>
        <clankedUpleapsWitchet>kursch</clankedUpleapsWitchet>
      </vizoredStylus>
      <inomaEjamLitu guttersFronterMadship="134672" missuit="etymAndaquiBroody">
        <sorbYokerUretic>smarmySkulk</sorbYokerUretic>
      </inomaEjamLitu>
      <cestoid wheres="8361052" wagonsInyoiteAphakic="kilergBirchenAngkhak3319" alleyedCanopus="flitingArylDomal">
        <ferraraQasidasWagtail>stowerExust52</ferraraQasidasWagtail>
      </cestoid>
      <sexual forrideLukan="swath6">
        <rotatorSequelBunches>ambayKam</rotatorSequelBunches>
      </sexual>
      <lubber cobus="477" cupric="jasperNitrousVeda" butea="scapingVialed" millsKniaziStalky="40953">
        <kory>lovemanBackerManis</kory>
      </lubber>
      <falserLidlessBooker>
        <limpseyDuo>unshodBeanery</limpseyDuo>
      </falserLidlessBooker>
      <blawingMagadhiArecas>
        <lookumAbience>cephidMet</lookumAbience>
      </blawingMagadhiArecas>
      <bulwarkRucksJakey>
        <selinaPerfinsPierine>showedOutbowl99</selinaPerfinsPierine>
      </bulwarkRucksJakey>
      <afflateEnlief bonzeryChargee="hullooRapilliLingier">
        <scrithe>63</scrithe>
      </afflateEnlief>
      <mayorGullion longers="6923450">
        <mnaMurrah>acnodeArenig</mnaMurrah>
      </mayorGullion>
      <larvalTabu renninSnuff="charpie8455" ripely="jewshipBrioKusan2892" finelyEvincesHarris="ketimidFaultsLacerna" statelyRatlin="cuirassSprucerRise">
        <oedemasSunbeamSubdues>3</oedemasSunbeamSubdues>
      </larvalTabu>
    </citolerUpshots>
    <marinesTassalHikes>
      <crosseMopers>14</crosseMopers>
    </marinesTassalHikes>
    <veldtsBigotty miracle="ahwal3966">
      <bundist>retin</bundist>
      <gazersEblis dossmen="surfaceTwofold" loamilyEmmets="bettiesAchiote" daidled="morello">
        <malaccaBaobabStion>athenor9126</malaccaBaobabStion>
      </gazersEblis>
      <prowlsCurniesTwisted kist="ordinesIffier" fluytLablab="clavateDinnery9" bhangiHajGemses="lullsCosily" trabu="astylarTeth">
        <alala>quidamTahanunCloison4011</alala>
      </prowlsCurniesTwisted>
      <escuageFoldsTestule pfgZoocarp="plumachAmritaSwing" stopenAblareKhanate="hybridsCursesFender4" anisol="weasons" bebasteCadboteNeigh="boucles4827">
        <louisa>chamiseRoomthArrant</louisa>
      </escuageFoldsTestule>
      <uncoredEnguardTebbet>
        <junctlyAmoyese>yinsNuchaeEvades</junctlyAmoyese>
      </uncoredEnguardTebbet>
      <mecums>
        <herbletSphyrnaSacrad>est1123</herbletSphyrnaSacrad>
      </mecums>
      <illyricCollingCosted dumbestWhiffleWrapup="ochered" exactlyAlonelyLories="puddyJingkoMerlons" etaminsCleftTriaene="abacotHumhum">
        <fustee>45407</fustee>
      </illyricCollingCosted>
      <khotanHoaxers>
        <sick>otate</sick>
      </khotanHoaxers>
      <deinoOnwardsRelish mingier="focal" spiremeOarsman="44660909">
        <kevinDrearyRipplet>geoffScarts4</kevinDrearyRipplet>
      </deinoOnwardsRelish>
      <unrungProven securedGleneChildly="692080880" nugaeClipped="leniticKetogen">
        <loppard>giaoursMojosGulonic</loppard>
      </unrungProven>
    </veldtsBigotty>
    <bewaterGiggles olivierScarfBotella="rubious" thirsty="ashling" honkeyMedico="blarinaDungy1954" cooboosCakeyKyle="unlacedDiiodidBedoyo">
      <redrawPatch>lucarneLimacel</redrawPatch>
      <gowferLupus dispartSkieyGynic="checkedRummeryUntoxic" pernyi="4" flask="eddieWifingPrevues" sheraniInflect="5">
        <lygaeid>7749</lygaeid>
      </gowferLupus>
      <paiocke zikuratPedumCrackly="mangels">
        <outsulkOleaseSmicket>89670</outsulkOleaseSmicket>
      </paiocke>
      <subsetsLardierChithe ceilersMouilleThoman="86211">
        <signaBrassyBlaflum>elaidinHrdwre</signaBrassyBlaflum>
      </subsetsLardierChithe>
      <hennishSoignePrate faultFiltLeaped="gambone" meatyRenegedZebrule="talkier74">
        <pilifer>fibula</pilifer>
      </hennishSoignePrate>
      <pandit>
        <jakosNigre>36036</jakosNigre>
      </pandit>
      <deletesUshas patches="pustuleIndoxyl" gynicsShared="formateAnsi">
        <kerflap>ngweeCurvesSeggio</kerflap>
      </deletesUshas>
      <douchedTagalogArnee>
        <tapererDottrel>mapachSailers</tapererDottrel>
      </douchedTagalogArnee>
      <bolas novum="gliffsBarse">
        <decreerSoroses>vivat</decreerSoroses>
      </bolas>
      <hilloa daukePuntPies="bitedAdela" tussahVisesOenin="usherIpsMourned" daribahImpaste="477">
        <caffeic>aikonaBalanidGerara</caffeic>
      </hilloa>
      <surgyEmbruteFlav safflorAumous="bighorn" siver="dautedPortass">
        <kinosRinsingFlinger>butlersKaon</kinosRinsingFlinger>
      </surgyEmbruteFlav>
      <safiniToxiconWamara batched="facadedCrepineRelead">
        <oglingAchooYuan>impPledgor</oglingAchooYuan>
      </safiniToxiconWamara>
      <yantra ophidiaHermitsRelap="levered872" brawledCotypesLyrism="mispen" residedPlink="earldomVexes" natator="30954389">
        <alfakisMonacha>refetePokan</alfakisMonacha>
      </yantra>
      <coevalSalinasTrouper aimakAmorphy="bisalt">
        <estrumsEcartBabuism>fustian</estrumsEcartBabuism>
      </coevalSalinasTrouper>
      <findersIrregKexy>
        <folksKanuka>bedbugsBodiceFylfot</folksKanuka>
      </findersIrregKexy>
      <rhombsBreakaxShlu>
        <bread>farrows</bread>
      </rhombsBreakaxShlu>
      <reedish forcutRekiTabes="uirinaYojanaSotadic8203" masted="easted" cinerea="sprig">
        <quoinMisrunTwibil>baeriaAphid</quoinMisrunTwibil>
      </reedish>
    </bewaterGiggles>
    <moruleRedrewBaltis>
      <gyassaPrevene>taliage</gyassaPrevene>
    </moruleRedrewBaltis>
    <inhoopSunniahManuary knivedMucusinLomboy="nylonsZinging">
      <tormaSwivetCoying>enblocComeAtavist6</tormaSwivetCoying>
      <bunningBassetUnshop foesAizoonQueest="hodsUnwadedChalons" capletCmdEight="invisedSinismPlumbet">
        <greatChais>upcrawlOolemma</greatChais>
      </bunningBassetUnshop>
      <viralesFrisketEtatist>
        <vahineSession>tyddenHemiambFalsies</vahineSession>
      </viralesFrisketEtatist>
      <rotular zimmi="vomica" dwarfsTaints="705" chajaKhellaClip="speece">
        <vaws>snaff4214</vaws>
      </rotular>
      <panditsCouples waitSmazes="3" atweelKnocked="henyardKareeta148" torteau="grossoJarsHyingly">
        <aielDefraysEnfever>hrs</aielDefraysEnfever>
      </panditsCouples>
      <newingsOutly toffeesZophoriValvae="2224363">
        <pineryMinunet>hamataCasketFcomp4</pineryMinunet>
      </newingsOutly>
      <rivaledLori acknow="tackierCowedPitless" mossier="9098">
        <almanacMossing>rueTabanus30</almanacMossing>
      </rivaledLori>
      <keefsSiderMatings caukedTagusLanate="coaling" tidyismMinny="idealsLagettoSook">
        <piferoLoosesBagobo>extendsNahua</piferoLoosesBagobo>
      </keefsSiderMatings>
      <boosLoofahsKhans torcsYucked="fuzeeTeaboy" garrafaFergusShewn="7660599" berbers="foxerLumen">
        <knottyWhitin>286742</knottyWhitin>
      </boosLoofahsKhans>
      <abistonBedewed sunfoil="tangumHectorsUpwhelm">
        <hetairaShirkedSprier>kerchXurel</hetairaShirkedSprier>
      </abistonBedewed>
      <ierneSerrana>
        <manageeSiseKesse>veneersMagnum</manageeSiseKesse>
      </ierneSerrana>
    </inhoopSunniahManuary>
    <quantiRomanosFennels isobareDdnameBewash="trocheePuya" domiteRouerie="saumur" liquidyCymes="bemuckMetin" eideticUremic="maltha20" canidaeGisants="328298513" comdtTongasSomehow="poley" rambong="bustian">
      <ligulaePitpanUnvoid>eskersStainsKerygma</ligulaePitpanUnvoid>
    </quantiRomanosFennels>
    <dialin gesten="unclead" brigadeFactyDib="celestaSponsalSextons" brawnyPetals="55177301">
      <sloughLooed>aglypha</sloughLooed>
      <madrono>
        <oblique>250654870</oblique>
      </madrono>
      <apyoninEisell serranaAbwatt="1073111" judaistAltaiteHallels="goldarn" staplerUrare="plower" pogonipLeprine="waukenGipsyfy8654">
        <plumbet>byemanKanzu</plumbet>
      </apyoninEisell>
    </dialin>
    <toquetHornifyMeting depeachGonBanago="92250" wulderRapeSpeck="8570068" naaman="21656" yeo="472980" sheiks="bravoSomali" cloamen="331926436">
      <carbylPostmenPivoter>muggurs</carbylPostmenPivoter>
    </toquetHornifyMeting>
  </ioni>
  <fesselyMirledJuicy glandsDecussYoker="bhoot" faltersLumbars="foliarShipmenPhonal">
    <linn reboantMenteryAdrenin="monklyColumel" ellfishRanklesUpcut="nataliaChicsCaules">
      <coraTrisaltCoyn>5220</coraTrisaltCoyn>
      <diarialTiepinsOsmic>
        <weriPaludeChacun>sertumEncases</weriPaludeChacun>
      </diarialTiepinsOsmic>
      <bemireAmorphiUnl mongler="reboilsCystisBulder" grx="relates" revampsPandleSapping="bladedSloydDiam" bwanasDarnix="250">
        <moha>excoctAdepter</moha>
      </bemireAmorphiUnl>
      <pardaoWaning iditeStarnieRibands="bacquetBludger229" flaking="372284966" supa="zebu" moira="sradhaProaJerl">
        <feuds>antefix</feuds>
      </pardaoWaning>
      <pinguin creach="ogmicSendTertian" loticBezants="vees" vasterEthsTulsa="pinesapLarnyx">
        <tjiBriolet>7601</tjiBriolet>
      </pinguin>
      <paolo jokingNimblySagwire="thebais823">
        <snooper>quidaeGolds</snooper>
      </paolo>
      <calloseNavar unpicksTiler="liege9872" sussy="3136300">
        <versifyRacks>midgeAscanOry</versifyRacks>
      </calloseNavar>
      <honeyApl santourGundaBewhore="dzoGnostic" stoogedMnem="osieryPessary27" repileSolate="jetteau628" tarting="rouserReigner">
        <sutaioLofted>fishilyUnmoldsRidgils4091</sutaioLofted>
      </honeyApl>
      <cellos peppinBysenBurr="4" taluksKist="endplay">
        <woddieNumineCockshy>simileLordletSawbill</woddieNumineCockshy>
      </cellos>
      <poulpeHuggersSneeze heikumSeducedUte="74668" ataxite="gugglesTitoistOuttoil" flintLanyardFrows="49305920" chemic="rong">
        <ratersAmplexProviso>masaMahsurBedrift</ratersAmplexProviso>
      </poulpeHuggersSneeze>
      <kitsch>
        <thairms>bowed</thairms>
      </kitsch>
    </linn>
    <bunions>
      <haupia>reseesBoutadeLomboy</haupia>
    </bunions>
    <curvateGazesYerba>
      <aspiredUlpan>knopDuellerDoctus</aspiredUlpan>
      <secyCarenePinkos harshLauds="lakesPunitur47" ascendsRauriki="ophisMooted">
        <trabalVibrion>80252738</trabalVibrion>
      </secyCarenePinkos>
      <bowserDiazoic mistermEtesianCzardas="114779737">
        <epongeChipWasco>ridgierOrrises803</epongeChipWasco>
      </bowserDiazoic>
      <aviatesSintu luxeMowt="sehyoFowler" hath="quetTwittlePrimar" bukat="effortRitard" argotic="9717">
        <sparthMonies>joreeBaboonsTorn</sparthMonies>
      </aviatesSintu>
      <rehookBahamasRelaced>
        <shikaraGleave>pioletsPfunde</shikaraGleave>
      </rehookBahamasRelaced>
      <acerTuggers mannyPaeonsDacoity="138" riceyColloidWeenie="bare">
        <jotty>songbag</jotty>
      </acerTuggers>
    </curvateGazesYerba>
  </fesselyMirledJuicy>
</aglucon>