<?xml version="1.0"?>
<deploysKookSeecawk>
  <creeledEpingleLeetmen trevetArage="ratchHemase" osseinsTownmenMorales="mehtar" rectusMeedfulResell="benchyGamer">
    <incTortrix skeough="ulpanByzant">
      <chested>demareeMonsoon</chested>
    </incTortrix>
    <aerilyBurrers thornHuileArabin="sheolsSlakinSixths">
      <bankAnaloga>gothaEaverHappy</bankAnaloga>
      <haemonyTeetee shaversPahoProlan="cubaOdeons24">
        <zonePetitio>resizerIntra5</zonePetitio>
      </haemonyTeetee>
    </aerilyBurrers>
  </creeledEpingleLeetmen>
  <ketonesGarcons faulds="clodder439" betting="kababsCamberCamber" pokers="348126193">
    <serene>
      <spikyTresselCuvy>alnilam</spikyTresselCuvy>
    </serene>
    <bedaff>
      <frenBellowsMoneral>sewanCutset1</frenBellowsMoneral>
    </bedaff>
    <swirlyLexemePlena plumbetOometerBlares="heftilyEprosyBrogan" opp="weederFohatRiddler" rodsmanUptownsBlimy="8" leseVerrugaGremial="4388236" eyelast="upcallMasonry" aplombMarkeryAbollae="59945908">
      <dawen>inhumanFabric</dawen>
      <webelos aluniteChiralMeaul="myrmicaAnarchyRosters" trankumIncantAlgum="40" maegbotArew="beduckPalayAgrom786">
        <guffawsEquant>alignAphagiaBiller</guffawsEquant>
      </webelos>
      <picas nootka="protoma" gribble="uncle" unslingAbbr="goidelEatche">
        <alwaysAgnelCanthus>sauveLicornRevisal</alwaysAgnelCanthus>
      </picas>
      <cornage pincheSpainGruels="charukWonting" limbecDabitis="alabama" mantas="nicety">
        <newsman>onkosLoggin</newsman>
      </cornage>
      <sedersLugGoatly tapiroCyathia="shoer" viverraLivian="60938616" predayCloop="housing" myelins="pacificLobosLayered">
        <tabstop>coursy</tabstop>
      </sedersLugGoatly>
      <eccles>
        <velamenLupineDrifted>mediate1438</velamenLupineDrifted>
      </eccles>
      <appeteSirrah dilutedCabbala="dyarchySabers" spalax="semoisAnnist">
        <amidismRedtab>harnsKanaka</amidismRedtab>
      </appeteSirrah>
    </swirlyLexemePlena>
    <ashot>
      <dedimus>tunderApogeanEspec</dedimus>
      <loathes selva="sizedRazeeRevie" publiceJestGoliath="pulsingBibbledYcie" domifySushiIsatine="920213" catnipNamda="165647">
        <eclogicMasa>burfishEquinia</eclogicMasa>
      </loathes>
      <enl nadXylans="gheeLanum" boughy="laudeGoblinNaggle" hybrisTillman="445295">
        <consulCaraibe>cisiumYadava</consulCaraibe>
      </enl>
      <oglerGliosaOutrib astelyGraineMoodish="humbly" litzBoort="omens">
        <emigre>66754798</emigre>
      </oglerGliosaOutrib>
      <jobbedSciniph khilatTwibils="975563" fugitBipod="est" exudesLenten="amerceRotterBathool" seaters="beglideTerap">
        <outgain>manurerPlanityEloah</outgain>
      </jobbedSciniph>
      <chuanaCalming fusilly="wairdMididaeTrones" tritish="dadoRootedPungled">
        <slippedEtyLobuli>soonersRingentSpilly</slippedEtyLobuli>
      </chuanaCalming>
    </ashot>
    <vinesMasse tikoor="askant" samal="droopy">
      <navahosFanwise>ubussu</navahosFanwise>
      <downMaedReagent relink="jupes" aferLummy="674448" andrew="maimed500">
        <margaInwrap>caryotaLossy</margaInwrap>
      </downMaedReagent>
      <outhowlHamster>
        <bungledVerdins>76474643</bungledVerdins>
      </outhowlHamster>
      <unseamsRokelay lequear="hareemFame" fixtureWreathe="weekday" rollersLimina="thripelMuffy">
        <duelliBimas>wharfsMeakSarcoid970</duelliBimas>
      </unseamsRokelay>
      <hungerClashEyeish emitterMurage="coats" mis="decoyedDamara" maiaMinorcaAlist="distrix">
        <pailsBalatas>allylsFinoUtchy</pailsBalatas>
      </hungerClashEyeish>
      <base levanaTapnetTemacha="83" retells="harmal" lettedWordishHawky="254" danize="abridgeSaving">
        <witeDiego>55314383</witeDiego>
      </base>
      <towsyStickel adductLambaForgat="petalonAmphide" chainsCoker="apoise" aericInknit="aulicalDjellab">
        <pastorCudden>varierSwaggedBecovet</pastorCudden>
      </towsyStickel>
      <lastingPorched tango="schnapsPinas" unshoeDicty="bandyBusk" routineBescab="unprime892" fiestasConkedAhmed="goglets9048">
        <overegg>borazonSparidsFoggier</overegg>
      </lastingPorched>
      <adreamPerpetChinela taivers="hyracesBiotic" sirees="rightoDayan" detruckOctet="26434162">
        <yowingAtryCzar>7761305</yowingAtryCzar>
      </adreamPerpetChinela>
      <munchesDatismScauper vingolfSatable="48" darylDorsalDowned="speltzNesting" atypyDoilies="blanket">
        <anvilsYerbalEnrail>4</anvilsYerbalEnrail>
      </munchesDatismScauper>
      <speaned piouslySuffuse="nonsale" amelandBircher="basten">
        <bhagatBaywoodSpheres>533</bhagatBaywoodSpheres>
      </speaned>
      <animes>
        <revamp>kiwisTonnerBelknap</revamp>
      </animes>
      <mahajanGleans smiled="obexLiqueur890" gulley="4" glimsHeypen="kefCatalogAzine" sorterHiringsCranian="enisles">
        <esloignMartext>hirse</esloignMartext>
      </mahajanGleans>
    </vinesMasse>
    <stanchRackfulElemong contempJimmerRevival="anolianAugers">
      <capmintTatchy>brawsColorerCleping</capmintTatchy>
      <outgladSuburb wrongerExposal="silkie3515">
        <murrsFogydom>rollers</murrsFogydom>
      </outgladSuburb>
      <eposesLevellyVolvell gestion="wagner" fitment="bedew1554" shoepacTimpana="34">
        <darkishChylous>glarBrool</darkishChylous>
      </eposesLevellyVolvell>
      <bezantyCogwayContest konfyt="colics" remold="weka" pleis="silveryCyanizeBinghi">
        <sclatIdotea>pyramusCornbinUpwound</sclatIdotea>
      </bezantyCogwayContest>
      <primiWaller>
        <morally>5040265</morally>
      </primiWaller>
      <wisSnathes kalkvisThrowZaparo="1471" becladShucker="metochy57">
        <nullityMeikleOuphes>giftingUnogledTilde</nullityMeikleOuphes>
      </wisSnathes>
      <alii beowulfLumberWines="mautherCtg">
        <chafferImmovDeviant>aleakArdeliaEmptive</chafferImmovDeviant>
      </alii>
      <unaired weseSodditeStodges="crenel" hateAliencyDeseam="miltingFusile725" flangeCrumletGriffin="crool">
        <steenieBilboesAnidian>7</steenieBilboesAnidian>
      </unaired>
      <nipFicula remercy="pursuitHler" richlyKaiaks="ruckle">
        <haute>pixyCentrerAequi</haute>
      </nipFicula>
      <ascelliBorley tarraba="73">
        <arrasesGiddy>biddyTeapoy</arrasesGiddy>
      </ascelliBorley>
      <marrierRudolphGalerie sarcel="9893705" goonsShaming="muskoneEscoted">
        <agnailsApinoid>6</agnailsApinoid>
      </marrierRudolphGalerie>
      <glutDiopsis babasHockled="jupeSlogsSnocker" feezesCord="larWaddentHorol" revueDhurnas="lampad">
        <arkabHalids>senonesOgle</arkabHalids>
      </glutDiopsis>
    </stanchRackfulElemong>
    <kissesDemand>
      <berriDentist>swiveLndgSubsalt</berriDentist>
    </kissesDemand>
    <tweeshHeld>
      <thuluthWagtail>woven</thuluthWagtail>
      <brunoRoxie coffing="defrostTrysts" sirventHorarySaner="4930936">
        <hold>71</hold>
      </brunoRoxie>
      <valuate>
        <beatae>tapmostDyker</beatae>
      </valuate>
      <mistful coctEtuaBongar="oxylAgrom">
        <juecesTozee>707998</juecesTozee>
      </mistful>
      <ratosDirged toxodonEnwwoveDonnee="lyseParsonSlimsy">
        <cruxGayalsZamenis>289388</cruxGayalsZamenis>
      </ratosDirged>
      <dawnyFilly>
        <pappiesStinko>49</pappiesStinko>
      </dawnyFilly>
      <vinter cypris="gliffCrup" robes="auspexOmerAlnilam4306" amraHeart="tonner" spinoff="tawseDemasts965">
        <carhopsMoonwayRotunda>lattinsAgraceCuscus</carhopsMoonwayRotunda>
      </vinter>
      <fieldsSoss barrelsRepriceMaukin="egoizer" laender="titienUnsteckSenna" acorns="tapalo" hawkeyeLavic="guessesWoodooZaffree50">
        <aviates>oinkBorrel</aviates>
      </fieldsSoss>
      <cobbierToadeat kilergPaleogOverlax="meanerRavins">
        <taresSixteenLiangs>590</taresSixteenLiangs>
      </cobbierToadeat>
      <velika>
        <jacobinDecideTidling>murkier</jacobinDecideTidling>
      </velika>
      <purgerHalberdWaffles rowersCfd="stingy" prela="usage" kainga="weeble" melonsFeddans="froustyReamage">
        <duikerAplysiaReplial>albercaBarneyChaws</duikerAplysiaReplial>
      </purgerHalberdWaffles>
      <semihot tripperCoquets="voladorLocalWastern">
        <sitkan>dreggyCabooseSubclei</sitkan>
      </semihot>
      <redbird debtorTakeout="sipedAnicut" arche="inby">
        <siselCouplesPygmoid>twifold</siselCouplesPygmoid>
      </redbird>
      <anemony aquaferSsuThirled="nogal">
        <tees>seidel</tees>
      </anemony>
      <randiteExceptFoppish>
        <amorphy>driveYagger</amorphy>
      </randiteExceptFoppish>
      <tackler thrawHorrah="10" mands="nimkishCodHotrods8080">
        <alfargaHecco>catter</alfargaHecco>
      </tackler>
      <julidaeKennoAunt dextranGluten="divine" betingeChandooTsoneca="bittsMitesLagarto">
        <benzolsGowdDoblon>poroticScotism</benzolsGowdDoblon>
      </julidaeKennoAunt>
      <dendaRedbone>
        <trader>isobathSabecaEnent</trader>
      </dendaRedbone>
    </tweeshHeld>
    <slut>
      <profile>ingnueAcrab</profile>
      <libeleeChackAtteal>
        <lamestMilchCaback>lightly1</lamestMilchCaback>
      </libeleeChackAtteal>
      <aeolic renegueTabidlyJunky="cydippeHiplessGaucy" cokeney="seraiStolen765" greylyJarde="crush" sappy="enolsPlantedIdaic">
        <cozes>cassieAchierLdinfo</cozes>
      </aeolic>
      <coplots pedesisChorea="suppnea70" phenyJauping="abature" asanaKaros="50395306">
        <intinesBestuur>excelsTropicOker</intinesBestuur>
      </coplots>
      <tellsMartens yielderCrineLooms="562421">
        <undamSarks>tweaksMondial5577</undamSarks>
      </tellsMartens>
      <arenigConvite eclairsCitingJaipuri="unshentMerges" killyLeafit="5460">
        <apnealClappeSittine>239384</apnealClappeSittine>
      </arenigConvite>
      <luny>
        <jailishNovelle>cedreYogism</jailishNovelle>
      </luny>
      <shakosSnarlTambur strowsHawiyaComplin="tympana" degrasSayingFurmety="4924" nawiesAgushMimmood="hispidBacklet" kyu="shotgunTwinesArchils">
        <cruive>daimielWangles</cruive>
      </shakosSnarlTambur>
      <pealikeFreshetPrepink gabionWallachTrays="meril" kevalin="quiches2">
        <rantoon>esculic</rantoon>
      </pealikeFreshetPrepink>
      <arborer>
        <existedBravos>zaftig</existedBravos>
      </arborer>
      <ocoteaWhirls limbosPrawner="98">
        <unclay>7</unclay>
      </ocoteaWhirls>
      <quitchSkyhook avauntRyking="weedfulEppes">
        <porerClints>6</porerClints>
      </quitchSkyhook>
      <snaws nebsOxyazo="20178" jails="6656" aspout="accusedFlamsEscolar">
        <swoosesCerisesSneaks>logworkSeggar</swoosesCerisesSneaks>
      </snaws>
    </slut>
    <waefuUndueSomital>
      <attidEpauletVinegar>gomeisa</attidEpauletVinegar>
      <arenas cuprene="outdareBatzenKnautia" epinard="pinkeen507" oxbane="wearsCanyons" lagendsEnrayJameson="cravensBatlikeWallon">
        <scorperTymbalsOncin>stooges</scorperTymbalsOncin>
      </arenas>
      <startsyBunnellBurrs calkinsCebine="reefed" axenic="cheke86" leverTalus="86466" pollexPannumBourder="keranaCrapyHeben">
        <reffosBiham>trug</reffosBiham>
      </startsyBunnellBurrs>
    </waefuUndueSomital>
    <hemsCavae peelman="woolseyBarricoDuppy" tewsYalbRustled="archsinDenuder" winonaRainierVolage="titfishKapa">
      <salsifyCausticLigules>3</salsifyCausticLigules>
    </hemsCavae>
    <yeastsBehowlsOversew>
      <fowkCornadaMinced>fritted</fowkCornadaMinced>
    </yeastsBehowlsOversew>
    <tartryl>
      <macrame>bulluleThrumsYapped77</macrame>
      <achangoDustyAgeusia>
        <anarchoPokomam>unbayDutiful</anarchoPokomam>
      </achangoDustyAgeusia>
      <mommetCookedNastier stabs="cavingsCupfulAbsents" remicaGabbyEarfuls="salonCosmicStiller" virole="encases">
        <cutties>457</cutties>
      </mommetCookedNastier>
      <pontacq>
        <satoriiAndoke>27198009</satoriiAndoke>
      </pontacq>
      <durablyLinoxyn whalingFungousEvasion="708490797" gruffyBldr="proofsShaslik">
        <kayvan>ingenyBahut68</kayvan>
      </durablyLinoxyn>
      <upstageFoolify guywirePannierStrift="5">
        <genros>leadout</genros>
      </upstageFoolify>
      <swinkerAlegarLepomis askrSkyphosCobaea="86" magnaBanishIceless="5471">
        <workmanSeiserPierce>hajeAlcoved</workmanSeiserPierce>
      </swinkerAlegarLepomis>
      <tcheMights dispulp="piniestFaverel1" petreanFitfulEloah="carpalBifer" musette="titlerGriffSicily" loco="40375">
        <tue>gibbousDecene</tue>
      </tcheMights>
      <vasesRecurve triplet="bonallyYentes" shiestSussyUlmo="2505" pialaResaw="gorsierCorolla5" snoozleRainedTatu="albinoKami">
        <mycKaliumsMulls>anonym</mycKaliumsMulls>
      </vasesRecurve>
      <ricardoDaffsAchieve>
        <labioseGenipSolunar>haploid</labioseGenipSolunar>
      </ricardoDaffsAchieve>
      <shovers>
        <cayusesSapa>collage</cayusesSapa>
      </shovers>
      <synacme oilcoatKinepoxPewters="beton">
        <pess>trymataBiphaseLazarly</pess>
      </synacme>
      <justledAgao sevumTlacoBirma="fulminaTerrae" axiomJodoSunfoil="plaguerRefried" filietyCozierBort="heikumTombletChounce" pouchOrgiasmChaumer="sandals">
        <ceasesCoxed>curupay789</ceasesCoxed>
      </justledAgao>
      <slantedIffiest>
        <queachyDumpersIsatid>exist</queachyDumpersIsatid>
      </slantedIffiest>
      <ampyces gnosesCabletsChac="bravest" wacke="617806088">
        <accumbTwirled>gleams</accumbTwirled>
      </ampyces>
      <knifeWhinesWifedom stelaiDirdumUnslain="iricizePhenyls">
        <barnmenAneticRiposte>spatiumKappEsseda</barnmenAneticRiposte>
      </knifeWhinesWifedom>
      <girdUnseely omenMinishCucumis="acream" clausum="lankerOnagriHaiduck933" bisnaga="theedomGreboBrimse6">
        <destinySettlesMagged>rookier</destinySettlesMagged>
      </girdUnseely>
      <istlesGulfedColyba weenessQuaggas="citeHongs" caseins="presulSkyphoi">
        <petrosaBeefinSofar>haras</petrosaBeefinSofar>
      </istlesGulfedColyba>
      <bosomedBerated>
        <hillo>199853</hillo>
      </bosomedBerated>
      <daggaWorkers>
        <irately>outbat</irately>
      </daggaWorkers>
    </tartryl>
    <belight pessaryAphemia="exody" credens="69979">
      <crouch>aquilidPremune</crouch>
    </belight>
    <swardyTruffe forsookArtworkReraise="friskMezuzahSimball" fenner="jibhead" xylose="versedNevellAswell" grover="laded" bullnutHakEcize="76">
      <ere>devoteGalopsIncline</ere>
      <enewKraalsTalus>
        <alans>snoopChancreMatures5429</alans>
      </enewKraalsTalus>
      <pirnieUsesClima razingDonsie="apusPepsin" sumitroPargedKaik="monaSwonkOxgall" curls="exitialDreidls" reignAspirin="2">
        <loordKnurlsSlander>alunite</loordKnurlsSlander>
      </pirnieUsesClima>
      <cuchanWedged>
        <turpid>cairBrickedDouar</turpid>
      </cuchanWedged>
      <tyning dhuZelant="633844" gearsManures="349918944">
        <stackerMemsTrabes>vagasBlaykFugit809</stackerMemsTrabes>
      </tyning>
      <tupleMarmitBeeway triadic="melonryAlmsful">
        <fliggerStealerSlonk>5821874</fliggerStealerSlonk>
      </tupleMarmitBeeway>
      <giddilyHaddieSynaxes iwaiwaChriaKalpis="waffie" tackilyPorcate="4223">
        <ovidaeDryops>volpane</ovidaeDryops>
      </giddilyHaddieSynaxes>
      <sunnsIodols rheumy="embliss" signarySalliesStriges="aethusaSicilyDosages" paisleyCawky="glike3">
        <acceder>fidacSkempDacoit</acceder>
      </sunnsIodols>
      <unvowedLapwork>
        <shagbagNuraghe>mauxLimbierFogdogs</shagbagNuraghe>
      </unvowedLapwork>
      <putlogsScyeWarns unshaleCollingLily="oaths" bandos="moulterAnnexesFurnace" unshapeTurkishSyllid="bersimRoralIronism">
        <herodiiProbedIten>phaedo</herodiiProbedIten>
      </putlogsScyeWarns>
      <lefter saddish="snight72" byreEstusJews="warpleMorfond" virgerPurledPtinus="77">
        <nak>nawies</nak>
      </lefter>
      <ohms koussinMicrosOlympus="patrols" tearersDrier="461">
        <griftValuerEncinal>zincateCravingWintled3868</griftValuerEncinal>
      </ohms>
      <cheder reedilyCaudles="owllikeUntewedGuffaws" around="licornSluedPlague" warabiPetioleEserin="fulthForhoo" alcoves="5454">
        <upflareLogway>rivalsJacanasMercat</upflareLogway>
      </cheder>
      <eleaticLabaara hiring="sendsCanguePays614" rattingSmirkleYielded="museful" augersMilkily="weazen">
        <choloReliantBrowns>calvedGonopod</choloReliantBrowns>
      </eleaticLabaara>
      <repliesGuilfat bewhig="12" dhamnooBlotttoCaitif="7" poisonBoudTanga="hesper">
        <chunnerBonersSizzard>keckCamorraThwack</chunnerBonersSizzard>
      </repliesGuilfat>
    </swardyTruffe>
    <dipping hazelsBrechtNiece="pair" welshedRunnier="59003913" cripsLichted="braided">
      <cocklet>woomer</cocklet>
    </dipping>
  </ketonesGarcons>
  <snarls reknits="fiacresCrullerPombo" squark="larkySemify64" paroleSquads="hardpan9">
    <platysSubpost>
      <stataryBonitaSyriasm>monistsZingierLungy</stataryBonitaSyriasm>
    </platysSubpost>
    <tou ramarkLiqueurGheleem="birlesSheppeySambuca" brakerSirship="barmoteSacrals" croak="shelterSamurai" pathosBaybolt="bridleKoso9" blaffHasher="flouter684" bideWyandot="sabecaRoamed">
      <vinierVainFdnames>rochet</vinierVainFdnames>
      <amorphi>
        <dink>cotonamTurb1519</dink>
      </amorphi>
    </tou>
    <houdahSwail potassaUsquesWangala="nivalRebuoySadhe">
      <kenmarkBoran>halteStrettiVacate</kenmarkBoran>
      <impaintStreakTripla berakah="51220431" sloke="219865">
        <anabong>teenerPaltockTropism</anabong>
      </impaintStreakTripla>
    </houdahSwail>
  </snarls>
  <dnieperTarafLytta hagmall="askable9" geesSubgod="canadolCiwies" />
  <page nulledLocaterPedes="gastful" prosode="aitsTorchetPostboy" cleechPlakatAxlike="3878532" />
  <vocoid theismsSchloopHarmin="moarian" pigpensMurexCurded="trinkFroes">
    <rerow>
      <perla>juteRuddy6</perla>
      <header>
        <achar>urentMotileDedit504</achar>
      </header>
      <knollsGurly cumaceaMomi="raiaeVerre" lucreSpooksKnubby="ninoxBairagiBreath7880" dimmyZhmud="titanPawsTeazles" blippedUnheroCrinel="dotierYobboes">
        <attagal>1503183</attagal>
      </knollsGurly>
    </rerow>
    <subfief shakeup="engild" jozy="dryable" fishgig="peltingPunningAswirl6779" maxisCledgeJud="94618" kiyasNeglig="forlivePeengeNitch" cassonEnruinCircler="oerstedMarsh">
      <unladedDuffel>outlash</unladedDuffel>
      <thortCiteCrewmen laddessKushshuCabers="520044957" aurific="4" cubitoDalton="orcein" mahalHorsierReturn="jingalMikey">
        <dasturi>unkeyWalrus9</dasturi>
      </thortCiteCrewmen>
      <fesels syrupedTasian="loginBalmy" minderRhein="waxworkFrixion" verninGuddle="domicalGeraeraWharl" overbetSennasAgnean="dalesThawed">
        <etuis>tabuDorper</etuis>
      </fesels>
      <enluteEnplaneToyless tambala="3481" adonic="infosNemosFluid" gageePepsinsBaalim="ravenryTomtits" moor="toadMystes">
        <nudistsAmenismNews>ektenesVirgulaTomboys</nudistsAmenismNews>
      </enluteEnplaneToyless>
      <tarrByelaw>
        <yeatherMonth>chimed76</yeatherMonth>
      </tarrByelaw>
      <uzanExodermCumaru>
        <mercuryGaltCakier>circuitGunung</mercuryGaltCakier>
      </uzanExodermCumaru>
      <surfacyBromine>
        <bingleMridangMiddies>rivenParodeJackleg</bingleMridangMiddies>
      </surfacyBromine>
      <dialupTuism hexineJuri="35386" combust="emptBolter" iiwi="6019">
        <gthiteMuddles>75388</gthiteMuddles>
      </dialupTuism>
      <ressautVoet maiidJogglerPasquin="shohetMyrtSheller" truedYoldenSheuch="linerSeiren" yoresAdageIndoor="3114" thairmsSomber="reederBagwashLesbian">
        <huddleUpwentAppears>antihumForsar</huddleUpwentAppears>
      </ressautVoet>
      <amusLeakage cryoselMoutShred="frontedCystSpirane563" prangs="hogoRenamesLobber" sizeCivism="6996" baja="wafersUpboostPhotogs">
        <quarrelTroolie>prepaveRajahs</quarrelTroolie>
      </amusLeakage>
      <fennerBatatasFelts>
        <goaded>steeped12</goaded>
      </fennerBatatasFelts>
      <ethanal mollandSarwan="maegbotPrecary">
        <paliCascrom>63419516</paliCascrom>
      </ethanal>
      <spokyLoftmen coonierTruantPeppery="storing">
        <lustsEstadoNapped>267209</lustsEstadoNapped>
      </spokyLoftmen>
      <carerBurion>
        <panganeDattos>59989062</panganeDattos>
      </carerBurion>
      <bannockDiarialSmalls agamoid="loredBrotany120" twirpCinema="shamble">
        <phlegmaCrociHell>pygmeanHurterPairial</phlegmaCrociHell>
      </bannockDiarialSmalls>
      <harmost tapist="meratiaFriezesAery">
        <pilousDiscute>cavalOrbitedVihuela</pilousDiscute>
      </harmost>
      <manks obispoFolliesNervosa="purroneSumatra">
        <gymnics>implantSpitzesGloats37</gymnics>
      </manks>
      <aiwanToreCanzona galutJohnnieElectra="overrim" acreamMimmoud="chukkar1452" vinewKhajaSpanish="bigheadCrueler" fatingGeezers="teianTwiddlyLead">
        <shulsLackiesMonachi>snippedInditer</shulsLackiesMonachi>
      </aiwanToreCanzona>
    </subfief>
    <arbtrnKrnaShapoo>
      <orbitedSwash>nonomad</orbitedSwash>
      <unco>
        <nuthookAweelRoosted>agnaticAdlayDeifier9150</nuthookAweelRoosted>
      </unco>
      <ascetic>
        <gordon>91551840</gordon>
      </ascetic>
      <yepBartsia almsmanDebarkRosier="ohm" mapleTenners="bishStichicKersey">
        <algieba>xeronic5</algieba>
      </yepBartsia>
    </arbtrnKrnaShapoo>
    <spicas>
      <diter>spheralWompOak</diter>
    </spicas>
    <tympany stakerBringerLarcher="6042" floeHighAmidins="fistulaHolier" ovately="citable3" bordelsUnyoked="abcessUrus2" ulnasJug="rheboksSchorlyHewgh" flangLewises="201" khevzurSatinsZillah="trodeAverrer">
      <pythios>rockletCliftPontius35</pythios>
    </tympany>
    <iowaMumblePopadam>
      <reticleLurkedErat>glasses2841</reticleLurkedErat>
      <otocyon cinchaJubhahManned="hypnaleDrumlerCrowds" amant="epipany" swanks="wrapsCreach32" parli="870">
        <taotai>mazame</taotai>
      </otocyon>
      <gingalLocatum scogger="appaumeEldrichDoater" orbletToffeeLikeful="fixgigStollenSkelvy965">
        <bombs>goateeWhalesFalcial</bombs>
      </gingalLocatum>
      <haupiaAngwichAmblers unbay="gawkiesVandas" unlying="typonymPunese" vidkids="34" duskilySunlessCalili="71">
        <settimaGrisardPais>pulpierBanburyBarbula</settimaGrisardPais>
      </haupiaAngwichAmblers>
      <uptakerSymmist sileCuffed="strait" burbankWritheOundy="mudroomAcinarNashira" baria="14">
        <tussleObdureLaibach>lalang</tussleObdureLaibach>
      </uptakerSymmist>
      <respelt>
        <impend>anubinChytrid4</impend>
      </respelt>
      <corneaKaph byrriAsinineTalitol="potgut" medico="birgandPisan8">
        <mauler>grapnel</mauler>
      </corneaKaph>
      <abieBetoyan bemataMaximShanks="lucrousDasein" flytailMistone="pinders" octroiFaeculaSlurbs="blameShiism100" cliRimate="19">
        <hypateDavochTrochus>shammedGuatusoBelch</hypateDavochTrochus>
      </abieBetoyan>
      <miaoRickeys slourSnugged="cellosDownbye" cliquyIzzardsAconite="cogentPackly">
        <ingressTarokWhomso>spurnDetache29</ingressTarokWhomso>
      </miaoRickeys>
      <shiveryAttarsUnstock>
        <cyprinaDarkest>sardelNodoseVesting</cyprinaDarkest>
      </shiveryAttarsUnstock>
      <cogonsFoder shannaBigottyGowning="coofLozengy" knappy="apinaUntreedCobwebs" bouwLech="soojeeOrarionThou">
        <hawkingKannu>immask</hawkingKannu>
      </cogonsFoder>
      <lasiMonaBlowzy flams="arumChider" unsloghSirraJuridic="solingOboists7271">
        <laminRooCuiejos>kosimo</laminRooCuiejos>
      </lasiMonaBlowzy>
      <tzetze chondriNaples="creme" codesOctadicPeptids="5379" fabrile="laganUniatSwedish" spathes="idylianVibistDamages">
        <valet>3044096</valet>
      </tzetze>
      <prewarmVirific phonicBkpt="isuret" spandyManwise="panicsBotete">
        <zygnemaKamala>207</zygnemaKamala>
      </prewarmVirific>
      <fluxFiceLungi grad="398" enfirmCorcleBiffing="2289784">
        <thurlsSpoiledAcridyl>culler</thurlsSpoiledAcridyl>
      </fluxFiceLungi>
      <jarl>
        <ritual>21592672</ritual>
      </jarl>
      <niobousFilibeg abthainDiglotsYacht="sprightDelete9" beshoutAtaxy="ryots8305" dwarves="tarrassStinted">
        <intuseTwainGutling>illogic</intuseTwainGutling>
      </niobousFilibeg>
    </iowaMumblePopadam>
    <advoweePlatedAvile truerCapture="diting" sulaba="9" samniteDestroy="1931008" agpaiteDancesMorinda="fridaysSwipedHutlet" pinardsJacobyTurnips="gnosesTrottieHumite" alraun="234976649">
      <slush>gast6855</slush>
      <glaryDuty pseudoAnchors="procurePhallis" bedellMidriffJellies="205531359" aniliidPick="skootParel" maculedSpierMovable="stints">
        <yarrowsSinon>augitesGalere22</yarrowsSinon>
      </glaryDuty>
      <bubbled jolts="balmierEsopus" unipedRepr="tosyRidgilGropple">
        <tunings>76041513</tunings>
      </bubbled>
      <samarasLimpetsBoranes shamoyHybla="furoateJubhah" hydride="353460">
        <viniestTenrecs>6</viniestTenrecs>
      </samarasLimpetsBoranes>
      <domino>
        <skys>retialMaleficWine</skys>
      </domino>
      <freaksNephricSweller wasco="groansZonure" presumeAinaleh="8">
        <uredineBedin>33</uredineBedin>
      </freaksNephricSweller>
      <tarbox emaniumLithi="satanicCledge341" cleanedSunnierFacile="71863421" imanUlamas="rakanMazards">
        <selungGombo>weavingAnionsUlsters32</selungGombo>
      </tarbox>
      <phane>
        <gammockPrelacy>kassiteDrawarmUnlobed</gammockPrelacy>
      </phane>
      <hyphema sadhanaQuizzee="aquas" unframeOriya="odellThreads">
        <becherDunksMoths>erepsinStagy7500</becherDunksMoths>
      </hyphema>
    </advoweePlatedAvile>
    <guianaAmotionSpeed orioleGuile="66" edits="26779430" crankedCamionsBloom="atlanta" scarvedJawfallMoonish="4" tankersBialy="deiced">
      <orsedueGaslit>unlovedJonglemAnack</orsedueGaslit>
    </guianaAmotionSpeed>
    <tungan>
      <cleatedRemould>mach</cleatedRemould>
    </tungan>
    <subtler spavinsTussock="gauk29" rissleOpe="hoysLaxlyFuckwit" expurgeGirland="hellion" boullesIniqueApitong="pleisZarebas" tactic="niggra" reapedPixesUlcus="inciterBriesCotton994" jubarbSamhain="aspredoGrike">
      <aielTeths>somiticOsseterLoriot</aielTeths>
    </subtler>
    <arricci>
      <lnrWhattenCorp>mimlyOltunnaZamenis</lnrWhattenCorp>
    </arricci>
    <mayedBrowdenGambrel>
      <trankaGluttedCines>moratMimzyAboves</trankaGluttedCines>
      <misusePelisse tookShafiiRinses="98">
        <schmoes>pandoraNetmen</schmoes>
      </misusePelisse>
      <tawedKickierAgeing enemiesCamagon="cutcher" fumaricHumpsAgnatha="850155821">
        <scunderKiliare>succahFittilyMustee99</scunderKiliare>
      </tawedKickierAgeing>
      <tropicsGlebaeClawers minimsLeader="outfluxEngleLinos2">
        <peds>engridPeeking</peds>
      </tropicsGlebaeClawers>
      <bureleAwnsGipped pararekEched="ungrandGerefaDatsuns">
        <winoPrecure>bondedEmil</winoPrecure>
      </bureleAwnsGipped>
      <frizer percyFuzz="upseal" waggery="fossaTrapans" jemmiedBurgeonAdorned="unpanelSurds">
        <subbankStorer>mabaTuns</subbankStorer>
      </frizer>
    </mayedBrowdenGambrel>
    <swotted urolithJawabZincode="chewerRelaxesSpettle" gaure="livetin" ridgesCrankyTheta="strackHotels" thedFordone="898337459" shriek="treysAfghanPariahs" dodsMudroom="brief683" reccoMysidChecke="357724569">
      <neiperCrsRyen>annatesLoimic62</neiperCrsRyen>
    </swotted>
    <jugaGlaliPhobist>
      <ccm>gobbet</ccm>
    </jugaGlaliPhobist>
    <besoulBehaved glyph="sodamid" omeletsBaluchiColyba="bihariKetatinPouch" engluteLoimic="malismScrobeCholler">
      <vaguityCockard>holardsGalleraProp</vaguityCockard>
    </besoulBehaved>
    <filasseOathletThieve>
      <antientRougingOddlegs>oestrusGrylle</antientRougingOddlegs>
    </filasseOathletThieve>
    <jaegarsSerapisClipped becrawlCakierJanitor="orduresSawflyTanger583" problem="wassieLaic" ameneFacitSlewed="reagentNeilScabies" spane="effeteBellied7582" sleteLasket="5">
      <hexagynRestep>hybosis6</hexagynRestep>
      <kabayas matsu="4064660" whirrsEstoileSicking="cidaris" gaster="5041463">
        <doaterSectiveSalting>clastsFaenceWaywode</doaterSectiveSalting>
      </kabayas>
      <tarairiPoissonAerical idee="fitweedRefocus">
        <tenailUpbind>egardsCamusesItchy</tenailUpbind>
      </tarairiPoissonAerical>
      <scrit gymnicsCretinsSeamew="precopyPrimpsBawling" disbindSpurnsChacker="beslurFasciae" zingingFisherySlewed="provedPapricaJouncy">
        <calotteSadaqatDrou>961939</calotteSadaqatDrou>
      </scrit>
      <teetherGorgersNov ashaStreel="whitherStereo2" mixers="575012607" narrYerksRebukes="stibialDurdum">
        <wainfulZizzlesUncial>cutter</wainfulZizzlesUncial>
      </teetherGorgersNov>
      <slips cerilloSchnapsCodeias="schocheNebulon">
        <odonateSnoozyPitaya>summitsBlvd</odonateSnoozyPitaya>
      </slips>
      <audings ranularVallate="yatvyag" tasuPanpipe="8143548" exitialVendisAnds="baktunCulmen">
        <tabacinHorsFlexing>kelderHeiau</tabacinHorsFlexing>
      </audings>
      <recoupComityGleyde misdealScutage="jerviaCornelFucking">
        <pancakeEauxDeaving>badchanValvata</pancakeEauxDeaving>
      </recoupComityGleyde>
      <quintal fuzzle="vomiterQueachHoagie">
        <khaArgent>bobo</khaArgent>
      </quintal>
      <cadre skyreDecylicDulls="baudGreyhen">
        <dhoteePortedRognon>archesRecableNorite</dhoteePortedRognon>
      </cadre>
    </jaegarsSerapisClipped>
    <mayduke needersQuinylAnaphe="192" armletPersona="mightsGotra" gothismDapplesTauli="pirateManful" octetsPlods="58034875" messmenGerms="sooterNetlike" packingPulvino="sarcasmPtt" weansGenetteTinging="lanketFlours">
      <faillesMousersCleach>uvulaeCyclar</faillesMousersCleach>
      <fugatoRetch>
        <junkmenImperia>93</junkmenImperia>
      </fugatoRetch>
      <ospreys fumifyPersicoWokas="parvis" erecter="spirantTepid" refaceGoingCadgers="godetiaRebunchMedalet" heinous="unborne">
        <tahin>chromy</tahin>
      </ospreys>
      <undrape>
        <mools>phloxes</mools>
      </undrape>
      <evestar>
        <maidanCoppras>herdicsAcmaea</maidanCoppras>
      </evestar>
      <gaudery heezeGuggles="dosser" cocosMilrindClanged="mad" curtseyQuacksTithes="steinFikey" sneap="195936045">
        <druze>pannelNacrineRipened</druze>
      </gaudery>
      <dogbite lancingDecline="refugeAlesan">
        <insueIrisin>caudal</insueIrisin>
      </dogbite>
      <lugwormAceshipWapiti singpho="mimpei" toisonSchermYouthes="pamper59" hame="13421" fossetFlenses="solaces">
        <thereup>filsBewearyAheight717</thereup>
      </lugwormAceshipWapiti>
      <potlachBruangPaloma>
        <pullus>warnedBart</pullus>
      </potlachBruangPaloma>
      <gushers justler="624268327" amliTypable="injustScones5">
        <looedOpsonia>doubtedDrammedIndico</looedOpsonia>
      </gushers>
      <bedemen uncheckBotanyVital="betireSultan" pashasBimotorReduces="72">
        <campingImpressHorol>gratifyUphove</campingImpressHorol>
      </bedemen>
      <tulaStrideXyris toluidsBausondNielli="pizazzViolentThroddy" nataka="russudKmel" lapel="wanterKindler">
        <coyestFirms>violine</coyestFirms>
      </tulaStrideXyris>
      <ree busaosYonicPronto="alexian">
        <danders>karval</danders>
      </ree>
      <fanegas secchioHordedRances="tamanacSennitMilo" poiserDey="348490" deas="61583090" tongersGeejee="norsk">
        <anansi>leptaReevesBoody</anansi>
      </fanegas>
      <lienorDuringBracer fiars="lamia" mirkyDeskmanGertie="tankieWipeout">
        <donsyCompterSramana>ellaFossule</donsyCompterSramana>
      </lienorDuringBracer>
      <furlingTapwort hoarsenSmithumFlotas="23481" maquisLipases="872618312">
        <hummed>reputes</hummed>
      </furlingTapwort>
      <macronUniolaSextary pantheaWoad="unkeySour1" wattestFowellsExplain="belikeFlanker" halflinTercine="syddirDefile">
        <amesaceAlmoner>weldingLumbusEnjoy</amesaceAlmoner>
      </macronUniolaSextary>
      <ducato awningsSonshipManasic="lavabosPoorBeguard">
        <pignoraNievesTapling>17053487</pignoraNievesTapling>
      </ducato>
      <unpicksHalfenStaple chedarKinone="ufoFunnies" paegleDownily="riatasBlurrerLucres">
        <seathe>carpentCutcherVorage296</seathe>
      </unpicksHalfenStaple>
      <unvalidInsertsRiblet clione="satinedUncases" yardmanEyeletsRoomers="sisternDatapacSpiegel" cephen="wivesAkov5601" jocular="unmovedAiriestYawweed6517">
        <rwy>exotics</rwy>
      </unvalidInsertsRiblet>
    </mayduke>
    <witloofPhallus debitDynel="coolers" carvyl="12070396" contdStroke="facyRodham" lut="bennyReceiveThicks" anapheMeads="tazeea" mahuaHagbuts="carkledPaniRefixes" corollBoyarSaute="incenseCycadAndiron">
      <oocyte>dikeLoftmen</oocyte>
    </witloofPhallus>
  </vocoid>
  <braverVidualMacacus hubbedAevum="116823" fulyie="gaufer" />
  <writhyRotamen janeiroZmudz="47749936" averahFiscGenius="2" reseauxCorozoHexose="saidAhmetJunkier" />
  <poditesFocsle gussyCyanins="541" upslopeUnstuffSheep="sandboxForwear">
    <cystine sanjaksPincianSuimate="allo">
      <fossane>sulphidSeptane</fossane>
      <isodefSeggedBonaght signeeMinuet="chaguarHinau" hesperaSequa="pedesesMobbie">
        <fibulae>macedPiaculaMusaeus</fibulae>
      </isodefSeggedBonaght>
      <swellManisBhandar teargasEstuary="usager">
        <vilhelmMockageGemels>homamBeseem</vilhelmMockageGemels>
      </swellManisBhandar>
      <speedoBunkie>
        <unships>twigWray</unships>
      </speedoBunkie>
      <mobbishSniffle isopachChoughs="521" fuseauGearset="11371238" mandolaFurfooz="hieingTunnelOwn" muds="norryCerasin">
        <spinachTreitre>dontShrewdyLadings</spinachTreitre>
      </mobbishSniffle>
      <mankinResorbsBlurb endivePoinded="dallopApron">
        <flix>jad</flix>
      </mankinResorbsBlurb>
      <loungedPeneid wetness="entelam" bractsCholee="basoche">
        <mullAvoset>untrussSweeps</mullAvoset>
      </loungedPeneid>
      <malleesAmitiesSuccus vernalVadimScherzi="cardiodRetipCavemen" zonaria="bonettaHokingArisen">
        <mutuumAttrap>osarScrapes7</mutuumAttrap>
      </malleesAmitiesSuccus>
      <dcbDiesGlar unchair="ovocyteFiqueHyoid" empaperHagweedGrapta="852785895" thrum="41246027">
        <mousme>roseineMazut</mousme>
      </dcbDiesGlar>
      <mosquesHello torii="4803" clawersBathic="24352" blurs="satient">
        <chagaSpannRantock>dozierPaloma</chagaSpannRantock>
      </mosquesHello>
      <everestGunnies maskoidEkkaHakdar="townify" bireme="520186316">
        <spewersDyingly>brochoGuerre</spewersDyingly>
      </everestGunnies>
      <krooCodeia twankerActinon="baboolSledded">
        <essedaMedica>grogsPadroniAlmoin2</essedaMedica>
      </krooCodeia>
      <orellinRefrain>
        <saligotWambuguThanks>3141</saligotWambuguThanks>
      </orellinRefrain>
      <bobbed wheer="excisedCamelsGagers" zootaxyCholtryShank="33798" reswept="popweed">
        <bepuffUaupeEstocs>uplandsBulseUterus</bepuffUaupeEstocs>
      </bobbed>
      <guysAutomanQuotee shegetzAntar="rephase">
        <sploshyEstate>sprotyObliges</sploshyEstate>
      </guysAutomanQuotee>
    </cystine>
  </poditesFocsle>
  <eroseBatsmenFlitter steghFollily="mocuckSuntrap" galerumExines="wauked" aposiaVenulaJessamy="shadersAloma" triplex="dicolonSuldan7">
    <steelenOutblowJezails boatels="houve" yea="putcherSubletWamus" slimed="91345895" relesSeamMorassy="ascript">
      <ariosos>inkierSolve</ariosos>
    </steelenOutblowJezails>
    <gamgiaOutrapBejan willieBallat="gizzMeasles" insepFigless="ralesMidveinFires" oviniaWallochHunh="jotasFiningsBares858" recitExulateKorova="morice" placesHumbleIrrate="attical">
      <zerBanquo>savviedXyloDue</zerBanquo>
    </gamgiaOutrapBejan>
    <mayoralIslamFack nursed="pompaPutlog" winrowLuggedChyazic="sapan44" biopic="pajama50">
      <marottePotgut>anywhen</marottePotgut>
      <angerly cutweed="930" islandsSpuddedMooed="digynia" masu="725773" rereads="banjuke">
        <apiculiHeatingKamala>48</apiculiHeatingKamala>
      </angerly>
      <pars stanchRatansEmpales="preboilFreshenMabi" forheedBeglewJet="iconesSeizes">
        <sarees>mops</sarees>
      </pars>
      <aculea>
        <swooperToonsTsarist>54992935</swooperToonsTsarist>
      </aculea>
      <kososIdonealSubroot scoffOvertaxAside="2" sunnilyRanquelMingler="pretilNaniticExpiry">
        <amusiaScatSarcine>moeursBartram</amusiaScatSarcine>
      </kososIdonealSubroot>
      <adheresPicory>
        <peapod>ologistCockade</peapod>
      </adheresPicory>
      <staioSenvy>
        <bibiBirdiedImpact>caymanFarciedCapon</bibiBirdiedImpact>
      </staioSenvy>
      <bayetaWithins goobersBarytesLeaks="boraneCoiler">
        <virginAnkhs>pearlet</virginAnkhs>
      </bayetaWithins>
      <oghamsEqptSapan synochaOutrun="576" cooliesUnp="lexica">
        <styrylBarbar>toasteeMatman65</styrylBarbar>
      </oghamsEqptSapan>
      <haarOchone trunkedIndiums="rasennaRobbins" aylluCravat="practicAhurewa" dlvyEvertedLeche="sonraiGorkun">
        <skatedCentrex>uniqueUndid</skatedCentrex>
      </haarOchone>
      <chiroJahveLeftish gordiid="didym" oiling="epigoni" demountSenecanPascola="66">
        <sohTriplHorrid>juglansJelly</sohTriplHorrid>
      </chiroJahveLeftish>
      <rumorsInkishLeda>
        <acronic>shewer</acronic>
      </rumorsInkishLeda>
      <totallyHovenia farleyBeside="menAnapest" untidal="83753465" sodlessOkaysWauch="sextulaDamars">
        <ambeerMidiYojan>epilateArecas</ambeerMidiYojan>
      </totallyHovenia>
      <coffeaWaniand veteranSouldie="rachetLacer" squidgy="taw" crudesRecableFindal="seller868" bulgy="fungals">
        <outspueWeigherBirlers>bedaubsSwag</outspueWeigherBirlers>
      </coffeaWaniand>
      <beingsSchedarPoitrel>
        <warriAlkanol>delf</warriAlkanol>
      </beingsSchedarPoitrel>
      <noelsStheneLangca>
        <troched>poralShopful</troched>
      </noelsStheneLangca>
      <stets mammyArvo="agrotisKiltingKnurry" mensal="ladens">
        <dirtDackersEmpeo>barns</dirtDackersEmpeo>
      </stets>
      <wassailBonsai colinsRosery="820" palasBasnat="trawlerRhizina">
        <kitabSevresTyro>reavoidAisling878</kitabSevresTyro>
      </wassailBonsai>
    </mayoralIslamFack>
    <witnessReliefSta calorWaglike="infolds" privy="slantsPepsMopan" sizingsCrena="aggroPalolos4" carcan="sniffyTroaked" plagoseFluff="veristsDowryTrush" unshrewCureGipsyfy="snellIllicitCajanus" disty="spodePinnerGhaffir">
      <country>faddleAchaque</country>
    </witnessReliefSta>
    <joonLorenSwan>
      <parsonsRhabdomCleche>huashiEmydsRetires3</parsonsRhabdomCleche>
      <adulceLinking amblersNappersBereft="isotelyUmbeledCrosby" raffishPushing="balubaGarrot">
        <viruela>detailDokhmaSpumy</viruela>
      </adulceLinking>
      <havensDesole lupomaJanapan="akawaiBeclangReadded">
        <thackUmbelapTelembi>matelotSaba</thackUmbelapTelembi>
      </havensDesole>
      <seaway misteryNasabRunlet="wabuma376">
        <potailTaproomLourdy>tarwood</potailTaproomLourdy>
      </seaway>
      <woulfe sacianMensisAwm="rotiNuttingExuvium" vellum="titulus7" hirstieGlace="3">
        <wheezer>846968</wheezer>
      </woulfe>
      <mobsmanFlectTurnix>
        <genio>khakis</genio>
      </mobsmanFlectTurnix>
      <lava finspotTrappedChinone="bauera" kramaAnhinga="spere" loosing="nonicHenismBonzer">
        <tussursTempUnpaid>augustKaranda</tussursTempUnpaid>
      </lava>
      <hotiJuftiDroukan>
        <alexasPeachy>wansomeCumarHyli</alexasPeachy>
      </hotiJuftiDroukan>
      <beclapEmda lawnerHemself="19685856" djinny="rabbit" alborakAzilut="643852">
        <lichtFrameaBegin>47</lichtFrameaBegin>
      </beclapEmda>
      <witshipLethean>
        <abbeysVeneersSparge>arabizeYorkistCawl</abbeysVeneersSparge>
      </witshipLethean>
      <gegg smous="gamgee" amiced="sodioPosseDamier" pinhead="klutzTendentMiconia" weazeny="matched">
        <redared>2</redared>
      </gegg>
      <fldxt plock="23" freesia="lunger" rereadsAetianUnchary="hadalOrbletDespot" joustedPointedOleana="purerPendle">
        <sikimiVoetsakRestir>motels</sikimiVoetsakRestir>
      </fldxt>
      <tolansCheke>
        <agarwalOriform>buistHydrae</agarwalOriform>
      </tolansCheke>
      <tinful yuponTitfer="hyliMillmanFosset" formeltGlinse="zees" kipukaRetsinaQuasars="362197684" nosema="4392">
        <syncopeStram>325</syncopeStram>
      </tinful>
    </joonLorenSwan>
    <stridor>
      <cantateBoodMickler>6041</cantateBoodMickler>
      <unbrazeOndule hewgh="eozoon">
        <deuzan>amuser</deuzan>
      </unbrazeOndule>
      <ruttierForbledFully herrCatlingTereus="didJaguars" felinesDulledCawquaw="hydrantShavedSevener" channerDialedDeduced="oxygas">
        <settimaElites>jerriesPardedEpingle</settimaElites>
      </ruttierForbledFully>
      <dialogsMtier godlessSilureTonne="vacated">
        <chimeraGussied>mosksTuskersImpaler</chimeraGussied>
      </dialogsMtier>
      <reaperGalloonPhage linaloaSlily="saguranCivitasMoe" zygnema="edileAlgomanRhombus" phocalPostals="bostryx" reflamePythiosDefiner="stopperPandar">
        <getic>iodins</getic>
      </reaperGalloonPhage>
      <adonSeqence spoorer="punnage">
        <suredMesne>popode89</suredMesne>
      </adonSeqence>
    </stridor>
    <glisterSunyataSistle>
      <juncite>nocked</juncite>
    </glisterSunyataSistle>
    <peacingPhraser>
      <regill>widdy</regill>
      <cramblyFinery shoteCityfulEnnomic="1747" moneHamiltNigher="obrizePippedBuriat" varas="fogmen4" choiakWigsLingula="lulabim56">
        <benElecteeCodex>varna1</benElecteeCodex>
      </cramblyFinery>
      <cowitch petre="mackled" razzleAddicts="hagrope9" juttedRunner="81820">
        <anilla>foreribTaxonMirador2</anilla>
      </cowitch>
      <rehemsTridentAquiver>
        <zygoseBetookAnvil>aboughtTrasyTinct</zygoseBetookAnvil>
      </rehemsTridentAquiver>
      <halidesGish shahsExhaust="20871287" misy="carbonsSchoonCotypes798" gez="96577" foremenGyges="wonna">
        <mokador>675611</mokador>
      </halidesGish>
      <larariaBoisKeloids furilicGaoling="satis" lanJazy="capanne" batak="milline" kuwaitAtropicPalayan="67">
        <missaryRinses>pismireVended</missaryRinses>
      </larariaBoisKeloids>
      <loath>
        <pollack>grilseZigged</pollack>
      </loath>
      <mensesSasinsAles baalimGollyUca="barmkinOlpe94" ruckleFoinRange="litersSprugsIrous">
        <daviely>shaktisTernesBurnup</daviely>
      </mensesSasinsAles>
      <lepiotaBlimy osier="frateryHests7" suptionFedityMudless="lansat9" piasavaVeduis="tannylRenomee">
        <gdinfoFiotViola>hexadsIsogenBoxcar7628</gdinfoFiotViola>
      </lepiotaBlimy>
      <prutotCopeia>
        <loegriaBostons>415545489</loegriaBostons>
      </prutotCopeia>
      <durwanSchappeSays beadedSiva="37184" tinsyNascapiTappets="873695124" inigo="512579173" tabretChowses="dumbestAshwortBelait">
        <ind>134598</ind>
      </durwanSchappeSays>
      <underliGlial>
        <retireeCalor>criolloOrdure</retireeCalor>
      </underliGlial>
      <korova cupulaeOutbraySabring="overbuy206" pakhtun="ashfallArzanTursha7003">
        <ailsLampron>lasqueDisgust</ailsLampron>
      </korova>
      <toffiesZeolite>
        <scupDeifiesBungee>shadingTrystedMolman</scupDeifiesBungee>
      </toffiesZeolite>
      <weirdCalcPiqure>
        <tidbitBamahQuirked>983906</tidbitBamahQuirked>
      </weirdCalcPiqure>
      <aricinBombaxMachar agregesFinalFalser="49758184" reredos="montWealTided" iran="kopeckMalcolm">
        <kickierSorrySledges>graving367</kickierSorrySledges>
      </aricinBombaxMachar>
      <chidingMahajunWaveys>
        <uloidAkovRamon>venuleOnlap74</uloidAkovRamon>
      </chidingMahajunWaveys>
      <penalty dhurryFreathCornua="ethionsClank" tavernTallol="83787637">
        <braemanTattilyKantars>boxcarsSenopia</braemanTattilyKantars>
      </penalty>
      <jasper funkerRingingDaimons="snirlTruncalOsmosis" benzoleMartins="effectSteeve" yarrow="sebumsSiegurdHorsily3777">
        <midgets>843063</midgets>
      </jasper>
      <tritylBotella overtip="cooheeUnique" rampingSwisserSmith="hurlerUdellMedine">
        <ancha>eyebeamBunrakuRubbing</ancha>
      </tritylBotella>
    </peacingPhraser>
    <melloneChisledRufous>
      <gufferHutted>skippySpann8787</gufferHutted>
      <daylit raisiny="mujik3074" bufferWurleys="1039">
        <kiotomyWrested>4506</kiotomyWrested>
      </daylit>
      <heriotsBdeThesis navite="ammosUruguay" tubageEthenylSnaff="cadmiaAtuaFlushed" uniwearRankine="hangmanGrumQto" burse="winsterBarbeau">
        <adoredVapid>doozyTjandiButtled</adoredVapid>
      </heriotsBdeThesis>
      <promise anteact="76528" haspsChivariNuba="cohogAliquot9">
        <merkin>527024</merkin>
      </promise>
      <swatiWaltzesBaccate momzerGangsaPredate="latentCarinal2301">
        <kurtHamald>5370</kurtHamald>
      </swatiWaltzesBaccate>
      <loofieAbaxialUnparty>
        <hijinksSirocco>septile</hijinksSirocco>
      </loofieAbaxialUnparty>
      <onerPlaint askesesVeteran="imposesAsilusJuncite" zoom="tornusPegh43">
        <coals>dhunchi</coals>
      </onerPlaint>
      <snedsShoepac rewoodLappet="muddledThacked718" licorneElevato="mutuantDulbertStralet" neperIschium="roverRyania29">
        <yederlyEnleafMaysin>halachaThoricEpos</yederlyEnleafMaysin>
      </snedsShoepac>
      <napkinEurosBoxtops poachedTribunaReice="47312" jinchaoGauzier="cha" frazzle="upcryFriesic">
        <lauderBentingRabato>hatel75</lauderBentingRabato>
      </napkinEurosBoxtops>
      <bifoldBummieSprue decriedStootCursal="loveryCabezonRecolor499" filasseReptile="learner">
        <falsestIntoDyingly>bisync9884</falsestIntoDyingly>
      </bifoldBummieSprue>
      <renkyAlluvia>
        <vealedHilaEncheat>lasedCandida538</vealedHilaEncheat>
      </renkyAlluvia>
      <flickTwiners>
        <michelTudelValvar>bernese</michelTudelValvar>
      </flickTwiners>
      <sievyOrendaSowse carobsTick="disbindGaurePawkier" jesteeNaledsExacter="rasingWappatoPhotic">
        <crave>serener4241</crave>
      </sievyOrendaSowse>
      <cringeRevoted ailetteMutasesSanded="exaun" cortex="plinyPontils" wifockWannyVorage="gambolPandleVanload">
        <dispeedRillingWanghee>lessensPlagaeCong51</dispeedRillingWanghee>
      </cringeRevoted>
      <audian>
        <bordure>upbuildFicaLupid</bordure>
      </audian>
    </melloneChisledRufous>
    <ameboid>
      <gonopodSatrapUnfix>upcityStows</gonopodSatrapUnfix>
    </ameboid>
    <orating>
      <tragic>filmish</tragic>
    </orating>
    <steamerEsses peraiDobsons="rosilla5605" unfittyBuy="rhombos" peskilyViragos="92752" kissarLampreyFalx="gluishPithoi" layrockAsgmtHadean="gilpyAnaxone">
      <stingUphungXenia>338803</stingUphungXenia>
      <abody burgeeEthenes="pollockAivers" unroyal="9874" classesJubePricky="ocrea381" fusserBartramFlyway="rebite">
        <watsonSowcarsPobby>pupiledWags</watsonSowcarsPobby>
      </abody>
      <otidesArgyrolAcrasia curageAttorn="981374" moiles="embruedRamseyPaxiuba" tushes="573777634">
        <aouadHogger>489495043</aouadHogger>
      </otidesArgyrolAcrasia>
      <durns firepotBipod="koyanAdcQuacks" phyleBrooderSwapper="canyons">
        <ouvrage>queuingNecesseCuckoo</ouvrage>
      </durns>
      <kuruma aulas="furrureReivers" asway="teatheMillfulForet">
        <taxiway>borated</taxiway>
      </kuruma>
      <snifted recusedFrowner="743414234">
        <zakatLucigenProctor>volte</zakatLucigenProctor>
      </snifted>
      <intoNonzero recoin="reedilyConksVivian1758" mulcted="grugousDabbedNurry">
        <simularGaolBrowden>reet</simularGaolBrowden>
      </intoNonzero>
    </steamerEsses>
    <cashaws>
      <sibbyLorEgeran>smearsUnlocalSyboes600</sibbyLorEgeran>
      <ssuLou pipersDeodate="leucousDiverse" doit="sirpleWhilereShindle5" alawiBarge="shogglyReseizeDuret2" recruit="estrada">
        <ferdwit>hire</ferdwit>
      </ssuLou>
      <phonicEgotizeTradal>
        <agrufeTrivial>bobbled</agrufeTrivial>
      </phonicEgotizeTradal>
      <startsyPartesInsite defleas="pigpen" squegRetwineOcean="89917" oicksFreddyVarves="pribble4749">
        <suling>989245</suling>
      </startsyPartesInsite>
      <archletTanyaSpurter>
        <berettaCantrip>renewer</berettaCantrip>
      </archletTanyaSpurter>
      <leaptMeaconVerse legists="orlopIou8" aweeFerment="beshellIsoximeRimpi" hemagog="kathalWingier5" optimaSculker="setuleAyyubid3314">
        <ebonyPrefer>juntosTherm45</ebonyPrefer>
      </leaptMeaconVerse>
      <stoae distend="287" dalasi="startsy" killyWiten="ahuacaReducedGinete" toughra="quorumAbandon880">
        <recanedVulvate>562</recanedVulvate>
      </stoae>
      <epulary>
        <mahuangJusticoPlaters>ilokanoAleppoUnfiled6</mahuangJusticoPlaters>
      </epulary>
      <boveyGambes stuntEscar="thrimpPlough4553">
        <ghatsSphegidLobe>nuchalsGefilte</ghatsSphegidLobe>
      </boveyGambes>
      <machogo princoxIncus="6587">
        <skeg>bertramFoggers</skeg>
      </machogo>
      <caysDearie loathe="ampaleaOzonidNific3426" conchyBriery="botulinClownedNisan6" fluible="guestParodosSubarea" loanedTushObese="fracas">
        <perle>uptowerRecurImpedes</perle>
      </caysDearie>
      <runfishBedunce farseEffuseWaura="225397496" tailoryFleasSkart="77" brittenTwiner="mountieWhineDipsas">
        <escaTarrify>windlesMonists</escaTarrify>
      </runfishBedunce>
      <bouncer accede="throwstFideismSowers9276">
        <lipoidGuanays>rhibiaMandua</lipoidGuanays>
      </bouncer>
      <civilly draba="amindedFreyjaJan" auhuhuMottosCushie="ouabeDratsBelinda">
        <volumesPackmenRibald>geodistShads</volumesPackmenRibald>
      </civilly>
      <rotterDharma soodled="astelicTaipansBardel" sibbensResaidStruis="47559">
        <italBangiaRedeems>8847</italBangiaRedeems>
      </rotterDharma>
      <smilersGalen>
        <tannideAffairs>retornSmite6</tannideAffairs>
      </smilersGalen>
      <maoist>
        <sunyata>madoc</sunyata>
      </maoist>
      <clkCawingStample unstackEyrar="traductMarehanAliener" errorsAnahauMussel="6171">
        <heruli>48982</heruli>
      </clkCawingStample>
      <impane actionOidiumAlfirk="24">
        <wellAsseverSukkahs>nasabDaunchLeeway</wellAsseverSukkahs>
      </impane>
      <opinerCameral>
        <implial>stocked</implial>
      </opinerCameral>
    </cashaws>
    <tine>
      <bamban>magani</bamban>
    </tine>
    <chiule hdwe="fenner" unableByte="sationBrawlys" grievesFeazeTrets="speilsAtonic" detachLucombeMukri="idiocyUneager" habeAdducedWrastle="ghillie" jujuist="fylfotsBalnealBoites">
      <wittallCringerBrands>171049663</wittallCringerBrands>
      <tectureUreido mahoutRingtaw="spere" puzzlesGhostLongan="pvtKwaznkuUpland" finewed="maccoBuffets" pilcrowDisjuneSurfle="spuggy">
        <coconaActon>sice</coconaActon>
      </tectureUreido>
      <tails>
        <waddly>brizzCowpox</waddly>
      </tails>
      <salung poralCurch="vendersGluteusTweezes">
        <famulliDaytonRosined>eldress</famulliDaytonRosined>
      </salung>
      <cambist brangleShambaMidribs="73" clubs="strobil">
        <westmeTrintleTaenia>cacoepyEpitela</westmeTrintleTaenia>
      </cambist>
      <blink>
        <sequoia>586</sequoia>
      </blink>
      <beingsSialEncaged>
        <praamKiddies>standbyDines</praamKiddies>
      </beingsSialEncaged>
      <echoerFeign>
        <giddap>dakotas34</giddap>
      </echoerFeign>
      <mitralVakass>
        <tamzineSlipway>benshiRabalNetball</tamzineSlipway>
      </mitralVakass>
      <harryCineoleBrickly looedAttend="45026719">
        <bushfulMeeters>ovampo</bushfulMeeters>
      </harryCineoleBrickly>
      <capableSazen caveatQuedful="initioKuberaGuha" serosasDetteCaapeba="batlikeToyedEthanim" venueDitcher="jacanaAnglingPeavie">
        <nucleinPuccoon>709371</nucleinPuccoon>
      </capableSazen>
      <lemmasLocaledDhoul squirkDaybedsMeaned="434977">
        <schrundWarmerBaffs>1</schrundWarmerBaffs>
      </lemmasLocaledDhoul>
    </chiule>
    <quinticChinked>
      <furyPaplessInhered>beweep</furyPaplessInhered>
    </quinticChinked>
    <chikaraDautYelped>
      <fowageAlcoate>467494779</fowageAlcoate>
    </chikaraDautYelped>
    <unactCasquetBawty>
      <monauliSalved>lappetsMaimulRuvid</monauliSalved>
    </unactCasquetBawty>
    <rallierCasein>
      <carob>dozenthNumbedSlumpy3</carob>
    </rallierCasein>
    <propmenGammickSacculi havenet="bizen5559">
      <tictic>mutantMatipoManumea</tictic>
    </propmenGammickSacculi>
    <wacker>
      <outsoldSpicey>32385</outsoldSpicey>
    </wacker>
    <aramina>
      <crouchSluesHuarizo>anarchMenkind</crouchSluesHuarizo>
      <chumble octavalFurca="ignifyYareLinear" dhurraRiantly="bushwasAbaissePellian81" egeranCordiesLevier="harari" nowderAssilagOozes="473732">
        <inserveFlanKang>3111</inserveFlanKang>
      </chumble>
    </aramina>
    <tussled>
      <edible>7714649</edible>
    </tussled>
  </eroseBatsmenFlitter>
  <kantela menhirs="apsidal" twitterBoartSpiller="3336155" adin="padder" idylianJabbedKuphar="tapes">
    <eisodic>
      <pizaineShoaly>416652143</pizaineShoaly>
      <upspoutAgust>
        <cardiasAmebianRavelin>2567</cardiasAmebianRavelin>
      </upspoutAgust>
      <ephorusScilWarwick slipsBastant="myrica" circueShrewQueechy="odaxLacesMimosas" bushyLagettoAgreges="2671663" tunu="cachacaSmirklyAntilog3">
        <lycaenaClued>tedescoCarayanGaleod</lycaenaClued>
      </ephorusScilWarwick>
      <tail calver="subornDulcian" curlyBitlessDeed="peeredKnacksFdtype">
        <piazzeOpacite>gypsyryBraceLlb</piazzeOpacite>
      </tail>
      <dustmanTardle dapple="pallu" rebasisBegirt="kenteBanquo" gushers="aswim" dongolaPoeticJumbos="labrumFistingPottery">
        <crusadeBhabarLappet>sendsPaired</crusadeBhabarLappet>
      </dustmanTardle>
      <corncobBhut acetify="bambuteOaring7606" regianThakTaiping="navvyBuccaLease">
        <elbuckStionicDobbie>latexes</elbuckStionicDobbie>
      </corncobBhut>
    </eisodic>
    <peckledTantumAnthemy>
      <stacherPerfectJocular>costar</stacherPerfectJocular>
    </peckledTantumAnthemy>
    <nuggetDuotypePechans>
      <harkaRilly>buffetCatsos2</harkaRilly>
      <peridiaAdorantFiques wacoJollityBeetled="stewpan">
        <yun>802109</yun>
      </peridiaAdorantFiques>
      <runoutsGreatUnaged nick="arustleSantPrinks" tohungaToque="tribalSapiens" drumlerJnt="851937">
        <washpotMangos>doweled</washpotMangos>
      </runoutsGreatUnaged>
      <gestsEquuleiKinkled thisn="seedmenYamunsMster4844">
        <cottonsHoondiByways>3</cottonsHoondiByways>
      </gestsEquuleiKinkled>
      <ficeSife abigeatLipidic="obsedeMunich">
        <soreCannels>811</soreCannels>
      </ficeSife>
      <veering>
        <galeenyTapsBrit>4619516</galeenyTapsBrit>
      </veering>
      <elfkinFerijeeCzarist cebusMushGlobin="bagpodCessRude9771">
        <notepadAvoiderAdsbud>tigtag</notepadAvoiderAdsbud>
      </elfkinFerijeeCzarist>
      <skins>
        <hajjis>myasisUniqueKeeker</hajjis>
      </skins>
    </nuggetDuotypePechans>
    <japonic header="scrapieAxerTweeded" breird="196">
      <maliceErgusia>tusslerTurpethRightle</maliceErgusia>
    </japonic>
    <fidalgo>
      <disuseFatale>hegariPrerupt</disuseFatale>
    </fidalgo>
    <olibanHurlpit modishBorism="700405464" vikings="meratMixenDonia">
      <ragedSupreme>928690</ragedSupreme>
      <bacopaShtg bolster="fizzing" metopesCarcass="afoot">
        <sation>collegeFranks9371</sation>
      </bacopaShtg>
      <lucanusKotalOvertip clavalGamerFervour="1" tensifySteever="novelryNybblesWarine" rewelds="3336">
        <culexHiving>cowpath</culexHiving>
      </lucanusKotalOvertip>
      <depeBoasts danklyBuckish="587" moo="dentinsSnobdom1240" awreak="dipteraHittiteUnbegun" wonnersMumjuma="corosifSaddles">
        <arcellaLeadsPipes>mahatmaCosesBumpily</arcellaLeadsPipes>
      </depeBoasts>
      <caulksLieder bandogsFazes="4969673" fiscals="cherty" knorhmnBegot="bermDribs" unumJiltsKeeked="angaraSod3485">
        <priaRewwove>papallySnarksMantras602</priaRewwove>
      </caulksLieder>
      <crupper inspireMouchedAphotic="memoNettlesCardin" forewit="trypStupidsYblent25" novaUncia="9238888">
        <burdies>1202064</burdies>
      </crupper>
      <thievedRiding godsonCalcompVinous="fanonsPere101" emperorValvuleHaes="theftsPandoreLycidae" amalgAstoneVasu="satinaySiccateExpulse4809">
        <seriary>23476</seriary>
      </thievedRiding>
      <cochairVeray>
        <weanoc>adeliaWastry</weanoc>
      </cochairVeray>
      <ventoyDicotylAquo>
        <lathe>anodeLumber7</lathe>
      </ventoyDicotylAquo>
      <baccaGaggled flunkeyDiv="boganKadein">
        <zonitidTomjohn>askarelOutkissAscus</zonitidTomjohn>
      </baccaGaggled>
      <presaidDeave>
        <defiantTaxied>zapharaWolfedPangene</defiantTaxied>
      </presaidDeave>
      <stoutsNewlins finnish="21840890" cirrusSyboLaur="eftsoonEscapee">
        <jordenSwire>bravoedCeiler</jordenSwire>
      </stoutsNewlins>
      <pellardKellies>
        <donate>armitas</donate>
      </pellardKellies>
    </olibanHurlpit>
    <extaCroiseeAbl>
      <scupMouthyMoner>saggierCogroadCabane</scupMouthyMoner>
    </extaCroiseeAbl>
    <clasher indigenChacunGullish="billmen" ululateGaga="7" yodlerReforgeBulbils="featest">
      <chape>bondocSickerSuine</chape>
      <fijiYetis pyrrolGledyBanteng="mussyIntice" carduus="aptlyErump">
        <outroopFizzer>urogram55</outroopFizzer>
      </fijiYetis>
      <primlyPomada alisosHadit="gervasOitava" group="ungloryJaunt" proms="yeddingSusiBerycid">
        <clouee>syboBedgoerMonnion</clouee>
      </primlyPomada>
      <charelyVorhand sungarAtlas="boragoLayette" appliesMoisten="remockUnannexOrle">
        <rooveLigydaKammeu>ckwErikaCleech</rooveLigydaKammeu>
      </charelyVorhand>
      <ruddyChancyBenders>
        <carneau>overbidCoeff6</carneau>
      </ruddyChancyBenders>
      <boxtopsCoryzal typosBullateBoccias="reseizePiscianAbluent821">
        <capkinSprittyBiggins>chirkedSwatch</capkinSprittyBiggins>
      </boxtopsCoryzal>
      <diteAileSayings>
        <pouffKolos>cohort</pouffKolos>
      </diteAileSayings>
      <glasgowMapachLlanero peckageBlamesGamasid="686861825" animalKeltsUrinals="remetalKadmiKay">
        <bogwortShriner>unplaitDishome</bogwortShriner>
      </glasgowMapachLlanero>
      <hoodcapSupplesTrixy curdled="39457" astridSquawk="gebang23">
        <nodous>gollForcerUrocyon</nodous>
      </hoodcapSupplesTrixy>
      <collMatelySterope outlieAmharic="bammedBarbelsTresson" sizarUmbonal="1142846" bothGongsInuloid="pallies" clogwynPreempt="axils">
        <fieldiePellarKegs>chenier</fieldiePellarKegs>
      </collMatelySterope>
      <fungidJudithLangle potatoBatchDarat="kadiBade" gasperFeebly="imbatPhacopsWhammy" swillsHombre="xenicusBoneyDansk">
        <litmusTarau>hyrate</litmusTarau>
      </fungidJudithLangle>
      <pleasesUpwindHeben sompneTumbekCaw="safflow836" playerHesperaUnroost="32292841" keypad="5983099">
        <remoterGasketEffluve>posies</remoterGasketEffluve>
      </pleasesUpwindHeben>
      <eyotLoatuko>
        <argleEncowl>antirun</argleEncowl>
      </eyotLoatuko>
      <seriBolasesPuzzler bannetsTinnerEndive="scotty">
        <elodeas>cuppier</elodeas>
      </seriBolasesPuzzler>
    </clasher>
    <hyssop>
      <jackassToxcatl>139515299</jackassToxcatl>
      <nasaumpJussion volgaMaybeRouting="dampDolose" glomeliHafters="rotellaTeatedStickum" plumesArabistChop="chunkedRouerieOribi" widowedDollies="49">
        <acrylylVicuna>bettineThereat</acrylylVicuna>
      </nasaumpJussion>
    </hyssop>
    <newlineFaiteryFantad>
      <taborerColera>421616</taborerColera>
      <hoodoesNaifSirgang seedfulCere="vitrialRoves">
        <breath>setworkGeodicHeroics4964</breath>
      </hoodoesNaifSirgang>
      <mockado agaroidDecrypt="oleines">
        <sonsyDevaSerg>curiate726</sonsyDevaSerg>
      </mockado>
      <flidgeMealy averrerDogholeDurgen="rockier" tinc="117129448">
        <metaeBeechenGonion>kranKiltingFlagons8025</metaeBeechenGonion>
      </flidgeMealy>
      <napkinVidkids>
        <lacatanAidingAppast>unhaleStolaPadang</lacatanAidingAppast>
      </napkinVidkids>
      <antefix shadilyStoot="61950" coagentOsirian="392129" orbiteCushyCaffoy="buzzedBeloved">
        <budges>survive7745</budges>
      </antefix>
      <jelliedPelerinJungian turgiteGustedRobbery="bakula" rinksChetahs="dagombaEaster" bonnieExciter="overallExcites">
        <outgoneIntimae>tumbleOdeon</outgoneIntimae>
      </jelliedPelerinJungian>
      <casheen pontoon="powwowsFavoseKapp" bandeauPenhead="egboGermingBesoot" storge="40">
        <lilt>4964</lilt>
      </casheen>
      <crombecHicoria birdeClunist="92787474" waesBeeswax="essayedHuttedStygian9614" delbertKeeledImbibed="tragedy311" emotionJapedTamasic="resinic480">
        <degumWenzelGroose>grimmerClinker</degumWenzelGroose>
      </crombecHicoria>
      <haidaNikenoOutcome bauderyPeytral="prajna" cradles="igdyrSwoopNadeem">
        <greasyPappiesSonde>drollHeidi</greasyPappiesSonde>
      </haidaNikenoOutcome>
      <alveolaAnisilMount sirventSolionArgema="juristIbaKiowa7452" chypreJitroScaddle="71634">
        <matlo>358</matlo>
      </alveolaAnisilMount>
      <meiobar sudoralPatd="delaceFussesWhicken" sharks="379753" pompeyReariseDecrew="shout">
        <bewrapsReflood>608939</bewrapsReflood>
      </meiobar>
      <fibromaReverse decilesCoutetApogeal="rype" cannulaTattoo="empriseImpave863" purauDoersSnop="sorts">
        <expleteHote>chilionMinimsFyces</expleteHote>
      </fibromaReverse>
      <maoismThetineDugway solidoSkewy="pythianUpdeck" immanesAdjustsPantos="drieAntrums9">
        <galey>5941038</galey>
      </maoismThetineDugway>
      <phobosTrampotMarita plutoAbluted="lyctusThebaid" cast="miaotze">
        <throneMeshingAirted>ratatatUpridge</throneMeshingAirted>
      </phobosTrampotMarita>
      <behaved drollsBeveil="warryn" tarresYacked="9701744">
        <vielle>logchipSelenaReifs628</vielle>
      </behaved>
      <piewipe raglansTattlerMajors="90335" dunderHavener="1461156">
        <palled>431</palled>
      </piewipe>
      <zeloticAlgid>
        <sandierBootid>runite</sandierBootid>
      </zeloticAlgid>
    </newlineFaiteryFantad>
    <husoKluxer prosodeMunsif="scouk704" throuchDroshky="prawner" coost="bardash" evectedElohistPaseo="lettern" duplexs="astrol27" workman="1855" realizeOctant="aggiesNane">
      <bedripUgsomeTreen>4892637</bedripUgsomeTreen>
      <flasket utaiAumrie="shakers">
        <hempenNatronsSirdars>beetewk</hempenNatronsSirdars>
      </flasket>
      <sattleAwnlike udicReclameChanges="lidder" taipiFeely="mately">
        <sejunct>inlays</sejunct>
      </sattleAwnlike>
      <jerkersPentylAutem>
        <tejanoClinics>tristan190</tejanoClinics>
      </jerkersPentylAutem>
      <amebianWolfkin netiMohismPialyn="freeing" naviUmboCaecias="rankestMoiled" anayBiaboBancos="spallerResight" moultedMalts="bungsMotif">
        <flaggedEtymons>solons955</flaggedEtymons>
      </amebianWolfkin>
      <kiekieGrailleHaggada velouteCougars="81257957" metredFlnerie="hereof" dopiest="modderLark19" rocherUdishMoot="masticsMyrrhic">
        <moonGwyniadSunbath>walked</moonGwyniadSunbath>
      </kiekieGrailleHaggada>
      <herileMell>
        <canroy>glysterVenta37</canroy>
      </herileMell>
      <shamansKambouShapely kioway="10892846" alantic="lyseCristy">
        <tingentFraunchBallots>minx</tingentFraunchBallots>
      </shamansKambouShapely>
      <erogenyKwhr>
        <yuapinBeamageHaeres>nodedKongRalph</yuapinBeamageHaeres>
      </erogenyKwhr>
    </husoKluxer>
    <aeneidBoke redoundUnwrapsLoups="4798975" endurosSyria="ashkeyTomorn" pallionBrebaSkemmel="endwaysLockletGalenas" hedeDicersKeruing="sampled" codworm="guffsGirly" romanoTerebraNasua="plowmenSmalls">
      <lovefulWorralAgoho>caxtonLamiterAclydes</lovefulWorralAgoho>
    </aeneidBoke>
    <amomisHonora>
      <ablerUnplankMorfond>5</ablerUnplankMorfond>
    </amomisHonora>
    <wipedArchonEcad>
      <atheize>fameful</atheize>
      <tentletCyathAlumin mirexesSemidrySpiran="funkiaClarreRen">
        <biota>danker</biota>
      </tentletCyathAlumin>
      <wrungKathFridges godsakeAmosSwoln="shoved" waucht="obdtDefects" twentyCuiejosFugit="49413344">
        <dodder>hazaraJoutes</dodder>
      </wrungKathFridges>
      <unbeltLayeryEntasis lunges="dozedCavaeHeinie" quernsLeastsKinone="amenismWeld" bearedErsatzWakemen="rented" elder="algodonRetry454">
        <cheechaStibble>roumanAbradesLatomia</cheechaStibble>
      </unbeltLayeryEntasis>
      <tougherBusbars creelClavesBlinded="zerda">
        <pinenes>neopineTerp</pinenes>
      </tougherBusbars>
      <pridedJacko>
        <whorryAnconas>nebaliaPettedSheathe</whorryAnconas>
      </pridedJacko>
      <guanosFac simmonGdinfoElapse="gomeConchedAtonal5" cicadidBushers="135262983">
        <mossing>41024307</mossing>
      </guanosFac>
      <baviere sandustBens="8" lyart="waggy">
        <atossaPoliticTrining>suclatSaboted</atossaPoliticTrining>
      </baviere>
      <fevered misy="parole">
        <spriggyUngross>veloceBore42</spriggyUngross>
      </fevered>
      <coyly>
        <klaus>earthsPatsies</klaus>
      </coyly>
      <poleaxDefleaMisword bugbaneLove="lupines" copaibaBewpersSnarl="992086273" uretalBiterRinging="birchedChilina">
        <escopetTelpathTst>waifedSierZingier</escopetTelpathTst>
      </poleaxDefleaMisword>
      <mensingInsulaBumwood seemedDogatePosable="84844" perpendBitypic="fpsReisTopful7966" mounteePharmic="blurryVapours4086" garnice="broadsPhasis">
        <kermanSwards>504628</kermanSwards>
      </mensingInsulaBumwood>
      <parasol pronpl="lauraeAlibis">
        <abaloneCimlineArawa>musnudWoozy</abaloneCimlineArawa>
      </parasol>
      <burysCrommel rebatosBelapScatch="adatyBordrag" courapColonel="loggatRisking87" stimiedClonerBriquet="napsLored">
        <menseCarafe>tenting7837</menseCarafe>
      </burysCrommel>
      <riskyEchoismShares conderTussehsPutz="brickelRookedCantata" inveil="hebeOneyerPomate">
        <avulsesGlimpse>tiu</avulsesGlimpse>
      </riskyEchoismShares>
      <measeZonnar percurRefaces="5190" adelinaBatekes="chelateOttarsWithal" bosonPedMorays="929951588">
        <naggierLimulus>mateFeute7</naggierLimulus>
      </measeZonnar>
      <houdahsSpadBejant popess="leafit" lamback="40949211">
        <touting>oarySuomic</touting>
      </houdahsSpadBejant>
      <injuriaTossutWrens anoine="dorpTailage" chirms="1321606">
        <meratBlueing>fusk4</meratBlueing>
      </injuriaTossutWrens>
      <doddy pup="197" putamenPrenote="leavesSemih" meilerPascalPsyche="quaggaMeedsDunny54">
        <aileronGeraty>garance</aileronGeraty>
      </doddy>
      <cucullaCharactChollas scytale="immunolJeererGiraffe" pootBlabberGoloka="falterRammed" lapelerCymlin="rhoIntombsBurster" disobeyRecent="awsharDecane">
        <bruciteMenkar>chumbleActiniaExpdt</bruciteMenkar>
      </cucullaCharactChollas>
    </wipedArchonEcad>
    <tubsterZambeziOozed>
      <brecciaWindowyShebar>anagramRigadigOarsman</brecciaWindowyShebar>
      <hogweedJointed>
        <forwent>intelImbibed4</forwent>
      </hogweedJointed>
      <sicking>
        <verrel>tatoosSake</verrel>
      </sicking>
      <anopias>
        <denarVeninTiewig>bennet329</denarVeninTiewig>
      </anopias>
      <vejocesAtwirl loriletGonof="slavismCallout" tinnenGlades="allelesZeugmas">
        <unchairSalitedBeglare>chiaoRetraceLamest1</unchairSalitedBeglare>
      </vejocesAtwirl>
      <freijoChore nidget="unsunnySpanged">
        <soupfinTineidWillers>putteesLlamaRoupit42</soupfinTineidWillers>
      </freijoChore>
      <caxonLineate aldrinsDioxidHispano="anottoCornel" beurre="bemaul" obelial="usuallySlept">
        <anetholAirest>marfikBosuns</anetholAirest>
      </caxonLineate>
      <colugo snitheLoopier="attractAtm" unbrickMiscHurlock="ebcdicRefuges">
        <callout>72787068</callout>
      </colugo>
      <crinate cappaeKotaBasenji="tribady" kulturIntineVuggy="3228482" atheize="censorsAceChap7131">
        <mazardCronelSerape>7877</mazardCronelSerape>
      </crinate>
      <tsades plewghDustmanFulvid="bulbineBeisaDecil" fustianBoregatUnoiled="rummagyShagged" theineBesmutsDorps="falcer">
        <ashamnu>bloopMaill</ashamnu>
      </tsades>
      <cuntsDomain boundenAmazer="sucres">
        <bended>togatedSpatialCobias</bended>
      </cuntsDomain>
      <pipidAeroseGeeing>
        <kate>amomumTailetWheys</kate>
      </pipidAeroseGeeing>
      <romansEmbatheEmbden>
        <cantil>vitiateRipponGipper</cantil>
      </romansEmbatheEmbden>
      <diacle cervixAntiopeOmenta="tearingMonody">
        <tzetzes>asrama</tzetzes>
      </diacle>
      <ayuyuRicers>
        <yowlingNumine>niduliVulvateTutoyer</yowlingNumine>
      </ayuyuRicers>
      <xxiii>
        <targe>42247277</targe>
      </xxiii>
      <acini>
        <pannerPatd>351437801</pannerPatd>
      </acini>
      <meebosPicaroLeakily unrips="ladens" warmthsTampala="morada">
        <haringOclockMalaxed>5279363</haringOclockMalaxed>
      </meebosPicaroLeakily>
    </tubsterZambeziOozed>
    <novityEnsurerEmbolo>
      <aufait>deewanKerl</aufait>
      <herein yezdiFirs="95542" flingRetireePlantal="decrew" bifoilCorkingEsurine="crewcut">
        <enfeoffActinon>culicesGade</enfeoffActinon>
      </herein>
      <littlin>
        <stogieTitulusGodship>mislledMilleri4548</stogieTitulusGodship>
      </littlin>
    </novityEnsurerEmbolo>
    <stayed>
      <stormReinsTocsins>rewiredDelint</stormReinsTocsins>
    </stayed>
    <roofageSutteesSalami gatherReginasNitons="loriletEnvier">
      <galyac>sunbackBoobs</galyac>
      <datisiNopaleaSkreel bajriYearendGurjun="bewraptPulpifyKeffel" axweed="towingPantingBozze" grooseChandamLippen="sindhiBlufflySapium" slurredKnape="milters">
        <uvularGutlike>rouster</uvularGutlike>
      </datisiNopaleaSkreel>
      <goutier chaiseHookeySnugs="enfiledHoddenSaco" wagh="outbrayUvulaeGedackt68" biderDivinedBemourn="paniersNurse">
        <poofKhepeshBocci>stoaiVanessaGeodist</poofKhepeshBocci>
      </goutier>
      <widowy stompsLinnet="45829342" nunciosCabrieAumbry="praetor" ethics="ywisPayoffs" suber="fasPomades">
        <graperyIsmailiPirene>merle</graperyIsmailiPirene>
      </widowy>
      <cedarsAlignerPiranha malmReevingAmita="96" bathmat="curtanaGigunu" acaudalCilice="tty63" smeltAmbrose="crooned604">
        <acutishRotorForgoes>54</acutishRotorForgoes>
      </cedarsAlignerPiranha>
      <fannonUnpickVulgars monoticVolesAdorno="ramplorSpeeceWashery87" aleuticHayfork="862349" compageDrupelRanty="demand" yukking="ferrumsPavierFress">
        <rerope>kassuAlkenna</rerope>
      </fannonUnpickVulgars>
      <outbackDentaryParelle>
        <suboral>triggedSnawing</suboral>
      </outbackDentaryParelle>
      <gaddedIsogonyGyres byronicManiu="lupinMistsAluta" coppin="quoitsShuhali" folateBeblood="decamps" prone="mbeuer">
        <malmockTewartNakong>candielRingingTornada</malmockTewartNakong>
      </gaddedIsogonyGyres>
      <relucts isthmPeliasAnlage="4012" slik="13715" curNell="jassidDegamiHomes">
        <exul>29015</exul>
      </relucts>
      <shengWullieAsquare decrescPlumate="frereCornua" sigurdFlossed="ecoidPassen2293" jailageGonadal="holmicMisact" wangaraBraccioGowany="unpaganQung">
        <scolite>pelletyNema</scolite>
      </shengWullieAsquare>
      <tutrixMucosalSubicle unwelthSpaleUpdates="gonalGelated" idgahBeckBorane="2715" archon="tabuleLimperGloomy">
        <preCoon>aidmanGadder</preCoon>
      </tutrixMucosalSubicle>
    </roofageSutteesSalami>
    <boldin>
      <peonism>earmuffKhalkhaOthers</peonism>
    </boldin>
    <granet>
      <libbedFichePlopped>handledMpretGrotian88</libbedFichePlopped>
      <arcanalLingaShul poromasCowriesCathin="490706278">
        <jina>compone</jina>
      </arcanalLingaShul>
      <espeireChappy mennuet="burntSkirretTetard8">
        <flood>balaoUnarted</flood>
      </espeireChappy>
      <sayetteEgotist arabineSereno="decurve" messans="pomonal" sorehonPikiPithful="conjeeCrcao2" pyocyteFarmostTroller="lanugo">
        <getaUnlargeVinew>dolabre</getaUnlargeVinew>
      </sayetteEgotist>
      <coutel macanaFlatcarTwiddle="khussakAnchorsOppidan">
        <ferr>dayanim7</ferr>
      </coutel>
    </granet>
    <sumnerEvzonesTabla withe="sourest" snipyMummeryNebs="notator" bouffeMutantsPomace="unwomanVexable" meqAzandeHylean="gaolersTidyingTartryl" rampagePaonPropyla="plumpsEnrolsCaftans" piosity="173">
      <stipedOutwinDighter>frailesKeaIraqian</stipedOutwinDighter>
    </sumnerEvzonesTabla>
    <murkyReusePentode>
      <meatusBimalar>lending8187</meatusBimalar>
      <rapeoilOblatBabbie vivaryAloseRupee="quipsToup391">
        <saccateSubpostLalls>tawerCouniteSmickly</saccateSubpostLalls>
      </rapeoilOblatBabbie>
      <dented sitzAlmida="58994">
        <veau>kirvePrecessBurton</veau>
      </dented>
      <ambosBurblesPeltish komarch="kellys">
        <limosTalentKens>rotalia</limosTalentKens>
      </ambosBurblesPeltish>
      <sarsarTinmanFaailk neerAlfinHexis="namareWinner" iwurche="gradinoTorulaeBueno67" flb="lyaseEmbryos">
        <mammoth>conchy</mammoth>
      </sarsarTinmanFaailk>
      <riveredCasque takeout="jobsiteAdmiAlditol">
        <rewingDial>elvan</rewingDial>
      </riveredCasque>
      <kakan amusias="torsile">
        <karstSugentFuffy>ixtle</karstSugentFuffy>
      </kakan>
      <goofah>
        <feriaRagtime>3415105</feriaRagtime>
      </goofah>
      <sopranoFalculaWakwafi mycCatchiePist="boro">
        <asarinUnfaked>centimo</asarinUnfaked>
      </sopranoFalculaWakwafi>
      <founteDisman autoedGlycylsGuzul="restes" townetUnscrew="120980867" colobin="3">
        <genecor>68852557</genecor>
      </founteDisman>
      <casaviFriandMissout firmerThripelEmailed="36703524">
        <chypreUnmazeAnil>mpangweAvensTyg</chypreUnmazeAnil>
      </casaviFriandMissout>
      <olivine dunch="smytrieAcumensFillers">
        <potongSquoosh>klipbok</potongSquoosh>
      </olivine>
      <auf nascapiZonkedHackery="ponzite" jessed="brothelFrancas" repast="579">
        <irian>histonStiffen</irian>
      </auf>
      <pastor injuria="ambled3233" elevateTaxites="674" horserNavajosDrongo="35261304" prespur="cakraStalks">
        <pellateInvenitDrowsed>tolterLibyan</pellateInvenitDrowsed>
      </pastor>
    </murkyReusePentode>
    <malmseyBeadletTarsome blurtsBirles="oompahSparkle" pterins="mismade6536" eczemaTinajaAlkane="wontons" sores="sailerKyurinCoyo">
      <pourieKeblah>ovalizeJalor</pourieKeblah>
    </malmseyBeadletTarsome>
    <hutungSexlyHerd>
      <artemiaPaniscaKlicket>whoopeHethKishen</artemiaPaniscaKlicket>
    </hutungSexlyHerd>
    <regreenMtscmd locoism="3656947" disroof="climbed" renailBoodles="myrmicaTrappy">
      <kappRuttilyLoath>flambeLabbyElzevir</kappRuttilyLoath>
    </regreenMtscmd>
    <botherOutsert almners="whaupsJudaistUsaron" mohosEquant="ratioTuchunTitlike" myosinsNeilJoram="892134" unclesZaffarsWim="thymeyWakkenMairie78">
      <tumefy>tushyAlvina</tumefy>
    </botherOutsert>
  </kantela>
  <encoilRays selva="savoy7" />
  <bartersKlaxonCamaka aboutsMatroidTrout="21311" toeyWroken="362822998" knifing="7311166" />
  <waliesInkraComely oremanMamotySpumier="hague6">
    <vimanaCasimir ortalis="eclegm" cirMuezzin="mopeierHeuau">
      <broghBrazers>attrapBudzartPropyl</broghBrazers>
    </vimanaCasimir>
    <kielMamushiMonel>
      <nolleScirpusCrout>femmesCynara</nolleScirpusCrout>
    </kielMamushiMonel>
    <automenCiliateHajjis ratanPremierCanopic="683756110" uskokEnplanePlyers="cantletAthriveTrabuco3" inmateTrotty="sugar">
      <reabuseZink>6754</reabuseZink>
      <enchase bractedWallopHejazi="obes">
        <caliperVisaya>jewbush4</caliperVisaya>
      </enchase>
      <palamaHulkedAias>
        <skatsTraik>hectors637</skatsTraik>
      </palamaHulkedAias>
      <rhombsTurtanYankton apnoealCatkins="maleicEnwrite8512">
        <carien>bagroom</carien>
      </rhombsTurtanYankton>
      <bechalkHurdler thrillsEarcapOdeon="stalaceBoth" pourFlakyTollmen="hantles">
        <alfet>avers</alfet>
      </bechalkHurdler>
      <batts envoy="saufDivinylPalmer" ruinerPallid="wrixleUnhedge3058" deair="banjara481" basogaFairer="iberesWreathe">
        <uramilVarvel>316</uramilVarvel>
      </batts>
      <mimosas>
        <adonianSudoricAposoro>doeglic</adonianSudoricAposoro>
      </mimosas>
      <sunnierShirrCloque kassiteBluey="axheadTarresFranion617" sordidNolos="tanner" ethanes="adipose">
        <livablyCoomDefies>burnets</livablyCoomDefies>
      </sunnierShirrCloque>
      <gobiaOozooid dinaric="psalterMagicsGourde" calami="calloseVicuda">
        <endgateRavenerBakshi>99750</endgateRavenerBakshi>
      </gobiaOozooid>
      <enheritRishiCutlery mystesBieldy="cormoidTrippet" cacimbo="doggingMuskilyHackler" rateen="decker675" pelureVanmenSepsine="cartyCorns600">
        <nintuBusiedNorsel>morselsSeizins1905</nintuBusiedNorsel>
      </enheritRishiCutlery>
      <jazzyJobJoni keyword="chinnerAffray" motleyGrantha="eesomeWolvish">
        <forkier>victorsBlowsed</forkier>
      </jazzyJobJoni>
      <luxatedUnwayedRatoon fordoneSnackleTuckets="yagi">
        <phooeyNasrolDewier>opusesDunganAhum</phooeyNasrolDewier>
      </luxatedUnwayedRatoon>
    </automenCiliateHajjis>
  </waliesInkraComely>
</deploysKookSeecawk>