<?xml version="1.0"?>
<waggonFastiiaHangers>
  <weaky maximalMilvineRussian="4341071">
    <lynxAirless raxedWinkel="trouserWhines" warternBindingTimed="tells63" touristWatchAcidize="turfsHoodies4" deisticAcarid="632663823">
      <sheenVorago>partersSvelter</sheenVorago>
      <schmalzAlbee casher="animist" useably="otidiaMaskegs" samoa="pulegol">
        <pileous>frutexTizziesBased</pileous>
      </schmalzAlbee>
      <zinoberShakosMoki pornoKasbah="kind" hepatic="uncoinVivda" pas="exhance">
        <furalStewing>8177640</furalStewing>
      </zinoberShakosMoki>
      <lobbedRedial>
        <arcing>152023928</arcing>
      </lobbedRedial>
      <cigar sidles="spitedUgroidUpfloat" finnishVolcaeKanap="brayer">
        <unusedWeakishCleam>upcurlGrecism8875</unusedWeakishCleam>
      </cigar>
      <sondageHurtingAegle thacksLinalol="dabb" urucuriAbatua="pusillTytUndy" libertyOatyKefti="broseAlange">
        <jungly>flexUngraceForlane</jungly>
      </sondageHurtingAegle>
      <pourIsogamSerphid>
        <restackClads>requestFatso</restackClads>
      </pourIsogamSerphid>
      <foggily>
        <byrlDevataDuramen>774681</byrlDevataDuramen>
      </foggily>
    </lynxAirless>
  </weaky>
  <jeezRecit>
    <naviChutnee>
      <creepsQurshDistill>sicariiOecoid</creepsQurshDistill>
      <beclawWhaps ursukPangweAmbroid="sheens" bardletTatted="2579" rebukesHarls="bowledHiphape" hieldPomeys="outs">
        <camizeSaccliCreated>4897042</camizeSaccliCreated>
      </beclawWhaps>
      <miroCalkedBilder mossi="722421">
        <isomers>rice</isomers>
      </miroCalkedBilder>
      <opticonValeryl dillueNuddle="75">
        <busbarMatzoth>musconeInonePediwak1</busbarMatzoth>
      </opticonValeryl>
      <plasma>
        <oomiakPearter>getters</oomiakPearter>
      </plasma>
      <emblems moppetsCepter="beamageOsteome">
        <athing>belaudsEnticesDoomed1139</athing>
      </emblems>
      <melenic lingelBedpost="janeiro" dustbluDeplump="cliffedIslot9678">
        <crumpy>6</crumpy>
      </melenic>
      <hybrisSalsify>
        <pentacePoddleReships>unclearCistedAsper</pentacePoddleReships>
      </hybrisSalsify>
      <topers hirpleMislie="9172" balksIrish="translDarklesColonus" overeatSkiceBlackey="60938770" samplerOctadKetole="7237968">
        <inphase>jicamaAcesBoddle</inphase>
      </topers>
      <flaffSweaty serpensLlaneroKorun="utahRedanRereeve">
        <keepnetRefrainVariers>hibachi</keepnetRefrainVariers>
      </flaffSweaty>
      <aselar vedika="knowsChampac" tenseRoaches="669210">
        <paver>earlBoileryHome66</paver>
      </aselar>
      <reslashAlenconFactish tousySerial="gemman">
        <para>amandinWhereer</para>
      </reslashAlenconFactish>
      <fretsaw sharesSundaesChub="macaoPulsate3234" miskinSyrusCaama="571" hedonicTopassTurpid="161523203" baulkDomicalBuddha="6452128">
        <thyiadBores>slewed75</thyiadBores>
      </fretsaw>
      <gurriesArchfoe pearchVianden="saltie" pinolinScyeUnwhole="tirlingBanks" bonairPricing="pumice">
        <cipango>tempusReswearCoeloma</cipango>
      </gurriesArchfoe>
    </naviChutnee>
    <ulmous>
      <reamer>7895</reamer>
    </ulmous>
    <unmazeHunchet>
      <apricotStratus>damnerLuiBalsams</apricotStratus>
    </unmazeHunchet>
    <caducaBabCameos>
      <biriFlips>erasmusPadnag</biriFlips>
      <aparai smirkedMicronsWeaker="carcass" cuffy="bundtsGripeyTempehs" gunnelsBasad="609">
        <hasht>trabesCaroon442</hasht>
      </aparai>
      <meaw trigged="sooreynRotoCrunt62" freakedKippur="beshodTerminBestove" plenumJuncus="vickieCorkier">
        <thewyPeduleMagnum>6771141</thewyPeduleMagnum>
      </meaw>
      <porkers pilots="caviars">
        <rakijaHybris>bisti</rakijaHybris>
      </porkers>
      <gild woodies="657">
        <fervorsEskarLuteic>griever</fervorsEskarLuteic>
      </gild>
    </caducaBabCameos>
    <pestles>
      <steamsVascons>bedcordPrasine</steamsVascons>
    </pestles>
    <apathicDulerSurging belash="mawsieEmbolonNowroze" seichesRubesDombeya="hoddinSpeels">
      <venineBunnsGeraera>jut</venineBunnsGeraera>
      <vitiate>
        <savager>urgesGroundFenagle</savager>
      </vitiate>
      <zolaism herons="3995808" positumArverni="chappinSolemn">
        <kirmewRubyLines>siseTraductFascis6325</kirmewRubyLines>
      </zolaism>
      <younglyAmuchcoBefilch protistPanueloJutting="willesCryingHelder" powwowAnteed="992384414">
        <albs>cowhand</albs>
      </younglyAmuchcoBefilch>
      <gulliedAcherMasdeu onlook="tonlet">
        <evilerClankMilitia>58761</evilerClankMilitia>
      </gulliedAcherMasdeu>
      <kolkozDali ambled="greyingNotes">
        <putzRoaringSkice>hosterDispellPrimers</putzRoaringSkice>
      </kolkozDali>
      <fennigAoristsGees waliUnwroteFurmint="raggingChelem" resumesBakie="punkRoberta">
        <paddles>kolkhos</paddles>
      </fennigAoristsGees>
    </apathicDulerSurging>
    <autere leansMarisMayweed="meadowy" untewedGugglesCease="prising" resiny="rebrownWrothlyOrvieto" ethicalBaffyGes="844934" loudlyTarmacsFilippo="cysteinMonarchWain7243" donnismHelot="dotageRfreeMeith" flivverStupendSlappy="xanthyl">
      <typier>82522</typier>
      <cadgedBogusGround bendaZoonUnfrost="687834321">
        <helledFreamApass>kilah</helledFreamApass>
      </cadgedBogusGround>
      <perukesDeglutCoax goneyRutherRemble="lithi" kerelYomer="poohsDowd" talkedMeebosMurchy="shahidi">
        <yorkerParrall>5</yorkerParrall>
      </perukesDeglutCoax>
      <bilbiPalatalCrabut rerouteBeating="526006936" deringa="rine" armhole="clappeLenaeumVaulty">
        <nasabManalSupvr>romperMazuca</nasabManalSupvr>
      </bilbiPalatalCrabut>
      <mottoedErika editingMysell="dorlotPatenteSair7" leveler="verruca" corvetMaftirsLofting="hijraVolcanoMfg">
        <lanatedWamblySkid>bestedAvianPardesi</lanatedWamblySkid>
      </mottoedErika>
      <dukeChiripaNervii walkersBater="hermaiSatoriiBabysit62">
        <actaeonPigmentTourn>muggedPrefect</actaeonPigmentTourn>
      </dukeChiripaNervii>
      <gyrosyn>
        <buntineHuppothEhuawa>infancy</buntineHuppothEhuawa>
      </gyrosyn>
    </autere>
    <forweep>
      <scrabe>volyer29</scrabe>
      <barnaby>
        <plumbum>ductureRimula9</plumbum>
      </barnaby>
      <essayerPingePriests>
        <desist>meijiLicitlyOilwell29</desist>
      </essayerPingePriests>
      <kamik naperer="ensafeAscitesDims" bubosOperate="bura85">
        <lapelAufaitCussed>plurel</lapelAufaitCussed>
      </kamik>
      <patrolsExpireLoren alumineCasper="biose">
        <peplumAxemenGangwa>kapelleHexaplaStagery</peplumAxemenGangwa>
      </patrolsExpireLoren>
      <yade>
        <kwelaTaculli>268382754</kwelaTaculli>
      </yade>
      <choush meloidDahoon="algistSusans" chelpButledPopeyes="outglow622" vertMaholi="peaveysPopulus">
        <tractSwingCajanus>sorrenBummestComodo</tractSwingCajanus>
      </choush>
      <cevenolRel looperHamesChinafy="choesVairSelion">
        <awnings>skatingAziolaBrecia</awnings>
      </cevenolRel>
      <fealtyGummousWisent dirhamCheaterAlbite="tazeeaMelasRubbler" solace="totora" lumpersMeltethFeddans="healsCassonsIlocano">
        <amla>gizzZingingTopspin</amla>
      </fealtyGummousWisent>
      <ullagesUnwooly pugman="oublietRidgels" puntiesAlphard="wagedSumen" pielessNgaio="poinderMeseledGermans">
        <attriteDrateAunters>142216</attriteDrateAunters>
      </ullagesUnwooly>
      <dhanukPreesSweens zythumParaderDourine="berstelCuteyMannite" karouHiccupJog="unshutAmbeer" pouffs="bases" induismReblameOrejon="cheet">
        <snowsAnemonyBobbin>kludgedKinema</snowsAnemonyBobbin>
      </dhanukPreesSweens>
    </forweep>
    <diem bidChteau="cribral206" detenuVogueyRapillo="citharaVoledSherris" gypsyfyMantuanLarnax="clichesArmed" bren="89170" dizzier="bivalve4265" usedArtist="aholdsBottler">
      <auresDestourSqueam>poohsSimooms</auresDestourSqueam>
      <reives technicCoorieSpodes="dinerConicRevisee" abloomFusumaLaicise="laymenAmidoxy" higherDaring="leucism" resailsIndear="onagra">
        <geleemWetbirdChegre>jadish215</geleemWetbirdChegre>
      </reives>
      <apialesRecipes>
        <cupseedPurrel>assertZlotych</cupseedPurrel>
      </apialesRecipes>
      <folk loafedHermes="khankahPokefulUgt" pirlie="85">
        <dermsRaspisJuggle>wristedTiswinClaudio647</dermsRaspisJuggle>
      </folk>
      <longa bootmanCitrusPowders="trushGuntubMarmota" baconyYesterTragedy="yokDivot7" barouniNeapedSocle="bumbledPokie" canonicCuisten="5271059">
        <mansDrumler>spinsDebitedMuckily</mansDrumler>
      </longa>
    </diem>
    <wertherOutvier fubbed="newfishNidal" kittarMoresMini="cubicleBelgard">
      <gambrel>raxedSurnapeTestes1152</gambrel>
      <vulvas wreakTisic="vexAnybody" hydrionAcemilaDuscle="hyneIntroCelling" feudeeChlorUnshook="inlaysTavy" nanasHowsour="fulmine">
        <ozena>contentCanBootie</ozena>
      </vulvas>
    </wertherOutvier>
    <mealer italian="schlepsCannet" waes="172" sciage="imaCowedlyCaduke" putlock="enkiVerdureSicced678">
      <pettyMinhagSov>inworksAirshedToey</pettyMinhagSov>
    </mealer>
  </jeezRecit>
  <metroJewbirdDehgan asexual="sirkySemeed" powtersIshSites="regimesLithiaWarryn" mongoes="64">
    <jongUnfaint reheel="sak" comtesPlatoidKyars="ungivenServantNifle560">
      <hokiest>piraticVinaEsprise</hokiest>
      <devalHinnies sac="5252836" mashlinSuedesTrode="41099133" newcal="mysoidEpopPsiloi835" seriousGurletMeccan="shofarSilenSnouted">
        <rematchRoupierPtp>abosDjinniGorry</rematchRoupierPtp>
      </devalHinnies>
      <inflow furioso="cloakedHeatedShriner" tibias="boutade" tippyMatts="daceGrazing" sapotaBucraneVisive="gusSpiroidWandery">
        <paluleKame>portentDrohEngirds6362</paluleKame>
      </inflow>
      <kbarUrucu concheRoupilySpoiled="wongskyCran4870" gyppoMammoni="kainsiWolfen">
        <ferther>pulikGlazierMyopias8</ferther>
      </kbarUrucu>
      <valleys chinafyAmparoTakeout="mediiSlashedGhent">
        <smolderAzonicBeback>warnissBrasenYew</smolderAzonicBeback>
      </valleys>
      <adsmithBarbary>
        <peplusTiptoed>484169378</peplusTiptoed>
      </adsmithBarbary>
      <unspin>
        <kurtasVodums>dirGan</kurtasVodums>
      </unspin>
      <noxiousNomeusMesic nastyShoaledBonuses="asciticRaper">
        <feezes>nevusChumawi</feezes>
      </noxiousNomeusMesic>
      <abashShading>
        <ripVealer>bestand</ripVealer>
      </abashShading>
      <snoga mural="climaImpenPushrod">
        <moocahCompGenear>murreysCagn</moocahCompGenear>
      </snoga>
      <dozenth>
        <novo>amidoGuapena729</novo>
      </dozenth>
      <padRefront bahadurVirtual="sulabaPadella" jarbotMunga="templonFirryZoocyst8" gateageCabaretThrepe="olamicTyromas" canids="vizirs">
        <bochismKrakensPalster>2326</bochismKrakensPalster>
      </padRefront>
    </jongUnfaint>
    <spermyReshown surinamSheld="6088914" funli="laughee" sofasStateRiflery="baria" deddGoldurnParamid="redrill" bulrushAuget="euro" godsibTallies="dayless">
      <banaba>drossy</banaba>
    </spermyReshown>
    <upclimb>
      <hymenRudestExpeded>emlenDegassBookery</hymenRudestExpeded>
      <kurgan pistilExact="ternTrabantBehead">
        <cavusLebbek>papey39</cavusLebbek>
      </kurgan>
      <enuredRudolf poianaSladShame="lucbanLuluNears" epizoanUdalTakeout="573571" debitsNovellaBiffies="210" inclips="excusalWitty">
        <wurrupOwed>uncavePlumeteHornlet</wurrupOwed>
      </enuredRudolf>
      <railerFobs evector="poetly">
        <eelwareWastabl>shanteyFluemen</eelwareWastabl>
      </railerFobs>
      <drungBestridDeaner sphegidDortourTiki="balaamAsperge" bummersLilesFucuses="mistideEmbostBylined4079">
        <rufferUppiles>juratorJussory</rufferUppiles>
      </drungBestridDeaner>
      <uneye devonicScreenyYoup="teicherPudencySignora" deedily="tanguinVigourDiscant" halingProbata="hailesLevies" creadJugal="newelsUcheanHaviors">
        <hazers>gaggersJamwood</hazers>
      </uneye>
      <slumEydent>
        <applyCriticSangar>vinodOutbatUnbaled</applyCriticSangar>
      </slumEydent>
      <kalasie yor="mergersAkkad" repelAntonio="solaryMaghzenStew" nassau="hamburg" zinganaGaudierTutin="4016">
        <calcium>bullies</calcium>
      </kalasie>
      <bipodsAuks griecep="saiidBotte" ticchenMemoire="sleysYohimbeOuttell" pythiosViscous="tibicenArtemiaBroigne">
        <ignorerChurrus>fungicCokeney</ignorerChurrus>
      </bipodsAuks>
      <pythiusMozette exosmicAngkhak="lastingSynaxarPhtalic" purfledAgamont="toric1748">
        <plumpenJugums>mhorrRamoonUnvivid</plumpenJugums>
      </pythiusMozette>
      <ferular>
        <purloin>alining</purloin>
      </ferular>
      <tale keftianResuit="243881" torroneUplifts="rebatesHowWarner553" offlookBatsJazzbow="liliesAreelZorille" queakRanches="kikes">
        <mestizoLoof>quatersDogmaIurant</mestizoLoof>
      </tale>
      <salveStudies cablese="hexagynUnplain">
        <roquist>cerated</roquist>
      </salveStudies>
      <smiris akuPlanaruCiboule="sehyoCaselty">
        <debitPantMurre>wooer838</debitPantMurre>
      </smiris>
      <gambeerAlani samechs="retanStreite" rtiHexanes="barbuteSwankeyPlazas" absentsCombure="earlTruncusIsogyre" protonsTaxiedAfghan="tupekTerpine">
        <pentadSolaced>fanitCayenne5572</pentadSolaced>
      </gambeerAlani>
      <acate satient="tikisCauseBaria653" faunsPondy="rejig">
        <nitoPhotonsDrused>baunBeaners</nitoPhotonsDrused>
      </acate>
      <untombDivelScap disna="larkierElem780" grapeWadsNew="ecarteCath">
        <fehPilafsAcademy>adeems</fehPilafsAcademy>
      </untombDivelScap>
      <bantyDodona tortie="409">
        <anima>umiri87</anima>
      </bantyDodona>
      <muckle dioximeBarkleGregg="unwarp" kilnman="trocoOzotype" farers="myraSorcer" bingySekane="snouch343">
        <creepieLususesTintype>98194</creepieLususesTintype>
      </muckle>
      <doxa bariums="fanegasSchmeerUnrebel" yamunsSclentNaias="loro">
        <agitato>idist</agitato>
      </doxa>
    </upclimb>
    <increepMyraDefied arbtrnMangosCouvade="4" feuar="allyHiltTruism">
      <comityIsabel>iapygesDetenue</comityIsabel>
    </increepMyraDefied>
    <brideOverbid>
      <doughyMortary>coueismTeioidSyrma8311</doughyMortary>
    </brideOverbid>
    <pedataLaundry>
      <termedAlaresMaratha>isatic</termedAlaresMaratha>
    </pedataLaundry>
    <maat voetsekItchesGawked="expone" schinus="broil" seafoamTeuk="tegmentWeedingKetosis" becurse="togues">
      <kalachPogeys>1994</kalachPogeys>
      <gruyere slot="friscalSyrnium" reinfer="narwal" rabblerGrowths="856" borascoSauria="vichy">
        <jaglaTomcodsSited>9</jaglaTomcodsSited>
      </gruyere>
    </maat>
    <anguloaCooees>
      <tangleRepkieInfirms>facerSennitePodalic</tangleRepkieInfirms>
    </anguloaCooees>
    <gateauxGytrashYox reown="aworkSirpleFires8222" voilierKeblah="merop7460">
      <cytheraMess>hutchNouveauDunal</cytheraMess>
    </gateauxGytrashYox>
    <mastrasPauncheNavar>
      <failingAlbanyAsilid>ululuAditSline</failingAlbanyAsilid>
    </mastrasPauncheNavar>
    <embainMoistMegass centimeJctn="vateria" adibDispulpZealots="ammi" bargedHuashiClove="bitechePettlePotages">
      <snupperSouths>stewyStarn33</snupperSouths>
      <ilocano>
        <yonisOverfitCrunchy>braizesSnottyCullies</yonisOverfitCrunchy>
      </ilocano>
      <defuseIodols driptZaffre="suppostExodic" dankest="videHillock" morelZoariteWissed="aplomb7312" fjorgyn="fourgon624">
        <caryaSuperi>45</caryaSuperi>
      </defuseIodols>
      <wisure>
        <bonaghWhereon>nifty4</bonaghWhereon>
      </wisure>
      <jockos borersAddict="remaskUpmixDestrer" stroot="93" pterisStoriedAkinete="assumeStagedTarhood" projets="962">
        <ydayScanted>xylylDigram</ydayScanted>
      </jockos>
      <ghyllsArsinoRedan englyns="bombaxYakanErosive">
        <reckTylotic>17</reckTylotic>
      </ghyllsArsinoRedan>
      <meltSamal>
        <boilsShut>miotic</boilsShut>
      </meltSamal>
      <evokersDeadmanChataka>
        <caudexGophers>1</caudexGophers>
      </evokersDeadmanChataka>
      <wrawlerAmylumsGraals persesPishuGyron="24944562" scolder="408085" bagobo="21">
        <youse>panneGazes</youse>
      </wrawlerAmylumsGraals>
      <gelateMidways>
        <phasemyTowanIsolex>fibrous</phasemyTowanIsolex>
      </gelateMidways>
      <moreenFeedmanLunulet confit="plaited" syces="5815976" thine="saultsCowheel" ricracsDunair="bossingCauld">
        <hagigah>sandies</hagigah>
      </moreenFeedmanLunulet>
      <alasasOxan lithExtollLinsey="heweCurvet">
        <muzzlerBolidesPriam>3</muzzlerBolidesPriam>
      </alasasOxan>
      <whalyShoji prearmsSkilloPuli="unpray" shoving="beng">
        <gaupusBoser>505</gaupusBoser>
      </whalyShoji>
      <duroyChalehs>
        <garnelClerics>69</garnelClerics>
      </duroyChalehs>
      <switzer mezzos="barosmaMabi" epinaosGienah="eucrite" broomy="hagigahMunjeet" parsismUnmad="atomistPycnicSpackle957">
        <lushed>relandStoops</lushed>
      </switzer>
      <depositSissiesMollah nasaumpWindersKlans="spigots" sunsuitMiaowPyemias="ritzes">
        <dviguSlamsTryout>ingiver</dviguSlamsTryout>
      </depositSissiesMollah>
      <sarindaCupmate scarry="levaConcile" liversHumbler="seedageVenulae28">
        <footsMovedImplial>tuscheZaremaBabied6979</footsMovedImplial>
      </sarindaCupmate>
    </embainMoistMegass>
    <fadeout slipman="302649057" nonfat="amabileUnendlyBatties96" marantaSmerkAmyelic="elytrin">
      <barleysYoked>zestierFlusArshins</barleysYoked>
    </fadeout>
    <loammi>
      <kenspac>loutsLogis</kenspac>
    </loammi>
    <tub propylaJukeboxWendish="45" sharpyHowel="8" wrapBearded="rundleSpurwaySoud" blub="spanedEryops" passageEspiesDamp="poppets2334" salpsMoonie="capronSalomePrimi96" paniolo="tapetaVistal">
      <maimedGoburraSenti>ozonide79</maimedGoburraSenti>
      <supered airerEnaptKangla="revisedAppend" vastyPathema="flintyIgnatia" ocoteKaysCoontie="frumentSickleGuetre" voidsCaxonForbar="erringQuasheyLesiy">
        <utasUnfurls>faurdTambo</utasUnfurls>
      </supered>
      <armers frittBedrugBonding="outwept9">
        <grumblyKillock>34865552</grumblyKillock>
      </armers>
      <makeups wises="bangosCalaiteFlukily">
        <trifle>281</trifle>
      </makeups>
      <hexaddBacketCupels plebbyGoldeye="terretTagalog" elkumaPlastinVeepees="melasTropism" kifRowt="callous">
        <craniad>atroceWaxed</craniad>
      </hexaddBacketCupels>
      <aspirinAefaldyAmbos peelerIkanGibbus="stowsOakenManzas5" guckSnodly="rawishSyllabePatata" creneleHoverer="asbolanThionin">
        <osierArgasMandaic>humans</osierArgasMandaic>
      </aspirinAefaldyAmbos>
      <loculesOozier roc="whacksAcestesMaximal" sipping="dilleskBecrown" affixerGutsily="oatlikeOverarmBarocco" vertigo="62891">
        <tasksWith>wheezyDartingHennin</tasksWith>
      </loculesOozier>
      <spruik xerarch="dears" toreroCibolan="featy" thaeCheken="583">
        <onerateLorum>pycnicPasul</onerateLorum>
      </spruik>
      <quailed appmtLackiesDisring="393" sideage="hawaiiCabbler9925" coursy="terrainEpirot">
        <reseiseManway>leftyBuruchaStag</reseiseManway>
      </quailed>
      <uranateProtyls domable="wambuguNesiotSomnus" crumpet="unhusk">
        <rabbinsUsitate>lilas</rabbinsUsitate>
      </uranateProtyls>
      <carpeRoutersIncrash goshFplotSipped="secparHydageAppetit" biffinSaya="47" cagoule="myxoma">
        <hotheadVardaGeck>lampfBintDungeon</hotheadVardaGeck>
      </carpeRoutersIncrash>
      <yuan klezmer="50" pheninLeamerAntipot="donatWhomInfirms">
        <cappyPirrmawNein>ashrafPhearsePollock</cappyPirrmawNein>
      </yuan>
      <pedreroPrisonsCedre>
        <quoters>cannerTraheenLaughy</quoters>
      </pedreroPrisonsCedre>
      <nukeNewt roaring="retortMikir95" composGaol="vergerMangal">
        <backlitTowered>riyal</backlitTowered>
      </nukeNewt>
      <bunkoCrags bushidoCyders="cuspsHeftersCetanes" estral="lipanNoopAzoch" hit="49541180" wowAwolEkron="elegist">
        <glochisCoxal>ghilzaiJacketyWillied57</glochisCoxal>
      </bunkoCrags>
      <rockletCong saanWoodoo="dabihAvysGraphs">
        <quackedKroner>sonanceAulaeCasziel</quackedKroner>
      </rockletCong>
      <arrect achech="elijah" bryonia="stableVesselsPandies" khirBrionyUpbye="zeoliteElfic" chiding="3612">
        <poinderLeaving>75</poinderLeaving>
      </arrect>
      <gervaseHomageComby urdsAudibly="friskerBarrenChumar" weedful="abayTabidly9" swigged="habitSnibLys">
        <debosh>eagless</debosh>
      </gervaseHomageComby>
    </tub>
    <flambesDomines>
      <inlakeSiecle>53</inlakeSiecle>
    </flambesDomines>
    <musclyOompahIng>
      <bazarGrieben>78</bazarGrieben>
      <mustang>
        <bursalLantacaOraon>abacAspires</bursalLantacaOraon>
      </mustang>
      <mene orselle="151720811">
        <stallerUnbase>wanguns</stallerUnbase>
      </mene>
      <bolding fellonBim="stoush" coracii="8" aleftHurdsPointy="gau">
        <tarazedValorem>cabindaPommiesRejerk3285</tarazedValorem>
      </bolding>
      <celliteTittieBay slaysLalang="capkin522" chemung="4" dosadh="921249" sakkosQuirk="baggedArcheanAutoing">
        <aiolisGerboEnalite>thob</aiolisGerboEnalite>
      </celliteTittieBay>
      <kgr kermesStroot="bocciaHosemanAerobe24" goddamnMumbledKeelage="jataka" lassetVatful="deforce">
        <taghlikPagneBulrush>traceTroozRemarks</taghlikPagneBulrush>
      </kgr>
    </musclyOompahIng>
    <eruptsElysia>
      <cripplySpigots>armrestKibitzElkhorn</cripplySpigots>
    </eruptsElysia>
    <doek>
      <daggledMyzontUnbar>uayebCogit</daggledMyzontUnbar>
      <gazeWaftageRighted raved="demiowlSwarryCritism" soyasHoey="umload">
        <debrisExedentNixing>centumsObscureBurlers</debrisExedentNixing>
      </gazeWaftageRighted>
      <adcons nomenCanineLakism="sonantLungeeGladys" oathAdjigaSinked="kitysolPileum">
        <cyclesDulce>gomeral</cyclesDulce>
      </adcons>
    </doek>
    <teenishCarackReagan>
      <sturts>rouelleAmatitoAnoxia</sturts>
      <denver whoopedVisne="rowdiesTattiesStatic" kotwaliGomavel="134291" taipans="kirghizSurfyVassals9264">
        <izchakCitolesArretez>tylarusRundale102</izchakCitolesArretez>
      </denver>
      <cupper>
        <fadmeRongeurDiapery>vughsLote</fadmeRongeurDiapery>
      </cupper>
    </teenishCarackReagan>
    <orlesDerere>
      <lulabimPlyer>mondegoSootishExpel</lulabimPlyer>
      <carman tubbed="toluidoPatinaVoidee" inflowSpruceManweed="jussory">
        <letupCratedSwitchy>prepn</letupCratedSwitchy>
      </carman>
      <cloamDollars sorbol="183" olivaPipple="sickleEndent">
        <heloeUnhastyVii>fetterToroidsUlcers</heloeUnhastyVii>
      </cloamDollars>
      <copenFlambeeDinted sabziRashestJuneau="toltDrinker">
        <nuggetPadeyes>honeViander</nuggetPadeyes>
      </copenFlambeeDinted>
      <roakDhamnoo sipper="twelfthHaji">
        <mooktarBugabooMargins>90291519</mooktarBugabooMargins>
      </roakDhamnoo>
      <ymca>
        <milcher>lallansGentiinNeoned</milcher>
      </ymca>
      <amatiDrablerCogida murgaPutschUnknot="48219" nutrifySelina="419" kacha="kidlingRefract">
        <graithAffuse>radicelOarial</graithAffuse>
      </amatiDrablerCogida>
      <gardeny aproposDupion="cycleneViands">
        <pythiumRaspers>winerEngin</pythiumRaspers>
      </gardeny>
      <mononymCasco cuckoldDossmenMandir="coosifyOnerose" trompLipoid="staree7" kevyn="unstiffMarkupsLongful">
        <sasinKirschNemas>casitasExcels</sasinKirschNemas>
      </mononymCasco>
      <sarodes tag="networkGunLosing" barn="amidase" tokopatVilla="pahoMonkey6">
        <unitismTorteau>dingedArgolsAlay</unitismTorteau>
      </sarodes>
      <accraHouting dimeterRosolioMushily="uglifyDyasterCoughs">
        <satyricKhankah>splayed</satyricKhankah>
      </accraHouting>
      <suresbyPiuHedgy dodding="12605119" jefJoshed="oleo" weedow="eucalynEarring4">
        <grenado>7</grenado>
      </suresbyPiuHedgy>
    </orlesDerere>
    <doomerGreatlyPyrrole byron="norths">
      <tumpsConcordKikumon>clitiaStades</tumpsConcordKikumon>
    </doomerGreatlyPyrrole>
    <grameDisrankAmiga guttule="ungaged" storage="716372" avidlyDeadmanMarae="25434" oakland="colobusKismatsString" kinoosKoi="crpeNicobarAbducts" tincalAliptae="2014534" forego="wankyLeaversBounden">
      <lepiotaMilieus>337</lepiotaMilieus>
      <fiskHereto>
        <calletWaffleMezair>flareEmerize</calletWaffleMezair>
      </fiskHereto>
      <aldeiaDesist puffinsEgyptVocably="calahanKibeIncrash" amokOutness="163" snirt="haeresIndeedy" reveto="242731">
        <wyssOristicRepump>juneauCrojiks</wyssOristicRepump>
      </aldeiaDesist>
      <chofferStrage hoofer="ameletDupedomBondman86">
        <sumpman>474</sumpman>
      </chofferStrage>
      <puffing concavoCynicGluteal="rechantMaftir" bothieLowsinColing="hereto" pootherKorwa="skidoosRechalBulbed">
        <dossJawn>originGirdingDup</dossJawn>
      </puffing>
      <tablier paprika="nubbleRollway84" gampsNatalieShacked="elviraAmparoConk388" mauncheClastLusted="roselle" amblersUnruthGomeril="7">
        <eyen>slided</eyen>
      </tablier>
      <sortingCreekIambic eudemon="manterBrahman" belliteDuncery="libers" antisexPutout="puquinaSelamin" reseiseMontesBatboy="anhangOsmous82">
        <rhodes>afloatNaw77</rhodes>
      </sortingCreekIambic>
      <kubbaCramperRondure enniche="68" dumpRemint="cometicPrebake" restful="unspunBollard11" prankedOtcJct="oleoReissue28">
        <isobaseHashy>politicCavalry</isobaseHashy>
      </kubbaCramperRondure>
      <sloat>
        <yarwhipGoitchoLadyish>jaywalk</yarwhipGoitchoLadyish>
      </sloat>
      <sandalsPatache schellyMescalsEchoed="prad">
        <truancyRetoldNapkins>ballockTammockBottle</truancyRetoldNapkins>
      </sandalsPatache>
      <yohoBalmony lactoneGinsBegrown="dashSublist" opiliaSpontonGlam="killdeeMaizerBatta" buddiesWavableTarging="borzoisDoucinYolk87" corkingAbbot="2">
        <ratify>muscidsUnseamDrate</ratify>
      </yohoBalmony>
      <ytterDeedyQuillet>
        <colderKakis>eeleryLyssaOxalite</colderKakis>
      </ytterDeedyQuillet>
      <tamanduMyiasisRevisor flooey="innuitCuj" grager="trailyBallockRecuts" cycloBrusque="345" kurbashEsslingRacism="plowboyUnfried">
        <sarcoidUnfelt>downcry</sarcoidUnfelt>
      </tamanduMyiasisRevisor>
      <parodeYournServing oxyaena="1" millrunVisardsBrainge="frags" reatas="carrykeHumbug">
        <banbaDamianaBhavan>callet</banbaDamianaBhavan>
      </parodeYournServing>
      <amtrack scarphsPawningPeerly="reladleRouserPoky" inital="danglesIcefish" goiterSwerves="444" pomelo="sier">
        <exemptsHornier>hunters</exemptsHornier>
      </amtrack>
      <loadingWiches pileoliAway="687447545">
        <byssoidArsisRuches>misselRhymedGuller106</byssoidArsisRuches>
      </loadingWiches>
      <abused wigmakeSlouchAline="newish" tachsDispell="sexlyVaireVogul" shilhaArvoRiverly="amongFixityIndamin8" voilePushierPenlite="bebaySpeededJabia">
        <unprest>peerFinitesBonaght2031</unprest>
      </abused>
      <rakitGuddled eyotAlgalia="93062" xina="boaters" solgel="uaraycuScaryNep">
        <acidly>4</acidly>
      </rakitGuddled>
      <leak nicaeanReharm="holds" baklava="getupAnouraSight" unsleptNinut="airSidder21" stabled="boyismUvalaMucosae">
        <spare>punaiseStouten</spare>
      </leak>
      <atonicHawbuckSudsers eulytinWinbrowRivina="766">
        <triplet>colmoseTawhidTartest</triplet>
      </atonicHawbuckSudsers>
    </grameDisrankAmiga>
    <kharua>
      <unhazyStriken>valetsTerrenoBezan</unhazyStriken>
      <languidEpicyteXvi prunaseDaityaNebulas="nitoOndatraCaulked">
        <engorePaisBarnage>sirensSniftHewable7</engorePaisBarnage>
      </languidEpicyteXvi>
      <hareem jizyah="strafeRigletKallege" upslipParoles="7349891" jarlessSeruleFermacy="kory" emdaCaunosReswell="efforce">
        <twingedCavae>crappedSilkie697</twingedCavae>
      </hareem>
      <jger swoosesMoble="insp" pitwork="sipapu6344" aeolusBharataRookier="boyos" bein="owler6461">
        <angild>reps</angild>
      </jger>
      <manatusYapocks preoralThonderQuixote="106" ploysMissit="staunchDyadicZookers">
        <rog>smellieAnimism</rog>
      </manatusYapocks>
      <tomcat brionyCopied="causaeSkreelClinal">
        <godetia>recrampOtic</godetia>
      </tomcat>
    </kharua>
    <anthemy>
      <baikie>biaural7</baikie>
    </anthemy>
  </metroJewbirdDehgan>
  <casette marmoseCavia="curareMulledMulled" maiacca="bootBabboolFinnic">
    <dhooraWhangsMoosey>
      <pilings>50865</pilings>
    </dhooraWhangsMoosey>
    <mozos sichScoley="bridgeNigglerMerril" risp="quilkinHalm" clientsFancifyObsede="alkennaSolider6" utilePodlike="hebenonCacicus" peabody="morcoteYesCarty" shnookBowsedBontok="644440030" archealMealierFurious="enneadSalvosAttent">
      <oradHylomys>jacobStintyVote</oradHylomys>
      <swart contin="1" kloesseCrizzleObolus="malitiaPaydayKnosped" karatsScalpelHaffets="repugnsCaddleBriery">
        <townful>scaups</townful>
      </swart>
      <spay>
        <invitesRomans>fluerEnaena</invitesRomans>
      </spay>
    </mozos>
    <zigging>
      <crackleFeelers>slorpRoosers</crackleFeelers>
      <oafdomBimongCopals crim="mickle" gasconUnshakyCrower="smickerSkater" cropper="leprose">
        <revelryBrevity>geggeryWainsEidetic</revelryBrevity>
      </oafdomBimongCopals>
      <dismit earlishBalkilyDuffles="571506">
        <prussinCustodeSang>primaryLazuliPeelism</prussinCustodeSang>
      </dismit>
      <gonadicMaraudsPyaemia addAnimoYonic="alfinNocake" alvia="8757" unblissAreas="1968335">
        <foliousSubsalt>martyrsJagong5181</foliousSubsalt>
      </gonadicMaraudsPyaemia>
      <flyted arcual="fabricsFlemePawnor">
        <dogtieFondaco>abadaNesiote</dogtieFondaco>
      </flyted>
      <swertiaGauming ecdysonNomancy="abscindDolose" upsuckBreton="befumeAssemblMesser" lehuasSeedersBasic="yidImmy" wimbledConcrew="axlesRates">
        <subcoolThousIbycter>fellahs</subcoolThousIbycter>
      </swertiaGauming>
      <dwarfKnishPestle cleansRhaMoolvie="silleryRamie" quieter="bluffly239" sagoWinery="7029820" shmoSarlakBalan="primes">
        <homeoidSeelUntiled>agyriaCyulAustere</homeoidSeelUntiled>
      </dwarfKnishPestle>
      <sarraClaroesCigale vardyVanmenLurdans="crusadoTeheranMabolo" vardaUncleWaiving="jeddingOveyOutfled">
        <mererRevenue>schrikYahanTwiller</mererRevenue>
      </sarraClaroesCigale>
      <isotachFiercen forrelTanjibArian="hogniNecksDaggles" trocharJosh="4023">
        <warnsMidwife>759</warnsMidwife>
      </isotachFiercen>
      <notify volutaeNones="697">
        <cannerySwedgerScuppit>habub</cannerySwedgerScuppit>
      </notify>
      <lop>
        <greesGlebaeAroids>buffaloHest</greesGlebaeAroids>
      </lop>
      <accuserRumpsUrotoxy saumyaWeaserEbcasc="cheaps" chayotaBurping="karooBombay27" owletsHahsAncoly="53">
        <tilaksDilisParesis>grace</tilaksDilisParesis>
      </accuserRumpsUrotoxy>
      <disuse veridic="fibromaThrobs1817">
        <thanksCornbinPlunked>syntholRotches</thanksCornbinPlunked>
      </disuse>
      <veloce stifle="77" roques="unbarsReadsTendent">
        <hyssopVerbene>misharaRechewBeat</hyssopVerbene>
      </veloce>
      <previzeGenreKetone dacusIgaraAbaxial="axiallyQuaky" creweBulbier="horahs">
        <yacalUnstillEnstyle>updeck</yacalUnstillEnstyle>
      </previzeGenreKetone>
      <botulinBodegas>
        <romeite>fistuleRestiad</romeite>
      </botulinBodegas>
    </zigging>
    <palishUmload>
      <amidon>7</amidon>
      <lithite igorotWeirdyUnsheet="8060" redriedGant="limbas" pastierUnspellLymnaea="amuserAphidesFurcae" ceroticMesodic="spailBebilyaDonatio321">
        <putoffsName>prisms</putoffsName>
      </lithite>
      <howdieWhimseySium suggSylviteForgo="viande" chymase="coosucPartan" otozoumOverest="snakerySobolesCheeney" refereePleuralFin="elaborGoback">
        <singlyMonotic>36790362</singlyMonotic>
      </howdieWhimseySium>
      <prissesSpiders nappedBilgier="cortexDagomba">
        <foisty>moschusWorshipGlommox</foisty>
      </prissesSpiders>
      <diatoma litho="pileusPlasticTsantsa83">
        <testingKanauji>avitalLoverlyYildun</testingKanauji>
      </diatoma>
      <guestedUnbusy alange="cangiaBoubas" acluChkfileGurries="lesbianScaseKinging" undockUndustMannan="bannetsEllopsMurly5290">
        <muzo>aonach</muzo>
      </guestedUnbusy>
      <hwtCooboo pulleys="raguleTailetAmmiral" cuffer="doggy8" dreintMargay="feodumParnel" uvalaCoolsRapeful="bedadUnfele">
        <tatther>coempt</tatther>
      </hwtCooboo>
    </palishUmload>
    <dimoricTarbush>
      <ditcherMetristOpalina>curtanaNidiNonpros</ditcherMetristOpalina>
      <arrearHilar loculesHive="24" josh="manumitDrawboy">
        <bocasin>tofts</bocasin>
      </arrearHilar>
      <marronsEluates malakinNewer="etoffeRoshi" assifyIrisedTouched="65524774" reese="508">
        <myricylCupels>stigmaiCedulasCounty4</myricylCupels>
      </marronsEluates>
      <chouserAxumiteUptide matelotSteer="untineBozo9" edplotTertioToupee="iranist" reticle="oatcake">
        <macduff>305689</macduff>
      </chouserAxumiteUptide>
      <jaw subgyriAvocado="latensStamper" satoriiRegnalCarane="8517">
        <honorer>osmics</honorer>
      </jaw>
      <quinuaEmmove lethiedLurch="slapsGonakeLitiopa6059" flatbedRocketsEntombs="6504" bungingCothy="fanteeg">
        <lindiedTousedBunnia>biarchy</lindiedTousedBunnia>
      </quinuaEmmove>
      <draggyPopinacBopping puliolBrisure="596" maheshCoak="koaeBeings">
        <gulpierDrearly>numb</gulpierDrearly>
      </draggyPopinacBopping>
      <supersClypeiOreides fervourMohatra="795" snowyAckeysConin="3809415" mixtion="nudest">
        <litmus>redanPilei</litmus>
      </supersClypeiOreides>
      <wragerKorsOxygas sunupSubsidy="819" urlingTenebra="lophuraWhirls" ajajaBuseraManjak="popped9">
        <tsambaShottyKhadi>evacuee6759</tsambaShottyKhadi>
      </wragerKorsOxygas>
      <repackArauaDuftery>
        <seiren>5</seiren>
      </repackArauaDuftery>
      <entone soapProtoFally="7091330" kenelmDucked="901" forswat="fowkMeseEmpexa" gogletSnoopsZippy="claims">
        <recoolOverarm>997449979</recoolOverarm>
      </entone>
      <plunderEstrado>
        <polynoeGaminMalade>30986639</polynoeGaminMalade>
      </plunderEstrado>
      <sledged badious="windledEyelid">
        <baygall>sunketLoobilyTenoner</baygall>
      </sledged>
      <siccityCavaeVolapuk>
        <entwite>clariceMureinPtomain</entwite>
      </siccityCavaeVolapuk>
    </dimoricTarbush>
    <yokyPolleraTignum mycotic="746133689" greggeKidGibed="birsleTilsit">
      <copterOdzooks>caumPilfery9</copterOdzooks>
      <satiate mines="minding">
        <derivedChatotNephron>couhage4</derivedChatotNephron>
      </satiate>
      <unwillDieterBerith>
        <yawpingGammons>dichas</yawpingGammons>
      </unwillDieterBerith>
      <naggle>
        <unhazedAgma>sensify</unhazedAgma>
      </naggle>
      <equison trizoneLynchetDrag="tummerTyramin" morcote="barwayRiveCumulet91" estrepeOctadicCarcake="olpeCoatieBryce3392" unjuicyJobs="spewRemits">
        <hors>smurr540</hors>
      </equison>
      <modestyUpmixChoker prorsalBrast="onyxPedagogArided7564">
        <sluffedExtypalCaked>simous6682</sluffedExtypalCaked>
      </modestyUpmixChoker>
      <gilgulQuotityHalcyon biancaFixers="658099">
        <norelinBedaubBogging>croniesSnawle</norelinBedaubBogging>
      </gilgulQuotityHalcyon>
      <matherHaceksNarcous>
        <gals>297544855</gals>
      </matherHaceksNarcous>
      <picquet enchain="augetScleral4" broke="1" takyr="safety">
        <drukpaLadinUpsides>newburgAranga44</drukpaLadinUpsides>
      </picquet>
      <hutted catpipeDirledCanzoni="waufie" wahahe="goals2" bovoid="yaffler" relive="johanTroolie">
        <fungusyLituTuraco>523506268</fungusyLituTuraco>
      </hutted>
      <sugann artlessCrimineDingily="bulbilsSploresWhisk33" doxa="zebraArachne" siganus="roguesCadmideMikron">
        <awee>aerobes16</awee>
      </sugann>
      <unwittyMeow sowersDusklyWull="40737" vestureGemaric="lepidScantsBass" geishaKadmiNaja="aguishLuciusArb7447">
        <typobar>785</typobar>
      </unwittyMeow>
      <coddersStrenth penta="18557">
        <blolly>defetCabulla</blolly>
      </coddersStrenth>
    </yokyPolleraTignum>
    <lopes diodontBitesJaguars="outhurlCitiedFlaff" kogaiCuckArvo="millileMidlegsAptest" inachidWernard="mastedKeefFoulish" morphia="micrifyScritSimilor" chopdarCalfretSleezy="kalium9194" ferdCeroonCupping="obeahRotten" hullingFilling="988">
      <atropinAsprete>fretfulBepearl</atropinAsprete>
      <milosHalved ejidosChaosesSwiften="altumalTrace5939" trog="jinnee">
        <saiphComfitJosher>11</saiphComfitJosher>
      </milosHalved>
      <dinting>
        <caninesResweep>algific</caninesResweep>
      </dinting>
      <behaleGeomysPlucker airifySlubLake="mahound" icelessLeagued="3">
        <boomkinReseeks>renduMungubaHooly</boomkinReseeks>
      </behaleGeomysPlucker>
      <kenosis>
        <malvaAjowanCandy>3</malvaAjowanCandy>
      </kenosis>
      <deductNache>
        <papyrOutsoar>9205763</papyrOutsoar>
      </deductNache>
      <begum unturn="kiluckTuts" veuve="messireAliterJackets" pennant="tectumPieless">
        <ditties>stagingBalcone</ditties>
      </begum>
      <dinkCushats datura="barffAccededBogged70" iterate="dossalGammingBiases" grylliCuminol="3053593" royale="392">
        <oviformSestuor>kempyPleb</oviformSestuor>
      </dinkCushats>
      <arrasShlu badgeChymic="gadiDolcino">
        <soavesImplial>neepsBedunceGust</soavesImplial>
      </arrasShlu>
    </lopes>
    <unguealSotter>
      <gaurianAngles>drabler</gaurianAngles>
    </unguealSotter>
    <colon wackyOutplotNovella="quinuaBeatas7967" upcurl="chevy926" catouse="oxbow" nefasNetman="insane" bulbsErode="derk">
      <earmarkQuartesTilery>herosGlucic</earmarkQuartesTilery>
    </colon>
    <aslaverDossetyKoreci plumoseZentnerFarcing="cronied" respiceCaplinFive="raggledRaisersBukeyef" unwedge="shaderTylariKeslep" articleJewbird="imaretsSimiad" amiesReratedVrocht="atoxicAraua" sacrums="eroticGratin3194" syrian="besayle">
      <cyclose>prizing820</cyclose>
      <bodword pieingGrouze="bennies">
        <pratalBreards>agarwalSalinanGaw9606</pratalBreards>
      </bodword>
      <roll hyemalRaffia="5809138" paggleKatieBolts="medickAfresca">
        <hunnianEegrassMitome>nonformGluteal</hunnianEegrassMitome>
      </roll>
      <oldlandAportRodsmen>
        <uncrispOpuntia>fraggedShiftyCooser</uncrispOpuntia>
      </oldlandAportRodsmen>
      <zigan teazled="9" merits="majagga" zymogenKlutzyKane="surcoatFicula716">
        <angeletVagancyRanid>bact</angeletVagancyRanid>
      </zigan>
      <serened circlerHalalah="piskPinxSourest" cepsPrimmerTerass="howkitHylidsAnguria55" coarbGilo="kinged" asiminaToke="557262933">
        <stubbly>bluntBalkers762</stubbly>
      </serened>
      <haskyCrosier pheon="rapilloHederinImpark" suppneaPilusMeinies="milhaWayward" hoddenTroth="enolicTrod" clasper="glassen">
        <pepsDonetRapped>97</pepsDonetRapped>
      </haskyCrosier>
      <papers berms="savesGussetGlumose" astableWilningJowter="reffingPlatic">
        <browstBrank>stoping</browstBrank>
      </papers>
      <cyclism>
        <alamort>kreuzerFocuserSoftie</alamort>
      </cyclism>
      <caunch thuluthRousCocaine="whirleyDuncifyTanrec" enhuile="weftsRusset" canaryNom="741" stank="truttaGarawi7">
        <ginnelDicyan>medicaBiggah</ginnelDicyan>
      </caunch>
      <heapsMespilTsking>
        <zebrass>domineHippen</zebrass>
      </heapsMespilTsking>
    </aslaverDossetyKoreci>
    <tideful>
      <alterneOblong>547</alterneOblong>
    </tideful>
    <skyrin poieticTobaccoGamahe="hoggingHumateNolo" zinckyOontMeant="heretoWronger" mamaInaner="pissPiarist" crusCedarn="yatiganJunkman" undineMagrimSattva="melter9911" fetch="drouksStageyCratons" credens="auroraPlowman">
      <tenon>hins</tenon>
      <pishingChauna wetterUnsew="badchan" lithoedNinthLucina="15">
        <analogy>tagaurCruntShelves</analogy>
      </pishingChauna>
      <frotherLeaperPickoff>
        <streamyDowily>7773</streamyDowily>
      </frotherLeaperPickoff>
      <eelierZeugiteEgging ward="3797" cinclisMarinas="161542">
        <cubbish>tybaltUnnighUphoard</cubbish>
      </eelierZeugiteEgging>
      <inclipSereParte ukasesEsseda="ann6">
        <cansos>bordragGaper</cansos>
      </inclipSereParte>
      <wakhiOooo mousme="weanly" slaws="medishGibli" fiances="pursuedSimon95">
        <warheadGosLento>flubdub</warheadGosLento>
      </wakhiOooo>
      <relic barrelsParesesEserine="comesParters" baureWacky="rhedae7" bespawlHipperGalant="239" cordsScooch="kola">
        <readersAgraphaBewry>64390</readersAgraphaBewry>
      </relic>
      <vrotherInciter gattine="lambieLouping" intortOxbane="defenceRecurve993">
        <relayer>podetiaDamson35</relayer>
      </vrotherInciter>
      <emerize>
        <swizzLimbs>cambioGanodusBruiser58</swizzLimbs>
      </emerize>
    </skyrin>
    <verd cedrolGleemen="gradinsBarber" oread="obtainsWiremanIsatin">
      <inertly>meninxAizle</inertly>
      <marsianParlish>
        <kateBoniSporous>hiking</kateBoniSporous>
      </marsianParlish>
      <rotgutEnfortThesium babsTopeng="camenaeWithoutKerry3451" rumbaedAcquietCratch="easy2490" misniacPietism="wryestApples">
        <sunspotBugaboo>bunkumTheekedSlabber</sunspotBugaboo>
      </rotgutEnfortThesium>
      <dogshipCindieVuggs poldron="cowherd" piquetsJailors="ruggyAzidesFulham6" snakery="bainingBututsTedesco">
        <homogenCremone>384314193</homogenCremone>
      </dogshipCindieVuggs>
      <mooredJills dorymanMouton="glinseOutgrowChewed" avourDassent="hostelJong" playoffDiswoodRacoon="mezuzas" bogeys="siamBilimbiLangsat74">
        <damlike>cressy</damlike>
      </mooredJills>
      <archinPaniersAffixed beggarSpitted="grazedBodrageWipeout" jehad="sequela" bulkFastsFeists="cambioFirkerAvenage" nephiteGooralsSkice="yampeeTstSpikers">
        <muscade>parrsCholtry54</muscade>
      </archinPaniersAffixed>
      <cadwal astintMinaway="8239" flopIllogicFosie="lemnianPhilosCissoid9038" hypnody="corymbsAbortedRinaldo" solandPetre="enjoin">
        <surreyAlmudsTopeng>chaster</surreyAlmudsTopeng>
      </cadwal>
    </verd>
    <polewig>
      <bywaysCreased>skatsVenal</bywaysCreased>
      <nappiesBlowse>
        <fondantConteNervose>strutsBegary</fondantConteNervose>
      </nappiesBlowse>
      <sirenicCaptainRhamnal belgaYeahPotass="dobuleDelaterPays" wanMineralWailaki="85" postingEcuelleForlain="maytimeMoonLaky">
        <reorder>golfingWhiskDicer</reorder>
      </sirenicCaptainRhamnal>
      <afghani>
        <arainRedes>hidesMaghzenSchedar</arainRedes>
      </afghani>
      <quachil jeeryBoxtopsLeys="faceoffCalombo83" chymia="reccheAcorn">
        <calcar>yarningNonjury</calcar>
      </quachil>
      <taftOutrung hopoff="775555397" spacerMeanPrinter="patesiUnipedHocked" puisny="hydrulaThroughHarast">
        <bilandDharna>asarhLpmKiby</bilandDharna>
      </taftOutrung>
      <faenceUlla jingOstmenAmirate="unstoneDeputed9528" baaskap="brawlAughtRegally" abd="funliSpoofJugal">
        <dulcid>46457</dulcid>
      </faenceUlla>
      <iwearthGogga>
        <vervetWheaten>consolsHewhall5596</vervetWheaten>
      </iwearthGogga>
      <opiumBurghalVialful toluene="dukkhaBohunk17" uncrossIctusesRustred="vettedRelead" maihems="sacculeCoenuriOverbet" taka="korrelDungsExodus5">
        <brujaNoisyZoning>82238969</brujaNoisyZoning>
      </opiumBurghalVialful>
      <suqSkelperSnifty gpdHootsBranch="bingos52">
        <tpdKaffirParli>racons</tpdKaffirParli>
      </suqSkelperSnifty>
      <keelfat>
        <fleeLifedayMzungu>gutte</fleeLifedayMzungu>
      </keelfat>
      <mydausRamrods millerSerSponger="clasp">
        <hexaped>besitBaniva</hexaped>
      </mydausRamrods>
    </polewig>
    <damnumBuchiteSnool plucky="urates" slackerPyridicOdylic="fronsMimRashers" sedgingTripods="trowmanPatataCoppled2179" saccadeIberiaIsolate="staxisSalutedBecoom">
      <nevome>feature</nevome>
    </damnumBuchiteSnool>
    <toxityAmbitalLives mordTrivetsPigboat="copsyEphyrae" stagers="866">
      <bordagePyxiesAmlikar>liarsSalpae</bordagePyxiesAmlikar>
      <donmehPugaree olent="68400">
        <dulses>97105432</dulses>
      </donmehPugaree>
      <pisachiHooktip caducei="93162334" incherJess="chapperBodgie">
        <syrupsMikronGuiser>157</syrupsMikronGuiser>
      </pisachiHooktip>
      <coshPreceptRatfish feeringBedelveZabian="brazensAqueousYobbos">
        <entererDouras>wud</entererDouras>
      </coshPreceptRatfish>
      <thulrGuys beardedValuer="byzants" kromeCodifyScudler="momotus" reifs="woodmanSlup3863" reshotBenefitSutu="atabek">
        <refinesAtmos>strueVictual8520</refinesAtmos>
      </thulrGuys>
      <optical exam="strangMerfolk3" herbyGroserFesses="aequor4771" lysatesGyrinus="tinsy686" nazeUndaub="eggers">
        <foveaeObsessJalor>200035</foveaeObsessJalor>
      </optical>
      <forciteInvivid>
        <crisplyEnsuite>pyuriaDebyes</crisplyEnsuite>
      </forciteInvivid>
      <lionsOvambo soundlyAdeline="1" graying="kiterDeployPiceous" bedown="unbootArtus4" dayal="frisii2977">
        <diet>98294133</diet>
      </lionsOvambo>
      <gandhiPlaitsArid ghazisAldiminElbower="aesc" loed="8714">
        <lushy>fringesSembleCondor</lushy>
      </gandhiPlaitsArid>
      <canstXeriff>
        <leggyBytalkMyths>70706</leggyBytalkMyths>
      </canstXeriff>
      <zaffarUropod agudistExocarpCorsos="repressAlevinsLactim" reflairWeevily="fieldIodin" filagoLassuDunbird="tambacIsolomaFutiley714" cantedDonors="84681">
        <nizeyBataviPravity>diapersAccentPhies</nizeyBataviPravity>
      </zaffarUropod>
      <usentAtresiaHeathen keyage="ctoCapel126" inchest="flobbyArmlet" poral="8361036">
        <reived>unstungHageen284</reived>
      </usentAtresiaHeathen>
      <dammersTammie>
        <frenchy>7713251</frenchy>
      </dammersTammie>
      <armourySempre crozers="wample" fastusSoother="1" phoebeImpowerStilet="wealths">
        <charnu>sashingDourine</charnu>
      </armourySempre>
      <outcityYeanedManfish dingeysYeastyRtw="teiidFlashyCowhorn" mogulsBardingIndole="homamSimplexOffered" tawhaiTung="puddled14">
        <herosMarita>japesMastax3254</herosMarita>
      </outcityYeanedManfish>
      <aporiasChitonSavory pier="maundsAntibugPennon" clews="revileErrantsPewit" alyssum="boccesGaeldomDuler">
        <hazen>scorchs5311</hazen>
      </aporiasChitonSavory>
      <bonsai rates="kharia" kolobiaFlavius="1" jupard="fencerVouchedPrecess" cockierNorfolk="cheetal2">
        <pardineInolith>caecumTubal</pardineInolith>
      </bonsai>
    </toxityAmbitalLives>
    <acetumBetula>
      <valenceGoateeJot>544</valenceGoateeJot>
      <furredBirrs buicksRosterWaftage="215" orbletVialingShadowy="splurgeUtrechtAssoin" amarine="clunterZambia9785" daedalFren="host">
        <unlamedImbauba>9298</unlamedImbauba>
      </furredBirrs>
      <curtaxeKahunaMagyar contectPinnas="spellerDamasseLindy952" mitredErodes="trent" unnailDiamins="nonsuch">
        <gallachPewage>muddSlotmanRemolds</gallachPewage>
      </curtaxeKahunaMagyar>
      <unlax sequestJests="hamletSires" belibelPlayletChiller="madafu" resetsFirmersSeldor="satangsRevest" goboThixleAdages="flacks">
        <fougadeTipmenHylean>wadsets</fougadeTipmenHylean>
      </unlax>
      <tlaco ridgierGigtreeGodly="1203256">
        <cueingKinderEscrow>steatin</cueingKinderEscrow>
      </tlaco>
      <twifoilOverfit katydid="8838" saivismAnosmic="escalopNogakuYukkel" dolling="malwaHumansArjun">
        <seenil>mirk26</seenil>
      </twifoilOverfit>
      <doodahChibritGuarand nonepicHelpfulCarina="wifekinBidensFiggle" sloggedToywort="shealNoxal">
        <toffiesPiolets>habenalNaevi</toffiesPiolets>
      </doodahChibritGuarand>
      <akeki wurrusFourthMpb="ifePrespur" camailBackupsRipe="waferNoctuaeApar">
        <atweenSwilkieYarkee>3731902</atweenSwilkieYarkee>
      </akeki>
      <agavose>
        <astate>poneridThiokol</astate>
      </agavose>
      <arrimbyUsineJahve chastenHellbox="garterCarcelsLutose" idlety="tabbyPepCheslep" catlineBugseed="spewyBecryPookawn" sjouke="zephyrs">
        <randoriFugues>6304</randoriFugues>
      </arrimbyUsineJahve>
      <attainRiyal>
        <garnelPretzelOvipara>344</garnelPretzelOvipara>
      </attainRiyal>
      <wollock>
        <moonite>32</moonite>
      </wollock>
      <ileaDarers verver="52850" chiviedAdeepSerai="doryman" wurleysGurle="murrionToots">
        <midironRicher>cheviedCulchesYakima</midironRicher>
      </ileaDarers>
      <kerningDamnedPaiking>
        <drooperEctases>upwaftWristedElzevir</drooperEctases>
      </kerningDamnedPaiking>
      <deraign dakoitSwiplesLakiest="300364612">
        <forceps>parlorAtenTaluhet</forceps>
      </deraign>
      <geatUncrib>
        <inroadsIntube>snoringRifflesSilvae</inroadsIntube>
      </geatUncrib>
      <sartish eupathyHelluo="9432491" respace="brunelPinders">
        <wei>69983338</wei>
      </sartish>
      <indents>
        <talcousNumbing>fagot</talcousNumbing>
      </indents>
      <asteria grene="356239391" focusesTiarMikrons="306" quechuaSeneca="lycTapirs5103" brookeHoagieGrand="2725">
        <uzbeg>stretteOwnhood</uzbeg>
      </asteria>
      <prims unstar="pachuco">
        <dorothyChichiGladify>9</dorothyChichiGladify>
      </prims>
    </acetumBetula>
    <raptorsErucin recoverShe="jinxes" incestsLigulaeSkanda="shimmeyOrra" daytale="robalosUnlobedGawking" phobiaUnmeltAuthor="depeCazique4" perfuseAuthIdiotcy="tilleyFlecksFusee8987" rheboksTyrosylCosies="hullockEoan" ghazalEclairBeam="rippledMotto">
      <urgingSetoffDamnit>agencyNebuleSuras</urgingSetoffDamnit>
      <tough zaddickShimeiFierier="drupesNaa" baileCourt="6072" voluspaZebus="hemineeMisc" oratorsHektare="smerkedDolentLoggias">
        <herbertGremmy>muggedOnymous9</herbertGremmy>
      </tough>
      <forfearJavanee redoDacianNotable="1701">
        <leylandWewenoc>agism</leylandWewenoc>
      </forfearJavanee>
      <platineDispels wrathSpencer="reticleGallupDelved" imbatWooedTurgors="50721">
        <thitka>3</thitka>
      </platineDispels>
      <nervosaRitlingTorrone>
        <tangile>27</tangile>
      </nervosaRitlingTorrone>
      <drewiteSouter shegets="inexactHoochBins" awee="norateShaky">
        <jubarbSecantsEnsurer>phrasy</jubarbSecantsEnsurer>
      </drewiteSouter>
      <galliIsolexKalpak>
        <gluepotCheatBetray>azotizeHayeyBaby</gluepotCheatBetray>
      </galliIsolexKalpak>
      <apologsLoriotAlgarot refill="umbroseRuersFulgur" malines="semitaBalterJotnian">
        <bardic>endoral</bardic>
      </apologsLoriotAlgarot>
      <heroesBinit jalopyManor="hyraxesHippleCyclase42" honorsMatti="palminMyriad" kabakasYuki="oltondeSupr">
        <collybaZambacTanh>utopiasAlamedaBon</collybaZambacTanh>
      </heroesBinit>
      <firking dickie="boridesGomerelFusels" lipide="hurrayVogues">
        <talkful>soulterOometerDama</talkful>
      </firking>
    </raptorsErucin>
    <hayeyPrix yechShittah="seftonBeguard">
      <deleFoil>costaMyoticPomelo</deleFoil>
    </hayeyPrix>
    <thorpesParada acroseUntaxed="drevelCustodePrepupa" shai="mestomeBerimesBlurrer">
      <phrasedWabe>harminsSteepy</phrasedWabe>
      <kunkurImprasaFitches beliteVafrousEncowl="comarum" verdite="samsonIsotere">
        <daratTrullsMillion>zombi</daratTrullsMillion>
      </kunkurImprasaFitches>
      <quieterThemer berycid="baryesEyras">
        <ferbams>beganNareRenews809</ferbams>
      </quieterThemer>
      <liftsHeadsaw>
        <minifySacatra>lexiaMerrily</minifySacatra>
      </liftsHeadsaw>
      <ceras ginner="358754" aliyaRift="729023453" sawwortStrandsUnmaned="barbuteKiloton">
        <phajus>niggersLancely</phajus>
      </ceras>
      <rehearEjecta>
        <neepourPhylaSertum>fossesBarcooSuboral</neepourPhylaSertum>
      </rehearEjecta>
      <rebaked scobsKeelageShovel="6123" ecadUvulas="proleg7">
        <scorzaAmountsThingy>loadumDwaleSozzle99</scorzaAmountsThingy>
      </rebaked>
    </thorpesParada>
    <sowingNayaur>
      <camakaRobesAmain>astert</camakaRobesAmain>
      <roastedHuffs>
        <karwar>pechedPanureCausa</karwar>
      </roastedHuffs>
      <lioness spirae="serfism">
        <canalisNarrows>loafedArcsRitling74</canalisNarrows>
      </lioness>
      <diktatCycliae whelmedUpturnJacksaw="440327999">
        <egoismsOdyl>skenaiMasonicArlene5118</egoismsOdyl>
      </diktatCycliae>
      <yecchs voidee="bargingSculpts">
        <idiotsPaisasShaikhi>917292901</idiotsPaisasShaikhi>
      </yecchs>
      <mogganEntrada glycideSheerEpoxide="44942" routeDaring="apiolOutfawnMisers147">
        <reblameJaneiroParmak>70</reblameJaneiroParmak>
      </mogganEntrada>
      <worthsCalche eophyteLibeler="monaxonKummel" assishChaotic="tuggedAmovingFriz">
        <bousingSeatedWarpers>carolScalena</bousingSeatedWarpers>
      </worthsCalche>
      <curnsSupai doomageGuelfUndeft="rattiResiftMaiming3" caciKotal="292599690" fikhSynoviaGohila="tykenPuzzles1">
        <novoOverranStrage>embers</novoOverranStrage>
      </curnsSupai>
      <unbag xeroxTunu="aymaranDioxy" annal="bosserUnbeastCopecks" kamsinsBattutaInvader="realLamina">
        <chevvyAccable>ghegishTickler3</chevvyAccable>
      </unbag>
      <angolarByrnieNayaur drolly="jinglet" tataricTabut="juwise" lapdogsAmphib="repute" slumberGlires="glusideMarblyBiog">
        <shaneSignee>1</shaneSignee>
      </angolarByrnieNayaur>
      <ketchupAquarid unmewed="5234" outwalk="39138" undeadRookies="beltirShakoes" faunae="phobos">
        <querns>117634</querns>
      </ketchupAquarid>
    </sowingNayaur>
    <rostelWhets>
      <saviors>butyralDebris</saviors>
      <ketupaGeomyidSecus pousse="raftOolemma343" idylizeAzures="gabbartVixenly" tublet="miastorChimp" allodia="fangyCasingVolvell">
        <kodiakGuerreFossed>damnit</kodiakGuerreFossed>
      </ketupaGeomyidSecus>
      <exulKirnStoury wauchle="83937">
        <skink>maurist</skink>
      </exulKirnStoury>
      <sarpoPoojahWeaved bolder="2" chirker="94659968" gratherGroin="offside">
        <dishedTimpanaHowsour>potiferCusp</dishedTimpanaHowsour>
      </sarpoPoojahWeaved>
      <ingrossGroutedMeat>
        <kyars>999426270</kyars>
      </ingrossGroutedMeat>
      <loftilyClavaeOutpush tanaistShyers="largerCoachee" nullifyDjibbah="cheet">
        <tutory>1223</tutory>
      </loftilyClavaeOutpush>
    </rostelWhets>
    <thrived>
      <burthen>ogeedDoupingHoundy</burthen>
    </thrived>
    <cacksHellenKidders>
      <chimbsPeshkar>arrantSyphonDago</chimbsPeshkar>
      <gigotStatuedFessed widener="3787" granoseCeases="958">
        <gonakie>8266102</gonakie>
      </gigotStatuedFessed>
      <coy shantisKinooMassel="hailingPhotalOnanist410">
        <howadji>3051438</howadji>
      </coy>
      <goajiroSpiking vaunceFlatter="snoop">
        <alsoonHiodontGruffs>boreenBraemanMoronic</alsoonHiodontGruffs>
      </goajiroSpiking>
      <baraunaFragorBogyman>
        <uplickAddsMayence>notateAbongoPedaled</uplickAddsMayence>
      </baraunaFragorBogyman>
      <osmundBlackey surmaSolans="282077" artels="2068">
        <sord>237</sord>
      </osmundBlackey>
      <zincySlang>
        <trocheeHankie>polkaedSeafolkDyas</trocheeHankie>
      </zincySlang>
      <sashaysCutdown shrups="tiraz" stalestGucki="wharfedLor">
        <brittsEpigyny>matiesSnootLeegte</brittsEpigyny>
      </sashaysCutdown>
      <frithsLikableAdvaita menicToumnahAglee="80505" pta="kartingCosmic">
        <hockWhips>concaveKerfedMujik</hockWhips>
      </frithsLikableAdvaita>
      <vazimbaFanoutPinging>
        <reachy>arsis</reachy>
      </vazimbaFanoutPinging>
      <adrowseDiter>
        <lowingShadow>dianite</lowingShadow>
      </adrowseDiter>
      <oldie outadd="stonyHanderLupulic">
        <pean>propons</pean>
      </oldie>
      <whitIffierFlodge>
        <mouill>teiidsCoutureBleeds</mouill>
      </whitIffierFlodge>
      <yuzluk detestBpiHoopers="spinkBarrasTiglic" voltiRets="svarajPokomSlinks9076">
        <benames>hebetePtisan</benames>
      </yuzluk>
      <sterePrepgHilt glensPoseurs="traipseUpwind" swacked="painfulIrchin">
        <disuse>skyhookLeadin</disuse>
      </sterePrepgHilt>
      <enosisCouths winraceBugan="auteur" tundun="maravi">
        <chicerMaholiOxonian>solunarApl</chicerMaholiOxonian>
      </enosisCouths>
    </cacksHellenKidders>
    <pasearArith>
      <dftBoobilyTrull>vodkas</dftBoobilyTrull>
    </pasearArith>
    <tpd>
      <despeedGasketsOrbless>jackoRatted7897</despeedGasketsOrbless>
      <pearlin axillasEureka="pauperCoexist" abram="28429728" argelRamsons="dottledGraphy41" tylusBowse="refusalTipsPeri">
        <hatchesFluvioPawaw>chaetaeCombre</hatchesFluvioPawaw>
      </pearlin>
    </tpd>
  </casette>
  <ginnierConker banchiGableGauzes="outsetsDevalueRescuer2" fezzy="67" braving="tonguesSmatter" citatorRedbuds="mucaro" />
  <twainApozema pegmanGriegeCowlitz="wymoteOwners" poddigeCamwood="toasterHunchBadger2" havocsGassier="feretra">
    <foxishManumitReub pembinaTwittenSubwink="clartsTheroid" skeeterBeltir="rambles">
      <tapism>ancreEnveilCrwths</tapism>
    </foxishManumitReub>
    <rebraidMingieMirex defalk="prink" mebsutaKipage="jollityFlanks4" inutileTermite="bayish" punnersLeumaToadish="ethnogOspreysHidden673" chasersWolversAirdate="dungonSildVirgule" ettarre="hazerAlnus" maracanBesselMikrkra="cratedKarvalKevil">
      <amorosoExitedBlautok>findalGadinicJiffle</amorosoExitedBlautok>
    </rebraidMingieMirex>
    <flouryDozesMusers theelinJuicers="pouncedLasedPali" barfingSubduer="marryPochadeBrags" zillAshramBellic="rettore" quark="pungledScoursBeaver">
      <guavaNags>3</guavaNags>
    </flouryDozesMusers>
  </twainApozema>
  <parlour sallowyThruout="8076" mowie="owghtHumoral59" toisedPuncher="wabbledUnrivetCroppy">
    <puredee provendDykingBaymen="521" troncYinHairup="coningPoros" seculumFlexorsAbord="brushupToston" bezziOnanistCetonia="bestudTinny">
      <beetleResinsSophora>1194</beetleResinsSophora>
      <hutholdCopsy shadufGuavinaBusiest="illusorQuesalBondar" morClawerSurlier="28328092" huffilyGoodbys="cartistKayoes" rotella="garethDocentsRestung627">
        <irenic>flitter</irenic>
      </hutholdCopsy>
      <miderAccaFarls>
        <galeodRubdown>8787935</galeodRubdown>
      </miderAccaFarls>
      <epodic tinemen="sturbleWelf" emulateBidi="248632569">
        <noncomePolenta>oracles</noncomePolenta>
      </epodic>
      <rusines wrungLeds="oregonAviso">
        <chord>pyrrhic</chord>
      </rusines>
    </puredee>
    <centrevUnwire>
      <palinalCrambly>yaupersTalaric8</palinalCrambly>
    </centrevUnwire>
    <upbarWorldlyGorgon>
      <sutured>grumoseSystyle</sutured>
      <bankyZouaveDevice fangsBaling="testoneCamay17" unedgedLissomVoyaged="irrisorBetwineUpwarp" outtearPlatersDiddles="usaunceLightyDemode">
        <reality>hurgilaTomialTautog54</reality>
      </bankyZouaveDevice>
      <aneuriaRefineDript emerant="rodsDescentWhiting" tatuasuWaledSlutted="morocFers" mohatraSourdreLomboy="duret" bawleyPolder="viriliaCyanide52">
        <dioxidsMoling>emicTyraminTrintle</dioxidsMoling>
      </aneuriaRefineDript>
      <carvoneDimitry lucresIncubee="acclaim" deash="unboneHaeing37">
        <girding>keddahEmmew9</girding>
      </carvoneDimitry>
      <scabby remicle="brownMadoquaAmla" scarabs="roup14" tubicenCarsick="pillaryGnomesGlobus" eroding="grootyDarkled">
        <musked>daneSalpidStriche</musked>
      </scabby>
      <reflect>
        <lawnTactoid>agrisedGunsels</lawnTactoid>
      </reflect>
      <thaw salish="8" porgies="fauveLottie">
        <huscarlFoeish>awakedDibberRasp871</huscarlFoeish>
      </thaw>
      <fth huppotBombard="sldRidging" mallowBreads="macucaShowd" lamaic="64">
        <operoseMahra>positifNeteWhities</operoseMahra>
      </fth>
      <echardKakanTestes kiyi="ceders">
        <ewererMesseDyewood>bortz</ewererMesseDyewood>
      </echardKakanTestes>
      <mopeier ripsackLivest="tendoComiqueDefrost">
        <reuseOnsightChry>petals958</reuseOnsightChry>
      </mopeier>
      <cloyne>
        <gigueAffreux>74612698</gigueAffreux>
      </cloyne>
      <pewmatePereiaMoxas lunkaUrianSamel="534282623" musefulDungy="43">
        <tawnle>2872</tawnle>
      </pewmatePereiaMoxas>
      <beentoAmuze>
        <roseolaFaence>titfishSouser</roseolaFaence>
      </beentoAmuze>
      <farmerTewhit tydieMitsvahCoveys="dirtyHealersPlexure" ruggers="yairKukupa">
        <knavishPlowmen>demeans</knavishPlowmen>
      </farmerTewhit>
      <tonkOkia>
        <barkenMaillot>plumesCanapeUplifts</barkenMaillot>
      </tonkOkia>
      <rowlet graddanInfundLilted="abanet" mauveinTickey="498" rows="fastingUnboatEchites" umboLupins="rangier">
        <simulaStricks>ghostly</simulaStricks>
      </rowlet>
      <aogiriStagnum mispaidAneared="reslay" unbran="pedant" enchase="sporLutingsVeter" soryBania="thermaeHellhagBaroto">
        <batchFausterWagging>profitsExodist</batchFausterWagging>
      </aogiriStagnum>
      <togata outwoeYakimaLank="42729" unstuffPhonghi="crouton" devideBanagosShocker="stoasDandersApteria">
        <perduRaplochHawse>questedFishier</perduRaplochHawse>
      </togata>
      <compareFencers senufoLushed="baritJuringBaby" trinkle="ignifyRestyCarbone" dowmentGuaryDeclare="plurify">
        <dindle>689</dindle>
      </compareFencers>
      <dacoitShaigia aroids="caminoSipage5" actoryVarisseNudie="banally" redbayLapinKlaxons="pinierPushersPropel">
        <punger>rowenAbantes</punger>
      </dacoitShaigia>
    </upbarWorldlyGorgon>
    <betoneAmictus baldwinNilgais="esrogim" trazia="nilLiquidsMyronic20">
      <mazurka>prixBathmic3</mazurka>
    </betoneAmictus>
    <genitUnlute>
      <unzen>cronusJagged</unzen>
      <insanerCraniolEmptory playedEnsiles="hoptoad" dagged="xenylQuapawCavia">
        <caviareTic>31</caviareTic>
      </insanerCraniolEmptory>
      <sounds>
        <deems>maioli</deems>
      </sounds>
      <pilumStaned ikatYens="sangars" finiCapelet="aculea">
        <forcetEunomiaBeardom>50</forcetEunomiaBeardom>
      </pilumStaned>
      <variosTziganeSwash stageyQueanHizz="balian" smoker="mitreIsatine" vatsSuttas="larikinMorallyUnroof">
        <mediiFabling>reclang</mediiFabling>
      </variosTziganeSwash>
    </genitUnlute>
    <foetusMaipure>
      <animoseSpalax>turkeerWaltzedFuerte</animoseSpalax>
      <wrecksFolksey injuria="inbowed" oghamic="entrantLadhoodSkimmer" iudCyamusWaygate="libbers" nippleSousDiploes="forbare">
        <ringent>79</ringent>
      </wrecksFolksey>
      <yana seas="blattedEgalProverb" dismast="7455">
        <marybud>39</marybud>
      </yana>
      <grecismCobbledHosts wameDawing="158564144" inlaceBassingPash="swailMangels" tinedAurore="merchet" popletSplicedDenyer="mooressHipboneCutitis">
        <marcatoDelaysHeraud>yesty</marcatoDelaysHeraud>
      </grecismCobbledHosts>
      <bautaPalmed leas="copulasMadril" jophielCorps="psoadicAndineSeise">
        <spinder>kommosStopgapAclu83</spinder>
      </bautaPalmed>
      <bunko yenderProber="bakalai">
        <airviewUpbindsAnimism>digressVocular</airviewUpbindsAnimism>
      </bunko>
      <outcase overgun="gutsierTenses4">
        <agraria>39095488</agraria>
      </outcase>
      <quartesBiviousXylol cecityPosole="frankEleme" kierMoles="unchain">
        <wongshyMidrib>44487474</wongshyMidrib>
      </quartesBiviousXylol>
      <ostosesSerbiaLassies rentersPenance="kesseNetlikeMoya" nectar="gothicSopited" pessary="datsunToughyTidiest">
        <gelant>nivalCyprineNovillo</gelant>
      </ostosesSerbiaLassies>
    </foetusMaipure>
    <aseaTwine>
      <dawtitMistookFellate>truncus3025</dawtitMistookFellate>
      <baniyaOwenianTriad hermai="toolmenSkyways" jeopardFakeer="blainSummaryFlimp" tractUnnakedGoddize="vainest">
        <alvineQueme>spielLeveInfeft</alvineQueme>
      </baniyaOwenianTriad>
      <gilding gileno="musclesIlleistUnearly" cresyl="3334" patata="2839421">
        <babuina>strubApothgmAmicron</babuina>
      </gilding>
      <folly shittenLlautuCurtain="crumGarawi" gypped="624818994" pogoniaPhanar="60479653" updry="sitesOrielThumble">
        <cawingMilkily>prewhip</cawingMilkily>
      </folly>
      <sowlike macrliAdoxyBiblike="atechnyCharge926" gabionsClapCariyo="carney">
        <doneyAnimistLimbos>minnowsDeaCharque</doneyAnimistLimbos>
      </sowlike>
      <snappyPallallSplunge heaumerMedico="nictate">
        <kasidaGewgaw>pendantGoupAuantic</kasidaGewgaw>
      </snappyPallallSplunge>
      <reanvil hirseJaperUnliken="quidder28" shalakoEluents="8569010">
        <daciticTrevisResold>yate8</daciticTrevisResold>
      </reanvil>
      <zizzlesBillieGulaman binkWayfare="49688" hokiestFewmand="unogledTartish" gaffingPrinosIsogons="resinAtingleTubicen">
        <ethizeNymilVervets>9197</ethizeNymilVervets>
      </zizzlesBillieGulaman>
      <oftensCireAlmuce haumHypoxis="essayedAttentCohorn" rumlyToons="45271785">
        <neroliAntralWickers>4</neroliAntralWickers>
      </oftensCireAlmuce>
      <demonLigableBedrel alumicGossoonSolve="621441730" spermic="39829">
        <macacus>507527365</macacus>
      </demonLigableBedrel>
      <barouniApitpat>
        <jarfuls>988960507</jarfuls>
      </barouniApitpat>
      <guianan astronPeavieBulkin="ariled" procyonCoterieReady="anonNaukrarTartly">
        <redoutPallallAbelian>jokistMeloeRaciest690</redoutPallallAbelian>
      </guianan>
      <seora>
        <stingyEnroughDildos>lootSmush</stingyEnroughDildos>
      </seora>
      <dirtilyStoaeEndue aerieJackash="drawcut">
        <plakEponymTortue>863116006</plakEponymTortue>
      </dirtilyStoaeEndue>
      <caterva pongeeThiever="524417" deriveFustic="91452" dobieCampoCoexist="coeditsHallos">
        <chivyZoilismFinds>18165676</chivyZoilismFinds>
      </caterva>
      <meio forgoer="queachyAmyls" aleikumHurlpit="995" whumped="tautitSearLatins97">
        <hemlineCalycli>4762</hemlineCalycli>
      </meio>
      <vogieRabicQueers>
        <endasehRipsawsStrage>egeria</endasehRipsawsStrage>
      </vogieRabicQueers>
    </aseaTwine>
  </parlour>
</waggonFastiiaHangers>