<?xml version="1.0"?>
<rewet>
  <gouter />
  <cafardWestersLooped>
    <sert regluesWorkbag="kifBalneaDeedeed385" puplikeDisbind="aurisEluding" tiepinsTlrOusel="ingeny51" acinaryAtomies="cunanNetterMoseys4" iglu="mestlenGhanianJay" sicsFulfill="peineUncoif">
      <lucesSmeechBadaga>turbotVinealPhysa</lucesSmeechBadaga>
      <saves cuvetteLenad="chinkTeals" brogErs="veilyDiariesSosie">
        <luskyCortaro>525137367</luskyCortaro>
      </saves>
      <lentosZoist>
        <biassedAlmadieEtouffe>fascismKankieGaybine</biassedAlmadieEtouffe>
      </lentosZoist>
      <emuleTenne>
        <sparadaAffines>ninnies5132</sparadaAffines>
      </emuleTenne>
      <kogiaHubbub diobely="2" staggyJumentBibiri="acidyCoop" chattaCoati="9367543">
        <relais>844376825</relais>
      </kogiaHubbub>
    </sert>
    <parsnipDottrelCorinna taeniasDino="26" curule="gallonsDoupPodger" guckReblow="tridiiOctylsInducts">
      <gondiCueistStores>quarmenCongiusBattuto</gondiCueistStores>
      <ferned atabalsRidgel="stillsWightsBovine" maggyGabblerAyne="dusterDunder" radiaryMesstinTootses="227940" kittockSuppl="hullo">
        <lyesAlveus>69</lyesAlveus>
      </ferned>
      <asakBindlesKedges fili="zoilismHeafMazard">
        <infirmsReoiled>beltianArgosFlunker</infirmsReoiled>
      </asakBindlesKedges>
      <woodie gryllid="mailUnco" jahvehSnug="widdrimMutisiaInsteps" fussifyPurview="caelumHummingChotts" yourt="jorden20">
        <cartelAmido>winslow</cartelAmido>
      </woodie>
      <lautite drivelsPlatoon="eupepsyPellarAmazes" chopineVodun="keeve" milvago="760471357" pontiusSees="beliteSiphacMaoism">
        <pinolinCigaret>handoffIntwistDolcan</pinolinCigaret>
      </lautite>
      <reenactDewy polynoeBewaredPyramus="phew" combindWhirs="xerasiaLakmusDipus" wullcatVamped="basiateForetop" prionidTopical="5833792">
        <quakilyFadeout>waremanAndesToggle</quakilyFadeout>
      </reenactDewy>
      <nouns sulla="1" triazoGoop="634">
        <drek>prolylCroset49</drek>
      </nouns>
    </parsnipDottrelCorinna>
    <beardedKenner>
      <khisSaggard>iridite</khisSaggard>
      <roquistDeading takeful="ghazalEcotoneElflike674" sociiEndaseh="appete" waningArtal="urbanerEnwallLenaeus" funsWindersScarman="messedUntornTwines426">
        <pocheStimiesBlasty>argeanCravensPipette6083</pocheStimiesBlasty>
      </roquistDeading>
      <basemanArloupHijack volencyRezonesPees="pizzasHastile">
        <dornickNytrilOsmoses>rinkite304</dornickNytrilOsmoses>
      </basemanArloupHijack>
      <momzer humateDablet="winglet" palermoReship="bustingCapsids">
        <refeignClaqueChoking>versetsPeptidChametz</refeignClaqueChoking>
      </momzer>
      <ingirt>
        <mendyDarked>cullet4</mendyDarked>
      </ingirt>
      <lowings decimalLappWhew="zeloticMansard" baryticApodesAnnule="alcannaVeloutAssai66" bellotaBaudery="929583895">
        <slinteGroove>91922</slinteGroove>
      </lowings>
      <ecizeGirr clypei="stupefyResue8" reshodRelets="rejournNowise">
        <cottise>1</cottise>
      </ecizeGirr>
      <erogenyDiodont scrungeSwotterNdoderm="rileyDes7" okas="3" rhapisUnbatedHeptode="insureGundeckCradge" miscuts="51">
        <shannaLimbu>begut</shannaLimbu>
      </erogenyDiodont>
      <quicksCrowderAlbe shrine="mullah" wuggResew="bowfinRoofer" barmy="84" aiverAnight="obeyeo">
        <withesNimmerOncotic>faughKell</withesNimmerOncotic>
      </quicksCrowderAlbe>
      <infleshUngyvedYex woodcoc="dioptry" weightsEffacesVileyns="conureDruidry889" achene="acharya">
        <laggedGaugesAftergo>kidangSkimmia1732</laggedGaugesAftergo>
      </infleshUngyvedYex>
      <siti dcaMerozoa="servianHipeIsopod" ogled="soddite" harkedBimaCorycia="7079" englutYomin="adazzle2">
        <slotInjelly>76</slotInjelly>
      </siti>
      <binomenPlebes angiloRepuff="451683" whimmyAurin="buckles" fecche="duopolyCrocky9">
        <chullpaSheeter>bugled5109</chullpaSheeter>
      </binomenPlebes>
      <pequotChewet anorexySpinneyKiester="busiesBalkis3" honied="nagPunlessRelache">
        <abacusTriage>firepotMorat368</abacusTriage>
      </pequotChewet>
      <annihilFanleafSapiens freyAlveloz="gales" indolsSyneInfeof="2576">
        <vulvarBpsCharade>mutismFaddingBees</vulvarBpsCharade>
      </annihilFanleafSapiens>
    </beardedKenner>
    <eonsLupaninMirkily>
      <forfare>boxmanRedeem</forfare>
      <gourds>
        <remitsDetenus>trangam</remitsDetenus>
      </gourds>
      <alcazarTanak sinsScutulaYippie="9719732">
        <bearsSynod>assaryGeogenyHyenic</bearsSynod>
      </alcazarTanak>
      <crew erenow="smokeryRadar">
        <semitae>4495</semitae>
      </crew>
      <sorosesTottle umiri="barneysNeutron" mogosUnhope="adorsedRaffle6447">
        <fadedly>dusackUnstrip46</fadedly>
      </sorosesTottle>
      <surtout clach="galushaOxbrakeDuello" ananism="24263044">
        <guldenEbbWifing>shewelUnnail44</guldenEbbWifing>
      </surtout>
      <promoveBragger vaurienRacyVampers="amoyese" spryestBalita="refutalCernCuleus" disbars="caonLasagnaSolacer" gabiesStrikedLid="354457461">
        <resoledGeslingSeclude>ploceus784</resoledGeslingSeclude>
      </promoveBragger>
      <hemad>
        <hopesAzurean>494</hopesAzurean>
      </hemad>
      <querken wad="whinnelPatten60" lupines="untripe">
        <rheumSharpieSanai>663</rheumSharpieSanai>
      </querken>
      <henbitsCirc truthy="nawabs" bleeAndronSobby="pumpkinKajeput" vairsPliancy="520" voles="heloeCakeboxMobbish">
        <slueSingesMaltine>galerusOxlipRouping</slueSingesMaltine>
      </henbitsCirc>
      <vents pinery="eoithWoodsyPows" rapaneaSpongesBaneful="gunroomPawkilyGuller" buddhPhenicUrali="mixtureDodeTactic" chasedOvonics="silicyl">
        <tubingWaltzNarrate>7651285</tubingWaltzNarrate>
      </vents>
      <trembly>
        <slug>creaze60</slug>
      </trembly>
      <arbust>
        <townsAndineAmylum>skookumBarras</townsAndineAmylum>
      </arbust>
      <jouncy poesisDogmas="staticTiaraGirthed" unkedBiotopeCaitiff="tarotDodderNominee">
        <oconnorWarily>winkleBowbackPulldoo</oconnorWarily>
      </jouncy>
      <airbornRebladeBosque splunge="runoffs" dingiesPoxesKuneste="arabize" hostrySuctionPreknit="publishRedd" doudleFerbamsLingers="letrist">
        <phooeyCongrue>kanasCajonLooplet</phooeyCongrue>
      </airbornRebladeBosque>
      <cacao waspilyEsexual="518436808">
        <humect>asarumsPowtersIlls</humect>
      </cacao>
      <micherBibbler kagus="reselfFascia" basemanRagusyeSiredon="rattage">
        <aestiveSansiPriscan>versing57</aestiveSansiPriscan>
      </micherBibbler>
      <cacciasMulada estuantBlick="asoakCabana" dredged="dotchin58" enkiFrundelAlicant="thyrisBeclart">
        <descendToppy>turners</descendToppy>
      </cacciasMulada>
    </eonsLupaninMirkily>
    <muter>
      <prudeRarefyMunify>untewedReplan</prudeRarefyMunify>
    </muter>
    <unbare>
      <stentorUphaspChesoun>82</stentorUphaspChesoun>
      <fibersPoinder kibyFibrineGils="462110291">
        <cowmanDeformPronged>yoccoLodhaVictors</cowmanDeformPronged>
      </fibersPoinder>
    </unbare>
    <obeishUncoked>
      <frazilSymbion>papyrinBrazingCrapes</frazilSymbion>
      <slinkerCortParcel poddigeDeflectMontre="19731698" rooteryGeomant="86109333" hethingRowena="umbrielHobbistLekha25">
        <pudsey>longeveCelluleBonito</pudsey>
      </slinkerCortParcel>
      <untraceProbeerIncamp tasted="hexonesCombAmerced85">
        <gazyLeniate>visardOmnific3</gazyLeniate>
      </untraceProbeerIncamp>
      <diamondBespateDope>
        <lamaistUnfriedKamassi>wefts</lamaistUnfriedKamassi>
      </diamondBespateDope>
      <furdle stacey="judicia" puffHumors="2963796" choky="nowtsMartial">
        <grubbedInamourShadier>biviousDoraAphidid</grubbedInamourShadier>
      </furdle>
      <lapsanaPedler>
        <moarianBroom>aarrghhUnkillDialkyl</moarianBroom>
      </lapsanaPedler>
      <elkuma uncloakSporedRimfire="silene" somatenRiboseMallam="rasores8">
        <anatolyBonita>dissave</anatolyBonita>
      </elkuma>
      <murrinaSceptre darrylAshless="264" hastesCajang="moetCokes" shrups="groggySeppaClotter" demarkFatsPhar="assahy">
        <novaCnicusHarvest>deesisUpcloseTilter</novaCnicusHarvest>
      </murrinaSceptre>
      <gabgabFiction scoveWaveys="stalks" divide="aquo9864" bavosoBrunch="shives" thripsPoured="978145454">
        <undinedLibRebound>pupateFluedStagily8</undinedLibRebound>
      </gabgabFiction>
      <unwarpTaguaTeriann armbone="5600" knabDeaning="needEleaticYukked" cheloidRobandsDosed="holidayFowentBruke">
        <aymoro>sputter</aymoro>
      </unwarpTaguaTeriann>
      <ackeysClausum calesaEthnic="sizer" heiiPribble="boneletAshcanWeir" remote="tilerSurPuckish7">
        <okeyMarkman>napuDefraysMogo</okeyMarkman>
      </ackeysClausum>
      <lychnicChukchiWitter>
        <somberFurs>splungePocill</somberFurs>
      </lychnicChukchiWitter>
      <juralLipuriaNozzles>
        <wafty>diffBowboyPuckle</wafty>
      </juralLipuriaNozzles>
      <toggleFolium>
        <clypealScottAntired>bunjara</clypealScottAntired>
      </toggleFolium>
      <outbowAwlsEmpery yorlin="ferulas63">
        <blowUntaxedDiazole>noonlit887</blowUntaxedDiazole>
      </outbowAwlsEmpery>
      <adoneanDuckieFifteen spirits="demirepShemaal73" cosechJantee="eirenicPreomitPlatan" sirosOdacoid="19232794">
        <cleche>croquis</cleche>
      </adoneanDuckieFifteen>
      <pleonGiddeaUncompt coppa="amiasUppoiseBestir">
        <sofar>clare</sofar>
      </pleonGiddeaUncompt>
      <tohome moresDatumsExuvia="habitedDotishBanksia" mossingInsue="gipsyfyVampire14" crawlsRemue="mohoLamboy" aonachSedile="thud">
        <screaks>cowardPunnyUpheld</screaks>
      </tohome>
      <uploadsTurfskiExist wheezed="gavagesTuftingSabot">
        <glochis>randans</glochis>
      </uploadsTurfskiExist>
      <amitaColiRemedy movesWairing="lugs85" arnicaAntonioEvolver="luxus">
        <foot>dabbed</foot>
      </amitaColiRemedy>
    </obeishUncoked>
    <spinae clogVivace="cantoFconv426" salviasNorthGlent="unnRun" tangunPowny="502539369" afshar="taccada149" chiviesBertieCrumbly="wuzzerAgmasYeaoman">
      <sattarProtypeTachi>gnarredLondresCaproin</sattarProtypeTachi>
      <factice mugs="bandletFrecken" zorisPrevEnhedge="sharkyMowch">
        <hurrah>garanceLongaEndite</hurrah>
      </factice>
      <illingFossula>
        <crusileSulcate>rammishRapeyeWailful</crusileSulcate>
      </illingFossula>
      <fablerPipets provokeChouanAmbled="spale787" diptychAttics="victory">
        <kiangsChapelsDavidic>fagott</kiangsChapelsDavidic>
      </fablerPipets>
      <tactoidTauriniTirve>
        <asteepCanli>avertUrceoleDiplois4</asteepCanli>
      </tactoidTauriniTirve>
      <acaraReflogEtiquet parralJulie="trevets" conicsAbadia="chuterButGuetare">
        <fleshesHockday>4</fleshesHockday>
      </acaraReflogEtiquet>
      <signoryCarapax medials="hoveledKyah" curiosiOutgoer="magiBruitedPelvis">
        <ceyx>91</ceyx>
      </signoryCarapax>
      <imaums sighted="kassu" methodRifer="allurerDraine">
        <humour>redriesMagentaFilasse</humour>
      </imaums>
      <shuntsEgoismsLamp skyJustingChalder="corolCozen">
        <ungulpTootler>doreeArbitreGoosish</ungulpTootler>
      </shuntsEgoismsLamp>
      <quaigh texansRedbay="shitaCoelderHowling" cottrelTradersAzotic="demonioDewans763">
        <sabalPaup>plapOwseUnamend</sabalPaup>
      </quaigh>
      <poem perfumeLearner="hulky">
        <ewteTegular>gondiZoboChint</ewteTegular>
      </poem>
      <smaikFarsi throes="arctic" coutilTaxibusKithes="oarlopUnhappy3039" libeledTrioletRanched="73571">
        <offish>carlet5844</offish>
      </smaikFarsi>
      <adamsia gholeMurlock="irrate" emanium="unsoleOpalishCubas4381" misbindZoos="kouzaWontedMolvi">
        <unwiveTrisaltPia>weevil</unwiveTrisaltPia>
      </adamsia>
      <mohwaMias yauds="crateEuchresInshell35">
        <abducesSebumTindery>uncle</abducesSebumTindery>
      </mohwaMias>
      <napier pieces="710585" teraRackedProsed="berthaElects">
        <peases>ouverteEnfect</peases>
      </napier>
      <wareggaHonk>
        <undoped>soxhletBainiteLiss</undoped>
      </wareggaHonk>
      <ppi>
        <shellyArraysProbit>amylomLemnad</shellyArraysProbit>
      </ppi>
    </spinae>
    <pozLiplike outwove="31017478" tugrikLouvreFungid="naviesGymRariora98">
      <collTitarSlish>throeFessing</collTitarSlish>
    </pozLiplike>
    <parganaPenniesDurwan>
      <patrickWileful>5039</patrickWileful>
    </parganaPenniesDurwan>
    <novasVexedSovran>
      <grigSerific>pullery</grigSerific>
      <burrish eulimaDotages="72644429" paniersResile="tipsify">
        <gonionSported>unmiter</gonionSported>
      </burrish>
      <fluateByssus acresTannate="chezFagotyStrass" ahuArbotaTusser="adlessAusubo" frocks="argolBoraxesCarmot" yoghs="tollbarLyra79">
        <findy>839</findy>
      </fluateByssus>
      <wyke>
        <dupattaAllows>melamDirecly</dupattaAllows>
      </wyke>
      <ascribeCrinoidMutuary catwortSlabmanWaygoer="glummy" votaryFeuille="dupersAwolImpala">
        <pewingGestsAlick>askosVital</pewingGestsAlick>
      </ascribeCrinoidMutuary>
      <nutpickUrnlike cummersMaddedMyalgic="hypopusDumpyUnpetal" musclyNorice="forgrowStirred" fetid="miffingSeoritaRouses4007">
        <demoses>75057022</demoses>
      </nutpickUrnlike>
      <duffies>
        <island>leonese</island>
      </duffies>
      <weer>
        <beholdNullo>beamfulFindalPartner</beholdNullo>
      </weer>
      <coyureComposKmole acrasiaKaraismDrove="bortyHopsage" raurici="camphorGormawReplant" peladeRiming="koleaChallasMoco">
        <dykesPistrix>stela</dykesPistrix>
      </coyureComposKmole>
    </novasVexedSovran>
    <cobleNiflingCitral>
      <monalTopknot>agnat9</monalTopknot>
      <gadidsCresyl tammockCymeletGawcie="souren" rytinaHagropePintada="dislinkTenioFluffer987">
        <shogunShipboyHeat>rosalieTantras</shogunShipboyHeat>
      </gadidsCresyl>
      <endrin gttAntar="hircineBelimePetter" alfuro="46">
        <segar>buyerCuriosi273</segar>
      </endrin>
      <glike hurkle="sleekitObliqueLunulae892">
        <strymonBerried>yegg</strymonBerried>
      </glike>
      <toryizeUrate ingulfsExpired="388">
        <oldy>cajanusBeleperMaught876</oldy>
      </toryizeUrate>
    </cobleNiflingCitral>
    <origans>
      <sorobanDowlasAnosia>somaloFrothyText</sorobanDowlasAnosia>
      <faddleGnetumAgaze rubible="bellonTropesNesiot" absurdHalvahsMinces="yestKwanza" piceinBeqwete="paillon3647">
        <curbashCulprit>40</curbashCulprit>
      </faddleGnetumAgaze>
      <surnai zoriMarlinePrunase="thanks" morvinCuish="1" aurasLugmark="48769526">
        <unswornGrilly>fliffusMudrasBurbot870</unswornGrilly>
      </surnai>
      <ganoidPlumber tanalaCalydonQuillet="combsBanjaraBlues" handarm="glentPatenteAdorsed" mallealTribes="egretsGreenth">
        <segholShikimi>pillageEclairs</segholShikimi>
      </ganoidPlumber>
      <ain transfdGirrock="imports">
        <bocciasAlbatas>worder1258</bocciasAlbatas>
      </ain>
      <maysin equiptDixie="543087" lareGogga="48883342">
        <chewinkArmhoop>133</chewinkArmhoop>
      </maysin>
      <pardieImage akalaSyddir="paesano8566" limensNapa="panamaJailsModi" curvity="yabbersAlgeriaUpwrap" tarrierLingers="tractsApnea">
        <pobsTombedHaplomi>oohsHoeing</pobsTombedHaplomi>
      </pardieImage>
      <magrimCaplockBouffes>
        <nappingDoings>broadCorrieLaban</nappingDoings>
      </magrimCaplockBouffes>
      <chafing dupery="pyrexBanjos" maximsAmounts="canale469" fags="voesCeileJikungu" tamise="suyog">
        <manuelCadish>cowshedTier</manuelCadish>
      </chafing>
    </origans>
    <kouproh>
      <duxesStembok>skidpanDiddiesSalivas</duxesStembok>
    </kouproh>
    <hanselCremuleJibbing>
      <tarres>droghAshram</tarres>
    </hanselCremuleJibbing>
  </cafardWestersLooped>
  <rectiFoetid dontGigCalemes="unked4588" yaretaCapuletSolder="glaieulEmmenic" itemedDoddNewings="88410" />
  <bilbiLiftsJovy upload="71833" lesionTaborerDespots="zeistSeedletAgynary">
    <ratalsDouaneRepel>
      <ganeLessee>piabaSamshooPeepeye</ganeLessee>
      <creamy tumphyExampleRadiums="3">
        <critism>28579</critism>
      </creamy>
      <rekick chorine="xed">
        <hymnistUnisonLawns>royalsBioralLoving76</hymnistUnisonLawns>
      </rekick>
      <dillier>
        <commotDaisyBider>34311582</commotDaisyBider>
      </dillier>
      <fifish clipsStipes="rudousSordid" desiltGodlyStoray="mania">
        <truckieNursle>varechDayroom</truckieNursle>
      </fifish>
      <quakePygarg adeptsAriettaMotifs="380" calpul="tuitiveBugout" cirrateGalvBepelt="bodkinReviles8">
        <gulamanTesla>brewerySubpostCanham</gulamanTesla>
      </quakePygarg>
      <horstesCandysFavissa>
        <darts>26065</darts>
      </horstesCandysFavissa>
      <mumboSlyish bitserWaagMusic="maidismPsiaGamgia1122" serraYttria="manage">
        <rebukesAmarin>furlersMenkind8</rebukesAmarin>
      </mumboSlyish>
      <grovelIdisticRights sneezyYowPipy="euripus" falkBosniakBroiden="3">
        <anobing>9</anobing>
      </grovelIdisticRights>
      <prouderRosetan heazySubsill="mynahsSandip">
        <fibryTouretConky>dowveSirpea9</fibryTouretConky>
      </prouderRosetan>
      <polZilla>
        <snumFluking>80809</snumFluking>
      </polZilla>
      <polaric wrothWreathsAlmira="minimis">
        <lawman>354722200</lawman>
      </polaric>
      <wilbur ingreatFiliety="emerick">
        <pinda>laniardYcie</pinda>
      </wilbur>
      <izzy parolsKohens="beverly6763" moperyDevelop="3" chimin="cuculiJoulesSeshat" seraAntilog="4302633">
        <brayedBeclogs>rangoonCookeeLouver</brayedBeclogs>
      </izzy>
      <iddioAlloy nagsAlmes="alkide" bourgGrumblyPatagon="dottleReveil" adagesEngoue="2" luxateGawkiesMelote="jangar">
        <crumblyGnawersHocused>abettalKakke530</crumblyGnawersHocused>
      </iddioAlloy>
      <spurtsGenial hatticGocart="yanqui">
        <pecos>aciculaGrieko</pecos>
      </spurtsGenial>
      <tepanecDiagram medidiaCayugasYetlin="fores" cineastHawkingVinod="2852" jossesDagmarPassage="222121771" soignee="assuageReuben">
        <jerezLobsterBridler>edamJemadarMaoism62</jerezLobsterBridler>
      </tepanecDiagram>
      <maulanaUmiriFuroic saynayNihil="asdics" unixAcorned="9774" embushIsletsOxalate="catspawPitlike">
        <muscatUpfolds>piotrGuemal9</muscatUpfolds>
      </maulanaUmiriFuroic>
    </ratalsDouaneRepel>
    <binomy begunkPadrone="toomChopaAccum" layeryOviduct="48" reignerZonuletRolpens="295989475">
      <unstaid>ureaseHexogen2768</unstaid>
      <switheDugouts promicGliomaNerine="barpost3050" charactMerceBirdeen="illitic">
        <altunTaupou>tineolaPickin</altunTaupou>
      </switheDugouts>
      <lepismaGiaour sestiadYowt="216803" baymen="lebbek">
        <etacismCarnets>caseinsZingRecoal</etacismCarnets>
      </lepismaGiaour>
      <snoutOscnode mishit="projectPeeving">
        <overlyCare>fixuresDoesGobby</overlyCare>
      </snoutOscnode>
      <haars meanishBorh="holourPedary18" brittle="39398776">
        <sortalFlout>19317</sortalFlout>
      </haars>
      <joistedIncagedCoco ebenGroszyCains="52" obduce="antGlopReswage12" jowars="casula882" aeolid="237">
        <looses>slabAys</looses>
      </joistedIncagedCoco>
      <uzarin forhoo="dhootiAdmitAmulae" vasa="ticky">
        <telei>3</telei>
      </uzarin>
      <tampoonSlopesGashly promic="reckons" barbutsAppallSowcars="53565" walty="anice">
        <teagle>subidarLaverocRaisins7527</teagle>
      </tampoonSlopesGashly>
      <proser bidsCement="25874394">
        <tarazed>greave</tarazed>
      </proser>
      <altrose poindsSuds="duplonFirstNascan115" faintCentum="tootingBuranCanamo2" burrioTalieraTps="bathyl" graian="145955">
        <weftsMossy>buteneFondingShunter</weftsMossy>
      </altrose>
      <ectasisRagnarFlavid>
        <gheeWanning>coenobyMobbed</gheeWanning>
      </ectasisRagnarFlavid>
      <maillotBateaSplet dreksButoxy="amintaSope6" pumices="capatazKultursAirdate" cheatsNaggly="rewaxes" deglazeBossy="smatterTroakedQuivers2715">
        <lashers>sialsSirdarGinnier</lashers>
      </maillotBateaSplet>
      <gangionAltesseSangsue tykenKollast="uncapMeatmen" tufters="6097404" furtum="playbox">
        <ashiestApagogeRooinek>crullerPenates</ashiestApagogeRooinek>
      </gangionAltesseSangsue>
      <amdahlDewretSuds braye="componyEdifier154">
        <wizzenTotemy>2217</wizzenTotemy>
      </amdahlDewretSuds>
      <termenIntuent defacerGrudgedUniform="raniWampishChan" berceau="920" unurned="41692">
        <bearpawLiguresAweto>jezailSynemaJimply</bearpawLiguresAweto>
      </termenIntuent>
      <brothe squamaeMalangaRivalry="feeable" dioptryGire="agingsRotaman">
        <jestingTroupeCte>33</jestingTroupeCte>
      </brothe>
      <eboeEperua cogmanCoupureSyddir="edict" hearseMamilla="divotYonderPulpier" canaan="fidged">
        <arollaWeasandAppui>fourierCaf</arollaWeasandAppui>
      </eboeEperua>
    </binomy>
    <flyteBiverbGazebos>
      <evincesPrimeurSaily>deriverVermont</evincesPrimeurSaily>
    </flyteBiverbGazebos>
    <nakoo>
      <kilting>unchicCavallaSalvo</kilting>
    </nakoo>
    <trioecsGirritAmuguis>
      <wittierInfusesLantana>decrownMaricaRemeant</wittierInfusesLantana>
    </trioecsGirritAmuguis>
    <centageWimples fijianBonnetDhourra="caslonOilyishBudlet" danaglaWirer="umbellaMaanaCrudely" vugg="abjectFerGambone" orectic="sceneryBulking" floodHousesSeepage="spliced" bridie="morelleServTubifex9519">
      <fount>eulima</fount>
      <zoaeaComrade booing="attirerConcede" troopsRearlyFlouse="abhors">
        <ephedraJeed>5853218</ephedraJeed>
      </zoaeaComrade>
      <typesofFanfoot cup="albanySpringFusils" eruditSeletyHiant="pumpersWallful" eyrySouldieMelter="atoxylOtic9209">
        <medeaQuorumVerry>chinEneasNuagist</medeaQuorumVerry>
      </typesofFanfoot>
      <foosterTaslet>
        <larunda>goozle</larunda>
      </foosterTaslet>
      <awakenRosser phrensyBellyer="39776599" barfulLiatris="alkydsTallyhoHumbles" dustedPilpai="tutus">
        <edemasSaviour>3014107</edemasSaviour>
      </awakenRosser>
      <amunam yugaFlakierHoldout="varanusOuthaul49">
        <biggy>odorsPalgat</biggy>
      </amunam>
      <udaler secparQuiraSfree="smiting" suturalBluefinGearset="paraphsMuskegMafioso">
        <ovule>foistedLoggats2</ovule>
      </udaler>
      <burpingAmicousJoist>
        <sublid>ounds</sublid>
      </burpingAmicousJoist>
    </centageWimples>
    <recoil>
      <sahibsMispage>hiper158</sahibsMispage>
      <idyller ataiyalClarinoYanky="skaters" onsetBilledPetitor="turkeerEnzootyMuslins" jejunaSubwink="cop" alumIneyeOctose="74641686">
        <duopolyAwreakRebury>talthibRemints</duopolyAwreakRebury>
      </idyller>
    </recoil>
    <stripCuproseTucking>
      <scowsPoppets>19963</scowsPoppets>
    </stripCuproseTucking>
    <bremberWynd absvoltWasterMallows="141819810" gippySpuming="untonedMesozoa">
      <wysonWidbin>colinusSkywardDitt3305</wysonWidbin>
      <rhizomeGothaFinked thenne="924330" fuhrerKernosClypeus="769481" alamortChegoe="wearers" unhungRuttier="apposer5">
        <rikishaSwireSnavvle>slimerChaffedEmm</rikishaSwireSnavvle>
      </rhizomeGothaFinked>
      <urealSiltyOstyak kudos="661" rejangPaniers="bittierBiggishApx" pellaeaChihfuRangle="8669">
        <ghazi>gloreSluiceBullace</ghazi>
      </urealSiltyOstyak>
      <cardonaSupped sation="unevil">
        <ambles>73617582</ambles>
      </cardonaSupped>
      <gurnard>
        <staid>6656</staid>
      </gurnard>
      <rockabySouk oppSagely="95981647" stopen="351659">
        <linkersCunyieDasewe>pillbox</linkersCunyieDasewe>
      </rockabySouk>
      <latriaFlyingMullahs spinodeRebinds="nylghauJesuits93" yameoAmang="reliantKonak5869" gaupingMolted="7485">
        <lethes>unitudePropagoRework8</lethes>
      </latriaFlyingMullahs>
      <curtest wakambaReveil="amyleneEloinIchors">
        <onoBedwell>bywordZingelKettles39</onoBedwell>
      </curtest>
      <bailer fbiExpiate="armerVesical" bonav="menicTombak" ismdomZither="20412876" toyers="8799">
        <squailTooths>908954825</squailTooths>
      </bailer>
      <unaflow grownup="babua">
        <ectases>lineaVrbaite</ectases>
      </unaflow>
      <spare granita="enfileFlyblow" bedaffAtrypaCuragh="pascualAvow" stemmaPuerer="55703316">
        <shape>iliadImpostsSkinker</shape>
      </spare>
      <nephronMand regnumUrtica="behenicGuckFlarer" vinaliaDandifyFungic="julianeKiakiPadnag" eauxSwifts="73688" feists="606357">
        <agenesOvid>21777055</agenesOvid>
      </nephronMand>
      <tritorWides swasherSharpie="60441" snottieChumble="riffianSwayedTelling" gulixSleepsAnilins="cecrops" humblyPetasus="44778">
        <guillemWulder>tips</guillemWulder>
      </tritorWides>
      <wotlinkGlennPageful daysideFagotte="44992" chrysid="345847" moronesAnandaArales="coraledReannexAgible5">
        <respueSiganidPoire>telamonPuri6720</respueSiganidPoire>
      </wotlinkGlennPageful>
      <coils zaramoIvies="waspy7356" cake="needlesFungoidKnarred">
        <dekle>netsAldide</dekle>
      </coils>
      <electsGamerSkeech smazeAletapSwather="29" palchHullock="wadder516" studysKiltyBrocage="united" hoopersCotoroOurari="4814">
        <monalDegumBorane>purr1</monalDegumBorane>
      </electsGamerSkeech>
      <wanker kloochGabble="699250" foxingGamefulHeil="10032">
        <shool>snipped</shool>
      </wanker>
      <wingmen leafingThissen="baffeta" firNassa="pumpleScrooch" erinoseLimping="oaves" disrootVeristsDamners="oneismThesial">
        <empalerAzarole>chakobuLyreman</empalerAzarole>
      </wingmen>
    </bremberWynd>
    <aretesTeetingGoetae>
      <sniftedHarledAnde>cratons</sniftedHarledAnde>
      <margesViatorsRandem audileHenneryPalmic="7" titule="croupal">
        <legatoColour>hutchesLorate</legatoColour>
      </margesViatorsRandem>
      <venduePrigged phemicHosesMelts="158028583" baaliteEmbosomNoesis="skiterChained1" zemiPinfireYusdrum="nitrosEndears903">
        <overhie>iodize</overhie>
      </venduePrigged>
      <heretoUninked canthi="camauro" yare="quasheeEmeried" loirAdoresFrowst="oculliMordvaSergio9052" troncGuniter="9119726">
        <cavaeFresco>vivifyDedaRond</cavaeFresco>
      </heretoUninked>
      <stemmasBichosColonel dewfallDuckieImpavid="valium" rifianMoabiteGlaucic="delireFlores" fatuism="feetageFendsWattles" lehayimOxyphilAvowant="kluckFarfetAbusage">
        <tinglerIrone>gangway</tinglerIrone>
      </stemmasBichosColonel>
      <ditto>
        <carked>391</carked>
      </ditto>
      <jackrodDiwata galaxesFluer="60" triglidVomiter="afrownOutmode" keirsSugiAgonize="532" gushyMalaxisSchemed="piliganBagwig">
        <almnersCheke>99500</almnersCheke>
      </jackrodDiwata>
      <cathrynNetsmanDegums scarperMogul="durra" gamicHearEphori="pesach" pilauedCobblyPeeing="ephoral687">
        <remeltWagerSwam>crosseApyrousSthenic9714</remeltWagerSwam>
      </cathrynNetsmanDegums>
      <outleadDivisi atrocha="984265620" warblesConductVassos="963916938">
        <kan>suckage</kan>
      </outleadDivisi>
      <sundown lyoneseVaguest="84729983" ironize="elaborTamber73">
        <girnedGonysPignon>aditsBoosterThallus</girnedGonysPignon>
      </sundown>
      <tarmiNutgall gunshipHeized="mortice" darstBaymanYowler="mannite302" livensRajpootBuffing="grumped" frocksAssayed="hoagie">
        <dodded>bilcockAggerOnding</dodded>
      </tarmiNutgall>
      <undightYeukAnotta induingJumma="562324535">
        <infund>11983584</infund>
      </undightYeukAnotta>
      <curney rhymedCostlewFulled="cowyMildews">
        <libitumDebtor>cozily</libitumDebtor>
      </curney>
      <zygionCloots>
        <carlish>slumpsPlumoseMajlis</carlish>
      </zygionCloots>
      <scrotaBarseScuffly yukata="nixingUnwan">
        <erodent>malted</erodent>
      </scrotaBarseScuffly>
      <shinerOzophenHubba arf="mimer">
        <slut>peltateMuggyJova9837</slut>
      </shinerOzophenHubba>
      <scyth alooflyComGhole="ninaBasicsPigface" ciliaWhambleRebias="roti6" buoyedBywayWinks="eralTarrack">
        <caspianPhaseal>angie</caspianPhaseal>
      </scyth>
      <atonesDardicJaping ygapoDreep="goggly" haploidGreatsFaured="outgainAtheistFavose4799">
        <chosing>sadlyWedset</chosing>
      </atonesDardicJaping>
      <struck torches="cangan" storgeWebbierOlcha="stichidJakobEarock" ceasingNomadeWriggle="folksay">
        <icierTenendaYarm>staunCoventGastful5</icierTenendaYarm>
      </struck>
      <tinworkEvinceHakdar gullsDiktat="dapperHhd" wur="surviseLovablySilent" newelty="gilgulBesetWackier" comatik="amarvelQuasheyThicky">
        <vaguerSacelaHolland>forloreBonair</vaguerSacelaHolland>
      </tinworkEvinceHakdar>
    </aretesTeetingGoetae>
    <peenCeibas razoredFastishHollows="ungoutyPickax577" saucesCullen="soddenDoorba" dopeyPorger="148402" programBecovet="atikWedanaGlacial6974" comportNesses="sloaneaTutelae">
      <outdoor>det</outdoor>
    </peenCeibas>
    <hasard>
      <rabbet>refloat6</rabbet>
      <mictionBeachesThraws exclamCotice="chilesTathataAnana" leelangKantist="chider64">
        <career>anatron</career>
      </mictionBeachesThraws>
      <doppiaLithium tatieResgatScallom="ficoesColter">
        <kebby>7597372</kebby>
      </doppiaLithium>
    </hasard>
    <nastic>
      <gratins>regaledStolons</gratins>
      <praised andricPerreia="axleChaya" affeerSpewsMiauw="8391">
        <byroadGlobingLispers>blowsePelopidUnchid</byroadGlobingLispers>
      </praised>
      <saifyRsum soogeeRumensShesha="shakesVinyonFussy" budgyGrosetBulges="1984469" croapeTitrant="765123295">
        <powderyAbrazosPinons>patina2</powderyAbrazosPinons>
      </saifyRsum>
      <enskyed wailfulDiander="siccing" vaporerMomble="juniorsHarry">
        <mikveh>sheeney</mikveh>
      </enskyed>
      <unlegalSeveralNullism jawfeetFugsBiome="weazenChapeMalvin">
        <misdoFinerFeedbag>piaffed</misdoFinerFeedbag>
      </unlegalSeveralNullism>
      <boubasWheer beggarEanMidward="enislesPiqueur" noritesMootingPigfoot="upwheelAdsorbs" bartMeccano="775054719" sarinsPunaiseKalekah="sodaic">
        <sabanut>amselSabicu</sabanut>
      </boubasWheer>
    </nastic>
    <exegeteAland>
      <ramalOgiveDrawn>ptereal</ramalOgiveDrawn>
    </exegeteAland>
    <bodiesFlamMalleli>
      <massif>eyefulsAnilid</massif>
    </bodiesFlamMalleli>
    <babooshBuckles>
      <mislayAssate>topfulPannag</mislayAssate>
    </babooshBuckles>
    <podia>
      <pulliDeplume>seaxSmush</pulliDeplume>
      <fresserPoppleDrowner skillyBallat="knot" gasket="coupageCubistSusu">
        <burgher>748710</burgher>
      </fresserPoppleDrowner>
      <burgauPitting blearyLangiteBrere="314315750" beetleDadayag="vannaiSwitch700" melchImpetre="cavingsCadjanGirding" vrilledFatigue="sparidsGabbleSynurae">
        <nascentShuttleGlobin>unipedWadmelsLimbo</nascentShuttleGlobin>
      </burgauPitting>
      <tippetIonics wrangs="equateStashes">
        <wishful>gremmyRhymes</wishful>
      </tippetIonics>
      <scutch dryest="salukiOcularsButyral" stigmalDowd="gunjaMadiga" myrickWanruly="anisoyl">
        <rchauff>apass</rchauff>
      </scutch>
      <octaneSer cushFiancedPlacid="twainsDrubbleMatins" manualsFatlingHewed="dampens" gusts="chadorsMeissa" fiddlerThaisIdolism="fissile">
        <tuchitBalateKorin>985258238</tuchitBalateKorin>
      </octaneSer>
      <lacernaTalpoidSurveil gilly="cajoles3440" swopsAsperly="dubbahCerimanAndroid" coarbBoxen="dubbyNephiteOsset">
        <dawsonHelenusRasa>8168912</dawsonHelenusRasa>
      </lacernaTalpoidSurveil>
    </podia>
    <mauAlmira>
      <saiticStashesSeizins>agin2</saiticStashesSeizins>
      <alumicMass levisHeiringNovel="pink" sokokiDiableSuckeny="45368881" oncotic="cyclarUsninic">
        <nablasEme>rheaeIseriteNonsale</nablasEme>
      </alumicMass>
      <tilPahari>
        <exrxChided>dyewareAtonalYacare</exrxChided>
      </tilPahari>
      <bepaper inheritQuayage="5" archwagThawAoudad="barkingCurverShoppy" fibromaLabia="slipsLiyuan" upbreedWhereasMarges="studies">
        <kachaBoundenCreeled>husht</kachaBoundenCreeled>
      </bepaper>
      <jowedFlokiteProsoma>
        <mistold>moorpan8336</mistold>
      </jowedFlokiteProsoma>
      <abner silanga="356240" ellickConteur="spreadyBewornWelshy">
        <octaplaEucrasyMorbid>sorrowKirns</octaplaEucrasyMorbid>
      </abner>
      <treflee uteriBedunceDavit="quetheFarle" antlia="frecklyBanjaraFlanes952">
        <belliesBaymenShairns>pudsAvesWhindle76</belliesBaymenShairns>
      </treflee>
      <ville dreggyBlendesLeadier="domeGasherImprime" beetler="yonsideHoomMercy" whindle="shadowsDozened">
        <assaultVinegarBontok>unkill</assaultVinegarBontok>
      </ville>
      <whomBakepanDerout mouchLuncher="adozePiastre" haggingOmagraAmnesty="clientFlidge7195" zigankaAurousMiny="150" alison="scrivesStenchSpandex50">
        <gnatsMismeanFoetal>hallotBliny</gnatsMismeanFoetal>
      </whomBakepanDerout>
      <fratryShunned brewedBrands="shoorIthandSurest9">
        <spheredWhelky>bedinFormene</spheredWhelky>
      </fratryShunned>
      <guffManconoDonat>
        <emforthMislayKenyan>378707</emforthMislayKenyan>
      </guffManconoDonat>
      <rakanKlosse knuttyWryer="sibsRegnalKoine" fuyeCaupo="zeedBruchusHeadily" beshow="rathedSargusOleg">
        <beeway>fumesBothros</beeway>
      </rakanKlosse>
      <brookieOologicRuining vernalBawlersBrazils="ploestiOswego" julianeSadleir="potassChobdarMoorn" reliedBowlder="7647">
        <aldolOvensFogle>cystBesagneBaka</aldolOvensFogle>
      </brookieOologicRuining>
      <adry bearedTaglike="mhgStratiAgamont" reblastRiotWellies="6" disdeinGildsDib="antlikeHymnody">
        <oasitic>4</oasitic>
      </adry>
      <honer apopyleHonored="sainteVinci2688" nagster="molvi" skirls="142578354" resumesTossersPlosion="kemptsFunniesBeefer338">
        <regimenKakasBelgard>piperlyJocoqueKalams</regimenKakasBelgard>
      </honer>
      <lintie holm="ejectaGleg" leaders="capingTaelsVizor" angling="enfoil" bombay="oeuvresBermudaMenyie">
        <tictacsCdfReflate>unrunWambubaToyos</tictacsCdfReflate>
      </lintie>
      <fairestKames discardReedishZwitter="claqueCriant">
        <bemarTali>775595</bemarTali>
      </fairestKames>
      <meinSeizins sobberPutt="bisons">
        <caleb>721676987</caleb>
      </meinSeizins>
      <recantDigmeatPhials>
        <fishpotFusion>42250</fishpotFusion>
      </recantDigmeatPhials>
    </mauAlmira>
    <pandersShantyHiera>
      <prudent>gonofSwattedVerd4139</prudent>
    </pandersShantyHiera>
    <obeyers>
      <capablyKilter>coder</capablyKilter>
    </obeyers>
    <bacca>
      <chimleySquat>degami</chimleySquat>
    </bacca>
    <lulu>
      <oakwebAgbaPumice>gthiteJugger</oakwebAgbaPumice>
      <crases slimingBsf="segues" potager="larree">
        <muttersClavuviAvick>braggy</muttersClavuviAvick>
      </crases>
      <clogwyn billsStepsonSpeak="exserts" rappiniApical="sunriseNebulae">
        <perling>97</perling>
      </clogwyn>
      <edemicDecene partanDearth="kutenai">
        <gambierTirer>mortiseUtrubiLigula</gambierTirer>
      </edemicDecene>
      <sluingPesaShiplap crawley="submanMadrihStudys631" angorasAldazin="spangly">
        <mapauSis>attaint8</mapauSis>
      </sluingPesaShiplap>
      <panne sgad="splodgyFracted" buttled="mislest436" laus="emerizePassersKerrias8">
        <linemenCamuse>whooshMailboxAimak</linemenCamuse>
      </panne>
      <affixSuantly escaper="dotarieReduced7" proagonStroudEucrite="duende" gudGalleyTackles="lamedsParuria9" punyBeanieInopine="senecasInforms">
        <swoln>macerCarzeySciage</swoln>
      </affixSuantly>
      <nosterTaupouDiurons ovamboGnamma="manweedWarthog1431" druith="throngs329" unnessPegger="goosePudgierBeweeps">
        <sparsim>6291</sparsim>
      </nosterTaupouDiurons>
      <busses bocheEpistle="dermasKettrinSluicer" royouShelvy="isortSynods968">
        <moldyKilty>winnersBoart</moldyKilty>
      </busses>
      <gaymentRealestPoroma>
        <lazybedPsychedDibbers>howdieDridderPlunge2276</lazybedPsychedDibbers>
      </gaymentRealestPoroma>
      <copilotOrbicle foggishAmebaMitring="marlier45" sothPepsisFados="teaty310" stayerApeling="9573271">
        <empanel>10820300</empanel>
      </copilotOrbicle>
      <dobbinsDitolylSpoilt dushScabFeudist="minbuGalahLentigo1" jamb="875" refuelQuanted="mofetteSvan">
        <nerver>aroidSlabWelded</nerver>
      </dobbinsDitolylSpoilt>
      <kalongsPunched>
        <reorderCheckeMarged>bugaboo2</reorderCheckeMarged>
      </kalongsPunched>
      <outfish profreDefeit="prays" stippleGoodmen="reginaeHearerDenis">
        <unspit>burler</unspit>
      </outfish>
      <unum twant="fennecsSurfeit" demonry="scaulVacoa" goralsVomity="limnedOccludeSnicket2401" inter="remenGiterneAjivas">
        <karn>vividlyCreditsAstrut</karn>
      </unum>
      <bagreefPercuss moquiSpeed="desmicTuttedBeroida">
        <docilePungiePrebble>roburSpurt2883</docilePungiePrebble>
      </bagreefPercuss>
      <tomrigBeweep coccoAdorno="passataSejeantFleech" samburuCoppras="trodeOfter" lucrifyCouteau="sunbathKogaiAtalaya">
        <divines>evicts</divines>
      </tomrigBeweep>
      <blirtGeotyMyronic pugging="162244">
        <speel>manqueeLakiest</speel>
      </blirtGeotyMyronic>
    </lulu>
    <nigellaReassayTodayll filmerCatspaw="631" vote="7361">
      <raffles>boscage</raffles>
    </nigellaReassayTodayll>
    <clauses>
      <caraja>faddishRarefy</caraja>
    </clauses>
    <dirhamMzunguGavall>
      <antientZaffres>gater</antientZaffres>
    </dirhamMzunguGavall>
    <assurerBejesus>
      <joramHyaenas>jibesPorkyEasels</joramHyaenas>
    </assurerBejesus>
    <fotchedLagoonsRetints>
      <leakageChopdar>bakaleiCriantDoh</leakageChopdar>
      <cucuy beaner="chianJuise">
        <subcashAngloMirac>3</subcashAngloMirac>
      </cucuy>
      <phytase degasGene="4058" keef="5" renting="louter">
        <urbianDaudit>ezodShapen</urbianDaudit>
      </phytase>
      <supplyBoneyBurlesk inserve="skibobMaubyKeach" bioxideWounder="eremuriBareka" novena="ainsell" clearlyWaftyRax="gimper2">
        <indabasSpadingCassady>inky38</indabasSpadingCassady>
      </supplyBoneyBurlesk>
    </fotchedLagoonsRetints>
    <musciJockosAbjures>
      <forgoCara>spakFarosUptrill</forgoCara>
      <beleave paramoCobwork="totaraHdkfApophis" poetQuaitso="exogens949">
        <pedagogLoxoticLayback>ehretia33</pedagogLoxoticLayback>
      </beleave>
      <reopensMythoiSecreto singlesPogonipEucaine="7">
        <shaggySheaths>alert</shaggySheaths>
      </reopensMythoiSecreto>
      <unlooseNetman gerefa="yarnSameRhema" norkynKussos="bombeLesbian" sixgunSchul="pipericTipply">
        <geishaPecklyHexads>988301</geishaPecklyHexads>
      </unlooseNetman>
      <flutterKeld uppentHourCoves="rubblerQuiff6" pinnalArousedEctad="21944" scutateUlu="fuggierCentums" elwood="brewing">
        <jaspNopalea>734685659</jaspNopalea>
      </flutterKeld>
      <vallate bustlesFrecket="befameOrange" fondledOrgueilKistful="ramnes85" lairdly="gizzenNighAriki4">
        <muckierLeadingRheeboc>537247476</muckierLeadingRheeboc>
      </vallate>
      <fugles>
        <arvel>grinnedJoyless9</arvel>
      </fugles>
      <muzhikLidsTawers psychesFrettedProblem="sctTapettaEpigeic" heronCabasa="jetsamsIsoporCombite" bumbardPouterRefiner="untillRakeCyath895" myeloma="scleraDigne">
        <tramelsScandia>velout</tramelsScandia>
      </muzhikLidsTawers>
      <bhoosa prosapyManiu="brittleFreesiaDahlin657" tomponDecayerSerein="yukkedVulgarsScaw">
        <stumour>aumeryVangeli</stumour>
      </bhoosa>
      <maranaoKrantz>
        <kimonosMormalUpkeep>plicae</kimonosMormalUpkeep>
      </maranaoKrantz>
      <delendaHarassThrall>
        <muroidChalah>5483376</muroidChalah>
      </delendaHarassThrall>
      <miffing>
        <stowage>dubbing</stowage>
      </miffing>
      <pokersRetrampJamie pachas="squirrTripple" ptelea="tiffany15" carot="mishmi">
        <kimchee>araneinAeneous966</kimchee>
      </pokersRetrampJamie>
    </musciJockosAbjures>
  </bilbiLiftsJovy>
  <pegtopsPews dearer="eliotSkilled" tangutAngerColitis="siphoidIlloyalMawworm" />
  <reflowWeeps />
  <vamperTovetWaits ephetaePeachesBonagh="soggily" />
  <theetKago kuehRestantRefiled="crookenTurnipOldest4" caping="orlean" tshiPhasma="canidia" clavaeTacking="hobosFlustraChitted" />
  <tongingForfarsHelmed dasCuistenRosalyn="birlesNinny" suaverTairnIonical="shankerCacicus38" inarmsKaberuCoexert="jobbersShiesReedy" bosomer="jap6718">
    <buzzerChandui buddiesStab="cavusMoronic" swinish="necrose" rerateLoftyShune="gringo" bizWallfulPent="abunaPolite">
      <kasher>seapostDrongos</kasher>
      <zechinsJanner castanaTowersAneling="stadeScytaleWhammo" squirlGiggingGrimm="caceSmithum" creped="ecorch">
        <numps>lecheryAlberca</numps>
      </zechinsJanner>
      <tedescaCoven reseedsGlennBiabo="kiangOutbledMaquis" poods="plangiSijill" sacaton="89250">
        <plentyMonasMudden>bondmenLevity</plentyMonasMudden>
      </tedescaCoven>
      <untunesCujam narial="teutons" menoBlazy="toffishLunets" hollooGazingRector="121629">
        <honkeys>duvetPenman</honkeys>
      </untunesCujam>
      <utopistUntruss depotSuprSmiley="jaseysStouts511" tyrantFedityWoful="aquake" muddlesBeauty="missive">
        <canonic>30531</canonic>
      </utopistUntruss>
      <judaistMalumAnolian>
        <sniggleSelina>kerbing</sniggleSelina>
      </judaistMalumAnolian>
      <sargesLodowicAlkanes aurifexService="pudgy" upstood="wafAleckPotong">
        <jampani>tweaksSqrtKeeslip</jampani>
      </sargesLodowicAlkanes>
      <rustic>
        <sperketLoosed>1</sperketLoosed>
      </rustic>
      <auris canglerRwyScreeds="waxenPaiockeNickpot">
        <sercomHavaiki>rajpootTeerer</sercomHavaiki>
      </auris>
      <bundleEthyne yameoCards="broddle" poseurDabuhJostle="basiateHdlc">
        <bemadam>bableGiddier</bemadam>
      </bundleEthyne>
      <saetaEmbusDippier amylase="stopwayRehemActions" mentumEmplane="culledBolideDuffer242" doggishUnisons="56389604">
        <subdureRangler>adreamt</subdureRangler>
      </saetaEmbusDippier>
      <oliverPechingOverarm gooniesForelBunnies="6032993" sunsuitAsthmasVary="khassTows18" poorHoli="heller4">
        <inket>parsecSealed</inket>
      </oliverPechingOverarm>
      <wrakerDost>
        <razeingDedans>diaxialPenucheMayday</razeingDedans>
      </wrakerDost>
      <phoceanFogrumClamb uptend="manilaOverawe" kilties="dinusBulk">
        <tap>amirIndexFuzzle</tap>
      </phoceanFogrumClamb>
      <organerLooed velvetFelup="48066584" cuvageGrannyEnfonce="6384">
        <reedifyGive>1</reedifyGive>
      </organerLooed>
      <marcanUndraw spearerAngust="strainBustier8" babooshHaku="croolCordal" arnicasPringle="nuclearComl" jazyDefuzes="7576064">
        <dolci>fieldySmelled</dolci>
      </marcanUndraw>
      <strangeElains stintyEmanantPleurum="gagsSnibs3127" ochavaWhoppedLiable="trilobeWallieShaffle" termiteAfacedCoynye="83554" emboiteVitricsHemapod="3754">
        <massyRiaQuickly>swingerArgo</massyRiaQuickly>
      </strangeElains>
    </buzzerChandui>
    <tpdHandful>
      <nonoilyVesselsKantian>faunusRhebokJerker</nonoilyVesselsKantian>
    </tpdHandful>
    <labanRegiveRonion>
      <basocheOrdainAngia>temin</basocheOrdainAngia>
    </labanRegiveRonion>
    <timely catheadMyrrhs="primateBanakQuasi" wappoCrew="lagersLedgier59" dumpageCoatieIssued="672202" breakDumpishSpooned="luxateBurnous4" slurbanSpiffedElse="genarch">
      <rosellaShrimpy>469211</rosellaShrimpy>
      <sinico bikerNongame="zizaniaRedaredRemoras7" inturn="fleasNereiteWounder" scroffGinkgo="jiltersLedaCesious2">
        <walapai>tancel</walapai>
      </sinico>
      <ceticPodicalHeartly cockups="setonsHuggery">
        <creakedPhonismHarlem>bletherStartsy</creakedPhonismHarlem>
      </ceticPodicalHeartly>
      <schemerCalmlyStalks>
        <kinneryMaudle>tanzibUitWillowy</kinneryMaudle>
      </schemerCalmlyStalks>
      <camataMocksLamaism deratsEasting="quidamGavelet93">
        <wevetGurdy>stra</wevetGurdy>
      </camataMocksLamaism>
      <exalteeBrumbyPaly stolonLinenGranat="preveAffy" boraxSnafusHardy="texasesNonformBulimic" anemias="6938062" reblotBuskinKainah="carrackResteel">
        <molineMorelle>yowlingPommiesPrecant</molineMorelle>
      </exalteeBrumbyPaly>
      <skookumFaucreGlutei filmilyPeeler="2167898" flangBolterGillie="meachManini" togsIcbmPuttan="beshlik4543" blettedBayok="ciergeVacuo">
        <rufterSiphacFusses>rewiredMilersBancha</rufterSiphacFusses>
      </skookumFaucreGlutei>
    </timely>
    <runnionSnightBromals>
      <nepman>nauseumOrphreyDrachms</nepman>
    </runnionSnightBromals>
    <moosaIowans>
      <tettishCasusScarted>freakedNeopine</tettishCasusScarted>
      <cursenOutwove yaffsRemixt="117060747" boozesAnatto="donia" denaySkyful="paritiContour" amgarnTornal="cafeOffcome">
        <unwebXylon>916942532</unwebXylon>
      </cursenOutwove>
      <bilifyArtie andor="413773759" larus="786" pilusTzetseThrouch="theetProller" gradsLouty="swagingPerfins">
        <fellageJumps>wappedRethaw</fellageJumps>
      </bilifyArtie>
      <zillaNettlerStums lacingsJatha="theft5" isotriaCostlewAlane="whopAmblersLigger" washinBibbler="inportJuratLuny">
        <enskiedPratesSturoch>accreteCitiesGuinfo9</enskiedPratesSturoch>
      </zillaNettlerStums>
      <leahZagged copeia="toluolsTrompeRandies" lickersAvian="71" bossaPrehealCarom="deashedHalfwitTanega">
        <presignVenkata>catbirdRhetorBisulc2</presignVenkata>
      </leahZagged>
    </moosaIowans>
    <peelersScreeds>
      <exrEnhuile>tchastUptrail</exrEnhuile>
    </peelersScreeds>
    <furaneKoreanJoul sunwardHooeysRonyon="kalmuck" horser="closish" rethe="euconic" staumer="luauShochet" pylorusPelf="payees70">
      <armitas>fermiumLaggedClogwyn</armitas>
    </furaneKoreanJoul>
    <tubbyBetasAlimony>
      <bebog>shambleAswoon9</bebog>
      <inurnedPacable>
        <dioceseSoprani>cashaws758</dioceseSoprani>
      </inurnedPacable>
      <ada eolianPortent="acutestLabaraGardant" girthsAbox="17" argidPolyveWeys="tettixReinfer">
        <restantDarienTinhorn>nestageAlhenna</restantDarienTinhorn>
      </ada>
      <laboresGuaninNapery bathos="offs" notcher="chamlet" reuelTarBeweep="italiShypoo" arite="mouldsElmy">
        <gabbroTiltureUnring>oopodSteaksInthral</gabbroTiltureUnring>
      </laboresGuaninNapery>
      <sableArtUnnapt sindle="secerns">
        <cruxes>lepric</cruxes>
      </sableArtUnnapt>
      <alvarGemmulaRepugn niyamaKhajur="deairedMimmestAzoxine" fenchol="vexableMadnessImber">
        <veadoreFictorRfz>rimrockGuitarArided</veadoreFictorRfz>
      </alvarGemmulaRepugn>
      <jankPitside eyebathHala="salletScowingCacas" finderPusses="falsityBezettaGetaway" bemarCupola="ako" meterEchoesRoosers="deddColytic3">
        <vidyaSafarisPapas>kariti</vidyaSafarisPapas>
      </jankPitside>
      <cesurasCieWedgier gemulPablo="shoaderUpgazedLid14" burniePaseosMaturer="fruslaPlucks" croak="8079223" unquietWispily="amazes">
        <zonesErg>orantePalatal</zonesErg>
      </cesurasCieWedgier>
      <aztecsDeucedEtiquet>
        <alophas>terebicPhots</alophas>
      </aztecsDeucedEtiquet>
      <petrolLappula axifera="opianylRefriesJural" ways="retchedBacach" ancileWoolEdith="631849179">
        <safarHamline>stooterLangate</safarHamline>
      </petrolLappula>
      <vibrantShewCampos shumalCurrishLemanea="curtailCleeked" adjoinReimply="reserveGlarier504">
        <exscindChih>zandersBegoud</exscindChih>
      </vibrantShewCampos>
      <revisalAnnularWhileen tonyAskrReclear="judo" dungingWoofsBuckie="furze" tomrigSepgNeedier="besee" ceil="328764">
        <ammanRegorgeBowmen>ratwoodNavies</ammanRegorgeBowmen>
      </revisalAnnularWhileen>
      <rebateFixed claudia="406368042" canellaRummerAlmique="boniataUntoneDoylies4" caidLevelQuidae="chiddenEquateJoey8468">
        <shivs>alkeneFacades</shivs>
      </rebateFixed>
      <recrushMistidePeopled>
        <acerbas>7389</acerbas>
      </recrushMistidePeopled>
      <perrie ensures="3055" areteLoonierBycoket="9936575" intoed="weewawPsyllasCubited" roaster="stokvis">
        <arrangeLuridlyApojove>tuyere</arrangeLuridlyApojove>
      </perrie>
      <smashupPierisKalang umpSpissyBeslow="muzhikJazzersAcyloxy" doffTheftsMamushi="birn" lachesShyishKails="ruddledCroslet" conches="bodsPlap">
        <anticar>991769</anticar>
      </smashupPierisKalang>
      <tomefulAntisSignons vairyBeadily="pronaosArcatoSimars" paritorGleet="manga">
        <nibsomeRebluffLeyden>jiaoGammersBombast381</nibsomeRebluffLeyden>
      </tomefulAntisSignons>
      <yeastsPronGnome swivedAmesaceFrap="ternes" quale="alpisteTailzee" faceman="incrept" wendellSpockPedage="whizzleViss">
        <puertoClosh>5552001</puertoClosh>
      </yeastsPronGnome>
      <awanyuScabsSelung alleleuToffish="kelehTragiaKoussin" peachyBiblus="179751792">
        <prn>depe6</prn>
      </awanyuScabsSelung>
      <museistPoking>
        <dairiDoeg>ratwood1453</dairiDoeg>
      </museistPoking>
    </tubbyBetasAlimony>
    <bobcoatDeaconOffs>
      <laeliaTalions>backjaw</laeliaTalions>
    </bobcoatDeaconOffs>
    <twirlsSamshusPiragua>
      <surplus>62362</surplus>
      <starn worthy="aneticCouleurMotivo" mislledNazismAnele="bristolAtekniaLayfolk">
        <extoledAmulas>cajava</extoledAmulas>
      </starn>
      <pdnAnticktPeiping chillyHumateInbowed="bramLineyDegging">
        <formatStoups>cawkGorier</formatStoups>
      </pdnAnticktPeiping>
      <alrunaSceat epimythGentman="unwan" seemers="sertumNullismPurlman" calumetJilt="fangingToxodon">
        <laibach>motored2869</laibach>
      </alrunaSceat>
      <rammackBedotGalipot alwiteDodgery="camises" okimonoKoel="1227166" caraway="wairepoLooing911" volvoxFecit="waggonRepairGangues">
        <altezzaUnstrap>cauking</altezzaUnstrap>
      </rammackBedotGalipot>
      <spleniiMedea polyene="hyneOreiletAshy" comitesLyristsSarods="talitolSerailsIambe63">
        <fewter>blitzesJaghire</fewter>
      </spleniiMedea>
      <yashmak>
        <wharfed>789172415</wharfed>
      </yashmak>
      <jawanMisfareBronc cheesy="nowhereSpraichInspake" saultsHolly="langelAscher9751" exolve="sedarimMealsSpeer">
        <singesCodifyOutwear>commie</singesCodifyOutwear>
      </jawanMisfareBronc>
      <detroitBlightsHans>
        <unmewForker>millfulEmpresaDibasic</unmewForker>
      </detroitBlightsHans>
      <roll>
        <epizoic>griffesBakery</epizoic>
      </roll>
      <begladsBialysSey leakedOvuleHederal="instar" ulidiaPutchen="9" duddyShearMose="astareSublime918">
        <packingFavorer>gunzCusping</packingFavorer>
      </begladsBialysSey>
      <chopinIguaniaBlasty>
        <unhelerSundogs>9621230</unhelerSundogs>
      </chopinIguaniaBlasty>
      <entteChive ruersHerms="innards" medioDiluent="wartime" dozersRetinueAnnulli="senile33" pitiedCohort="aeolianKill">
        <lunksClubberRegimen>vinedLemmaShunt</lunksClubberRegimen>
      </entteChive>
      <qafFaff>
        <icelandDenialsDabuh>bevueTasses</icelandDenialsDabuh>
      </qafFaff>
      <afshah>
        <chacunChemis>vali</chacunChemis>
      </afshah>
      <fundic>
        <frisletFootpadHallot>coelomBehenicTentor</frisletFootpadHallot>
      </fundic>
    </twirlsSamshusPiragua>
  </tongingForfarsHelmed>
</rewet>