<?xml version="1.0"?>
<taguanGustard>
  <towards from="mambaCarvenSwile" urdu="forcer" sunwise="194429">
    <josieCruive amniaJuvite="custos" suptionEft="5769714">
      <leuco>gougingImping10</leuco>
    </josieCruive>
    <pinx cappierGrasset="fretishSetariaXint" croftsIstMicheal="21030" tempete="findersUnflown" mavieAlehoof="zaftig" rowers="9572637">
      <planula>conimaCitharaOzonate</planula>
      <breamed cubla="942714249" flume="surgier">
        <mozingGayway>nowts</mozingGayway>
      </breamed>
      <aggrosWellman beefily="gunlineJato">
        <sunnilyUnfeleBravi>yamunCumicShrug65</sunnilyUnfeleBravi>
      </aggrosWellman>
      <shaftTiercelLiftboy fuzzingOnusUnornly="891634" spial="feastCitolesUngood" yawner="kulang">
        <floranRooterRepours>tipburnSubface</floranRooterRepours>
      </shaftTiercelLiftboy>
      <cythera eigneEjectumCoses="estuary101" scoopKutchin="logwise" thionic="stridTepefyOctroi80">
        <turnixKewpie>firked</turnixKewpie>
      </cythera>
      <runtish homarus="3" bummersSurcoatCoacher="geckedCurtate" humble="goffle7678">
        <psykterHoopedDisglut>noumenaLustralPalta</psykterHoopedDisglut>
      </runtish>
      <proudlyWartFeinter portendNiyama="4" etrogs="fretize">
        <inkster>62</inkster>
      </proudlyWartFeinter>
      <updryQuilezFloor tolled="lavetteAtwirl" chairedAbangaArdeb="drung" daubryScreak="52076" lookupEntwiteAberia="fidesFormous">
        <situsBiviousMidewin>marsoonGasted</situsBiviousMidewin>
      </updryQuilezFloor>
      <maslinSurreal biferParroty="wheezedIonismNonoral">
        <dyakPuntos>urogramGeestsBkbndr</dyakPuntos>
      </maslinSurreal>
      <trammedStatics>
        <hatOxshoe>awns</hatOxshoe>
      </trammedStatics>
      <strainMittyOlepy yowls="nettingDiphase9433" gleemen="lofting">
        <mabela>sunbowsSarna</mabela>
      </strainMittyOlepy>
      <houdanHandy voxCuffyQuippe="battlesRemixesSord">
        <sciurid>salableSoleBanbury</sciurid>
      </houdanHandy>
      <merozoaQuilly misbedeDantistGullets="zufoloPertest">
        <dola>billerVegetal</dola>
      </merozoaQuilly>
      <bodoZebraic telicalChoisyaCrusta="frogeyeShrewly77" priscanProneurAgist="dewittDidies" cheviotNixing="549" khanateZincodeShaitan="ghibliHasht">
        <mutchesPluteal>3709</mutchesPluteal>
      </bodoZebraic>
      <kinah melaniaStacyNebbed="61568412" mangerySpinae="yagnob">
        <horrorIndic>97</horrorIndic>
      </kinah>
      <pulloutKiloton yatterCogmanAroph="spalderUnnerveHoicked" defocus="986249" scauper="4">
        <queererOffingStarves>hebenWomen7</queererOffingStarves>
      </pulloutKiloton>
      <forsookLoxesDere alveusKepiCafe="18759" sappersPisoteCrawm="leashesTawpyMahonia54">
        <welshesGermainPentail>9312</welshesGermainPentail>
      </forsookLoxesDere>
    </pinx>
    <girkinTale>
      <gravedoPeachen>sperma310</gravedoPeachen>
      <flankyUpwhirlCroset skycapsGummierBouge="flakes" foulardCrusado="schellyOuthitsBebloom">
        <uphurlAracari>trojan</uphurlAracari>
      </flankyUpwhirlCroset>
      <poppas mondaysBygoingRte="aguesCryonic">
        <flakingStores>6845691</flakingStores>
      </poppas>
      <kokuminCephas garblesNoseanCarses="chapmenInfirmSaffian" atwistRegaldPanoply="tibialeUbii190" tawie="pappiesWambugu" schismsLamnid="suldans">
        <violetEponymy>theowLeptonsPuffins</violetEponymy>
      </kokuminCephas>
    </girkinTale>
    <porgyRoisterOctapla rabidlyTurkBidree="4538" bidery="97711538" dibblesPermix="suchosEosin">
      <frab>papregClothe</frab>
    </porgyRoisterOctapla>
    <speans>
      <swartly>212</swartly>
    </speans>
    <folic>
      <eerierUplook>ceraHoudah</eerierUplook>
      <acontiaComboScripto nozzlesGirr="whuskie" kuarUnnetBookmen="ices">
        <arupaBulseKaph>ungluesObelize</arupaBulseKaph>
      </acontiaComboScripto>
      <uplift papey="pinjra">
        <annoyerOatsFewmets>douc</annoyerOatsFewmets>
      </uplift>
      <fogyishSobeit gruffly="urtiteLargetTegua" doina="syntonyCoachee" ranterSpilusUpswung="zoocystJougsScott">
        <misrulyKaros>pashPatrixDipole3860</misrulyKaros>
      </fogyishSobeit>
      <sporterPseudo glisk="kedgeBalaiPrimal" rotl="jogtrotOdiumCambrel" bun="gourami" emeLoatukoWakwafi="gulpsLourdyIsoetes">
        <contort>netwiseStickle72</contort>
      </sporterPseudo>
      <cruellyFidgingMope>
        <churoyaChoicy>8418</churoyaChoicy>
      </cruellyFidgingMope>
      <chillyScoliaWages inogenHoumous="rusks3" roon="craterStyrian" adytum="rotatesPondage">
        <hatsMaliki>norroy1</hatsMaliki>
      </chillyScoliaWages>
      <inangaValuateSyruper>
        <caulsQuelt>marry783</caulsQuelt>
      </inangaValuateSyruper>
      <atazirMiocene>
        <ceasedCabuyasFabraea>godwits</ceasedCabuyasFabraea>
      </atazirMiocene>
      <aiasKempleGraping>
        <affineResteelGirning>wartedPizzasAcmaea</affineResteelGirning>
      </aiasKempleGraping>
      <keymanSteroTrotyls>
        <scottTerrarConduce>refers</scottTerrarConduce>
      </keymanSteroTrotyls>
      <phytylChoricIsology>
        <aldrins>forpine</aldrins>
      </phytylChoricIsology>
      <ifugaoCoutheHawks phare="492" yakut="foists1" chalcon="aeciumAnlaute" pinnuleLemmonXyloma="31679">
        <morvin>236887734</morvin>
      </ifugaoCoutheHawks>
      <eyewinkChallis augersSquoosh="3161" gripperMarmosaLeva="564435">
        <dioeciaOologic>256724</dioeciaOologic>
      </eyewinkChallis>
      <bevetoUndrawn bleeds="arghool" affairsBudded="paiked" volvas="towelrySlacklyTraneau" vinculo="adiosInteind">
        <kulakiNutsyVisne>21</kulakiNutsyVisne>
      </bevetoUndrawn>
      <etymicSpeedoPresell finguHokku="hartalsWillers" eposesMoresEnticer="44" achiestAzlon="olivileSurgers" extime="osseins">
        <alefsBoughed>moonily3</alefsBoughed>
      </etymicSpeedoPresell>
      <degrasHoom>
        <fiscGemmaryVariola>foliate21</fiscGemmaryVariola>
      </degrasHoom>
      <yerga>
        <coroneAnquera>balada</coroneAnquera>
      </yerga>
      <tinguyMediumChimla minicabWriest="horsyAction" teavePakhtun="brendaTemiak" snatchWaipiro="alumnalSkreeghValuta" hano="boulder">
        <dutchyJokeyAsg>limedVoiding</dutchyJokeyAsg>
      </tinguyMediumChimla>
      <cheslep mogsAmritaNeter="anotto6898" duelliGarrons="bedumbPeonize">
        <marfikDistaleMkt>572065289</marfikDistaleMkt>
      </cheslep>
    </folic>
    <uridineTeart>
      <sattie>cholamBlawed3</sattie>
    </uridineTeart>
    <mausoleCaesar>
      <tunnerCeroidSubport>besirenUnhingeShier</tunnerCeroidSubport>
    </mausoleCaesar>
    <tensFrizzleBeefer rhizopiLozengeMyoxine="tingleRefinerChing" megohmsArenig="panhasDrupe4262" chawnCrafter="219693208" coctionVolleys="ethylicHarping" desires="dentesCookeeDolour" fastiiaMulctedAerogel="iguanas">
      <boltiCeriph>kokos</boltiCeriph>
    </tensFrizzleBeefer>
    <arrasedAcreakDower>
      <pythias>402568663</pythias>
    </arrasedAcreakDower>
    <kafaFacsimChalina>
      <jestOlios>broad</jestOlios>
      <sprier quartz="felony655" ios="tillmanPudgierNowed">
        <alagau>179728743</alagau>
      </sprier>
      <nickumNonfact retakesCrickeEmulant="stag" junks="conchie" sconcer="hangs" kodakBaboen="riskersBrawlsGiusto">
        <hoovesWhillyPlanera>95</hoovesWhillyPlanera>
      </nickumNonfact>
      <itoubouCaptorsAbuttal smellSmoked="usedntLallan" gaolers="662372">
        <tinfoilPodices>deucedTooken4083</tinfoilPodices>
      </itoubouCaptorsAbuttal>
      <paddedCameistMotiles unsewed="rated" torpors="wyson">
        <tricon>9982</tricon>
      </paddedCameistMotiles>
      <maioidNpeelAnodon anticusSidings="erick" roosingImpregnSukey="shaperGaleQuotes">
        <unbare>platesCunan</unbare>
      </maioidNpeelAnodon>
      <snagBeteela waverChettik="69" dresser="54297">
        <feodalSneadKnobbly>pyrryl</feodalSneadKnobbly>
      </snagBeteela>
    </kafaFacsimChalina>
    <tungate soallySpeil="swifterTawer3">
      <clerklyHeadcap>293921979</clerklyHeadcap>
    </tungate>
    <moment>
      <oxerClipperDryness>48891</oxerClipperDryness>
    </moment>
    <zinzarScouse>
      <dregPeavyStopway>druckenBrandon907</dregPeavyStopway>
      <ballardFoliar quadSternadRarish="patelUnadd491" mygWorkdayShoring="aegagriSludged" zestingEsnecy="2965864">
        <messkit>giblehPrivacy</messkit>
      </ballardFoliar>
      <hackersRapic fibroma="brazes" cloamEstersOory="arrises" petalon="darkingGrieve">
        <millersGaussesCormus>woofyKarakaAweek</millersGaussesCormus>
      </hackersRapic>
      <west sandlotTrample="deicerDuad">
        <aspredo>firemenQuizHave</aspredo>
      </west>
      <outers>
        <embosom>peeragePitmirk9</embosom>
      </outers>
      <droskyBlowsedNahum>
        <cunasBajriGabarit>subjoinAspcaGuffy</cunasBajriGabarit>
      </droskyBlowsedNahum>
      <declaim ephors="8921848" pontist="164911443">
        <listenDecurtLarrup>riveted</listenDecurtLarrup>
      </declaim>
      <pelorusFencingQuart brusselDaddies="aramus">
        <deusanOchroid>6881388</deusanOchroid>
      </pelorusFencingQuart>
      <unsnare tulwarGateagePopal="errands">
        <planker>vinceBreesWarbled</planker>
      </unsnare>
      <hymnaryJuliesZirams ruggyLeporidBegorry="wachagaUreters" khalkha="6147127">
        <avocadoDeleteUvver>thicklyBrewedMoguls</avocadoDeleteUvver>
      </hymnaryJuliesZirams>
      <lifoRaul hortWklyUnstone="drinnLaguneNudd">
        <ramaism>glialEnamor90</ramaism>
      </lifoRaul>
      <zag bassaJummaAcier="619739">
        <mushed>proms</mushed>
      </zag>
      <gnatter chelasQuininaSclat="aphoniaNylastJounces" arborsBinghi="507">
        <treasrScrod>nasalisOwnhoodRiced6</treasrScrod>
      </gnatter>
      <subpoolModestCampho burgles="11413717" corderyTitmallBalu="97551224" crimpsRepad="daybill" pizeCampal="scouk">
        <hilletGuarapo>180450448</hilletGuarapo>
      </subpoolModestCampho>
      <curiateAnisado tgnImparl="heirlo463" woodieDogdom="miosesArriAlerter2" rerollSornersSmyth="arrimbyBasos">
        <authorGipsyryForevow>dutifulEpigone850</authorGipsyryForevow>
      </curiateAnisado>
      <yodhCalycesSewed shamble="tartare" cotype="trippleBusbarsManfred">
        <raupoKeat>richerMandyiPentose</raupoKeat>
      </yodhCalycesSewed>
      <ironiceAgynaryJuicy faunas="470" speirsMks="deratTatta648">
        <koas>canzoniBoughRibibe</koas>
      </ironiceAgynaryJuicy>
      <beknowTaj baterAxised="11992">
        <arlengAggie>acanthPasquilCamball</arlengAggie>
      </beknowTaj>
      <bushpigSamarraGuetre fidgetBerean="echardsNugae">
        <qrsCathrynScranch>febris</qrsCathrynScranch>
      </bushpigSamarraGuetre>
      <bremberEarbashItala ova="pasesFunis">
        <plunkedRiggerSenlac>tillIckier</plunkedRiggerSenlac>
      </bremberEarbashItala>
    </zinzarScouse>
    <strikenBumpy mahuangEvomitMozette="pinataAltheinCades" babbly="bluingsReadaptSummers">
      <beatBriberyCees>aggrace226</beatBriberyCees>
      <eclair jorumsFizzedPelorus="demesne5774">
        <giuntaForbear>333</giuntaForbear>
      </eclair>
      <kibesDebagFixator pneumeCaddow="roostsSakiyeh">
        <erudit>niccoloLariDainful</erudit>
      </kibesDebagFixator>
    </strikenBumpy>
    <rightyLooter fiqhCabret="918" hankieAiding="6700456">
      <fungate>thesisUnsay</fungate>
    </rightyLooter>
    <bangosProvedAbash>
      <concordCaphsUnjaded>wharfieWhitesMottled</concordCaphsUnjaded>
    </bangosProvedAbash>
    <jambs>
      <rastledUnsnareEnfoil>halala</rastledUnsnareEnfoil>
      <wikingTanadar>
        <sanzenAlkyneJedding>cantiga</sanzenAlkyneJedding>
      </wikingTanadar>
      <hurst pfundeBuretsFulcrum="pernCinques128">
        <kitschVeinyEddie>utilMidget</kitschVeinyEddie>
      </hurst>
      <attical restakeHipshotXoanona="mooters" relacheUsednt="chappalNonce" wowsersSyzygy="torneyGaol" agujonFile="helideDusk">
        <stambhaCorridoAmuyon>outgoer</stambhaCorridoAmuyon>
      </attical>
      <bluecapMisdeem carney="707528">
        <balldomHybrid>780905225</balldomHybrid>
      </bluecapMisdeem>
      <gazeeJinnsOffcut utiliseClonus="chappalTylerAffere4" bottler="infarceDogbush18">
        <hodderSonableConyza>grissetDehuskKwartje4481</hodderSonableConyza>
      </gazeeJinnsOffcut>
      <wyssGalapee camails="6163" revileRarefy="amrita">
        <fatimidNisaean>rootKotalFoozle</fatimidNisaean>
      </wyssGalapee>
      <azafran visneyTogateNiyoga="burdensSpancelZenzuic" noachic="fuzes" rilingRasp="pluTetheryWorrel">
        <mightRighten>clock</mightRighten>
      </azafran>
      <matedQuinzeStella eutonyFacts="295985" zittern="40">
        <fraeLedgierSpigots>swatow</fraeLedgierSpigots>
      </matedQuinzeStella>
      <gleam>
        <alkylsWenched>627</alkylsWenched>
      </gleam>
      <rulingsGelderTriter rosales="pikes" unstungJonqueHubbies="prabhuShaggyTwae983" hommackElation="orthidPeaks7282">
        <indamin>batlingFrustum</indamin>
      </rulingsGelderTriter>
      <arrises azygote="psw855" creeled="575" aboulicRetiarySubecho="reletsGaumishUngodly898" aboralZuffoloSinking="cupidsPugs">
        <catOutshut>825441703</catOutshut>
      </arrises>
      <descortHenyardSpicula>
        <anodon>5089</anodon>
      </descortHenyardSpicula>
      <flightyLler>
        <zonateTollmanBints>denoteEnfiefAnemias</zonateTollmanBints>
      </flightyLler>
      <vocabHouve henwileMisfilePlaning="pritheeUnakite" shastraThristRoloway="bumpityMagnale">
        <dehorn>mobby</dehorn>
      </vocabHouve>
      <toph lokiVisayaEldern="baronetLecama" unpureStompCumbha="vadisBonuses">
        <iconicGobangsKer>7420</iconicGobangsKer>
      </toph>
      <coronalCupheaVolcae pretorsAfflict="4" katurai="319376785" ingoingBaculusWhaled="reemit" oughtntSinner="dorismZaburroPhymata">
        <crepedLambadiNadder>corvedGentile</crepedLambadiNadder>
      </coronalCupheaVolcae>
      <prese wharfsFlanes="inking" almeZamanWabbly="156522954" nippled="gangismSealine" napperRavins="coreign">
        <animas>asnortNilgai</animas>
      </prese>
    </jambs>
    <lentous>
      <unglue>thrivedGiloWistit</unglue>
    </lentous>
    <woodlet>
      <jussiveKulaks>59350</jussiveKulaks>
    </woodlet>
    <ghazismGruntleSomber>
      <sauldLatigos>649929277</sauldLatigos>
    </ghazismGruntleSomber>
    <galaxesSiphoid enlimnGirds="bewray" zinckyLysidin="harperStacey" estado="trickie" reeling="violetBarmen" entalVistasRevuist="tousled">
      <monadicLoppierPlatie>dhyana</monadicLoppierPlatie>
      <oddball indexerReducesHurkaru="rubacesKurveyBenzoid" scarthEssay="14948898" mooletSylvicAuftakt="hansomUnsick">
        <portifyLehayim>covineMurk4</portifyLehayim>
      </oddball>
      <usaunce evelinaMariou="decartBrills">
        <bonnnesDenmark>fiestaUsationPinto228</bonnnesDenmark>
      </usaunce>
      <dimlySemsen padraigStereoGansa="gilgieWakeel" manlikeMunicMangers="maddersUnheedy" dislimnMyrtleColorer="cynthiaTapwort" fuegianCallidSiddhi="septs">
        <brocht>pontWoollen930</brocht>
      </dimlySemsen>
      <fazingSilken>
        <talpifyCrummer>heydayKymricPharian</talpifyCrummer>
      </fazingSilken>
      <malacca flockCamel="10274" speedlyForlornPahi="brows50" lefterPuncherKipper="luluaiMithra">
        <prongedHamada>bongs</prongedHamada>
      </malacca>
      <cronyFlawOfferor snoolsRhinos="30748">
        <unwallHeadpinNoix>623</unwallHeadpinNoix>
      </cronyFlawOfferor>
      <dragsawSiumNewness archingOperon="aden">
        <buttCapless>drchArenoseBestare</buttCapless>
      </dragsawSiumNewness>
      <bugfish pfcWillowsTussore="deglute">
        <satlijkLanSakes>snib</satlijkLanSakes>
      </bugfish>
      <bowwow>
        <sandiesPetemenGant>dispondEggyPight</sandiesPetemenGant>
      </bowwow>
      <belaud globalBitecheAxfetch="feroceVatic2649" pulikOverdueParegal="baaskap" arawakVatical="255723846">
        <slighty>polletFending</slighty>
      </belaud>
      <lobesMycose matsue="robes">
        <respadeEvening>liraTollerCrestal</respadeEvening>
      </lobesMycose>
      <goosy anabo="kibbutzEmblemsMedium351" saxtubaComadeFack="joshi">
        <erosionMiaowZulu>crackup2</erosionMiaowZulu>
      </goosy>
      <furrureAly upsetConyLocknut="embarTreads">
        <bingies>comid</bingies>
      </furrureAly>
      <plimsol>
        <selfishIjmaaZaffars>werther</selfishIjmaaZaffars>
      </plimsol>
      <apetalyCitrin atonersProsodyHoopoo="cremonaSellyRecent">
        <tandava>836375229</tandava>
      </apetalyCitrin>
      <aeneous rupa="alinotaNappies" serific="bassistJocelin">
        <kippyNinthlyAtnah>947648</kippyNinthlyAtnah>
      </aeneous>
    </galaxesSiphoid>
    <seisin>
      <fazing>connachByrled</fazing>
    </seisin>
    <benaPuffier hazenBenny="topmost" abeyCabs="pujaCruelerShote" calkinsDroopsPeeve="malleus43" roncoPandean="ennuiFlued">
      <buckledElanetAshanti>uppile</buckledElanetAshanti>
    </benaPuffier>
    <lenvoyManihot>
      <drythSlacksAbasia>prutothKamalasTempus</drythSlacksAbasia>
      <exams impheeRumbledArctos="512" cornulePoa="446006">
        <sorned>argeersBenamiPaulist</sorned>
      </exams>
      <enarmAristoiKnez mynheerTombak="causals" sprucerDerbendChow="squashs" birdeyeClosen="moschiSharer" dentaryFixuresInphase="spidery">
        <nunnery>simmers6376</nunnery>
      </enarmAristoiKnez>
      <tanbark milsQuarles="usuary61" shea="mitreUnmast8107">
        <rusticRibbierAbsorb>stotHoazinStrides</rusticRibbierAbsorb>
      </tanbark>
      <gurgesAlbion cavilCultismCurites="290023404" coverKankrejDisglut="luteinsHymnedNaiskos">
        <slavers>syndics8546</slavers>
      </gurgesAlbion>
      <phrased simonyLackeyPegall="dynamos">
        <cadgerMowed>flcheKrapfenVolva5</cadgerMowed>
      </phrased>
      <loonPail unloose="873">
        <itemCapital>annerre7703</itemCapital>
      </loonPail>
      <reflingBunkers typiestLycees="versersPicasUpgrows" marysCumbentMokihi="zymome" ferrety="camlets">
        <picrisPosing>monsiaOphionSero</picrisPosing>
      </reflingBunkers>
      <mahzorCintreForold epochaMacchiaSenusi="lindsey" bridler="umboneFoetureMadge" assisaFaggoty="karwarZibetsZoetic" spavieBuskedReprune="ubiiComites">
        <sedaterCplRejoneo>drylotOssia</sedaterCplRejoneo>
      </mahzorCintreForold>
      <louvarImer aneuricYodelsCoction="refulgeSteighOofbird" tucumaLegitim="64" nausea="testuleUintjie" bans="cogways">
        <joyHamzah>bibber</joyHamzah>
      </louvarImer>
      <heliaea>
        <heatherDessaBeauism>nakedlyNeilNeele</heatherDessaBeauism>
      </heliaea>
      <gelilah winepotTaggingAurochs="uptakeFarseerLossy" nejd="eggcup" nigella="unbeastGere">
        <tyloteSpotter>biotypeManurer</tyloteSpotter>
      </gelilah>
      <mufflinRowdies izzard="29" swigged="4">
        <assisiTrouvreLilly>pedreroLungers</assisiTrouvreLilly>
      </mufflinRowdies>
      <iridalCycas>
        <forearmPablo>lassuAlmsman</forearmPablo>
      </iridalCycas>
    </lenvoyManihot>
  </towards>
  <demove anole="pillery" bobadilPeyotesGyrator="bultongAfreetTenth" voetJoggled="tabbedCurchef" poufsRutylSansars="angelsFlamensCutlery">
    <octadsBetutor>
      <katmonYearns>rudloffRomeine</katmonYearns>
    </octadsBetutor>
    <polyeneAnteri greensMostingFeuded="yellerHyeniaCasalty" simonyMaximalZyme="reckla933" avarianRutilesPatao="96" globes="accerseDroh" dudler="97" bewitch="smaltVittae">
      <damners>1263</damners>
      <motelDelayedPassu noilsQuids="42" calyxesMalineDebout="tearage" tweeshtUmiac="prehend">
        <dipcoat>looieLuvianSylph71</dipcoat>
      </motelDelayedPassu>
      <hyraxesSheenly begrownElvers="2204152">
        <presterHollos>dawsonTaenninTod</presterHollos>
      </hyraxesSheenly>
      <chetty>
        <ablareHeadlyRld>13145684</ablareHeadlyRld>
      </chetty>
      <freddyVeniceFishful dismalsBleated="scumberBewithAgelong">
        <vestureBowie>hailing</vestureBowie>
      </freddyVeniceFishful>
      <hodsSalves tenutos="arbalo58" kazakNeurite="pinnyPunjabiPicong">
        <furial>benthalCavings</furial>
      </hodsSalves>
      <tachesRabious upttornRucksey="beasts" calycesNatant="603" guddledMelvie="outgrewWrapupRepick">
        <origamiWedgy>germalSpoofs</origamiWedgy>
      </tachesRabious>
      <eductMolleMurals mousmeSputterGambias="pteEpeiraGrenier55" tanzineTaquaTongues="1625218">
        <campEmblemDyking>moonetHelingMaoist</campEmblemDyking>
      </eductMolleMurals>
    </polyeneAnteri>
    <rarietyScunnerPreface antshipSweptAnser="palazziMarasAlae" sulkTintype="citolasSurrey" sijillPelado="simoomEffude2" orbiteTarente="118">
      <lacerna>56096</lacerna>
      <repunchWheresoImbeds papayanSwackOptably="trombe2" disterKyte="trilabeTath" viduageMissal="sirkeerParboil" trickle="hotchFearAlmose83">
        <yafflerPalameDarkies>widu</yafflerPalameDarkies>
      </repunchWheresoImbeds>
      <trankyCogger>
        <protomaArtha>452195</protomaArtha>
      </trankyCogger>
      <ferison auntlyTabanusAureola="sortingTonsil2" cowry="caviaLidias" mididaeDyvourFanged="jumpedJewelAlberca" dition="batiksStywardInsures">
        <cruderIshime>584517</cruderIshime>
      </ferison>
      <weals saltyAdapted="sedates">
        <samirDextralBehind>brynzaSoftenEarwax</samirDextralBehind>
      </weals>
      <colonyNovilloCypre yappish="68783">
        <lighterConsent>posableLikensFoozled</lighterConsent>
      </colonyNovilloCypre>
      <conidaeElutesSauty>
        <boonies>dobbieJohan</boonies>
      </conidaeElutesSauty>
      <spoofsModicumTiffs ureido="siccingUnbury" roanUnilobeAplombs="turki10" mydineTrouserSakai="arias" pardsIvoristShading="owningPurisms670">
        <exes>67</exes>
      </spoofsModicumTiffs>
      <manteelBaguet larixinTamPaltry="anacesNootkaHubbubs">
        <exact>cancersTarosHymnic</exact>
      </manteelBaguet>
      <eyreEltrotGode guttlerKoumisGigunu="locheLeproma">
        <pewlessXylolDrof>puquinaNovices</pewlessXylolDrof>
      </eyreEltrotGode>
      <whabbyEnosistSenna oniumBakuHingers="pry" lilithOgivedBough="calcineJoypop75" hoarseCarotte="rtwDenim6208" sapanFurrows="imbauba">
        <dolphusSenses>filiteTannishFalk6</dolphusSenses>
      </whabbyEnosistSenna>
      <wealths retractFenced="wagoner" snoozle="tipcatsBarbaryChivw">
        <spots>7</spots>
      </wealths>
      <lunaMusicaExhumed>
        <cerate>21504384</cerate>
      </lunaMusicaExhumed>
      <wilterCangiaNotepad>
        <soueak>canalsActions</soueak>
      </wilterCangiaNotepad>
    </rarietyScunnerPreface>
    <synch>
      <rommanyBroodGunnar>tektosiPettledSaron</rommanyBroodGunnar>
      <rifelyAxilla utopiasDaying="alcove" minery="troopOnmarchIncord8195" shusherPipefulLanius="gutwiseMuseryCandor" effableToenail="hybosisDecried">
        <prysUnendly>seroon</prysUnendly>
      </rifelyAxilla>
      <unmightCapers cypseli="ewderLinac" outwile="bagreefZonule" remarchCalmer="akaakaiAlmachGrimme9445" oldsterUncoltBenmost="kreis">
        <unhat>retoothElvers</unhat>
      </unmightCapers>
      <chirper dechlogMysidae="dotiestBloatLesson" misact="swartlySealed" cabbedTongas="bromise">
        <taktAimingTunner>repaved</taktAimingTunner>
      </chirper>
      <elversMinum censeStaning="winraceUnlevel" agitate="sharpyShaysEtaerio" demibobBoost="86776" circeGroggedMorada="garrot">
        <nullaryWombyCarica>griddleHallboyBaalism</nullaryWombyCarica>
      </elversMinum>
      <orpin midward="pulturePeepuls3">
        <maximaSuberic>degomme5</maximaSuberic>
      </orpin>
      <mislearDulcet amorua="celtuceAssumer" seagirt="rustier" toothy="lowly">
        <civie>handsMagmas</civie>
      </mislearDulcet>
    </synch>
    <unhastyTarvia>
      <djeribWhigsMoolahs>hoghideNuntingRimming</djeribWhigsMoolahs>
    </unhastyTarvia>
    <amabel>
      <enactWitheExpects>bodegas</enactWitheExpects>
    </amabel>
    <metring>
      <beveto>2</beveto>
    </metring>
    <fathead>
      <betossRaffee>piacabaSofty</betossRaffee>
    </fathead>
    <combedFideliaDock claytonMiskeptStacher="idrylPectic1077" cowrie="creeps" chimp="48963">
      <mahdi>bloatsKappas</mahdi>
    </combedFideliaDock>
    <avenues marais="ascriveAccur" schoonAlumite="hotchesPoonac" samshooYup="jerseysFroughyFilmist">
      <tactoidDefoilEutopia>undwelt631</tactoidDefoilEutopia>
    </avenues>
    <wifedCluff toddickMardyAortas="hill425" swilledSnowishRiblet="educand" fixup="curledSoftestBionic" flabelRoofletJuridic="317974" knaw="untautNonbaseScaldra">
      <twelvesWagonsAxed>yeanedPokunt</twelvesWagonsAxed>
    </wifedCluff>
    <sphenic stomackSniesCack="maraisHempenMisdoes" purslet="patySpouses" cornsUntwindYules="anally" dogfootCiaBarnman="parries57" rubberPiaNuncles="22630" taoism="cutitisCoryciaHull">
      <outpop>gelofer</outpop>
      <clerus>
        <sighs>153</sighs>
      </clerus>
      <virosesHoax>
        <jotunnArachinRajas>chilies</jotunnArachinRajas>
      </virosesHoax>
      <alltudRegdFootmen coronis="basilic" debenTalonid="elopsScarphTwere">
        <unicistTussles>rudousKiley94</unicistTussles>
      </alltudRegdFootmen>
      <toasts judasCasha="aracanaHamotzi" leaperDainfulSikara="armersReprobeRublis" tungsPopeler="bluetopWinklot">
        <fireboy>pujariSinopiaJiveass</fireboy>
      </toasts>
      <ormerOsmanliLending planulaHygeia="88294" orisons="sula" whizzArsinic="nisaeanPolletLochial">
        <garagesBoomer>inthrowSudanBefouls</garagesBoomer>
      </ormerOsmanliLending>
      <ballotsPaasBreck chernaPheon="gercrowEndurer">
        <weemCitingBusycon>tapetis</weemCitingBusycon>
      </ballotsPaasBreck>
      <locrineAnchoic torfle="undure" sapiensMisuses="liters">
        <purerPokomamJagers>fanitShema</purerPokomamJagers>
      </locrineAnchoic>
      <corbyMetring nete="kirombo673" dioxin="644200">
        <waifs>nincomGuttieAssoils</waifs>
      </corbyMetring>
      <ladens comart="bafflerRusinByes">
        <dukaDuetto>slantsMiaotze6354</dukaDuetto>
      </ladens>
    </sphenic>
    <upcheer>
      <teachesHansomVenters>cavae6188</teachesHansomVenters>
      <chaunaBremia obiasTerzinaManfish="contes" subbingNaoto="radishMisrule" hoecakeCrinose="cruels" speersSinismGarce="schwaInlakeParodi">
        <chapesSancta>stealPleas</chapesSancta>
      </chaunaBremia>
      <condosGaduinBach brahmi="deflectVassos" redeedSafariEfts="ironlyHorsifyIronmen" ripingDeformNovcic="draweesDicebox">
        <dagReveler>incursKunaiKnuffe</dagReveler>
      </condosGaduinBach>
      <cliviaDoghead>
        <presee>peebeenKakas</presee>
      </cliviaDoghead>
      <resplit ashaJungle="693075" dhowVibgyor="shilfEyebathEsteems">
        <ganamScreekSnite>ramexMoselGage</ganamScreekSnite>
      </resplit>
      <onmunTiu>
        <crazingNamdaTable>unhewn</crazingNamdaTable>
      </onmunTiu>
      <phpht sons="1900" jowed="7034362" maulersCress="apemanMalariaBerime" begrimeVrouwFezzed="hotchesOrationGrissen">
        <todaysUnbears>6</todaysUnbears>
      </phpht>
      <amuzzleDjukaDangles japeryScadInvoked="curates5614" precoolFecit="rhemistPunctalDaubier" emmySloyds="everted">
        <exsculpTopassCithara>plumierStartsDozener</exsculpTopassCithara>
      </amuzzleDjukaDangles>
      <immote dooredEligent="hoseOdylesEmpall1" curare="hobblyNamatio" ownhoodNoughtTrains="casitaMonarch">
        <cutheal>410</cutheal>
      </immote>
      <hordingIxionAbogado>
        <germainPicraOmening>smelledDustuck</germainPicraOmening>
      </hordingIxionAbogado>
      <uncored indiana="abashedSecesh" meharis="wallonAriste" sklateToweryFallers="hint">
        <herls>hoagiesSeptateSilicea</herls>
      </uncored>
      <manacusKappasFreesia player="miasmsChomps">
        <hillaryUnbench>minarBealaMuraena</hillaryUnbench>
      </manacusKappasFreesia>
      <sourish hotdogs="fusain" felts="fascistVetches">
        <gowf>effumeHicoria</gowf>
      </sourish>
      <hisselInherle creasedThetine="anisalJimply" succothReductAdenoma="telephAlfuroMaravi" gamShift="dognaps13" uncoat="unciae">
        <mocmain>1018837</mocmain>
      </hisselInherle>
      <mnesticBulbyManchus reeksPromJument="694124441" avieYoldiaBailey="jeanie" murphyPoppy="retierAmugis">
        <fomitesMengweSwelth>clonGlancedRouky88</fomitesMengweSwelth>
      </mnesticBulbyManchus>
      <apsidalSpavinsOxcheek jumbaCutwal="gybedOvertoeRefixed">
        <mimble>mugfulDesmon</mimble>
      </apsidalSpavinsOxcheek>
      <happensOcelliLongest>
        <spousedEnamberTukuler>yurakYows2626</spousedEnamberTukuler>
      </happensOcelliLongest>
      <kainite pitlike="22833464" virosisLuter="indoxylHydro">
        <thymierRiskier>kishkaEmotingHaika</thymierRiskier>
      </kainite>
    </upcheer>
    <buriPointeDryth>
      <rollDefier>sigrimCasse</rollDefier>
      <delawn fixing="cruetsRegalesCrapaud" dufferLatents="wieniesUngaiteGingle" crofts="1">
        <algy>taeniaRakeful</algy>
      </delawn>
      <morateEnoplan mahuang="unbare2" dareful="tuxesOrdineeDatakit">
        <uncaseTsarism>44</uncaseTsarism>
      </morateEnoplan>
    </buriPointeDryth>
    <holsterLowboys yields="croakedDusackUnwayed" karriChrysal="canapeStoiterSlangs5">
      <padle>recitesAsylumBecomes</padle>
    </holsterLowboys>
    <upgiveOmikron>
      <subbingTreelet>3</subbingTreelet>
      <grackle whoresBetisIxora="keach6">
        <saluteWaipiroDumpily>creams</saluteWaipiroDumpily>
      </grackle>
      <tibbyPard>
        <punksCypsela>coinedTariAmabel29</punksCypsela>
      </tibbyPard>
      <patamar umbunduPropersSilts="spinesQuitted" zapupeTrauma="habitatAlgificPertly" ajitterRewanDram="15">
        <codexYeeuch>78856126</codexYeeuch>
      </patamar>
      <burlaceJetty>
        <okesJatni>semifib</okesJatni>
      </burlaceJetty>
      <greggeHuttingFestuca unsee="23071223" wharfsHieland="7" taggingBusks="992">
        <uncus>robles</uncus>
      </greggeHuttingFestuca>
      <pingueHedeboFiducia sykerlyGoleeBearer="lyctusTucking" hatelUnlucid="38" vese="ketchupBoas">
        <hulchFiniteStarik>heelingFriezedOnza</hulchFiniteStarik>
      </pingueHedeboFiducia>
      <myrtol lbf="loamGrumly" lithCalesin="fluff">
        <bunkoGaumsPatamar>sunnilyUnplan</bunkoGaumsPatamar>
      </myrtol>
      <fowlersMisliesUnmist>
        <verbenaTaxerPusgut>aeropeVestedHyingly</verbenaTaxerPusgut>
      </fowlersMisliesUnmist>
      <trails turment="ecole">
        <oilcansOisinTorula>subfile</oilcansOisinTorula>
      </trails>
      <ponicaPatties fut="atokalKonseal" papooseDogheadZibets="oxetoneGleetDiasper" mimirDescaleRest="sectile" atangleAccusalSmit="ally">
        <sooky>plaintSurfers</sooky>
      </ponicaPatties>
      <expoundTrapanHyperon dalasisPangweJoyed="parolesBookyDrinker5" geta="mangi" togueTreelet="asyle">
        <tetroleNaither>206222524</tetroleNaither>
      </expoundTrapanHyperon>
      <sparadaDiwaniSercom bitingAcinaryTains="686054907" mimus="jurisp" yatterLearner="monaSpency27" ewerBoopis="radiousBalanic">
        <quotiesMetronTewter>noziTangile</quotiesMetronTewter>
      </sparadaDiwaniSercom>
      <whizzer legatiDobson="minusHeelGunsels" butyrylLitusSunglow="2394" signoreHatlike="tylocinMarsianPassee">
        <dodgyShluAnilau>kivu</dodgyShluAnilau>
      </whizzer>
      <valutaBarley kotowDishornUnlaw="semitic7">
        <bintsRapilliAbsurd>unawareRyepeck</bintsRapilliAbsurd>
      </valutaBarley>
      <jaimeTipcatsWraps spadgerMileRespace="139" washedVessels="unbet" whiteysDiasyrmAgreer="typicum" blirt="arecasPergola9">
        <existed>1846</existed>
      </jaimeTipcatsWraps>
      <ligroin knabbleSizablyHaggai="nonpaid" teiidaeStoats="hemen">
        <hotkeyInsofarChlamys>2146</hotkeyInsofarChlamys>
      </ligroin>
    </upgiveOmikron>
    <galootsAnibaRebag thuggeeGrigris="sulksPumiceLacquer" ployingScrottaEnflame="68" cerineHoya="exsertsInarm">
      <inheres>scoters</inheres>
    </galootsAnibaRebag>
    <cagiest respanImpair="aaaDuendes" bootleAscianHardy="bilgierPurfledKukeri" atryCaracoaAloed="59766" decodedVehmic="231" ghegishCinene="kukuiSkeeredBaryon966" ariesCutline="foothil" chitinHumsPilikai="winsterTrick">
      <nelsons>5762822</nelsons>
    </cagiest>
    <wurzelUncramp ampule="rilletAlbanySurnoun" cenacle="riotsPorchesUranyls" lantacaGrammy="monest" germanyDoormat="tisanes">
      <sains>laurelsBuretsYeni</sains>
      <lubbard beteela="beddingFoyaite7339">
        <puristsSubsoil>5105</puristsSubsoil>
      </lubbard>
      <anacara>
        <dainchaStickly>3</dainchaStickly>
      </anacara>
      <repasteAlupagIcy cosignErasersPlook="groatBletted" uproarsFusulas="banks">
        <snooksRhyniaGeranin>unemptyBedirt</snooksRhyniaGeranin>
      </repasteAlupagIcy>
      <jerridsMapleSruti gropersIntortMisses="zingaraPartiUlemas" ridentAsciticMusico="inchant36">
        <losings>vandal</losings>
      </jerridsMapleSruti>
      <depeche shluhVerninKoumiss="akund" decarch="cleeNapaeaStupe">
        <iodinesTopiaSpecies>413629109</iodinesTopiaSpecies>
      </depeche>
      <hajInuring>
        <escaperVialElshin>boughsAplombs</escaperVialElshin>
      </hajInuring>
      <shiners grummelJackdaw="hosterTobymenFrothed414">
        <khlystiReavoid>carlotImbedsFagoted</khlystiReavoid>
      </shiners>
      <uppings placeanScolog="waltzedSirocco" myrrhyUppuff="1">
        <cranialFormatsSwashy>gribaneNudityCating</cranialFormatsSwashy>
      </uppings>
      <phone retingeTeatedAtomise="pecifyJurareTrials" azofierGrendelModes="pelotaSuffuseSambaed508">
        <decurtLicense>6</decurtLicense>
      </phone>
      <chileAlchem cicalaCherish="strobicRoyaleKru">
        <issuersFaldageDiosmin>2704729</issuersFaldageDiosmin>
      </chileAlchem>
      <hoedPekes kharSterRodsman="mahbubOologic">
        <onymyUnbated>astrayMangos</onymyUnbated>
      </hoedPekes>
      <accoll>
        <spruik>267921737</spruik>
      </accoll>
      <ateuchi thingStreng="oncia">
        <earning>thornyRemitalCayugan</earning>
      </ateuchi>
      <secluseLonger bumphItemyDustoor="cupful">
        <patinasApeletReasons>evilsIsmyPagina</patinasApeletReasons>
      </secluseLonger>
      <lasherReedy sealike="6" woodboxTonguerYanking="deewan5" placksGoniums="ababdehSnared">
        <figuraeWyverUnarch>welderRemanAlway</figuraeWyverUnarch>
      </lasherReedy>
      <playasJiggledBoer dribbedAssis="95" klutzy="redock">
        <unravelSerapicFidate>cresolAcatesPaiute</unravelSerapicFidate>
      </playasJiggledBoer>
      <remen turkeysDermoidDiets="2069" ewery="seconal4">
        <wakersPraamAlleve>caryaLawgiveBaraita</wakersPraamAlleve>
      </remen>
      <tramelsTriakid pirayasLanely="7" rosbifUncomptNice="dishleyKexesTrystes" uveiticCnicus="greeneyEscrowsEoan" targetsHazingSignman="capletsCeltismTootled">
        <villeNritta>stanjen9568</villeNritta>
      </tramelsTriakid>
    </wurzelUncramp>
    <clof floey="unmiry">
      <corsletOnce>780</corsletOnce>
      <lustre roilOpa="krapfenCadbit" express="gipsyTorydomMummers" swanked="ishimeBoddle75">
        <pricerGallah>56651</pricerGallah>
      </lustre>
      <drayingMedize slatesEikons="kudzuTonersCantrip">
        <mummies>487334469</mummies>
      </drayingMedize>
      <melian hairst="paid" dingierAble="clubdomBestampTyler" joeyHotlyMozarab="beheldCanapes">
        <lettigaIgraineMank>phobiesReds</lettigaIgraineMank>
      </melian>
      <babyingResides>
        <chouseCheeful>2353660</chouseCheeful>
      </babyingResides>
      <hedgy>
        <classes>beteemEphoric317</classes>
      </hedgy>
      <bilks manages="oresWichesMaliki">
        <wailsCocksy>cautelDurrinAeronat</wailsCocksy>
      </bilks>
      <zymominTarkani harlot="jenniesFeinted" aromasSpiler="caitif" ovaHask="overlip">
        <canelosLonguePadles>assureDatsunsPepos</canelosLonguePadles>
      </zymominTarkani>
      <camla gorceLuntSoldat="940658" nuttilyFuds="clickedMuringDialist" spearer="rewiden">
        <bustyDandlesSimars>9816</bustyDandlesSimars>
      </camla>
      <airways sporid="9349531" snocat="cynismAtabals">
        <nonusesPlfAchymia>85921147</nonusesPlfAchymia>
      </airways>
      <hagadaPulled rector="witneyBead" cinqueChokingNunbird="908993" soh="phones" anormal="doddingRecoverSpewy">
        <salsifyCarrysDrongo>rickeysLibrae99</salsifyCarrysDrongo>
      </hagadaPulled>
      <beauedTigerlySheogue epigeneWebster="neakesGrafted7" dreeingMarvelsYucks="inlayedAbouts" elyseeThorns="ekesSompneSavin" pipi="89036">
        <pitarahSangeiExcitor>camaieuEmissi9086</pitarahSangeiExcitor>
      </beauedTigerlySheogue>
      <plaided>
        <innePainchBatboys>setpfxCuds</innePainchBatboys>
      </plaided>
      <agaFlightRipe goetae="sprinkMauxYearful" tyburn="rotuladZingare" anlagesHumiteCareer="gemmulaAmadis">
        <salpianHaorisCrang>delugedPirrmaw</salpianHaorisCrang>
      </agaFlightRipe>
      <knollsZain>
        <bunchMittens>dilemmaPlonkRynds</bunchMittens>
      </knollsZain>
      <shachlyCarvyl>
        <portwayShottyActiad>ibaSoyotEquinox</portwayShottyActiad>
      </shachlyCarvyl>
      <burghKorean wheezesOsmetic="salet" corfDaring="resileInseeLarvae">
        <epoch>oometer</epoch>
      </burghKorean>
      <cyanose perigeeGummousCibol="mottlerApertumPrizes" ascendsEmpery="divansLacemenRhabarb6" wimpledDivviedOthers="batiked">
        <theredSurculiRecuts>taxitic</theredSurculiRecuts>
      </cyanose>
      <feuage>
        <grata>14662596</grata>
      </feuage>
    </clof>
    <theyllFondoukBiotomy>
      <quiles>tenablyCrocutaTotum</quiles>
    </theyllFondoukBiotomy>
    <robbinSora bandeCygnetThereup="kurankoWuspNiggers">
      <clastic>monierPholcidUmbered</clastic>
      <acnodeRuled>
        <cormous>bidentSteers</cormous>
      </acnodeRuled>
      <ancilleNunned>
        <roganUgali>askoyeDear</roganUgali>
      </ancilleNunned>
      <topsoilPudgierTeak epheboiIreless="bunyoroScowedRamada">
        <stipo>901</stipo>
      </topsoilPudgierTeak>
      <ilya pelting="cereusNorward" mendingLeases="jowar2">
        <goaleeEsquire>towmondRuskyGlost97</goaleeEsquire>
      </ilya>
      <unsmart beausManfred="hatteAbysm380" pepperyShibahsBotony="anglishOutwork8" epoxyRhizoma="92">
        <quizzesBatfulWampish>upstairSelliBawley</quizzesBatfulWampish>
      </unsmart>
      <sivaistCluingCyclos anadems="9325" cornishIdlesAbdat="outlotMayeye" hansels="martins" sillier="amblesToledosDit">
        <demeritAbateOswegan>gentledDemivolWhally</demeritAbateOswegan>
      </sivaistCluingCyclos>
      <uneathNideFerling>
        <sultana>alias</sultana>
      </uneathNideFerling>
      <magogBeworry mobileBilgedTiwaz="521721158" filedDrouAwshar="hermits" dehorn="opsonicSpasmus">
        <subbedWherveMalkins>449</subbedWherveMalkins>
      </magogBeworry>
      <towlineWorkday yattersIdo="5" diode="salpaeCerinInsanie" bedpanHoveled="boggish">
        <nixes>plexalBibelot</nixes>
      </towlineWorkday>
      <unplaid fluxedPoons="woolder" ceibo="42" updrinkWheys="hailEmigreWanely">
        <copalsAssurge>unpoled74</copalsAssurge>
      </unplaid>
      <welt splenic="subgapeBhatEnclog" scleraConvectChimbe="zamboFitweedCalibre" foughtySkiverIrked="crosnesDefatCorella822">
        <bemailVallumsMonist>dilemma</bemailVallumsMonist>
      </welt>
      <coriaZithern boggled="banda" bellonaCrocusMisship="whosoSofia" unfiber="almahDeadest" biphaseWiddersBoor="39546">
        <arboret>kamasinMyeloic</arboret>
      </coriaZithern>
    </robbinSora>
    <waferer aloadae="mealie" olpApasote="halfaTriplaExample" tonesTriune="serrulaBravos">
      <volsciTuxedo>asceses</volsciTuxedo>
      <selden>
        <oranteIntitle>serow</oranteIntitle>
      </selden>
      <reastyCojoin blimpCobra="elegies9056">
        <raguleSextantXysti>staticsAdmitsHeughs11</raguleSextantXysti>
      </reastyCojoin>
      <almidaArghool verminToft="pollard" regmata="deinosEnmew" lunate="clamb" glead="exilicAphodi">
        <troot>sahh</troot>
      </almidaArghool>
      <nobbled sultam="339" equiaxeLaziest="chochoBiliate" finicalDureeStooled="yahwehWaybungHearth365">
        <chistkaDognaps>budderBezils</chistkaDognaps>
      </nobbled>
      <yard flutyMirsSpinula="krangArgelTentor" mingo="vogueySevens" eluviesParky="tomkinTapen9">
        <egestsOda>deneAchango</egestsOda>
      </yard>
      <windbagHurtled amphion="dighted883" nixingSeders="synoeky">
        <carneol>gravidaPomaded</carneol>
      </windbagHurtled>
      <pandleMahaly circletDeletes="587347" chocaAughtsKarts="ostic">
        <salmonsOsculum>mentholFangedPoteen</salmonsOsculum>
      </pandleMahaly>
      <snipesBadian sahibahLaurelVedette="outeyeLepricFirer" touslesPoring="berobed" smearerLargessRaider="802574300" swouned="scamperJewsShift">
        <cashewsPersia>goths</cashewsPersia>
      </snipesBadian>
      <hypogynSullensGoopy chorialDocquetBlains="yovenMulture" reblown="topaz" filthsSipsSubring="gilpyAdvises" weeHuzzyMalkite="5340">
        <adrueTitoism>unityTumericOnagri</adrueTitoism>
      </hypogynSullensGoopy>
      <visualsRomaean vivificPooch="kenyansDyesterTowbar" gashCentageDjelab="alap" rix="stereoForwearAccinge">
        <typhaNarw>rheboksRatine</typhaNarw>
      </visualsRomaean>
      <pareja>
        <fleetsAlanyl>achras5</fleetsAlanyl>
      </pareja>
      <oblongPatchesJumbals>
        <fulham>lollard</fulham>
      </oblongPatchesJumbals>
      <plunked guydomIsabel="lycaenaEntera" rococo="becomeNonstop" decoctsSailorHolla="gestHill" chichis="skiviesLupinCay">
        <linensOxfordsFinalis>probesPilin</linensOxfordsFinalis>
      </plunked>
      <teneral>
        <bhaktisTalkyRegret>deimosAdoringWormil</bhaktisTalkyRegret>
      </teneral>
      <steekedAlgedoShowman repayalKyatsPiment="944043">
        <encodedGertie>6995907</encodedGertie>
      </steekedAlgedoShowman>
      <aryaFetasChivey>
        <puranic>tidiedCaphs</puranic>
      </aryaFetasChivey>
    </waferer>
    <tattiesEnrutPrecept>
      <amoraConuzorGrawls>20615270</amoraConuzorGrawls>
    </tattiesEnrutPrecept>
    <amercesAzrael>
      <hypnoid>remble</hypnoid>
      <alleger frowstClientMan="fennecs" silicon="irsStadial">
        <warriArbitre>upmount</warriArbitre>
      </alleger>
    </amercesAzrael>
  </demove>
  <rastik anendDah="gazTuriKareeta" stringy="2" />
  <oxalan surgesUnboltZincid="pimploZydecos" turneySorema="54" />
  <windowsPicarel varunaFibsMonarch="merist" cogitoRytinaRopand="ptsPhobistAnnule" skrupulGips="tripodRechawChekker6" molestBurgoosTurb="parLibbard" />
  <blierNylonsBryce hintersSherry="spunky497">
    <larvaeSharragBridget immovClouter="26399" norimon="pommery" poppleFluxileLongan="obeliseCess">
      <furlanaBurlapPulsing>2</furlanaBurlapPulsing>
      <corydonVerayProtype brinjalAntlionDownton="okapiMeleeTosh" riming="carton" hammilyUpbolt="kokiaPieless" cabersStentorGippy="plungy">
        <sivvensPimpledGwyniad>kolkozy</sivvensPimpledGwyniad>
      </corydonVerayProtype>
      <shader>
        <toying>hellersQueridoGuffaws8971</toying>
      </shader>
      <upwhir diaxoneShinned="juratsGonaMomble" fopped="71261968">
        <alvinaPlansEmcee>sasine</alvinaPlansEmcee>
      </upwhir>
      <calloutSaltpanPyoses>
        <milieusBoonkTeraph>spiraneSnecketBareges</milieusBoonkTeraph>
      </calloutSaltpanPyoses>
      <wazirBoraxes>
        <snarled>oeciStrides</snarled>
      </wazirBoraxes>
      <tapersCuisses femicSixSproty="blanksSheitel" boule="uperize" flanque="chakraRuachCalci">
        <overcup>girnalSoln</overcup>
      </tapersCuisses>
    </larvaeSharragBridget>
    <wastes allegeWaiverZanana="doggyHopi">
      <blabberMoltersVugg>oreweed</blabberMoltersVugg>
      <clouee oxysaltHermae="pycnium" thible="lifted" bugleFrigate="marrys">
        <sulkedCongoes>iodolScalderMuktar</sulkedCongoes>
      </clouee>
      <scoupSubnude affine="hootch" modsPhenateZipping="hilumIkonHumbo" rpm="3" leveretResiles="borg">
        <gretePintle>motes</gretePintle>
      </scoupSubnude>
      <oceanidSmelterSnow>
        <upalongSwiz>retiled</upalongSwiz>
      </oceanidSmelterSnow>
      <herries unyokeMisdietWorkups="28741460" winder="chantMaimon89">
        <mimosisOlonaNopalea>keyseatDozers</mimosisOlonaNopalea>
      </herries>
      <bugreKnollyPauky genoeseOffcomeRestart="reetPastesCheveys" trunksPeroneEars="embiidBabblySpurt" leaker="8354">
        <ait>vergesSloes</ait>
      </bugreKnollyPauky>
      <quitch aullay="lepteneBrusque">
        <coypuPhrenBrainer>achimeDisemicAudian</coypuPhrenBrainer>
      </quitch>
      <lusting garconsNoctuaBadger="burnishGiltcup7413" ramekinRebels="2692552">
        <blower>chiderMarkersPudgy</blower>
      </lusting>
    </wastes>
    <gibbedResinedPaella>
      <poteenCsectsEmpaled>dunnishDeboss</poteenCsectsEmpaled>
      <druggySprack cee="humaner4" varioleSchorlLabores="fingallEmbost">
        <fortVomitySowf>cyclingHusk</fortVomitySowf>
      </druggySprack>
      <shivaBoogiesPindari sorrelsCokerHirsled="morateGustardKalends">
        <scotchy>feezes</scotchy>
      </shivaBoogiesPindari>
      <pulpers vied="seedyPazendCabana" frenaGuenepe="9">
        <relCoalify>skereDucal</relCoalify>
      </pulpers>
      <tension smitingFurculeArmpit="tobiraMarrow" nudityPaas="prinkLatrant" tatooDetat="guillemCochonEjido">
        <pecansParale>3836126</pecansParale>
      </tension>
    </gibbedResinedPaella>
    <versusHollandRather sileniLouster="843396" subdueIntent="296010252">
      <villanDorps>hygeianRaggily</villanDorps>
    </versusHollandRather>
    <rangesLakkeDismays>
      <mortifyInrushReagin>iberian</mortifyInrushReagin>
    </rangesLakkeDismays>
  </blierNylonsBryce>
  <toads caputQuassia="depends84" haysel="papayasGodShirks8309" cocker="turnipsAbdest" />
  <financeRampikeSafes mensalTapas="798304348" />
  <anaFlatwaySich cellsElude="frumpyYills4766" imbuedEnounceLaities="dunkle" paridae="7">
    <baraunaFender>
      <naive>67300</naive>
      <kumni>
        <bryony>inkling</bryony>
      </kumni>
      <recsLacksSeudah tankfulVolunty="causa">
        <anguriaKnapple>vageWhatkinCallum</anguriaKnapple>
      </recsLacksSeudah>
      <verditeBromalCeroon epuralLowlandBests="equitesPiggyVicoite" fingan="kainahMasonerCashel">
        <fullers>496122159</fullers>
      </verditeBromalCeroon>
      <terbiaZanzasCropman>
        <fustierCarceagEbonies>feteXiphiasPois5610</fustierCarceagEbonies>
      </terbiaZanzasCropman>
      <hogyardPaltockSairy enfirm="poopingCuficRabbled">
        <arabinMohismHexones>suttasChurchyFlanked</arabinMohismHexones>
      </hogyardPaltockSairy>
    </baraunaFender>
    <arniBarbersTetters>
      <mengRhombCochal>unrigTufts4696</mengRhombCochal>
      <eild>
        <guggledSiak>twirp</guggledSiak>
      </eild>
      <demarksSoreeHunk lilacEphyrae="22">
        <connateAlmemar>anywhyPresul48</connateAlmemar>
      </demarksSoreeHunk>
      <usurp quarmen="ridingsTektosi" flywayPentadSlatted="getterReglaze" bowingFirths="speckTrump" banandeAppeaseDoings="2197">
        <fabricsBrubruLowland>skepGryphon</fabricsBrubruLowland>
      </usurp>
      <gowlan sullow="javaneeAgonist" uncaned="kneeledVirgal">
        <tekyaPardahTopsy>distend</tekyaPardahTopsy>
      </gowlan>
      <agpaiteFellPunce>
        <hexamerTacetFage>laskingLakkeAslaver</hexamerTacetFage>
      </agpaiteFellPunce>
      <nazeSpeech creaker="tacking">
        <swiddenWhereup>atonyQuints199</swiddenWhereup>
      </nazeSpeech>
      <egmaSavery xerox="moneral" myosins="dazzledFayDow5" crwdRehid="thsantDicta84">
        <brrFelons>choreasFifersCaphite</brrFelons>
      </egmaSavery>
      <camaka>
        <bais>aureateCisternDoupion623</bais>
      </camaka>
      <basic soudan="hindUpglidePistle" centasChummySouring="corkDeviledKanyaw">
        <fgrid>dentalsSoueak</fgrid>
      </basic>
      <cranchThoneBanding>
        <ablest>dolusGaleass</ablest>
      </cranchThoneBanding>
      <unstore clunter="scote" bartend="duranta">
        <maghzen>gavallMidgetMincier</maghzen>
      </unstore>
      <tetraneFellen choicy="versual" issuingInsectaSheila="52" dingusAstrier="connote">
        <admrxToggery>719308835</admrxToggery>
      </tetraneFellen>
      <gunroomUptable gurgoylArmet="airboatDelayer2" retier="sondTuttedSaumont">
        <klosseMoonyManure>damps4281</klosseMoonyManure>
      </gunroomUptable>
      <uproadLyraidNutmeat stivySovrans="dyasterBankedFriss" shaker="calmedUnguent2370">
        <domett>trixLayfolkHaida</domett>
      </uproadLyraidNutmeat>
    </arniBarbersTetters>
    <stawAflatusKiwi>
      <muftiWintled>bonify804</muftiWintled>
    </stawAflatusKiwi>
    <lancerGoemot>
      <lygusBryozoaAldine>unfoxedRegrewPisay</lygusBryozoaAldine>
    </lancerGoemot>
    <scarcen>
      <clausesUngrowEvening>calkerMyalgia</clausesUngrowEvening>
      <panache faunistHaloed="stupid64" nobblerKikeBysacki="122" mouldsUnhent="blairUnregal">
        <grunthDeveled>puns</grunthDeveled>
      </panache>
      <guerdonSlovak ubussuShirt="resiftArtalChaco">
        <stacc>96</stacc>
      </guerdonSlovak>
      <quirkyVexableWinier linages="myacea">
        <rekey>831821721</rekey>
      </quirkyVexableWinier>
      <willows tuxedos="clarkiaBacopaAhuula" gorkiBrailChaise="whasle" hawaiiSclim="pockily" amu="apollo21">
        <joan>arcacea</joan>
      </willows>
      <unturnHydriaKhalifs shooteeLemanry="knabbleCoevalsIsatine544" bladderGrankLettish="subzeroRetoldTorpor">
        <hoggerZincalo>elogeBuckeenVacant</hoggerZincalo>
      </unturnHydriaKhalifs>
      <jackieTige stroppy="395" typicumNeumaOverwin="bizelSamel9">
        <stubbyIntimaPasquil>8982</stubbyIntimaPasquil>
      </jackieTige>
      <woke>
        <intern>704958828</intern>
      </woke>
    </scarcen>
    <fellas>
      <selsynCalumba>dregs</selsynCalumba>
    </fellas>
    <marlockLogman>
      <miaulsDemiowlSambel>pressKonfytHungry</miaulsDemiowlSambel>
    </marlockLogman>
    <wacagoPluvialPainter>
      <lyasesIssuant>disbindDilkerQuassin7817</lyasesIssuant>
      <dropJapish donsky="endemicTests7851">
        <gimps>7</gimps>
      </dropJapish>
      <zeuxite>
        <mahomet>rateroChastePotbank2415</mahomet>
      </zeuxite>
    </wacagoPluvialPainter>
  </anaFlatwaySich>
</taguanGustard>