<?xml version="1.0"?>
<aflameWiltingDuntle>
  <giltenInlierVanward hagdownBleb="558">
    <bowersErickLithely>
      <triplyAlgoman>viseman</triplyAlgoman>
    </bowersErickLithely>
    <mumjumaMaxwellDronte>
      <zooms>argas1879</zooms>
      <toadish>
        <igdyrVmsize>reclimbKhat</igdyrVmsize>
      </toadish>
      <isolate haltere="5368">
        <cays>invenitMandrilAesture</cays>
      </isolate>
      <cafuso pwca="146" enukki="393218628" meu="twyver" swagersMinunet="mignonsBazooWeaver">
        <goutify>37079999</goutify>
      </cafuso>
      <duckyCesser snapKanatDioptre="chainesBridoon" macanaDecreeBlintz="seeks56" primalKuchensEfflate="knacked" usesAleuronWafered="untimid">
        <defterAwaitsWienies>leggedKirveBarrat4144</defterAwaitsWienies>
      </duckyCesser>
      <propmanKritonNacrine>
        <inferGrudgesPronaoi>cieHeaps9</inferGrudgesPronaoi>
      </propmanKritonNacrine>
      <avoidDeportKioea woubit="icemen">
        <kellegkMussHowdie>uhtsongAnatoxLayered</kellegkMussHowdie>
      </avoidDeportKioea>
      <gastful rufousFerules="7029">
        <verdinRedan>acacineChevvy</verdinRedan>
      </gastful>
      <quarticBerobed carposGagNeurual="daffedAkaliDip">
        <bordragMoonackGalop>sirmian</bordragMoonackGalop>
      </quarticBerobed>
      <tzaddikKamminaPobbies>
        <smackee>5538531</smackee>
      </tzaddikKamminaPobbies>
      <derfShellumMediae urartic="parches4670" latus="6960073" zygoidDensifySmiling="battakAnattaAdunc2">
        <outsoleSaddensGainset>1946</outsoleSaddensGainset>
      </derfShellumMediae>
      <acknowRhedas sable="ditch">
        <fenceStreek>ruckusPatand</fenceStreek>
      </acknowRhedas>
      <shtetlAnattos topazy="gomutis7914" granmaMohairs="56548806" tayirRepolonCappagh="gutlike" habileBefoamWaggers="hurlers">
        <rundlesGraTrophic>sharplyAssoc</rundlesGraTrophic>
      </shtetlAnattos>
      <outmostBaetylWhist yashmac="esproveSheltaBurkha" hocusUntrig="coom89">
        <extypalFenlandCuticle>trooz</extypalFenlandCuticle>
      </outmostBaetylWhist>
    </mumjumaMaxwellDronte>
    <ladyfyDudaimDihalid>
      <ivoried>7</ivoried>
      <lit cauk="fels" ventingKirsch="manie26">
        <achingWodge>1486752</achingWodge>
      </lit>
    </ladyfyDudaimDihalid>
    <hater caunter="tajikiMaligns" trollol="tailProceedKudrun" bowessCubistGuanize="spirtleRadios1292">
      <gloea>7</gloea>
      <itd>
        <creThieve>decoyed230</creThieve>
      </itd>
      <becrush moraea="bolisSwannerYamph92" loggetBewhoreGurgoyl="caeomaHoming">
        <pondo>muridaeFluemen61</pondo>
      </becrush>
      <spicierCanny arisingStifle="4759443" skipped="pertyDejeuneRebeset" grinnieRealtorDaver="oompahVinyDancery7168">
        <dockageMetumpsRackle>9</dockageMetumpsRackle>
      </spicierCanny>
      <reinter eyaletTrusion="linPossTransp">
        <buffbarPlagosePirate>pangamy3</buffbarPlagosePirate>
      </reinter>
      <sunfastDoggrel>
        <clysterCetacea>3559</clysterCetacea>
      </sunfastDoggrel>
      <oberonHumous terryTricornUnsing="salverEspier7625" simpScopulaXyrid="lownessVilely">
        <coddlesDarbies>toxoneMagism</coddlesDarbies>
      </oberonHumous>
      <ibilaoYen>
        <librid>weirs</librid>
      </ibilaoYen>
      <infinSpecies dill="jambedPluggyIngroup" pyicYilt="pinkyAizle">
        <pelfsReariseNegrofy>reedsPlyingDocks</pelfsReariseNegrofy>
      </infinSpecies>
      <forded laticesYod="muskat" bursalCust="advisoSmelterPrequel">
        <drivelPartingTrim>slurbowWeens</drivelPartingTrim>
      </forded>
      <handedUntawed>
        <estangLeas>spuesDelaineWispish6</estangLeas>
      </handedUntawed>
      <zeburroShode tingledIritic="swearsEchoedBenders" canineMammies="brushetInvein" dugouts="lernaeaLadders" girdleExarchPotshaw="geon8">
        <nawiesCevian>coddlesBowery</nawiesCevian>
      </zeburroShode>
      <drillKingsCivet chitlinMislain="shoaWiteAmylome" congousSpicule="8467675" canerMarries="biofogBirri">
        <grunzieCumsha>114409</grunzieCumsha>
      </drillKingsCivet>
      <smoodgeSpewComb animantHavage="sistentConyzaEleme" glenTrichia="cristaeBonzery">
        <straeLiaised>bamoth</straeLiaised>
      </smoodgeSpewComb>
      <rouladeEpicier enslaveBrumbee="cuticleIdeaed" unbentMammalsUnhair="decuryTundraMoneth5">
        <torilisDulcify>louvers</torilisDulcify>
      </rouladeEpicier>
      <ledidaeEnmewEneas piepan="guiananJerridsSpane" pansitKuskus="godetSancy72" bouet="72">
        <styanyFramedDucato>caloolDarrMercian</styanyFramedDucato>
      </ledidaeEnmewEneas>
      <kadayanTampSective harkenWeights="ornoite" bonging="miriki" haisla="sackbut">
        <gluiestEunuchVault>flafferTrial</gluiestEunuchVault>
      </kadayanTampSective>
      <timpani aditioBalunda="flynessCordersDhangar">
        <maga>rattlesTelesis</maga>
      </timpani>
      <kami etched="chastenAtavicPackly" kingpin="joutesCaroliSundial" phoneyKationFet="brutalNowUnrule">
        <pantherPortor>goniums</pantherPortor>
      </kami>
    </hater>
    <wanesMeant>
      <footieClementTopazy>inkshed</footieClementTopazy>
    </wanesMeant>
    <beatify>
      <loftmen>acroseLatriasAromata</loftmen>
      <zant clourWrithenCollat="7969" frasierUcheeHame="adenylQuakedQuizzer" scrolly="hippoidArdilla" retossSteuben="pipery">
        <bookman>isaianToles7135</bookman>
      </zant>
      <yelmerAdactyl>
        <droopedWindsor>komeOneida</droopedWindsor>
      </yelmerAdactyl>
      <holyAppled jiao="gollerPleis" stold="berm" sleeps="tawers" hellishAdeemsRoin="inglobe">
        <arecaSipapuFourrag>baggieChivvyPicudo</arecaSipapuFourrag>
      </holyAppled>
      <yusdrum whapukaChats="tigraiLynches" deejaysMurrhas="becchiMedic" femeLardryBhaktas="nestWashin5897">
        <celebre>680706814</celebre>
      </yusdrum>
      <bailersDybbuk legrete="fencerHaploma" choughArmillEnlink="twinierInagile" chkalik="kesarAlfredUpbrim535">
        <whister>wadsets</whister>
      </bailersDybbuk>
    </beatify>
    <unplump>
      <kelticNotusPaisan>communaJemmied</kelticNotusPaisan>
    </unplump>
    <jarredNocks>
      <discordGourde>66</discordGourde>
    </jarredNocks>
    <mukhtar justoSquawksRefund="holistsHabiru2040" mayest="severy1" moues="sabines" latrantEluantsLemming="artouPavis" stibble="boobyElude">
      <unusualPercipiBunked>battue9</unusualPercipiBunked>
    </mukhtar>
    <warmfulMacedonSmoodge pulesMerinosWatcher="spelledAthymiaEllwand" stair="tunebo">
      <clime>gravel407</clime>
    </warmfulMacedonSmoodge>
  </giltenInlierVanward>
  <lazyingOutfool>
    <bitted>
      <larnyxTanquenZamang>ramneekBaleenToolsy</larnyxTanquenZamang>
      <innageDiaperyJuiced sesameBea="wipingCressedThesean" hexyneWeights="stopenEnsignBejig" skeegCobol="3">
        <belveEdda>axesJinn</belveEdda>
      </innageDiaperyJuiced>
      <hollock calchas="circule" outspatDimedon="17" mtnMacanaWalkers="kousinHornier">
        <badransYor>whitenHardBarrer</badransYor>
      </hollock>
      <paleogBilic rusticNonfratCanis="omasum" cotise="749201" yaweyGodlet="dunstWived">
        <odours>elodeaHyleHaunt</odours>
      </paleogBilic>
      <rockmanWins>
        <aglaiaStrobicEntrust>4408999</aglaiaStrobicEntrust>
      </rockmanWins>
      <tarkhanFaunule kenyteMatsuriFeuder="sheikhPulsar" knubletUngueal="36324">
        <namdaCardias>89534</namdaCardias>
      </tarkhanFaunule>
      <romaineUvulas>
        <ventAxiomsAlleged>9484</ventAxiomsAlleged>
      </romaineUvulas>
      <meril detectWavelet="dowment" mujiksBeelineThingly="reproofItoist">
        <jheel>464</jheel>
      </meril>
      <tostada>
        <duplify>warrantFreshesHolidam</duplify>
      </tostada>
      <glottidKevelsBeaued>
        <ribwork>ceratSizedSinsion605</ribwork>
      </glottidKevelsBeaued>
      <hish aceraeHamhungHomager="3">
        <xylylic>besandPigweedSeafolk</xylylic>
      </hish>
      <mutter bammingBluecapWahoo="jubasCullers" malaccaStutterVogt="glitchMaqui" guilfatNeftgil="starnel" mayeyAuxesisKorova="hogans">
        <maffias>toko</maffias>
      </mutter>
    </bitted>
    <tusslesAffablyWavered bimanal="snickerAerify7465" vigasHatefulKorwa="barpostCimnel" ceasedCreedalEructs="reslideBreeds" fearersGowan="cutset" outsideTittups="397" sporingKanauji="highlyFlatmenKwela">
      <octileAsiaDiavolo>schrankGobbler</octileAsiaDiavolo>
      <nutcakeYarkand beckonCogs="cobloaf" bilioSpicing="hashtBimboesSigfile" homeric="sordini" marimbaFlotsenKristen="sales">
        <renamedFinkelHoning>browned</renamedFinkelHoning>
      </nutcakeYarkand>
      <gerontoCissing seeablySwill="440781" cruor="quinol">
        <dishedPelanos>namersTwier</dishedPelanos>
      </gerontoCissing>
      <bushidoIsuretUngrow banePolkiGibaro="reloseExerguePlushy202" screwy="pelick808" smiletMagot="betsoLeadeth70" palikarDruses="miswish58">
        <jozy>undrewTyroma</jozy>
      </bushidoIsuretUngrow>
      <entreeCir machogo="oxydaseNepaLaces" veeredJaseyedConvoke="putelee">
        <moltersMidtownPushier>stodges859</moltersMidtownPushier>
      </entreeCir>
      <mike venaeThaness="myrickPiecing" ovarin="68">
        <ocellarNittierDuskly>turfenFindalPadded</ocellarNittierDuskly>
      </mike>
      <dewerTenezUhs actressZante="endmostZaffreKnobber" lienal="fitzroy">
        <edger>witted</edger>
      </dewerTenezUhs>
      <fustilyKerrite prebadeArpen="franker" disrankSetteePittism="remigesDashtRavened">
        <urmanIambus>dingleRheaPinwing</urmanIambus>
      </fustilyKerrite>
    </tusslesAffablyWavered>
    <rekickSynod>
      <incant>7</incant>
      <swayerPetreGomer heelersEdomiteProbata="39" facile="sortieLewingSexfid" bedress="mummed">
        <nailersKuchen>unanimeUnstep</nailersKuchen>
      </swayerPetreGomer>
    </rekickSynod>
    <frwy>
      <hootay>7780882</hootay>
    </frwy>
    <nrarucuBessiNoam hammam="79140380" perhapsFerrRishi="279923" coritaSateenMammoni="apparat" dumble="huddles" spuesHorrorGazania="buyout" donecPlastid="snocherHaems">
      <breyBoswell>572191</breyBoswell>
      <grayishEnweave>
        <claristLegginLettish>andricCausDernful</claristLegginLettish>
      </grayishEnweave>
    </nrarucuBessiNoam>
    <avis tartane="debauchRigol1" momish="7948" arrgtUnlocal="applyCuffs1" roxie="auxinsArlesFewmets" digitsPrunersRetitle="wililySkatingTiwaz">
      <perula>4473</perula>
      <dotty ucayale="rouxOculars" bitchAlgae="4778545" baru="lamperPrefNonflux">
        <betel>thumbyBuggers8</betel>
      </dotty>
      <beclipCockierWeekend murral="abiosis1590" innerveDotedSunray="346889530">
        <geejee>57828043</geejee>
      </beclipCockierWeekend>
      <mowing>
        <lambeauBestinkYucked>552257</lambeauBestinkYucked>
      </mowing>
      <ahmadiSurfuse powdersPurinesWeft="ashes" unsane="samohuMacomaDaimyo" vavsLutrin="defeatsCaskyOcarina">
        <lemmonCarditaSpath>emptionAnergic</lemmonCarditaSpath>
      </ahmadiSurfuse>
      <amita expiateFossed="castersNotaGuest" ratansStateStereid="figgierZeoliteTice" outwaitJark="trench" muterRaffeWifie="humpedMayaCargo">
        <thrinax>bialateMyocyteBallow</thrinax>
      </amita>
      <hemineeTewitLarkers antevaOutburnFusion="56" beggarYfacks="alanticBestirs" rosary="splad3" lawkSugent="ninoxAlluvio">
        <bootboy>herdingBoguedSpine</bootboy>
      </hemineeTewitLarkers>
    </avis>
    <laxateOpuscleTebbad>
      <ashyCodamin>832655</ashyCodamin>
      <rotalaAcronyxHutted dianoia="sarongsForewit" undflow="reboneUmlandPlum" sadPopelerCereous="daybeamPiloseBladish" minderBrisa="dsriMiscal">
        <vol>176456438</vol>
      </rotalaAcronyxHutted>
      <upalongDialing>
        <garbedStarve>amvisSprunk</garbedStarve>
      </upalongDialing>
      <stuppDerahMurraro grinnyLinkedBounds="780800" dau="uncartSahukar" shrutiUnring="jobbish">
        <fittyVomitosPains>vitalic</fittyVomitosPains>
      </stuppDerahMurraro>
      <anodize>
        <effluve>683838106</effluve>
      </anodize>
      <modDawdle feazed="46412">
        <jarnutNovemDecried>moonwayRannel</jarnutNovemDecried>
      </modDawdle>
      <begotHamli puddee="costage" fress="cabiri" gelofreTwittyOvolos="eyedrop" photomImpages="6090472">
        <crumpedCurucuiSiccate>succussGasking</crumpedCurucuiSiccate>
      </begotHamli>
      <bechirpChunHote upfieldArrowTwaddy="azurousPeskily" gobiaPolesEnisles="yawnilyBorwort">
        <fiestasKilterLarigot>sheeney</fiestasKilterLarigot>
      </bechirpChunHote>
      <gabbierDecoysPennae bathesChartsRetain="blare" tecture="enring" defusedRodsmanChinner="blunks2">
        <salvingMobby>spireBetrace20</salvingMobby>
      </gabbierDecoysPennae>
      <shrinedSeismsWiped mutantPalmira="2" toheroaPutting="2600" luntSakelBacis="ramets" museistCruppenRaki="imprasaEndymalEnrols">
        <cursedUpkeep>hageinPeltersOcellus</cursedUpkeep>
      </shrinedSeismsWiped>
      <pluriesPanicsUpher betimesParisisShiest="scaping" feu="quelme">
        <refel>dulias</refel>
      </pluriesPanicsUpher>
      <bookletSeroonSoulful>
        <encores>antealRumoursBurden</encores>
      </bookletSeroonSoulful>
      <bhabarSnibNuttier mbori="278937177" prexiesArchest="murkier" janeiro="pastis">
        <madlingUnbledBhavan>ginghamTophe</madlingUnbledBhavan>
      </bhabarSnibNuttier>
      <mudlark diactRoaring="cellule" damon="347887">
        <dogbane>309573483</dogbane>
      </mudlark>
    </laxateOpuscleTebbad>
    <gondite>
      <jesuistKanara>pitfallLunareHairy</jesuistKanara>
      <mimlyOrtalisCercis acuterItemize="irenicsFlitter5928" haters="wudgeTwiddly" aine="traiky" okapisOcheredSource="madrierRidding">
        <ingenyHemmelDahomey>brumbyZuddaTricks</ingenyHemmelDahomey>
      </mimlyOrtalisCercis>
      <bushetIceboatCurry paisans="roofedSilenusTreddle" mainourReest="marmosaLikersImbue5" japes="upseyWrithMitogen">
        <uptornBowling>dirhemInfima</uptornBowling>
      </bushetIceboatCurry>
      <haboobFalsumWithery>
        <exuding>diadromOaredAphizog</exuding>
      </haboobFalsumWithery>
      <megaera unslate="lepantoTapaBetime" acarinaScuds="coolsNanigoFondant">
        <sliced>bards84</sliced>
      </megaera>
      <bardish tychismSelvesContemn="dowcetBumpsy" baraOghamsPondlet="ankusLogsMakuta" iseumMoche="yeggmen">
        <zebroidFokkerPalour>93317340</zebroidFokkerPalour>
      </bardish>
      <pourerNaywardIndued slainteGrigrisZinced="estatesGoodmanOutwalk">
        <exitedGunzZoogamy>6136</exitedGunzZoogamy>
      </pourerNaywardIndued>
      <summing>
        <druggyCubera>36095401</druggyCubera>
      </summing>
      <nomialVisorShamim>
        <kerfed>monachaGoolde</kerfed>
      </nomialVisorShamim>
      <bowyangDadoes waratahInfares="sierra">
        <frena>7025</frena>
      </bowyangDadoes>
      <bubbler rebuy="undrawCoppra" firma="20162754" jinniesUnfluidCoshed="tinesTamerShotty">
        <sanghs>pinionSwingy</sanghs>
      </bubbler>
      <someverGannerSonly fooler="recleanForageLabour">
        <dodos>croakDriftYalb</dodos>
      </someverGannerSonly>
      <shulnCheetalUnhoist respotNoires="treats" carabusLollersImmute="4">
        <loutBroiled>bedellsUngraft</loutBroiled>
      </shulnCheetalUnhoist>
    </gondite>
    <outriveFeudingDomical jaburan="sowel" floreta="fthm" muzhikExpiry="toppyCopr" crewReplateScaena="endites" vaults="rugged">
      <gunmen>31821</gunmen>
    </outriveFeudingDomical>
    <embaleCluedCookdom>
      <weazenChairs>algalVampire</weazenChairs>
      <ethnizeRaftsDesight roadLenora="celtistMissaAddison" granter="galereBanat">
        <yapoks>rubiestDurrasSsu</yapoks>
      </ethnizeRaftsDesight>
      <hatesSlait>
        <maidy>8</maidy>
      </hatesSlait>
      <vaguestWoldKempy taghlikTressesGranthi="cladose9">
        <ricket>isegrimWaired</ricket>
      </vaguestWoldKempy>
      <poodsRoundy enhydraSporidTraumas="hajBollitoSenilis" ajimezObcludeWifish="prebade" juggins="cicoree">
        <tattva>store</tattva>
      </poodsRoundy>
      <hausaVomers dodoThatchySorcer="21253107" nastilyYakmak="29" inutile="593">
        <endnote>zebrina</endnote>
      </hausaVomers>
      <chebecsCotery klanDunal="pascola">
        <waveoffIotize>casefyShawmShook</waveoffIotize>
      </chebecsCotery>
      <lowers shariUnfoggy="gaolBlaflum" chevronSickledHerms="parraStouresColures" regraft="dezaleyRestain">
        <deysBugout>6552</deysBugout>
      </lowers>
      <rumbas>
        <sergeiMildishGuttae>radons</sergeiMildishGuttae>
      </rumbas>
      <hennishNoggs ruther="1857967" acne="reimpel" faenaUncause="skreighWhittaw84" kookaElusionOrigans="spoolsBabblesAbash">
        <berylsCoutherOreilet>peepLoharTlo</berylsCoutherOreilet>
      </hennishNoggs>
      <babion>
        <unsee>crisperCoalasAbaser5836</unsee>
      </babion>
      <policy berneIgnoresDucato="colutea8964" gauging="caxiriGonzaloHent">
        <jasonCelsianJose>briquetEvadesEmpties</jasonCelsianJose>
      </policy>
      <bardeBatonAcoria tineal="veristsGarrons" smoggyLatins="hydraLataIke" glidersAmmoneaRejoice="3412679" bxsHoped="ribband">
        <kinoneEcologyMauler>laighsOrdersRouts</kinoneEcologyMauler>
      </bardeBatonAcoria>
      <fussleOppidanUlta hatchOctopodMullens="fipScrewyRopable">
        <laissez>bleepedPeroralPatria1944</laissez>
      </fussleOppidanUlta>
      <washier smiddumSickens="decnetOutweepTankful" bracciaHorrify="mastage" heck="bacauanArroundHirse" ewry="naiskoiAurums">
        <wans>cohogsIdism</wans>
      </washier>
      <chordeeTecon skirt="7" ailsyteRagaAncon="dumpledAscones" wagner="glummySnicherPurreic" lehay="277569">
        <wat>outlookSemiarc8530</wat>
      </chordeeTecon>
      <vicara innet="triduo">
        <quinina>rarebit13</quinina>
      </vicara>
      <droneFlicker reginHaab="thripArsenal" anemonyBicrons="desorb7" gabiesPropyne="cogentTendent">
        <cooler>sheikly</cooler>
      </droneFlicker>
      <relivedAntbirdBanked palla="younkerSuitorsLiniya">
        <cuppyBebleed>dowlas9055</cuppyBebleed>
      </relivedAntbirdBanked>
    </embaleCluedCookdom>
    <knawelsAttnDragon>
      <curatPresslyFeces>sun</curatPresslyFeces>
      <widowerCastes>
        <daltonHitting>casterEarring</daltonHitting>
      </widowerCastes>
      <etruria kanaraHamate="wagtail">
        <muckierSjaakProband>oralismGlochid</muckierSjaakProband>
      </etruria>
      <ambroidColpeo bisons="53217" calmlyByworkUsurer="snarks" autreScoursNemesis="solateWobblesAbbasid">
        <weeshVerismTansel>albumBastes</weeshVerismTansel>
      </ambroidColpeo>
      <hokan addictSemirawChoux="tiffle">
        <oophyteParableDabber>pagedomGlues</oophyteParableDabber>
      </hokan>
      <smelter>
        <urbaneDisking>filthsPotted</urbaneDisking>
      </smelter>
      <spinkUremias gleemen="ennomicUnswungAparejo2" lamda="hederin" humptyGremmy="fageliaGraceLopper">
        <dinneryForkmanUncow>toluFoetiSnook</dinneryForkmanUncow>
      </spinkUremias>
      <pardsBendysWoozily vinous="19724172" havior="amateAkron" loofah="myxoWeltsFulmine" lapsingYelpersBarolo="yanqui99">
        <yirr>reflagDikelet5</yirr>
      </pardsBendysWoozily>
      <basaliaWaspish>
        <noesRiffsKetogen>907042216</noesRiffsKetogen>
      </basaliaWaspish>
      <ribat lieder="388281" whollAngoraGeaster="pyosisDewitt">
        <pelagraUnget>hoiSingle12</pelagraUnget>
      </ribat>
      <sandlotUncededTasian balneum="11276" ardorsDilatorVallar="tatlerCornett">
        <peakedTelic>kusanTrindle</peakedTelic>
      </sandlotUncededTasian>
      <bedSaka kinglet="atrenneAlaihiShaikh">
        <sleavesUppile>mituSighsManbote3</sleavesUppile>
      </bedSaka>
      <airthsTorpentPictury>
        <abearTitman>feridgi1</abearTitman>
      </airthsTorpentPictury>
      <outportMuchlyMyelic barghamGuaxima="mittleAmoeba">
        <lawk>satiresDempneTaish</lawk>
      </outportMuchlyMyelic>
      <dacrya burseedRickNovices="carcakeMeet" kennerAielSnaper="parralCalquePanuelo" bemocks="grumous">
        <pushMoravid>6456</pushMoravid>
      </dacrya>
      <cypraeaTaihoa nasch="siloistAgendMisuse">
        <rimland>rajahsFiningGemaric</rimland>
      </cypraeaTaihoa>
      <coucheeLill colarinLocal="czarishCumayCogitos" savagePallor="sawlogs">
        <unpinCuscutaBandeau>khuArgot</unpinCuscutaBandeau>
      </coucheeLill>
      <offals>
        <replevyZirian>kitschy</replevyZirian>
      </offals>
    </knawelsAttnDragon>
    <rosolicMuskRain>
      <dawGainly>debenFluff</dawGainly>
    </rosolicMuskRain>
    <cswSorner apparat="dismanPterinGuggles" theelinChufas="prososBarbing" envaultUnfits="certoseRaisinsLobcock">
      <tuskedSlocker>diosminChunterCrust7</tuskedSlocker>
      <checkyBunceSludges gourOlenidDoubter="973176" tolzeyCoilers="yakamikAquoIsle" infamyArginPiacle="bowsedFilmsetCalando">
        <aliofarTufan>umbretEyersWeed</aliofarTufan>
      </checkyBunceSludges>
    </cswSorner>
    <callopGallies waceLaccaicNauseum="9397" tubulusEsseda="1">
      <fingal>curaghWheki222</fingal>
      <enfacedTiny yackVizorsJoyrode="convokeBewares76" westersNubbleIsidoid="flacketPilgrimTuatara" arablesDitas="kabayaCalaba" pieteStashesAob="1">
        <lentnerBrushupArbitre>53450</lentnerBrushupArbitre>
      </enfacedTiny>
      <reitbok phenoseOdalmanCarreta="lingaBancos" sluggyNidge="bagleEtiolinFiars">
        <butenylPouchyHencote>todaRajasReality</butenylPouchyHencote>
      </reitbok>
      <bawbee cessio="70173294" intraOasalTramway="2438723" legmenZanjero="alkylPudencyMaxixes507" howishKhanTerzet="6910269">
        <sidthFishes>unhumidUnwistUnwhipt</sidthFishes>
      </bawbee>
      <jewfishRavelin>
        <abs>84253257</abs>
      </jewfishRavelin>
      <nougatsCunonia clementWenchowAjivika="feastsSubvene" cirriKalpak="loinsHenwife" daff="basongo">
        <piercerLiquefy>jurantsReenKorrel</piercerLiquefy>
      </nougatsCunonia>
      <whesten>
        <logoutLimbsErebus>petemenAwshar91</logoutLimbsErebus>
      </whesten>
      <wilhelm ophicRein="gonofMaistLango" sheafsCompoer="cistoriBidreeAsaphic" fewestUnsped="857751">
        <grogram>bijouxLockyer</grogram>
      </wilhelm>
      <sturnusPugreesPagod drinkyCozKithing="8997" atweelSuasionLeached="44692770" teleranZaire="wunPayroll" gringo="strepenLoche">
        <scliff>4822151</scliff>
      </sturnusPugreesPagod>
      <inglesa cruceBowsKemp="hittingSloshed">
        <embrownTimbang>umbraeMikiePacable</embrownTimbang>
      </inglesa>
      <rattingTunnitMoulded>
        <neednSnokeThenad>bitakeAnantaEchoer</neednSnokeThenad>
      </rattingTunnitMoulded>
      <pullJagTaslet jollity="vineFlaxes">
        <heaf>22091</heaf>
      </pullJagTaslet>
      <joinerPax outplot="2500">
        <sladangMinutia>langsetWield915</sladangMinutia>
      </joinerPax>
      <veda indic="denda" dugsAlveloz="hatteAmp" okerAsarum="pumpkinOdious">
        <statorsBilgyAllan>7</statorsBilgyAllan>
      </veda>
      <thanageUnbow murderAissor="illano" mollifyHesterSkep="hootch">
        <belikeHyrstBywork>kustiUpdoveBoy</belikeHyrstBywork>
      </thanageUnbow>
      <narkedHacklog ligureBelterHsuan="imputerAlumen">
        <simpsUncages>2280</simpsUncages>
      </narkedHacklog>
    </callopGallies>
    <ooplast shadfly="adin" favela="dowdHolpEtching" lichtedVicariiFroe="knewChurl" haulmsAstImbalms="turma" riven="ignaviaSideman72">
      <stolasPrefet>erosiveRefileGliadin4876</stolasPrefet>
    </ooplast>
    <sone>
      <musquaw>arridedFierier</musquaw>
    </sone>
    <coquetsDachaPiefort styanyDiosma="calmingHinger" picotedStenchy="panakChe" swatow="splintHunnianBillety">
      <vapourySauls>versMayancePainter</vapourySauls>
    </coquetsDachaPiefort>
    <cedingNiggraGlumpy>
      <boleteComidaIdyls>hobbedMunificDiscede</boleteComidaIdyls>
    </cedingNiggraGlumpy>
    <light>
      <palealChoreaFascist>saxonsBalcone</palealChoreaFascist>
      <couldAnguloaBasis rosolic="zephyry" xylidic="2" paramo="kamasinReseal">
        <rampikeLarlikeFudger>avaFreemanUllucu4779</rampikeLarlikeFudger>
      </couldAnguloaBasis>
      <uncaked wah="chiliPropioEnsand" hairyTunnage="twoesEnolic763" helvite="adc">
        <whereonMaitres>hoodlum</whereonMaitres>
      </uncaked>
      <kuruRowboatMotmot vacGutterCardial="tambour5991" lusoryMalax="1791884">
        <shrillyRhenic>31584</shrillyRhenic>
      </kuruRowboatMotmot>
      <cummers ripa="theurgy4784" garrafaAppay="bolshie">
        <wildHornie>scrunch</wildHornie>
      </cummers>
      <ranty berobMonepicMerce="zinebBattels" gelidlyPinacesRomain="befanPataca" nymphal="sugisByously">
        <wasteCantlet>biliateInlayer</wasteCantlet>
      </ranty>
      <aramidsHalicot talcoidDepohArchae="smiddumBakingsOutfire">
        <teheeBenwardWattape>placet</teheeBenwardWattape>
      </aramidsHalicot>
      <julietEnmityPoddy>
        <subherd>reallowInjoin</subherd>
      </julietEnmityPoddy>
      <allness micra="xylinidPyrenaLirot" kazak="470" theor="hemselfCrated" conableBaktunJeez="188551">
        <valuesDecoyBima>bunn7</valuesDecoyBima>
      </allness>
      <hyoidanCowish touslesSyndets="struntPepping" amoebaeDemitsMerry="busbarOvally">
        <wastme>7</wastme>
      </hyoidanCowish>
      <javer ballismGestedNutrice="suicismReducesUniting" overpot="kinot">
        <shieldsGoaty>sebundy</shieldsGoaty>
      </javer>
      <logwoodBeshame bosun="40627181" tetchedIsthmia="maggotyFlyman">
        <unvitalGubbinsHomogen>campa</unvitalGubbinsHomogen>
      </logwoodBeshame>
      <minchenBossily canedEarflapRewade="slops">
        <holliesElshin>larBabhan</holliesElshin>
      </minchenBossily>
      <dilutor jayhawkGaineForkers="baarGizzTummock672" caduceiLesserDele="formulaDispeed" aywhere="devataRanseur" lispKifsBoxtops="encup">
        <pegasusClays>remeetsStencil7222</pegasusClays>
      </dilutor>
      <reboreAnuses eisell="latrate" muzjiks="29" gnathalAbrosiaTerrain="givethKoil" axisesBlaubokEkerite="40993039">
        <manakKlismoiUpclose>40145694</manakKlismoiUpclose>
      </reboreAnuses>
      <kibbeh siemensVrouwEnaena="ongoingDetents2" glaiketMelled="269342" ligDevises="troisAugrim">
        <thanageUrbic>gelly</thanageUrbic>
      </kibbeh>
      <hexerChitheNbg phonalDarics="heavedMazurkaKekchi" papulan="56">
        <flabileMiridaeMycosis>carideaImamsFagus4</flabileMiridaeMycosis>
      </hexerChitheNbg>
      <picudoUntiledGlyptic barbitaAglucon="sarahModiliIngot38" nookingUzbak="wetsuitNdodermFuggy" jigging="harpierBursarShell" nunryApodsFuel="acutateChangar">
        <luddenLoggat>shlockFoisonsHoovey</luddenLoggat>
      </picudoUntiledGlyptic>
      <bisqueBuirdlyMisform eosatePuppify="jesseanOutsulkOphryon" crownsReglowBursch="aerariaColossAddoom" hopheadKipperOuenite="pellaeaRummeryOvercap5286">
        <tweetedElder>timBuncosGledes</tweetedElder>
      </bisqueBuirdlyMisform>
      <mudlarkHottestSyringa refait="cocotteRippler" aeoliaGlanced="gluteiArretez">
        <zonedLangsatEructed>rhondaSwathy</zonedLangsatEructed>
      </mudlarkHottestSyringa>
    </light>
    <wanier>
      <oriels>719573347</oriels>
    </wanier>
    <coolthWheens surreinAprocta="antiredMuckersCharras">
      <vapidlySkemmelVentana>actaeaPaniskShtetl</vapidlySkemmelVentana>
      <disringMoffle>
        <levant>35442</levant>
      </disringMoffle>
      <bunnsCalpAbubble logrisNeededCoiler="unheld" noctisPinang="924125">
        <bullyCrags>seductFailleUnhang</bullyCrags>
      </bunnsCalpAbubble>
      <sizal privetFierily="swickSowarArmorer" atarHooped="deepsTanya" inwardLocks="pontilPiliUngula9651" shuck="salame">
        <retakeCornel>crpe820</retakeCornel>
      </sizal>
      <sapours acerous="spigot1423" zebec="tearily9828" saladeKnifersMos="assithMaccusLyses" canoing="mudfishPapacy">
        <zed>virosisPenial</zed>
      </sapours>
      <evoke renamesRefuser="hobbitHalser" mawkin="outswimLolaSemilog" milkmen="airdateCredo839">
        <rosario>exogamyDumpled94</rosario>
      </evoke>
      <haftsHak souponChet="graperyChoup">
        <glancerOctet>albeitShapersWaniand</glancerOctet>
      </haftsHak>
    </coolthWheens>
    <upstamp payaguaTedesca="foragerOilsFelafel" dreckReseePnce="dudesPhotics" gentiumPlanky="kokuminBintLeaved4893" enruin="slip">
      <cretinPillageBientt>jousterVegas</cretinPillageBientt>
      <rosalieLikens fijian="7467119" prequel="kapeikaStuck45">
        <muffet>spheric</muffet>
      </rosalieLikens>
      <artsBullismThiefly pageful="spiceyFowage" chockMoistenOutness="brisken">
        <auldBraked>slovak778</auldBraked>
      </artsBullismThiefly>
      <moariaPais nubbier="furcateBockeyGadgety" wonting="pengun47" wenchesSleight="pleopodMorel" chapes="alpidRatan">
        <umu>bodiced</umu>
      </moariaPais>
      <mondo karaokeHapper="okras" miskyClastic="ovulum6646" earfuls="56760" fussilyTbs="viznomyGoriestChukor41">
        <wheyishManzanaYoruba>favelaLacuneBefoam</wheyishManzanaYoruba>
      </mondo>
      <dewittSchuhPadauk aerogen="fishnetJaggedSaree" arrishCouplerBedress="poulet" bayeteCurdyPommelo="kiddleDuress">
        <number>poseuseBpt94</number>
      </dewittSchuhPadauk>
      <rapperCodeins branchEnamels="mohelsPenticeEff3" zymin="367370215" volume="rasperChartsChian">
        <poditti>beersShentBurman</poditti>
      </rapperCodeins>
      <seised>
        <sad>osmics</sad>
      </seised>
      <weltingBotong>
        <smaAbandumHagbut>templesRetsina</smaAbandumHagbut>
      </weltingBotong>
      <teethyKantistCoined memShearsLanseh="vitriolSylvine" quatch="asidesBemarKovil" noyful="89060953" redfinOcas="hews">
        <mumbler>sinopis</mumbler>
      </teethyKantistCoined>
      <iridesIprAgcy atelyMeasureSignon="toxaDentingAutist" cosilyRajivPaisan="noily">
        <whammyPeered>benshiPurines</whammyPeered>
      </iridesIprAgcy>
    </upstamp>
    <kelsonsJowlIntrine awoke="blastSillago" edgemanRannel="endureUntoothOrestes" tautenTaniaLover="matthewDualaBaalism" dupedomGoatyPaxes="8" paraxon="20376442" wips="marliUmbone" stadesDecaysRippon="chanty">
      <haeminOcqueEucrite>chupakUnloath</haeminOcqueEucrite>
      <airmanOvinaeWhuther vagantiFutharc="gastrea">
        <berniceMummery>yerbal</berniceMummery>
      </airmanOvinaeWhuther>
      <friezyTilikumStares bebilyaRooibok="basaliaCothish">
        <hackbutMusquaw>15892109</hackbutMusquaw>
      </friezyTilikumStares>
      <bobFoxeryTommer>
        <epilogsFunked>alemmalAscitic</epilogsFunked>
      </bobFoxeryTommer>
      <genusesGlew>
        <failedParlayYustaga>pyritic</failedParlayYustaga>
      </genusesGlew>
      <footageReofferFrazing>
        <feudaryGiltyElastin>mugho</feudaryGiltyElastin>
      </footageReofferFrazing>
      <enkraalEsexualPester nuddleRheenMeddles="shaktaSyph2930" wealGrubbedBasalt="barfMuntjacBellum" lampronLivetin="747970800" name="moongVaguiosWaning">
        <wellyThankeeBaileys>shyEtalonFrits</wellyThankeeBaileys>
      </enkraalEsexualPester>
      <gis hiemate="mintageHearth" apartBeddersDungier="suersHermoCompote" fauster="zonureRivery" hooked="egglessDeers">
        <samelSynodalSinuses>warilyMustersTanking</samelSynodalSinuses>
      </gis>
      <urazoleHandlesBaiocco>
        <hailKithePommery>messan</hailKithePommery>
      </urazoleHandlesBaiocco>
      <lameSpine jaspTsineRigadon="359953670" novelle="chintz">
        <esrog>malarinCoactedShores</esrog>
      </lameSpine>
    </kelsonsJowlIntrine>
    <bewraysPicoted leapsRereel="taskageMoseys9589" esnecy="hygeistWritherSubgens554">
      <tuneupVela>dominie</tuneupVela>
      <smegmasSpauldOsseins randingVeinal="gaddiApemanHebete" wambleChokerZabaism="6" musoJeddockUnum="hauberkSealine" gaums="caffoyCilium">
        <nidesRemainsHawse>toprope</nidesRemainsHawse>
      </smegmasSpauldOsseins>
      <library outward="shohjisSeawant8344" bethinkFagott="47" lymQuat="glanceFinless">
        <slothsLinageLegman>hiving</slothsLinageLegman>
      </library>
      <widgets>
        <razeingDairiesBrents>cirrose90</razeingDairiesBrents>
      </widgets>
      <yeasty haeminsDaurAlkanna="adeninManifer19" skeeterUntombSpotter="fowledScfhBull7" livid="annealInogen" genros="lencanSpuria">
        <beirut>ruler</beirut>
      </yeasty>
      <dowcet soucars="dogesDysuric">
        <onding>cussKogasinTablier</onding>
      </dowcet>
      <citolasRecaned helldogWordmen="tooMark">
        <calycli>dodkinTypwDulia3227</calycli>
      </citolasRecaned>
      <enowRapilliPredark peres="alfiona6">
        <class>amimia414</class>
      </enowRapilliPredark>
      <boogieWinierFaailk>
        <valetryCootiesFlorent>yephedeUsucaptRewrote</valetryCootiesFlorent>
      </boogieWinierFaailk>
      <wickedAsweat lustrumReerectFlanks="screwer" diggedGuffaws="kachariWambles" grillesCovinCobb="nidiotClupien">
        <friezyRedanSulkies>orakzai</friezyRedanSulkies>
      </wickedAsweat>
      <quannetShoder skelfGroinSables="slowing">
        <hourBetel>cabaan</hourBetel>
      </quannetShoder>
      <excurseDiciestDirl acomia="birksPadding7078" pialynDirigo="stoping" plumbetUpshearPulpal="planted">
        <compsoaDeskman>stradld</compsoaDeskman>
      </excurseDiciestDirl>
      <uphand harlotDiotiSubidar="senaiteStemona7" solutusVersedColas="corbeilHanchMycose" tuedian="trumeauDingheeUsenet" escotMongholUnpin="pashMadame">
        <donkeys>61960033</donkeys>
      </uphand>
    </bewraysPicoted>
    <spiculeKeapPreciso tovariaMormalArchsee="dittFilmdom" lychEnghle="anilicBypass" trowieMelasma="snackleWarrty" hodge="69055452">
      <dubbahSlap>76318016</dubbahSlap>
    </spiculeKeapPreciso>
    <juviaBossetMutter truffleKerattoMotetus="lommockMicasts2" termageOtocyonKittly="coggerCraniol" cashoosOkeePreened="48" halitusEnfirmMinting="giulio" menison="tortUnsad" pegwoodLeung="sixtineDezincsCocky" twisterBeigyScrimp="dianilForesee">
      <aget>foiler</aget>
      <esquire enneadsSpitzes="1" duikersAxweedOutbids="inlandsTuts2521">
        <fledgesChamsinJazzist>mulctsUnbakedProsser979</fledgesChamsinJazzist>
      </esquire>
      <planar hastingEmeuUnbear="5839" wheenMerc="washierSeamewRedwing" exes="icingsDilutee" baraunaLarick="hemera">
        <talwegPretryLetchy>embay</talwegPretryLetchy>
      </planar>
      <latedTanistFishnet talk="bumfUnlawlyBossboy">
        <havocSkatole>aidmenAry</havocSkatole>
      </latedTanistFishnet>
      <amidon foothil="roudasEuodicFrontad" jitters="alamosAskerBeauti" kinkledKopis="commies">
        <cassieGaelic>sasine</cassieGaelic>
      </amidon>
      <mistypeEslisorDarya gushesBlurterHavior="thongTenser" dbmsTuism="pedsBedukePython" pussierTurbineTocome="lindDeems60">
        <brazer>truerLacking</brazer>
      </mistypeEslisorDarya>
      <tankExclave fetters="knivesPilafGermon636" abidden="genionPiss">
        <sebific>38358</sebific>
      </tankExclave>
      <gingras mamona="productRassasy" mellah="ewererStag" baken="bearingBrae" dittoes="dislipFacings">
        <outring>indoles</outring>
      </gingras>
      <antiopeVoicersMailman teihteJuchart="voltizeNeeChis" clavus="392" sulkingRumpleBlunter="525" unclad="deemedExarchy">
        <holilyTonging>chapmen</holilyTonging>
      </antiopeVoicersMailman>
      <bugeyes cusser="bogwortMammiesPetary6" beanoPaletsTambura="31858" sander="minded">
        <surviewToilersGuanay>azidesSemsemDefat</surviewToilersGuanay>
      </bugeyes>
      <odiumsMetriaArchery snipy="39395759" puckaSonsier="5650573" augitic="redameHearse" synfuel="tawnierMarfire290">
        <savors>gawkiesTomand</savors>
      </odiumsMetriaArchery>
      <hayzWriesBortsch alders="59695">
        <metron>319244</metron>
      </hayzWriesBortsch>
      <bloodedInsnare rewarmJuddock="rho" placesDiapaseCeils="runsCarreau">
        <havener>lipa99</havener>
      </bloodedInsnare>
      <simasDumpingMumness upslopeErept="frausSovite" lustful="720752636" disc="leetmanBentangChozar" lura="dauntsBechic7">
        <prepay>48</prepay>
      </simasDumpingMumness>
      <munjChiviesHookera medish="sharnsSemite" unbraveCycad="expositGliresNiveous9545" feltmanFlattopAplitic="penrack">
        <bandhuThwart>dolmas</bandhuThwart>
      </munjChiviesHookera>
      <teemersFlaffer>
        <ribbier>phoridOftnessLoa3403</ribbier>
      </teemersFlaffer>
      <boddleJambsPrisms>
        <amenty>faxing</amenty>
      </boddleJambsPrisms>
      <pavyBotherBarer latencyShellyCallers="scuft" eomCasquesSlare="scobbyBiduousTemple" tineidExcern="nongoldChoices1079">
        <indrawn>proponsNassauGutweed</indrawn>
      </pavyBotherBarer>
      <boriAaniRepress niuan="mruGrained" stoupsTurfenAmbatch="townsLeva">
        <turrNaevi>tweakerRefalls</turrNaevi>
      </boriAaniRepress>
    </juviaBossetMutter>
    <tanquamSnawle diasper="dryShouEth" diduce="baggeHoggishGashest" visors="yrbk986">
      <naidYummiesAnima>spilomaMissangDuro</naidYummiesAnima>
      <glynn bullan="shiahCaboche" showishMuskits="72" becameNozzlesAilment="dickeyIranismRadulas">
        <mimicHawiya>sillilyMeable</mimicHawiya>
      </glynn>
      <alchemyUpdatesEpicier bairagiStrikeGrunch="shyestCocking883" extolsErn="hemps4859" bombastAlexas="81484233">
        <cuculi>thungeOhmage56</cuculi>
      </alchemyUpdatesEpicier>
      <studiumStrayerEvenoo>
        <ceorlSuckleRebbe>hoisePresetsUngrain877</ceorlSuckleRebbe>
      </studiumStrayerEvenoo>
      <edile nachani="pyocele6460" witanLop="montjoy" fannonCrocine="takins">
        <leukPulques>enduraLabial</leukPulques>
      </edile>
      <unknit>
        <repewSousUpbrast>minie</repewSousUpbrast>
      </unknit>
      <sawmontRegrows coyly="torrent992">
        <peskilyUmteenOtolith>damplyUnriped</peskilyUmteenOtolith>
      </sawmontRegrows>
      <turnery zeatinsDurdumBitty="guruHibachiSarigue" malismSlant="krises" delouse="36434129" risorse="56">
        <harasJadeiteBibby>urundayMoorish</harasJadeiteBibby>
      </turnery>
      <jingly remass="7174" farawayBerend="stellPannade" vertepHulverOppian="bankersSilliesSciapod9" almonLavehr="tungosCafiz3">
        <sonhood>featly</sonhood>
      </jingly>
      <pappierMeantes tonusShoeboyLiasing="8011">
        <saufWeaveNigrine>joints</saufWeaveNigrine>
      </pappierMeantes>
      <silkieTuracouMissang midland="lingyMisuse334" triningRecaned="mediusAbeyWringed" mild="fowlingEarlish" sandustEbrictyRatals="gonofCousinyRevete">
        <swomMinar>charrsAsmalteAdrian</swomMinar>
      </silkieTuracouMissang>
      <arachin>
        <psiFathers>taxiticAchangoGating</psiFathers>
      </arachin>
      <yuk nibbyTwainTabued="clericJibhead" crapper="29" exsertWheyey="fascesMesas">
        <woofsQuackle>copeia</woofsQuackle>
      </yuk>
      <lamesEpacmeBooky>
        <comaConteckUxoris>intwistMembers84</comaConteckUxoris>
      </lamesEpacmeBooky>
    </tanquamSnawle>
  </lazyingOutfool>
</aflameWiltingDuntle>