<?xml version="1.0"?>
<bucketySandixDeciles>
  <anlageBuffi sitrepLeangle="dumkyChemist910">
    <decisis>
      <dryness>typical</dryness>
      <cangueGuinde editor="yoiGynecic" gurrySpateRanter="baldyEccl" hellos="torteauGunneryJowser28" alloquy="wackeGrison">
        <catvineSplines>91921</catvineSplines>
      </cangueGuinde>
      <dismals pullers="lactaseIran" immound="notemanGarth" heedily="galla156" veil="enwoodPaste">
        <pungarOyerRubaces>pekanAnimato3015</pungarOyerRubaces>
      </dismals>
      <ftnerrEddic>
        <dog>mulemanWanapum66</dog>
      </ftnerrEddic>
      <coulis traneenDehorns="emydsBenzilFucked">
        <meharisIndylBevies>somberLinwood302</meharisIndylBevies>
      </coulis>
      <channelGyrator>
        <miek>lumpingEnajim</miek>
      </channelGyrator>
    </decisis>
    <cashedProsect>
      <tabelBufidinHocker>warwork</tabelBufidinHocker>
    </cashedProsect>
    <bedpadAvoutrySeton>
      <twaYakked>ankaraEmbelia</twaYakked>
    </bedpadAvoutrySeton>
    <yashiroUnlivedAllo>
      <chuckerCopoutDurably>tanzeb6849</chuckerCopoutDurably>
      <careerDoe awanePribbleNervine="workyChun" lichtPontacqHelix="9363" illamonCupcake="iceworkLimbaBortzes" vistaCharity="halfaAirmenToolsy">
        <iatricStackedAuditor>aldm27</iatricStackedAuditor>
      </careerDoe>
      <obv fthmSnarly="sheughs" gosAlchem="drupalDissait" dietist="electee137" statuaNitterRigsmal="almuceSeftonRebused">
        <draftFalsie>roomthy</draftFalsie>
      </obv>
      <karmicWoolledDulias ananismSilts="awide" pertainAliso="40169464">
        <betiseChieveKeach>554807780</betiseChieveKeach>
      </karmicWoolledDulias>
      <sugentKoprinoCourts curieMesode="paleate" muscle="agouaraTherms" axillaAtternPlowmen="76">
        <pugetZogo>afrown</pugetZogo>
      </sugentKoprinoCourts>
      <bating hexagynEnemaHeyduck="boles" buggessFussing="761" aretePuinaviNoughty="zoarces">
        <gambesRamblaBurling>surnap</gambesRamblaBurling>
      </bating>
      <erasersBlatCarls antwise="633500" neyandaWriteeAmuck="mikaelCeroon" boatlyTrappy="errhineSandpitLengths81">
        <sauty>bam1</sauty>
      </erasersBlatCarls>
      <glusidWigglyVerset claspedSeeably="fibulaDcolletMangana" pangasi="gunnelEmpexaTucks" ethenic="rebent1721">
        <cellulePorcateReprise>reguliEdacity71</cellulePorcateReprise>
      </glusidWigglyVerset>
      <outyelp sordesNeedierReal="cliquy">
        <sylviidCithersJogging>pietas</sylviidCithersJogging>
      </outyelp>
      <towropeAlmurySottise purdahs="joyrode">
        <emeus>fyrdWhangedSooky</emeus>
      </towropeAlmurySottise>
      <fascis maths="892" brutes="linecutEncodedShereef" sithenTurning="6806304">
        <joroposEolianDamners>garbure80</joroposEolianDamners>
      </fascis>
      <uriaChenar unfoxy="onions" girningJettiesMinutes="24327043" precyst="acrobat" hamelia="callose">
        <sofaneHinduCcm>9510</sofaneHinduCcm>
      </uriaChenar>
      <fidgedUpborne gaolingRamed="hauseInvade">
        <laccaCodder>rajahBoyar</laccaCodder>
      </fidgedUpborne>
      <flamantTovahValeryl chawer="bams836" ouabaioKaingaNimbler="guiserDasheeMishmee656" handoff="quillerPlaced" flexile="ultras">
        <habaeraMeach>946247652</habaeraMeach>
      </flamantTovahValeryl>
      <apoiousFunnelPhotos malloyLagunes="closerRecoolClocher" speerArmeria="duosThrain70" kotowedElutorScrike="abbaye" minkopiSooty="troue">
        <btu>110313</btu>
      </apoiousFunnelPhotos>
      <ahimsaNovenas sterolsBesteer="nouElysiaSealess" pipingCelliteWitship="unguent" dunning="altinProvedSisal71">
        <firstly>feroxInsulse</firstly>
      </ahimsaNovenas>
    </yashiroUnlivedAllo>
    <sinjerProas>
      <gypsumsFaucetPorteno>navesAchapeCalumny</gypsumsFaucetPorteno>
    </sinjerProas>
    <wurzelsKoradjiDemits>
      <gatsby>3194359</gatsby>
    </wurzelsKoradjiDemits>
    <portalsChevre>
      <sinjer>kop3067</sinjer>
      <oathfulUpmixMirific palates="pluggyCosilyUraeus">
        <crumpsMarshy>asserveIdyll</crumpsMarshy>
      </oathfulUpmixMirific>
      <aport chaffsToyonMatured="charvet" tzetzesShapsDawks="floggerBlurts" rissomFogmanCaners="pussy862">
        <outtalk>3437749</outtalk>
      </aport>
      <mollieCyamusChasse>
        <fleechRowerCaviled>trammieSties</fleechRowerCaviled>
      </mollieCyamusChasse>
      <comteFirmedAssisi escapedShebang="kithDoppiaLammer">
        <ellaYillPanctia>maormorShivCarps</ellaYillPanctia>
      </comteFirmedAssisi>
      <titiansFrosts pilePorkeryAnura="umteenBirkie" museistDefamerTwilly="waded" latherCahowsParilia="lifefulAwhirFarcin" nimiety="yojanWabber199">
        <rethawSnackedRefit>laddersAvery</rethawSnackedRefit>
      </titiansFrosts>
      <brusherEnvious apprendPaal="imposerKadaya" gryllos="proctorAuntieShowy">
        <resworePittite>netterFoxAftmost</resworePittite>
      </brusherEnvious>
      <thatllGpd enrayAuncelPinyons="fondlerBriarsSoverty" idylizeLingelFirearm="fregataSlalomsPuntout">
        <windingBrothsRepays>6587</windingBrothsRepays>
      </thatllGpd>
    </portalsChevre>
    <sensionBedcaseRetack khirkahBird="easting">
      <soodleHennery>58853</soodleHennery>
      <acorn>
        <pavinPardeForgab>exitus3870</pavinPardeForgab>
      </acorn>
      <obviate gracesAssure="rayasByres234" sneesh="83121265">
        <toluylYamalkaRowt>flanker</toluylYamalkaRowt>
      </obviate>
      <tinglyBusyconIndiary>
        <yells>826</yells>
      </tinglyBusyconIndiary>
      <ridgier>
        <saidiReveryWandery>pyrites</saidiReveryWandery>
      </ridgier>
      <fristOverset larumsTwyerSemicup="thurt" neuterMogote="denguesUnwindSigmate">
        <shovedPuca>wifish</shovedPuca>
      </fristOverset>
      <dilator snarlDriftedMoped="overcapKvint" povertyAneled="6" susieGradingGrizzel="avikomSwanTedesco" catersCohensRecept="sketchy">
        <sabreCasulaGravida>martletBijouThine</sabreCasulaGravida>
      </dilator>
      <fanleafHilumEnfire bichos="148228">
        <tecon>glaconUnroast</tecon>
      </fanleafHilumEnfire>
      <faith deevey="53089" agroteVersine="sleds">
        <dirks>sweepupBaryte3</dirks>
      </faith>
      <paprica raffMaggie="1" dullsFeta="anlage">
        <velaryPreedit>yominRoped</velaryPreedit>
      </paprica>
      <hasselBritish musesBurse="bejeled">
        <tautedMewlersPhizes>blurbsPolymnyDrumlin</tautedMewlersPhizes>
      </hasselBritish>
      <caliph backwayRedos="697993" barkey="17665" gooierMunnionDryad="castice" turves="apaUsaronIranism">
        <artly>lache</artly>
      </caliph>
      <seisorsRha lawrie="wogietGloater554" pledgorCabio="workyNip6" yabbersRigors="withed" grumpy="turbanGenepiUnpin">
        <viresCabinda>dubsPaisas740</viresCabinda>
      </seisorsRha>
      <tachist chowsJimmied="861284731" slatyBritany="cauqui">
        <weavesIllthVitular>98239</weavesIllthVitular>
      </tachist>
      <tracy cleans="sulkierAirbagSent" gammerBonjour="lucidaRestage" gipSilken="menise4682">
        <turkish>woolenSerenoTurbots2460</turkish>
      </tracy>
      <nicobarSharkiTantle rajasicWaggon="ihlatVulgo4725" khepeshCneorumPlangor="tonicalToeingAuspicy">
        <unicedLemuel>coroneJeames</unicedLemuel>
      </nicobarSharkiTantle>
      <potageTracers astondScornerObsede="bothies" luggageAnat="hatches90" sowlikeCalcinoUnadopt="vitriolKowtow63" agatha="galluotTrassRompish">
        <fluffed>5893745</fluffed>
      </potageTracers>
      <suscite hafnium="fycesStressPhlox" mustelaDatumBudh="ouverteEarbashLupeol" ttyThorn="slungClewCoral">
        <signors>ijoBaga</signors>
      </suscite>
      <baiera debadgeChirre="9036683" entomic="panicalSneds579">
        <uniquerMontureBiod>84009</uniquerMontureBiod>
      </baiera>
    </sensionBedcaseRetack>
    <dogholeEphahs>
      <sledder>weddersThornenSerum768</sledder>
      <cogitosGemelSmirtle brightsSqudgySnoopy="97192" geatStarw="anightIrater4">
        <highboyKobTorcel>comradeDayroom</highboyKobTorcel>
      </cogitosGemelSmirtle>
      <sitellaFossula>
        <threnosTweeshtRestrap>creoles</threnosTweeshtRestrap>
      </sitellaFossula>
      <hangupShilly fablerWoofers="mewlWoundedShortie" orangy="waeness">
        <warmenColonus>buatDoodleNaether</warmenColonus>
      </hangupShilly>
      <fistuleByssoidSenones uptearsNahum="sridharGrutchCozing18" frereHemalUnmate="agacant" shooteeAllylicDikage="fellowsDrugged" bluefinLarding="quorumsHaulmy">
        <ressautLyas>educesBahaySnuzzle</ressautLyas>
      </fistuleByssoidSenones>
      <desugarSpots muhlies="outswumGutsierGiber">
        <drunksBungfu>prelectClinic</drunksBungfu>
      </desugarSpots>
      <dighterAoudad>
        <pintYellCanuck>ciboryEmboly</pintYellCanuck>
      </dighterAoudad>
    </dogholeEphahs>
    <oakletMorwongHipe>
      <blinker>unsteckDuco</blinker>
    </oakletMorwongHipe>
    <cosmine>
      <spoutEntrike>obeTokamak4585</spoutEntrike>
      <arseCottonyBotonn>
        <farmed>176</farmed>
      </arseCottonyBotonn>
      <odicAddles burghsCajang="cadsSuccube" gigolosZamarro="bewreckAmelus8" outhearUnloyal="98792039" abatageBeshout="isaiah32">
        <quintetArabian>limnersWashoutTabule</quintetArabian>
      </odicAddles>
      <amisMonismsAiding>
        <tayassuZimocca>tawieAmbit</tayassuZimocca>
      </amisMonismsAiding>
      <haverelAvery volvox="barra">
        <renner>albianElleckSpunch</renner>
      </haverelAvery>
      <ullagesGirellaOkra holks="doojaTalarUnshorn" czarinaDasturi="coptVimana8" amoret="midspanDecreed" gardon="joyletUratomaBulgy">
        <doughTriflet>78030999</doughTriflet>
      </ullagesGirellaOkra>
      <tub gambs="batatasBlue" bulledLoselry="fronde" mahsirWitting="nonstop">
        <joy>synedraSnirl</joy>
      </tub>
      <tummyImpresaHardish hernial="chirata" bluedPoons="1905569">
        <bunyahGonRowdies>jerezTabellaRefence</bunyahGonRowdies>
      </tummyImpresaHardish>
      <mete>
        <guppies>cestodaDuan</guppies>
      </mete>
      <givesRegirdRoggle sabraForceSoluble="gazelleTinily" poscaDruidryDensity="badrans">
        <coatersTum>illuded102</coatersTum>
      </givesRegirdRoggle>
      <trotylMurreChiot jalapUndullAffirm="twitted" kadagaNifleKala="amirGuyline">
        <parusHaulms>392396</parusHaulms>
      </trotylMurreChiot>
      <chattyBefumeKlaus toeless="gorbetZithersCicely" permiss="plock">
        <ctenoidArgues>pappainRamseyApyrene87</ctenoidArgues>
      </chattyBefumeKlaus>
      <eileenPedler undight="ellsPoplinsIndene" welsOrcs="titlarkAdalatDemon" balli="adagyConsyDaphnia">
        <sallyShyishSaccage>sheyleLurefulPurfles</sallyShyishSaccage>
      </eileenPedler>
      <scabiaArharKashga assate="betrend" tragalHaesWistit="iambize">
        <ebbEnsate>uppersCaserns</ebbEnsate>
      </scabiaArharKashga>
    </cosmine>
    <quiverAtropin>
      <winklot>60051315</winklot>
      <arianaVillous>
        <subtype>empairMachsShirred</subtype>
      </arianaVillous>
      <unthaw zoistCodlins="inhibit">
        <meatWjc>tiffed</meatWjc>
      </unthaw>
      <caffre unkedBrakes="abendOenolin" satyrsRidgyBlenk="unshot" drohLaksa="labrusCouril">
        <choltryChafers>7</choltryChafers>
      </caffre>
      <digmeat enodalPolabWeren="bogyman" sottieNovaHasps="932" ringer="choreasCurtanaMoolum" dellaEileenGarbell="skitterCrusileGlare395">
        <purimImpairTamonea>hectarDepsid</purimImpairTamonea>
      </digmeat>
      <fjeld restiadMormyrJoltier="garehGawky" boobiesPockety="4" stoning="9463952" monauli="sudsier">
        <codicilNonpoetRheumed>uiguricHandier</codicilNonpoetRheumed>
      </fjeld>
      <poralOutsung levaJnanasSharers="endivesSheardTramful7" brulotsMullets="7">
        <cowdieUpboilsRacoons>amisDippers5517</cowdieUpboilsRacoons>
      </poralOutsung>
      <chainesWadis ruaPeloricWry="pingeWharl" maidensFirkBigamic="warlingOvers" teeming="epilobe">
        <paucityEpimythTasset>tumainAbetTwyver</paucityEpimythTasset>
      </chainesWadis>
      <fnameMojo pigginsEmpexa="thenar">
        <moujiksTroopedEgalite>wummanCarolanToadery799</moujiksTroopedEgalite>
      </fnameMojo>
      <noires vetchBrazes="lucksMarrube4" dudleyaSniffs="allyouEstops" apicadRatiosSeelful="amsathUnably" grawls="echoeyChopsSponson">
        <uteroDisced>broodyVealSwithly</uteroDisced>
      </noires>
      <rerentCycl gausses="cavate" whuffle="99010655" primos="quasiUnbruteJeepney" murlin="tetelVaporTurkis">
        <scottieDeviserBrere>midgeUralianPyrene</scottieDeviserBrere>
      </rerentCycl>
      <chicot elevate="wiggleLoedGeeing" guignolOptablyJelske="hadiths" nomic="awmousKuttaurOndine">
        <juftsWryWaxiest>trochidPlazaAudios6</juftsWryWaxiest>
      </chicot>
    </quiverAtropin>
    <dodonaTootledGyrosyn>
      <zaqqum>tji</zaqqum>
    </dodonaTootledGyrosyn>
    <outaddsYad piffled="burtLogriaFecal" compageVaster="chimarSkyless">
      <seimasMisgrowCarica>webfedLall8</seimasMisgrowCarica>
      <oafishCandors>
        <willerApart>unn</willerApart>
      </oafishCandors>
      <preknit mikraTaurineSomatic="woozyMarageAttrib" sinapisRept="geneBegorahToils" bellite="curacy" yahoos="mislit8360">
        <tcawiRuggyFillet>balcon</tcawiRuggyFillet>
      </preknit>
      <abientFiccheShafted sumosPeltate="forebyBohemia" parisonQuislePeppers="een">
        <lambyBoortAppress>acknewObolosTaiaha</lambyBoortAppress>
      </abientFiccheShafted>
      <tubfulGessoesEncadre>
        <patagon>feute</patagon>
      </tubfulGessoesEncadre>
      <beamfulMatral sopperBrowet="wongAvertedSylphs" geomyidOscWhirrey="oarweedShaves9912" ginnel="daidlyMuscats8114" droves="gyte">
        <phoraKickBombs>vagiUcheeSiberic</phoraKickBombs>
      </beamfulMatral>
      <piotrEmporiaSubfusc codal="fable" legletLichee="foragedAcidoidPolilla">
        <aramuKerch>dupleHexerisKolhoz</aramuKerch>
      </piotrEmporiaSubfusc>
      <trysterSintersStactes idylistAuguste="1">
        <agogeWizenSnipy>35744767</agogeWizenSnipy>
      </trysterSintersStactes>
      <dripper>
        <amper>dubioLeoneCopen</amper>
      </dripper>
      <turpGuzzledVictus sechCadgilyMislie="peruleBurley" sesamolAlumin="chimere" wolvishPigless="seasonsSingpho9442">
        <ratiosInfix>peyoteHanafi1</ratiosInfix>
      </turpGuzzledVictus>
      <nogged seriola="scullerHymenal" descry="cuiejo" kraversThouse="fraela">
        <sensuBovey>hydroid</sensuBovey>
      </nogged>
    </outaddsYad>
    <nongTuaCanel>
      <coalyPinko>321605257</coalyPinko>
    </nongTuaCanel>
    <unwiredZeidae jefe="ketty" husker="503232" escoba="174227435" theoEurope="sillilyDupePro">
      <poalesFondest>reawardLobosaNaturae</poalesFondest>
      <conterThobLungers>
        <ascettaEmdaNebalia>polletGnats</ascettaEmdaNebalia>
      </conterThobLungers>
      <sitellaAngulus dinmontOriel="6985432">
        <fusoidNiataActual>cammockPimas29</fusoidNiataActual>
      </sitellaAngulus>
      <turmitAmminoSlags piltockXiiiFooty="nasallyWoolsawPaniolo" annusYegg="21650498" hungers="earfulsMayaca">
        <nabuJuncLekanai>outtaskUnwoof</nabuJuncLekanai>
      </turmitAmminoSlags>
      <oxeateTrousse plages="araneidDandifyLuther">
        <hermaBruchid>88943926</hermaBruchid>
      </oxeateTrousse>
      <deltas brioNappers="glossicShores" cabindaOutgoesWauls="hazardsErgateTemper" sniesTuchis="capreol203">
        <wryneckSkepsis>hamulusWharpNonnant</wryneckSkepsis>
      </deltas>
      <otarianPrendre>
        <leansManidaeDimps>orrices</leansManidaeDimps>
      </otarianPrendre>
      <washyZayatRefait galchicScamped="hessian307" walliseConflow="mauri209" flea="marring">
        <canionsVaulty>archest</canionsVaulty>
      </washyZayatRefait>
      <flyballLitasTaled>
        <piaffeFacial>70006</piaffeFacial>
      </flyballLitasTaled>
      <passadeCombsEscribe>
        <laminaeJebusAbaka>ringedFactoryVarahan</laminaeJebusAbaka>
      </passadeCombsEscribe>
      <glickPatagon pac="quinLyrics">
        <tiangTaxing>frosterVulgars871</tiangTaxing>
      </glickPatagon>
      <elkanahParts girnie="34013029">
        <trammonErodent>pimple</trammonErodent>
      </elkanahParts>
      <amphoreKarthli crubGroins="2273" youngsEnlacedAlces="behnHamital" navelsDringleKabakas="kalifsLaciestByroad">
        <maytheLammingCarolan>25370</maytheLammingCarolan>
      </amphoreKarthli>
      <cosshenImprevuTorched cate="scagliaGarrot" nothous="coverImbu" mopper="actsPaisley">
        <kedgyFusht>9755033</kedgyFusht>
      </cosshenImprevuTorched>
      <cesar>
        <agleyEctypal>ileuses</agleyEctypal>
      </cesar>
    </unwiredZeidae>
    <stylusBossedBriquet styedNewfish="jobsGangava39" irenicaTowmastTopoi="logans" waister="cocksOdinist">
      <adorersBarpostKartvel>quedful</adorersBarpostKartvel>
      <facias>
        <mgalSlock>5608713</mgalSlock>
      </facias>
      <coelineRefeltLancers shoer="barmsOleoseLowsest" sesquih="257343586">
        <tryoutsDoerBarmkin>tyned</tryoutsDoerBarmkin>
      </coelineRefeltLancers>
      <rosaria>
        <vetchesRouille>gorhensBugara</vetchesRouille>
      </rosaria>
      <bawledUndaredAbohms>
        <knoxRowlockYetapa>booklet</knoxRowlockYetapa>
      </bawledUndaredAbohms>
      <brutterTansyAughts lick="gawsieSchlepp628" doblasDooliesRedoxes="facetKabBehowls">
        <coqueHutungFlipper>alodiaBroomer656</coqueHutungFlipper>
      </brutterTansyAughts>
      <papayasTaunt>
        <pupuloGlyph>demob</pupuloGlyph>
      </papayasTaunt>
      <carteIoniser aucubasAwatSib="ankush">
        <espiedMementoPuking>sulkaEggmentTrones</espiedMementoPuking>
      </carteIoniser>
      <hospitaBedsGawkers papern="gynecia">
        <verbs>63</verbs>
      </hospitaBedsGawkers>
      <nuncleUnravelRyot pyrrylKelk="mulkScrapyAmadous" posesYogasClogwyn="fuchsia7911" flamen="redearsAudio" gapperi="imprestClasp">
        <silvaeSummaryClonk>52803735</silvaeSummaryClonk>
      </nuncleUnravelRyot>
      <pibgorn hooshZooming="befleckReacher5" almaCowk="718">
        <marwerUncubicOnerose>coziestJessur</marwerUncubicOnerose>
      </pibgorn>
      <lolium mikiErepsinAgings="ebbingAlaternTrist" carlessBrainy="rezone">
        <dawtieHamousBuyout>seeming</dawtieHamousBuyout>
      </lolium>
      <bandeauOsesUnseen>
        <matronsTarponsUnmuted>blypes</matronsTarponsUnmuted>
      </bandeauOsesUnseen>
      <smutter vigilPomUsnic="humousRugoseEnures9512" heavensUpby="cordialWiggingApiin" swooshLanguetOwd="3" stromaReflet="47769">
        <egestsThemerGawked>augendEroticSkeeing</egestsThemerGawked>
      </smutter>
      <resumeDull slewth="laker" dikshaLioncedShaduf="42" feroceRuiner="dibasic" johnnyScalds="europe">
        <slackenPteryla>hippaBedkeyAnatox</slackenPteryla>
      </resumeDull>
      <batlet mossyTora="91422" conchaGirdsHeitiki="lituiteNeared">
        <unhoaryBefleck>erinAndroidRaninae</unhoaryBefleck>
      </batlet>
      <libate roo="3" deguSackmanSutras="panion" townlyRockatKoppas="guttery42" freijo="savinesCodeina">
        <arrie>pursive</arrie>
      </libate>
      <eidos pectins="samenLorn">
        <unstops>131634</unstops>
      </eidos>
    </stylusBossedBriquet>
    <aimlessArgyria>
      <nachPinboneSissone>holloasIndigoJejune</nachPinboneSissone>
      <unthick factualTeraPeppery="stickumVeepeeJettru4">
        <meniverWhinnerMensa>2095489</meniverWhinnerMensa>
      </unthick>
      <limniad skevish="111" runesMirdha="volsciUvrou">
        <cymolKoriCachou>remijiaThorny</cymolKoriCachou>
      </limniad>
      <reperksDocetae currans="henbitByth8618" dogheadMazdaPisa="espinelAuntsUtilise" undoseFontfulCorker="frenneHodden" iodates="andorNorate99">
        <freightPatter>befileHoganTerzina</freightPatter>
      </reperksDocetae>
      <postersOxysomeFinials hist="vellAhead">
        <mohaMonericCommend>clootieRotellaGabbers</mohaMonericCommend>
      </postersOxysomeFinials>
      <mandalaExude rollsTasu="filago" ohmagePeacod="wizenedRerope">
        <napeOuanga>tickler</napeOuanga>
      </mandalaExude>
      <pipitBeprideAvar>
        <beanieNots>mutt</beanieNots>
      </pipitBeprideAvar>
      <spheneFates caitif="22229" birsitFoyersGyassa="amulaOracleKins" gazersPair="skatol" hairof="dexies">
        <twister>bibbledIleusesBromise</twister>
      </spheneFates>
      <redcapGreund blamsEndowedReclasp="forepaw" sapidSpudded="torilis" lockerMusics="hopsageRudloff" coenobyUnslotRobert="forbyeUnrove4095">
        <punese>briber</punese>
      </redcapGreund>
      <sedangJufferFavored>
        <whampCornett>pardoPastoseMouses</whampCornett>
      </sedangJufferFavored>
      <rhizopiOutcry grate="prowedSurgesVivary" stubble="beseemsPadrinoThionyl" mesicKimonosMuggish="tartaryGrumiumShovers">
        <candilGuatoWaver>backjawPropsGeeing</candilGuatoWaver>
      </rhizopiOutcry>
      <neckfulTarget salpidDourahUprose="outcropSnivy">
        <jurane>918165</jurane>
      </neckfulTarget>
      <rumshopPortent zati="2075">
        <rad>38</rad>
      </rumshopPortent>
    </aimlessArgyria>
    <trevetTenDomina>
      <unrareTasu>nitreDicots893</unrareTasu>
    </trevetTenDomina>
  </anlageBuffi>
  <mollandSplicer pinholdAmirayDivots="96470270" />
  <culverLetups salpsSociolYarly="decreesGois" feagueSuccessCougher="jinsing" outplot="eeleryNuclear19">
    <snuckBeloveMorse cacciaSorbus="nullusSieRusa" bldgGenteelStairy="gobbing" shradd="hottestGrittyOutweep" motoric="unmoralMontuTrophis61" gusainWordish="tacca3" amzel="hermele">
      <suttenWinchEnodate>pompoms8</suttenWinchEnodate>
    </snuckBeloveMorse>
    <opinersDreesAcidize>
      <fridila>lauroylApplaud</fridila>
    </opinersDreesAcidize>
    <yahBiplaneColure>
      <bervieAshoreFordam>spirateWharUppuff</bervieAshoreFordam>
    </yahBiplaneColure>
    <aleppoSwageIlkane>
      <mazes>9</mazes>
      <veenaSwimmerWobbles putidlyNijholtRiddam="2986921" spartSalugi="18934" garbled="optingFigural" laconicMyceles="rearmsTsetses">
        <ayre>bagwigsRainesDemulce</ayre>
      </veenaSwimmerWobbles>
      <meaul pilula="7" miljeeTaperly="4318516" tottie="scuts">
        <grozetDipole>roupsHuedHajjis</grozetDipole>
      </meaul>
    </aleppoSwageIlkane>
    <stemonaExodus>
      <zitiPodarge>wigged</zitiPodarge>
      <biogenGiardiaFloreal votersStromal="surwanOsmiums">
        <ophic>77703915</ophic>
      </biogenGiardiaFloreal>
      <lunesVac>
        <thripidAlegarDalapon>foxskinMitoses</thripidAlegarDalapon>
      </lunesVac>
      <thighsEarfulsCaltrop>
        <carannaTacitScivvy>cullenGistEppes</carannaTacitScivvy>
      </thighsEarfulsCaltrop>
      <swarmedDawcockDog>
        <kethib>banagosNeglectXyloid2</kethib>
      </swarmedDawcockDog>
      <offpay stibic="pliss" paunchyTiti="impenSlumgumJogged" quillaiPrevoid="shroverOstia" punto="straik">
        <howitzAbiosesFenny>403624996</howitzAbiosesFenny>
      </offpay>
      <cloursGrungyAbode deboner="809" bannersDownlieSamkara="kakaLogan3003">
        <tinlikeScraily>meilerCabbiesOmao</tinlikeScraily>
      </cloursGrungyAbode>
      <dreadlyCimeliaSunyie bilge="camises" skeat="acted3744">
        <brattyAcctSetulae>aeronHollaed</brattyAcctSetulae>
      </dreadlyCimeliaSunyie>
      <nunksSpawlerBlurb quartsSewinPampre="cotulaTarots" chiller="unswornMisput" mojarraFlingsStaker="72">
        <laskingTushyStrand>3881</laskingTushyStrand>
      </nunksSpawlerBlurb>
      <adorsedUnableHoodcap triacidUnlumpy="unflead" nehruPaper="trollWarveElytral">
        <traneauSafarisRara>neatlyBlintzKeglers7617</traneauSafarisRara>
      </adorsedUnableHoodcap>
    </stemonaExodus>
    <macheraHarkPadella>
      <rebob>faireStelaeDetruck</rebob>
    </macheraHarkPadella>
    <aboardBrughDopy jibbs="goggles" fareFrisure="pottagyNudateTaenite" horsyThroes="ensear">
      <noumea>kaverSibredeChumawi8709</noumea>
    </aboardBrughDopy>
    <phylumBarosma>
      <islSplents>zestedGrunion</islSplents>
    </phylumBarosma>
    <rotate chengalEspave="pneumBohorokNavar">
      <ionones>721776</ionones>
      <hackerySnakier>
        <shutKnivesJarmo>pebbleChasten</shutKnivesJarmo>
      </hackerySnakier>
      <likelyRalleryTashie secundaSarinsRident="laurelWaryApogon" pesahIngenu="numidaeRaining2539" sewsterNeetGapped="872">
        <rupiah>illustPueblo</rupiah>
      </likelyRalleryTashie>
      <cumhalBullae osmosesSistent="orderedSupremo">
        <drawly>scornNurses</drawly>
      </cumhalBullae>
      <jilter ambierGliosisCubans="sashSundog" rouleau="dineroMoppersTimaeus952">
        <dadas>cradled</dadas>
      </jilter>
    </rotate>
    <drecheDustour>
      <misima>wanhapSuprBigly</misima>
    </drecheDustour>
    <modally>
      <bharataScrapedScrawl>jobmenSaphie</bharataScrapedScrawl>
      <crim leukomaRustedCered="brackAeneanFilly">
        <barconeSetlingMaliki>54</barconeSetlingMaliki>
      </crim>
      <muster nogClintMatapi="thackerDropmanHirples487">
        <bucculaPlafond>barger</bucculaPlafond>
      </muster>
      <chalonUppedSlob curablyQuipful="766266" corban="diacope" chkalikHamular="47" peewitWickDrouk="4">
        <uretalBisexed>20309352</uretalBisexed>
      </chalonUppedSlob>
      <removedOuyezd>
        <airportPerkinJark>ladnerYuck</airportPerkinJark>
      </removedOuyezd>
      <cavishPeedMolpe toteryMoran="236" hiringsLoculed="yardage">
        <rotator>fortYealing</rotator>
      </cavishPeedMolpe>
    </modally>
    <familicFlybackLately outpollGadesDiviner="857851759" hospiceIdlebyChaga="kalaDragbar" outhunt="chack" herbert="alumins">
      <yowedSnecks>uvular</yowedSnecks>
      <aurealDotless chili="talayot">
        <selsyn>94151359</selsyn>
      </aurealDotless>
      <spaverVelated>
        <diplopy>kodkodHankedTopsmen</diplopy>
      </spaverVelated>
      <palmicGonnaDaulias maravi="spiel" oddestPaniInserve="murlinFilmishBetises">
        <imburseHums>apulian541</imburseHums>
      </palmicGonnaDaulias>
    </familicFlybackLately>
    <raport>
      <oilwaysNicetyFacund>choisyaGraversMobilia846</oilwaysNicetyFacund>
      <medleWaviata>
        <tobiah>rossiteEvolveDyce</tobiah>
      </medleWaviata>
      <teindsCleansHamza>
        <bunnsMolkaGelong>167</bunnsMolkaGelong>
      </teindsCleansHamza>
      <jobadeDanglesJeweled>
        <rubierLagsFrighty>unwhiptGhan</rubierLagsFrighty>
      </jobadeDanglesJeweled>
    </raport>
    <hullersCopulaFasels languidVarlets="besraWackily" lumpyOregon="trifleDanais">
      <kwatumaDurum>wangaHipmiInblown</kwatumaDurum>
      <cheetie rumicin="rereadAvowterAlefs">
        <zeedAlludeSnaith>woldesWantwitBunga</zeedAlludeSnaith>
      </cheetie>
      <favellaPintles fovillaEntryRankett="spyrosAnglianDadu" bittierAsbolan="messrs" bootfulPizazzLoa="avisosTealery" smittleYoop="surely6">
        <lebhaftVowelsPassman>muddled</lebhaftVowelsPassman>
      </favellaPintles>
      <endives formful="668314717" chipDraffRipoff="volumen11" borageBlather="yoldenRoseineUnclew210" playoffExpdt="21097456">
        <rinsGervao>253357609</rinsGervao>
      </endives>
      <staiver>
        <negatesAccused>wimbles</negatesAccused>
      </staiver>
      <claresOpaques>
        <decoatChimneyAguamas>cuitled</decoatChimneyAguamas>
      </claresOpaques>
      <quawSwishesOsteoid acmaticHaeingUpleap="fossuleFileSanger38" glossalUnthrobPrf="24" phrasy="winnle">
        <swooperGlaire>sir</swooperGlaire>
      </quawSwishesOsteoid>
      <harlockPigmew pipiriOchered="kale" veseFilerParures="blebsEmbowl" outviedGudget="outgaveAperseeBewhite">
        <intruseTiroRepiner>225111</intruseTiroRepiner>
      </harlockPigmew>
      <xyloses nodated="bombaxPartial863" warlordAspic="stealsGaatchAerated" sorbianTauridGymslip="tiltedAlumina">
        <breiBashesKusa>sitrepSekaneEdessan8025</breiBashesKusa>
      </xyloses>
      <fucused mutatesTampalaHamsa="651314993">
        <deaferBagnios>piperno</deaferBagnios>
      </fucused>
      <saggingBeatrix>
        <leonoraMarconi>sorb</leonoraMarconi>
      </saggingBeatrix>
      <satFise>
        <solventSidlinsBrigous>mufflesShewedAutoman</solventSidlinsBrigous>
      </satFise>
      <limmersMainsTramell asa="vouchorIratePun" unweldMurrasLyraid="7972747" bourdisElsa="20192">
        <unboundFrancasSized>phocine</unboundFrancasSized>
      </limmersMainsTramell>
      <indart cacurPistilsArmeria="endowerWasterFingery">
        <unvainDantaCutback>4527</unvainDantaCutback>
      </indart>
      <rumpy souredWashoan="7070" cordateThumbyMimers="rilawaOutwake">
        <dibasicPhineasBinghi>eluviumHyphema</dibasicPhineasBinghi>
      </rumpy>
    </hullersCopulaFasels>
    <gamier lucern="tai7" rhombiHornlet="mannersSpumes" sitiFalls="104371" dukeryCalappa="agencyMazilyWhilk" nitrideStancesInkles="sellingCurrier" jobbetTrigo="kays">
      <leisterGhouls>artfulScranch</leisterGhouls>
      <gerahsGlint quashee="piningsArenous" jarveyPorkolt="deval">
        <uptubeBurgout>goalieHightedCarse</uptubeBurgout>
      </gerahsGlint>
      <vitricsTomines pickeer="strops" cyansMangeaoDreint="coosersShaveryGameful3110">
        <smudgesPossy>saddenLobcokt</smudgesPossy>
      </vitricsTomines>
      <currackNaphtho tensoMarlerSean="iud" pionsIndabas="pungleLaxBefog">
        <moles>347</moles>
      </currackNaphtho>
      <sneller ripsawSilicas="2410407" droll="patinedDisgoodAbbot" stinko="wofullyMentorsEnoint" bridelyFrocks="dawishEpidote">
        <fitweedEcbaticHurleys>dallanGpmPrince</fitweedEcbaticHurleys>
      </sneller>
      <grumeShroudyAloesol>
        <mogganWhipperCarpers>outbookParsley459</mogganWhipperCarpers>
      </grumeShroudyAloesol>
      <tomato bekiss="jefeDebitorToze" jokulNarcos="5046517" lydditeFoysDovey="batuque">
        <hayey>waxwing</hayey>
      </tomato>
      <hummerTalkee plonkoGestateAccrete="235106" trapeze="tengereBuretSummits323">
        <mazucaOutmodeBeaners>racierDauliasBlayne8146</mazucaOutmodeBeaners>
      </hummerTalkee>
      <warnel>
        <shapedBiblessAbsorb>bursesFrorenUncream</shapedBiblessAbsorb>
      </warnel>
      <imban wordilyCrampy="dryishGabs" vauntsFesels="326" centerKeleh="awrongTittlerMignons" pinnerLeafier="walingSaipVolvuli">
        <amercedBorneoBywoner>522897</amercedBorneoBywoner>
      </imban>
      <yamanaiWarishInurn shannyTideful="harvestLapon" decibelLekanaiReissue="unfrail">
        <vrouw>acton</vrouw>
      </yamanaiWarishInurn>
      <budders trokedEmbayYochel="petted4411">
        <terminUppererBudgy>burrier</terminUppererBudgy>
      </budders>
      <prodigyPeppers padesoySimsGaulish="decanolMilliad">
        <lyssasCize>2</lyssasCize>
      </prodigyPeppers>
      <lilesMirkilyAvowry urnae="outredeSolfaLoculi">
        <meshyRecluse>chernaPerche</meshyRecluse>
      </lilesMirkilyAvowry>
    </gamier>
  </culverLetups>
  <anxiousTremolo />
  <rhemaBowsman snigged="corixaTraves" stendRunnel="cerosTall">
    <ophic>
      <peckyJapes>cropsViably</peckyJapes>
    </ophic>
    <mecate menthe="pyrotic" sarinZed="camassSeesee1" tsadis="smile" agapeBywoner="conchieAngster" flavoSwick="dretch">
      <gracileOrpheonChecked>classySevenVapours</gracileOrpheonChecked>
      <tooartDotagesAccept gulfingBracciaManzas="50824" reposalPasser="344" edenizeInsweptGlades="neumeIsotria9" bebayShachly="jewbush">
        <eugenieFoliageEyrie>cocuiza356</eugenieFoliageEyrie>
      </tooartDotagesAccept>
      <incest sistraBoreenSyrup="adeliaVaras" bafflesTermlyLupis="decency" sproil="flapsLinous">
        <knifedLysin>moodier</knifedLysin>
      </incest>
      <tnpk misfondGodheadParrot="landauSwarferDessous">
        <draviteOlogiesAlopeke>stammer</draviteOlogiesAlopeke>
      </tnpk>
      <lupe arborBilaan="naologyPrinky" ogdoasWrenletWisdoms="frontal" horouta="12849585" sutras="granage">
        <standi>buffiRediasFacade</standi>
      </lupe>
      <bluecupSkirled>
        <lumpedPommies>flooredLycium</lumpedPommies>
      </bluecupSkirled>
      <aspicsSightenVined birlesResumed="49268" ramies="deslime7569">
        <spidgerSequent>phu</spidgerSequent>
      </aspicsSightenVined>
      <indraft shewn="anilla" trotolCoontah="6">
        <aflare>wagwagAthyris</aflare>
      </indraft>
      <grype brissesBluetopFinales="tussalForst" duties="cubicle259">
        <edoniNap>331421</edoniNap>
      </grype>
      <marasCatchy lickingGarumYeoman="limplyFlectorWhaup" unhiredLaglastArriver="cepheus" carpiFlorin="foulest" ditchFerret="neeborWhiffer">
        <midmorn>nutmeatYomer</midmorn>
      </marasCatchy>
      <ecphovaVivdaPriorly fauvismDerive="uptore" mullenDecusShunt="servet276">
        <oddsGreeney>jobmenMumpPedicab7</oddsGreeney>
      </ecphovaVivdaPriorly>
      <refreidBattierRic bullaRamistCasabas="lowdah" nidana="764083" bezazzHalavah="pitylusYuruna">
        <foldedJettyRequeen>mahoriCleg</foldedJettyRequeen>
      </refreidBattierRic>
      <bluely lieutMidmostEpisome="fediaGinglmiTruffe">
        <crevisAllody>moineauEgoists</crevisAllody>
      </bluely>
    </mecate>
    <snivels crenate="iodinesLupidSquirts" damnerItoland="artwareScaurie">
      <shooImprime>crutterUncope</shooImprime>
    </snivels>
    <disna>
      <atomizeLaridaeGunzian>crissYezdiScrag5</atomizeLaridaeGunzian>
    </disna>
  </rhemaBowsman>
  <cowerer veeryVidenda="acoupLetrist" />
  <pork />
  <haglinInfimum basanThorias="amimide">
    <dopiest>
      <holmicOutleanMusers>lubberGucksStoring</holmicOutleanMusers>
    </dopiest>
    <fainest corniceAtlasConoy="coatedDireWhulter5" semoted="haabChortenSupine" arpentsAbedMisdrew="auhuhu" toggledRazers="writee221">
      <harelip>skiversPealedPretell</harelip>
      <bunniaFoursMatch checkyUnidealTeutons="topside" pinyonsUleBeavers="endshipBerstel7" tarocs="typos" terns="huluDiety">
        <geminid>cuifs67</geminid>
      </bunniaFoursMatch>
      <toftman nailMincesBallots="shadkanDemotBaaskap" broaderPipetteBoard="throngsMandyiYapper" ebenUnpoled="ostler" muscowOutgoNoxious="kismat">
        <prakashJoyedKirsten>386745174</prakashJoyedKirsten>
      </toftman>
      <holiestShluh housersTargedSeba="immune" jamboyFaginClava="purine62" casabaDolman="ouabe">
        <wallie>taoyin3748</wallie>
      </holiestShluh>
      <posiedSclaffsCachina>
        <heedsOundyPedicle>dabbyNovillo</heedsOundyPedicle>
      </posiedSclaffsCachina>
      <syconesActuoseTekken lesterJabAucan="843976029" biblusCouchGena="tercetOctopusMurras" decence="77553" iodizesDivide="cabotinPetrea">
        <escrow>mesarch</escrow>
      </syconesActuoseTekken>
      <tonjon>
        <legato>giansarRcpt</legato>
      </tonjon>
      <boxbush immewRombos="warabi" thegns="7673188" dalteenPalank="acaraEthanol">
        <hugelyCurvalRytina>hatboxSulabaPensum</hugelyCurvalRytina>
      </boxbush>
      <swervesDirgy shilyBldg="gussieOvately8472">
        <professOffcome>chirker</professOffcome>
      </swervesDirgy>
      <sotho agamaEddy="toastChebecsDiner92" imbarksDeporteMara="chic" gainers="dinitroBywardCashbox">
        <marplot>dautiesBruyere</marplot>
      </sotho>
      <resailHautboyHeuchs broon="lowth" yacksStatary="fiard" solutio="shirrel" reshewTerveeMisrule="puttiePrudery">
        <scorersEmunct>dingsAddersTeind912</scorersEmunct>
      </resailHautboyHeuchs>
      <logsSnowl>
        <euryale>bedlessHealPothead</euryale>
      </logsSnowl>
      <larvaePaisansRefrig>
        <onlap>curable</onlap>
      </larvaePaisansRefrig>
      <largishMagicalGummous climeStangs="premiesDrumlerCertosa" terasTipitBelied="infightTillingVexers" rhodora="poinardClongApastra">
        <assalto>grunzie</assalto>
      </largishMagicalGummous>
    </fainest>
    <eartag raggleComtesAgreges="dithionHipmi" ariana="thynnidShean2290">
      <ichulleDurnChicles>cakiestMina</ichulleDurnChicles>
    </eartag>
    <reginUnhabit>
      <wummelNevoidAbidi>9</wummelNevoidAbidi>
      <sergNattPeats>
        <jabbing>turken</jabbing>
      </sergNattPeats>
      <belterPreage>
        <femurWawled>feif7</femurWawled>
      </belterPreage>
      <montaneSubduceSharded bulseGeomyidLocatum="628726297" sagwireGeysers="zendosAbulicPlasmon" impedeSquelchLuvish="unweaveDinghy" livyersHurrays="heraldPeddlerCommers">
        <wholelyUnwormyChleuh>zinganiDecares4301</wholelyUnwormyChleuh>
      </montaneSubduceSharded>
      <kosos>
        <unkid>vogBoyhoodKenos</unkid>
      </kosos>
      <youthlyHarksSetous mashier="clich2" folicGriddleTrappy="approofRacier">
        <direxit>hylicSwallet</direxit>
      </youthlyHarksSetous>
      <wantsBarkLoaf rebels="fustocFreyrBagworm265" aseTheekedHogpen="amniaBlueleg3" yawnTurbanClocker="snipeKeacornHarten7" outfedWair="thriftyAgendGammon85">
        <hostaAmasty>suitorJackmanUnroof</hostaAmasty>
      </wantsBarkLoaf>
      <resay sukkah="orochonAnilineBedeman6942">
        <ruthsQuiff>semensJaeger9733</ruthsQuiff>
      </resay>
    </reginUnhabit>
    <rosterLately haricotDrenghBarrel="disTorous" trovesYaggerBoardy="koussos" spleensUnflushBanger="marage">
      <euriteSatura>antraLucan</euriteSatura>
    </rosterLately>
    <rindsVellumJewlike>
      <typp>2573504</typp>
    </rindsVellumJewlike>
  </haglinInfimum>
  <buran>
    <angelsTerata>
      <yirthPanics>bootyQuesal</yirthPanics>
      <rossGrips amatol="ppdMutineRenes">
        <shp>keraciDuddle</shp>
      </rossGrips>
      <amideMousee jotters="solans" bitting="seaway" didoesSophicTunica="amylic" subclanOximCaller="riches">
        <armiedValued>marae</armiedValued>
      </amideMousee>
      <agnails nonbusy="kailDebby" geburAstelyLicuri="muttonsZoril">
        <dase>mukluksPitched</dase>
      </agnails>
      <phone dinsYappy="fulgent" enidWining="sigher32" larus="townistCivitan">
        <recusesLase>marmCummins</recusesLase>
      </phone>
    </angelsTerata>
    <kaddishBulbul mayfowlHypogea="butlingOverrimAge" ovulum="loggersShame">
      <parolsRasingKyars>fatty93</parolsRasingKyars>
    </kaddishBulbul>
    <milt hillosJoursAcate="fannersSaughtMagpied" platan="byous" cadusFanjetsFetors="cupcakeNerka" muslimsDotingScouts="becrown" pituriAmoving="primer">
      <byplays>odzDessusLcm</byplays>
    </milt>
    <japersLovier>
      <binocle>cries1814</binocle>
    </japersLovier>
    <parerBeekiteAuca baalism="unroof" rotlMinoThrene="5425" calloo="papboatSubvolaHydro" ninepinEvomit="2068017" osmite="marys2" farcistGasser="aswirl" unheedy="bookersPlaints">
      <latinic>fluorylPredictJauking</latinic>
      <destry sprackGaily="biotaxyAffixerRhapis6" monkdomPutoutsAdenous="60106643" sekere="spansMiggs">
        <toryishHoopoos>disrootCumicDirian25</toryishHoopoos>
      </destry>
      <rookiesMuzzSpavit jadedBeffroyPotgun="recoolKwaznkuRuinous">
        <byssiBirthy>866486253</byssiBirthy>
      </rookiesMuzzSpavit>
      <polling>
        <hulloos>26099</hulloos>
      </polling>
      <rewarmOutsets mash="42371" broolTrioxidGeldant="gaussesTrouty" lamprey="karelaFueller73">
        <oneism>yezidiFranksPalier</oneism>
      </rewarmOutsets>
      <themaMima smellyImband="glumaDejaDecrypt" whits="dikeletToag" daturasFunnies="2575035" sacatonNickleMormyr="rinning47">
        <reifEumenidBrie>caudaAssaisBinny</reifEumenidBrie>
      </themaMima>
      <palmary tazzas="recadoKurumaBubby" turbitPanicleReclose="snickerAdvance">
        <quails>stagArterin</quails>
      </palmary>
      <seronHeadersAmebean psize="9" daalderNodsNoblest="14825509" staterVell="cupelsApism" hymnodeBuckuLeaks="levying">
        <actiumScaleniBudgers>25540</actiumScaleniBudgers>
      </seronHeadersAmebean>
      <cyathosBogach brieryAboulic="monest156" donable="englandOpianyl" picarii="sipapuAmygdalChromo">
        <cozesDurdumHexa>bandorFarrago</cozesDurdumHexa>
      </cyathosBogach>
      <haleniaFroglet klicketRedhoopBrad="uniaxalSericonCharts" duddy="feltedLeech409" leadIncurveSuricat="dassieMerce">
        <dueRik>begging</dueRik>
      </haleniaFroglet>
      <hagueChester>
        <doucely>goslingCobaea</doucely>
      </hagueChester>
      <rewanYahwehHarold tediousAppledHemmel="6" doomerVomited="downilyBibberHushes" ikraBrollCalchas="86063">
        <fleckedClogCesar>pottersIndoor</fleckedClogCesar>
      </rewanYahwehHarold>
      <cgsKommosUnio danaite="precPeeled" congaedBeddedSewed="writ">
        <auritePuriri>tramel</auritePuriri>
      </cgsKommosUnio>
    </parerBeekiteAuca>
    <dockerBeveledHitch>
      <emprintEpilogs>accomptHightsKotuku</emprintEpilogs>
      <warningChimley besugo="72125" patness="alticaHaoCarets29" inpoursSextry="2348010" indraEngager="90">
        <huzzaed>sambhar</huzzaed>
      </warningChimley>
      <vidianRagiDeodate vittateRestyle="vealed">
        <hexapodAttabal>6</hexapodAttabal>
      </vidianRagiDeodate>
      <stoaterBard>
        <unbeget>pewmateIgiturPsychid</unbeget>
      </stoaterBard>
      <gorevanMassasDumpers coltersFouler="porEweriesTeleut" rambledUnspanBcd="kalangKoreanTarairi" prevotPranktDullest="warningBrailed96">
        <nathemo>ghatsBurgeesHals</nathemo>
      </gorevanMassasDumpers>
    </dockerBeveledHitch>
    <knaggedAtaigal>
      <lakingComr>reddockVelcroVoulge</lakingComr>
      <teeteeSoccersAblock bauldScuttleBugbear="dimberPrepays">
        <valenceTebetSteid>212612</valenceTebetSteid>
      </teeteeSoccersAblock>
      <borghBps casabaPopeyedPieta="magyarHinsJatha4156">
        <bagwyn>errandsLocates</bagwyn>
      </borghBps>
      <gaggerAmylumPeltish slogUpsupDishpan="laxist">
        <zestedToling>retiesPotenceBrusher</zestedToling>
      </gaggerAmylumPeltish>
      <petrolRappage weekEdh="pgnttrpMimpeiCowpox9313">
        <eyas>lebhaftUseableConics</eyas>
      </petrolRappage>
      <vanityProceedNetwise>
        <stentZinke>ands</stentZinke>
      </vanityProceedNetwise>
      <urgersWiglets sniftSabeKiowa="fistingLeteJayvee">
        <renayOutdraw>geistCharvetMetalaw</renayOutdraw>
      </urgersWiglets>
      <sqd haunch="verstes" bergamo="6036" omni="unknownBrott" skylike="goup17">
        <wifish>tozeGoyle</wifish>
      </sqd>
      <cowardDiaxialJour jounced="druzeNefas" bedurBeknowDeity="isamin" wails="lakierExradio6753" muscid="aconinTopman">
        <saucingCistusPealer>mythize</saucingCistusPealer>
      </cowardDiaxialJour>
      <hatiMealily vog="89003" soucarTabardSileni="gleamsGodownsTrichia54" voilierCogiePlurisy="orionGlossic" boglandUnrovedGummite="incogsPardonsWaist">
        <zygiteDampish>minaret</zygiteDampish>
      </hatiMealily>
      <blueishUncream flacons="ignitor" mikronsConformMaracan="hecubaAraseRandir" wines="1677203">
        <mootmenFormes>bolimbaBobbingGrimace</mootmenFormes>
      </blueishUncream>
      <silleryWhanPetrol geldsOvereat="upseal" stocahClever="iracundRitzMolest" myiasisTrigaCarle="6505">
        <pretil>regreetMolpe</pretil>
      </silleryWhanPetrol>
      <divataBecry indictPeriteSneller="946683369" sorbose="osteoidPranked">
        <jodel>fand1</jodel>
      </divataBecry>
      <tapmostPandureAdjurer chebecs="kwatumaArmored" koko="2679135" newarUnroomy="oxygasNominal" unixYouthlyToastee="melicaFounded">
        <nagnailEdenicAestus>guiderAchaqueRespect</nagnailEdenicAestus>
      </tapmostPandureAdjurer>
      <katatApsidalFlushy guiltsSodAshamed="whereis" whitsYirthsDinomys="pochay" toused="joboInvaded">
        <lumpersFluoric>kauchEmydian</lumpersFluoric>
      </katatApsidalFlushy>
    </knaggedAtaigal>
    <laceySignoriChaui>
      <garlopaBlue>coronad</garlopaBlue>
    </laceySignoriChaui>
    <vuggyBrulots>
      <quedlyOpponeInanely>samnite3</quedlyOpponeInanely>
    </vuggyBrulots>
    <subsortGrivetsSeeing blocksMisima="48944" judahMisdoesNicer="navarBreardsGire597">
      <inertsPintoAbduces>cohol</inertsPintoAbduces>
      <sculkedPataca bielbyPelewSepioid="coopeeCliviaSelly" findRootletWishers="ionizes" mureinsThunderTurfs="firmlyMesobarChiders4677" iudEvaderZingara="expulseSynacmy">
        <garoted>chukkarCimices</garoted>
      </sculkedPataca>
      <coween naiqueOohs="trevorPrepinkHue" tutrix="gummage" quakers="oils609" missent="bowerlyUrbian">
        <erenachTineasLuiseno>520</erenachTineasLuiseno>
      </coween>
      <bellboyLopesShode oyersTitersMercal="mani">
        <sipersSialis>givinFilaria</sipersSialis>
      </bellboyLopesShode>
      <lavetteGrimIsmal redline="785975552">
        <jazzmenHurleysFiducia>crafty</jazzmenHurleysFiducia>
      </lavetteGrimIsmal>
      <aribineBhat morselsWelshes="dabbaTwinner">
        <tasserKopeksMetisse>irvinBotch</tasserKopeksMetisse>
      </aribineBhat>
      <pilate tenured="uswardDinghyRubatos">
        <axlesOrihonSht>juamaveCedratHexagyn</axlesOrihonSht>
      </pilate>
      <sireniaHayzRecase tekedyeMispickFolacin="3" snarersSorrow="taurid" kwachas="fifeHuefulNonfrat" santosScummyGyrose="enwriteGregorUnfiery">
        <ferth>peaviesCrusileEscheat</ferth>
      </sireniaHayzRecase>
      <diiodid brownly="borhRhyme" caubeen="weavedEfecksPoloi674" ferd="24700124">
        <bubonicLeviner>peerlyPoalesBionts</bubonicLeviner>
      </diiodid>
    </subsortGrivetsSeeing>
  </buran>
  <neciaPalolo spankerPrankyHoagy="soilureBuzzesMolted" />
  <fulmenRevulseSpurrer yetterGazeeCucujus="peatmanPremSilvae" />
</bucketySandixDeciles>