<?xml version="1.0"?>
<fibraLobbied>
  <levefulSpodiumGaffes fetialPutsRedskin="1">
    <nippyAlbino>
      <anqueraTraysSinhs>cmdr50</anqueraTraysSinhs>
    </nippyAlbino>
    <pinuelaWhasle>
      <clunchRenvois>garnerBravado</clunchRenvois>
      <blitterBayonet>
        <inhalesNeossin>scaroidDivvies</inhalesNeossin>
      </blitterBayonet>
      <garialMigrant strettaDicer="rhypticCashier">
        <grapey>ventail</grapey>
      </garialMigrant>
      <ateesBimboNovcic bocaBusyconAlp="styles" treedRafters="skookumToning" growing="9">
        <aberia>8771</aberia>
      </ateesBimboNovcic>
      <venin>
        <muckierBedebtGaudier>omlah</muckierBedebtGaudier>
      </venin>
      <misimaUnhusk rouenChouseGrouchy="caburnSessedMeaw" organzaMalthaThrall="7153932" rippierPurinsRaptril="pilferBeigySla22">
        <unyoke>groynes</unyoke>
      </misimaUnhusk>
      <neilahRewing>
        <bonnes>rachelEpaxial</bonnes>
      </neilahRewing>
      <goaves pipingsShippy="janapa" overran="tocsinsUramidoOverrun">
        <ensiledVertuAngers>voilesCovertTripack</ensiledVertuAngers>
      </goaves>
      <landsatAquarii>
        <dowsed>absinthMatroid</dowsed>
      </landsatAquarii>
      <stunted>
        <wedger>punletBast</wedger>
      </stunted>
      <appled batokaBrewedOkapis="biscotReliesPortlet" speculaMatres="lobelet2" airerLockjawLyase="vrilEnded842">
        <serf>vangeeBloat</serf>
      </appled>
      <cymbelItavesCalaba>
        <banigOrmers>kgr</banigOrmers>
      </cymbelItavesCalaba>
      <pumas>
        <situsesPalaverCaviled>ogivalSoapi95</situsesPalaverCaviled>
      </pumas>
      <patballUncallGleds hobbingDesmonDoored="geiraMussilyJusted4761" cernedDerats="aureateRabbish" ninthsGremial="jingoesWashen">
        <pfennig>cormoidLobose813</pfennig>
      </patballUncallGleds>
      <hoars outblot="693405" carroty="vinetShankCuriate" stilty="rinsersUpendsAffere" shrisWerfKogasin="muddiesFlittyScarfy">
        <lurcherHurrerThills>negrofy7779</lurcherHurrerThills>
      </hoars>
      <redyeMizraimQuai dollarsSavacuUnknave="gnashed" pokersHybodus="315221446">
        <careersBaidar>gougedMiljeeJoinery</careersBaidar>
      </redyeMizraimQuai>
    </pinuelaWhasle>
    <looeyJibmenPulper>
      <rotherPilusObiisms>pueblosKagusToy</rotherPilusObiisms>
    </looeyJibmenPulper>
    <sprawl slakingVirousYelek="43632032">
      <aghan>84</aghan>
    </sprawl>
    <monty>
      <fistyChivyPhrasal>unallow</fistyChivyPhrasal>
    </monty>
    <mangar allotsNetcha="algenibTiptailAlforja" urocyon="mysianUnhose" flicEme="challisExpress" rudds="boxcar851" compone="urinalsMidget7" unroved="niblikeKadu">
      <address>465</address>
      <zinnia arbutesRescind="latchGuileReboots" carlishEburine="nudestMilting" apadanaXanthyl="34753">
        <mitra>unhooks5572</mitra>
      </zinnia>
      <cluing crombecBiaxial="furison" humphedZep="274617" struthBefleck="bite" collet="bicesVicomtePyx">
        <pavoEmends>pabular</pavoEmends>
      </cluing>
      <conjeeAmoraicJourney chicanoLabLinacs="diariesCaffiso" rebaitBoullesMyogen="airableHeapedBrooke">
        <wheely>imparkHelloWangans</wheely>
      </conjeeAmoraicJourney>
      <aworthTepanec maigre="92" prizery="97901" courseyChacker="flankerScauperShabbos" coverup="guyotsWheam89">
        <odorSecederSpuriae>52453</odorSecederSpuriae>
      </aworthTepanec>
      <bitume>
        <fittestRaptors>karaismCalver</fittestRaptors>
      </bitume>
      <precant>
        <dessousPallar>gadwellLabibiaPanne</dessousPallar>
      </precant>
      <jaggers referedEmerick="skiddedLannersPedlary" manoirBlague="coenobeNitrify">
        <archspyHardtopContr>choomBorucaRonde</archspyHardtopContr>
      </jaggers>
      <colimaValsoidBowbent tano="freight" yervaTapuyan="begulfs" dusun="806" algic="9115065">
        <sedated>yaffil</sedated>
      </colimaValsoidBowbent>
      <heinies poromasLangurs="eosin" rebCentreCautel="302492758">
        <overcupTatteryDun>guaruanOratesGrand</overcupTatteryDun>
      </heinies>
    </mangar>
    <agada>
      <lulabimSheen>kinds</lulabimSheen>
      <puleyn hyperRicecarCyclian="tutlyPapion">
        <rasgado>dispPaucal</rasgado>
      </puleyn>
      <spass>
        <refries>621290121</refries>
      </spass>
      <pottaroAurorasBuddie mataraDradBejazz="slop" bacquetIaoDecrial="sobolesBawlersGassing701" stractWamara="damboseTictacs">
        <forkMaduro>reddlesGwenCharmel3149</forkMaduro>
      </pottaroAurorasBuddie>
      <haute mtxSpieledBalases="5" gutiumGene="naitherPedeses" unnails="21340503">
        <rioterTeacupLoaners>presoldPiaroanCallot</rioterTeacupLoaners>
      </haute>
      <tuyerZambia akreSowins="bijasalYawpEngreen">
        <ighly>denying</ighly>
      </tuyerZambia>
      <demonryBabu virledGoblinCosigns="recidePearlyForrit" bimorphClunkedAlanins="8568" madafuFlailMoulin="pasilloChivvy">
        <resees>crapper2</resees>
      </demonryBabu>
      <mustiesShipper>
        <amixia>heifersSea</amixia>
      </mustiesShipper>
      <donatio>
        <boroughOnlineEelbob>nitrify43</boroughOnlineEelbob>
      </donatio>
      <acnodeHeapyCymenes peaceOlympus="farls8276" engramsLamdanCobnut="maunna" snedded="balaosAppere">
        <bottled>criss7</bottled>
      </acnodeHeapyCymenes>
      <surbed brameBlowoutFameuse="kneeingSkreigh" furlerSwarry="righter" dandaRachePinards="pewfulStenia" finiPap="abuseeAcetary6">
        <wankyPlankyRiblike>kiwisChamoisFacette96</wankyPlankyRiblike>
      </surbed>
      <griceMoismLettiga grosGrecoue="69">
        <founcePadashaGuck>fluorid</founcePadashaGuck>
      </griceMoismLettiga>
      <jerrids tugsMedaledSucrate="presetsLibeledShurf" tamburaTsked="perusedLemograStanes" rettoryFarl="unglobe">
        <urocyonSorcerBaka>mellateMurexan</urocyonSorcerBaka>
      </jerrids>
      <remueVinny datchasSurgent="latviaUnbowed">
        <temperUncle>harkee</temperUncle>
      </remueVinny>
      <begirds fantodsEphapse="ommatea" paraleDrownsTresis="cojoin" fishifyCleaner="aminateBerets">
        <overfatKavika>631659860</overfatKavika>
      </begirds>
      <lurryPersistMuckna>
        <eposCoolOrbited>yoni</eposCoolOrbited>
      </lurryPersistMuckna>
    </agada>
    <snortCalid>
      <avengedAxemanTnpk>wesselLinac5601</avengedAxemanTnpk>
      <priscanTackAralkyl melded="purpledBurrhelVarnas62" faillesMaypops="aidlessChaori">
        <pusscatDecanolBungee>soyledAmalakaTearage</pusscatDecanolBungee>
      </priscanTackAralkyl>
      <saltineTopspin withinsPluAngoras="galaxWhereto" dicotyl="togsLamnid">
        <laik>tertiaImide</laik>
      </saltineTopspin>
      <sophist paddle="proach" boitesMoneronMeikles="paricaSardiusSojourn" diesel="867757789" wouraliPeplosJaunces="massaDyedSpinnel">
        <middlerGamiestUnfrees>eyneDinerPina</middlerGamiestUnfrees>
      </sophist>
      <visoryBeslab>
        <ahoyNoteman>207096843</ahoyNoteman>
      </visoryBeslab>
      <uncockLeaking>
        <limning>moduliMonism</limning>
      </uncockLeaking>
      <cratesBombingBattler>
        <curace>ropemanGnetumFurlane</curace>
      </cratesBombingBattler>
    </snortCalid>
    <wain popplyScutelNovial="humpedPadlockUncoil" kilterPikelet="redsearCromer" alisierSeepierPipkins="rein" videosNitos="gustyDartoicAlumnus">
      <ageeUrinalsSisal>gladlyKeels</ageeUrinalsSisal>
      <wrong jumboZapped="almique" morselAscesesUndimly="shmaltzTainosMojarra6671" stractLenaeum="322" afdecho="studderPanueloOvendry">
        <gorsesBaizing>mulcted</gorsesBaizing>
      </wrong>
      <jeffie fissiveUttererTalers="7473" dusteeTiresMufty="unmuted5779">
        <crusadoLocalesHusked>unflaky974</crusadoLocalesHusked>
      </jeffie>
      <overbetMedevacSogging>
        <dickiteRiant>544</dickiteRiant>
      </overbetMedevacSogging>
      <brewsThroneCunt sepsineEnwrapt="bathesLacking790" gentlyEarths="poojahEnentGlandes" baignetUnvain="231" juttyLeifiteSurmit="7">
        <pingEdwin>54055</pingEdwin>
      </brewsThroneCunt>
      <palourSimplex popean="36599200" wearilyShantis="ungToshyCoxcomb" amycticUnie="boatelIre" dumoseKilted="23496">
        <vacateUnshave>38274</vacateUnshave>
      </palourSimplex>
      <ondule remuda="seakPrig" patent="pinball" acquietPlinths="unwrap">
        <alinotaEcotone>patagonValens</alinotaEcotone>
      </ondule>
      <nitricBerberZonites>
        <webwornChervilTappish>gleesVolsciQuippus</webwornChervilTappish>
      </nitricBerberZonites>
      <puistOstmark>
        <vettura>rewearJalkar</vettura>
      </puistOstmark>
      <conflux>
        <favor>uranideHelmetsUnorn</favor>
      </conflux>
      <popelyOckster skellum="beach" reveresAppalto="forworeNonbookQts655" bettaPaineGiojoso="dyeweedArusha449">
        <hoazinJiaoSpissus>810764</hoazinJiaoSpissus>
      </popelyOckster>
      <baffing>
        <prigs>hulchMpbsFilla</prigs>
      </baffing>
      <alulaCycl sharkLifeletAles="suctionOilbird" juliet="forcepsThoseLeghorn">
        <milner>outpartPingue</milner>
      </alulaCycl>
    </wain>
    <signalGrapedSmatch enfume="mediusYoni" anatumMoored="eelingBicker" lades="wiggedAlopekeElean" eggheadAtopenFitty="sittineSclater" bilboes="bothroiSomehowSucceed" habbeBeidMyopies="7639">
      <worseHetaera>pinesapTututni</worseHetaera>
    </signalGrapedSmatch>
    <rimplesFiarOurali>
      <biggerJewhood>chromy</biggerJewhood>
      <tiaraedChoused>
        <cogentBorana>razzesAbraderWitlet</cogentBorana>
      </tiaraedChoused>
      <welficWeiners turfski="516" phagedaTerriesWorldly="almsChorio">
        <bheestyQuaiFilibeg>fahlerzMaidDhurnas</bheestyQuaiFilibeg>
      </welficWeiners>
      <unicing halakic="2051" costed="broddleEndopodKurt" vangeeBefilth="maniferGaurieBhindi">
        <clamantUnfeelNeguses>2631</clamantUnfeelNeguses>
      </unicing>
      <promit picalFrisian="21630">
        <octectRues>954511</octectRues>
      </promit>
      <seisureGuslaCestoid cipo="2203212" bedullDistr="1749" abjuredAmbayTenrecs="shushedBurdashDwamish">
        <leaker>hazels</leaker>
      </seisureGuslaCestoid>
      <peganumBoxcarAguey bestialReblend="bellows">
        <falsumYokel>paulineShibahsPinkish</falsumYokel>
      </peganumBoxcarAguey>
      <tamure marciteSpait="sliwer" bion="yett74">
        <tresis>turmMegmho</tresis>
      </tamure>
      <pokersGillyImbeds kwannonPedetic="morsel">
        <pansOverweb>gasting</pansOverweb>
      </pokersGillyImbeds>
      <stirsGosmoreApprend>
        <ramblerMeson>hoglike</ramblerMeson>
      </stirsGosmoreApprend>
      <pinkeysUllaAldide>
        <portingUpleap>relays</portingUpleap>
      </pinkeysUllaAldide>
      <mishit tindersPenseeTraist="95355715" davitOvateQuiblet="renUllucoMarrer">
        <squiret>ngapi</squiret>
      </mishit>
      <etapeFrazil desmineLunulesZaffre="marbleNigget" camayKeruingBreeze="ejidosSalfernPolecat" pigginNakongMolify="virga">
        <pufftnChirpy>fanions</pufftnChirpy>
      </etapeFrazil>
      <larunda juttyBongos="hgtNettyPropels" heatherEldrichOrnith="zappingLunarTarpons" sacsBegGourded="53" purloinMistal="propped">
        <leadmanOrphanBuddhi>makutuHype</leadmanOrphanBuddhi>
      </larunda>
      <jughead cubisms="glassy" uplimb="salfern" jettruPhysid="blueingBaniya" ardisiaAwardsLooies="marcBolding1">
        <aliasInsolesSwisher>151</aliasInsolesSwisher>
      </jughead>
      <guys>
        <ides>paddockCithersTallish</ides>
      </guys>
      <waregga ducatusClerkly="barneys" cocherHoosh="soller">
        <lagans>1484790</lagans>
      </waregga>
      <emeticCatkins oranteAroeiraZenu="87" guberla="medioBoreism" tlaco="gaedBlas" swedru="gunneryFelones">
        <sowseUraseOsteal>clutherRhenish</sowseUraseOsteal>
      </emeticCatkins>
    </rimplesFiarOurali>
    <skout>
      <eructs>5</eructs>
    </skout>
    <shirtBefameBemeal>
      <quafferSubzeroSarlyk>repaveTap39</quafferSubzeroSarlyk>
    </shirtBefameBemeal>
    <erizoDix tariricFirebugChicago="shayedMillion" dhobieSubcell="lunars">
      <grebePomboMoun>shuntedRaggle</grebePomboMoun>
      <assistSomalMucket>
        <forsakeTreadedIsoamid>kronosTabellaKoibal</forsakeTreadedIsoamid>
      </assistSomalMucket>
      <nowt>
        <creeded>favelas</creeded>
      </nowt>
      <vikingBoothAureal oracler="svelt" primlyTarhood="omnist" threnePersist="hamatesPostic" ovateTearlet="eburineHimself4585">
        <toluidAro>tallisEnglutsMummed</toluidAro>
      </vikingBoothAureal>
      <houbaraCoydog antenor="unioid" townist="angkaFernsWrack2" cynipid="epioticRelayer" shouldn="wistitiBaledPayen41">
        <quedfulAbbyFingian>flooredMangles</quedfulAbbyFingian>
      </houbaraCoydog>
      <trueNadiralCreaght>
        <kalendsPitta>241021430</kalendsPitta>
      </trueNadiralCreaght>
      <migsTerrabaChawer demoidHavierBeemen="milvago5" podarge="webersFlopDate">
        <ajeeDenyingPeyote>tusking</ajeeDenyingPeyote>
      </migsTerrabaChawer>
      <fanionsCocaThawer hypoxis="clamorJammedDuncery">
        <rehem>ciderNiasChee</rehem>
      </fanionsCocaThawer>
      <baueraPilings brooderCalqueNontax="sexist" slaked="245">
        <imbute>exultsKippeenTonies</imbute>
      </baueraPilings>
      <mizmazeMitten veronalSkylarkFacades="38366" zanderCyma="6" oily="729497">
        <stave>onementImagedDobe</stave>
      </mizmazeMitten>
      <payolasShargarFetials tensors="seeking" ungUnnaptUptimes="mouton" vaudiosDhoney="tanagra">
        <limacelWoodooPerseus>bsfGeld</limacelWoodooPerseus>
      </payolasShargarFetials>
      <sieverEgre mitosesWidthsAttach="moggedVinegarJawfoot" fleetPaxilla="uncoreMammeys" sapsQuetsch="hipsterWallet">
        <mebsutaKettles>sext</mebsutaKettles>
      </sieverEgre>
      <airship firmestChampyFleay="911092" uniterSizz="92558184" cradleLongpodTreeman="phulwa" nunclesDermaRepark="baaskapIberisPerempt">
        <debyesVarisseEmbalms>entireAlongIsseis</debyesVarisseEmbalms>
      </airship>
      <boxtop reseaus="irratePep259">
        <cavish>camlet</cavish>
      </boxtop>
      <abedeKommosLettuce>
        <djinniMintierQuoties>4938</djinniMintierQuoties>
      </abedeKommosLettuce>
      <leonesPontify>
        <swerdClarkiaZest>quipusPseudo7968</swerdClarkiaZest>
      </leonesPontify>
      <nosier gerVerglas="rayonne">
        <dauliasSkiverTrining>ashesKongoStarets423</dauliasSkiverTrining>
      </nosier>
      <dabb milanJocoqui="flerryMicra" iraterPelikai="liin">
        <zeeTruish>ricracsDebar</zeeTruish>
      </dabb>
      <sectistPeckEloping aloidStance="waylayDroptUmbers" burbankSpryerContek="maorisAssot">
        <luxive>fustier5539</luxive>
      </sectistPeckEloping>
      <bazzite oceansUncock="6325" rampoleHaik="outpaceBannedClues" pitocinBarih="grazer">
        <photoRedebit>26467</photoRedebit>
      </bazzite>
    </erizoDix>
    <sithesHiggler>
      <fiascoCrypta>nobbleShufty</fiascoCrypta>
    </sithesHiggler>
    <kettles mislin="10974929" burredEnsilesToryfy="acornsSeisins5">
      <caplessAdenShimei>otolite</caplessAdenShimei>
      <manacleDeathy mummia="viduate" frappesAlmondyLawlike="merop" cimaRiffiLacunal="coluresBletiaGype" boneMonerMesas="erliche">
        <agistsHempier>troadAphetic</agistsHempier>
      </manacleDeathy>
    </kettles>
    <relatesInlakeIntagli>
      <polearmToughra>scoutedHerbBalon</polearmToughra>
      <feezing thuliumEmyde="brottRong4662" selly="ferventBursae" routineCoppraIncaged="viddhalUploads">
        <wouldSitellaKhila>bruckle3043</wouldSitellaKhila>
      </feezing>
      <beghardSchnoz hineyWeirRocklet="amnestyPackmen">
        <airnHellos>241</airnHellos>
      </beghardSchnoz>
    </relatesInlakeIntagli>
    <serrulaLowellDhoty>
      <rickeysFlyable>lepid</rickeysFlyable>
      <peanutCowmanEarshot loyally="pedreroDistal4">
        <skydove>atelierStingGung</skydove>
      </peanutCowmanEarshot>
      <cavelet>
        <pinuelaLauras>santarSwiss</pinuelaLauras>
      </cavelet>
      <pontilsDeacons>
        <oeilletJustify>2004</oeilletJustify>
      </pontilsDeacons>
      <untoneDingilyBenday teca="stromedCubits">
        <aramaic>coleus</aramaic>
      </untoneDingilyBenday>
      <delict>
        <fascioLord>parvenuMafiosiMekbuda</fascioLord>
      </delict>
      <tourize charvet="voetsek" tuggery="bibbCalfsMetonic">
        <checks>mannedCommise</checks>
      </tourize>
      <gomerecDoitPaganry disksYakman="383497">
        <berThiever>redesUnciteBeaks</berThiever>
      </gomerecDoitPaganry>
      <unshade snastSkiable="7822">
        <raylessDorical>ltr</raylessDorical>
      </unshade>
      <morticeVince rebirth="gulfedToluic" razer="blesseSedates">
        <bensonAyes>bingesUnaging977</bensonAyes>
      </morticeVince>
      <barghEnolize>
        <chutney>invent</chutney>
      </barghEnolize>
    </serrulaLowellDhoty>
    <inane steresShpt="usuries" styraxDrummy="garnish" beurre="tomfoolFelting1" jasmone="evgFresser" hebraicKanjisJewfish="nessesTantrasPrau1104" repines="2452925">
      <kylixGunmenHejira>486374</kylixGunmenHejira>
      <chokerOutaskSexlike paepae="coteleBoxcarsReginas" nonegosRoselleSeege="pacay" sireGimmorMagnify="86946" pocanGlycylsAbjures="rumensMeloe1">
        <disroofPurgeSarkine>consent</disroofPurgeSarkine>
      </chokerOutaskSexlike>
      <tanaka gliffsBlueys="danglesDookitNimbose2559" peakishSaprobeLyses="foamingMantles" apt="riesHadingKlaus3">
        <coniteTortaBenzoxy>typps</coniteTortaBenzoxy>
      </tanaka>
      <bushier aril="liner" lam="solicit">
        <almonry>heck193</almonry>
      </bushier>
      <zygalBargesAbris memoriaCryptedStean="pandoorDrabler3256" cacoepyTrior="1" wmkRetriedPoesis="dekkosAble" amoyanShapely="kahala">
        <formalsUnrivet>pueblosCleaver7</formalsUnrivet>
      </zygalBargesAbris>
      <fanfold>
        <huffs>woolerDaddockAgnel</huffs>
      </fanfold>
      <appels>
        <wiggishDallan>627474</wiggishDallan>
      </appels>
      <flacksReluce rewearSibnessMacumba="cars" tasianRubaceDura="convert">
        <yielden>january</yielden>
      </flacksReluce>
      <workmanFloras swattle="salableRelieve">
        <shirraInnyardGurges>41</shirraInnyardGurges>
      </workmanFloras>
      <jeeryJouks bodhiUmist="khis" labors="64565948" verdite="737" arabanaVernal="steridDipnoi">
        <aghanPelagicShortie>9</aghanPelagicShortie>
      </jeeryJouks>
      <caphar pogiesHumid="oping72" picardRibose="82676" telomesPondageFetch="etamins">
        <reduce>scalageMoliere</reduce>
      </caphar>
      <addoomElix bewakeMeshechDrowsed="7311" huntleySatrap="5864458" arbours="regesQuinnat" blaoner="cursaroApogeicBottega9">
        <greigesPiggiesRancer>sweepup</greigesPiggiesRancer>
      </addoomElix>
      <swonkenSpiesSurfie yowdenDeciduaZonar="tachistGalbe" edify="laithlySnotUpstart" cadwellChancre="abasiaAnack">
        <gaulin>riskfulZonedRudd29</gaulin>
      </swonkenSpiesSurfie>
    </inane>
    <stovesSyncing canons="jussiveLiterResawer9">
      <kurnSirree>upcloseAcacinYar</kurnSirree>
    </stovesSyncing>
    <labbaUngum>
      <warper>nutrifyVai905</warper>
      <coequalYeard mailie="warl" raimentSiliqueFalco="rotondeMarline944" gruffly="3">
        <talliar>derveTouslyFlirter</talliar>
      </coequalYeard>
      <deicticScriven>
        <rubPeaveyAleak>15</rubPeaveyAleak>
      </deicticScriven>
      <perryBoseFlueric ladlingAcrawl="ungrave" djinnySweepyMedea="hurr" triorAnayOxamide="impureBlusherGuddler">
        <bogiesCairbaAlliant>fluenceWhelmed657</bogiesCairbaAlliant>
      </perryBoseFlueric>
      <juiseGyppedHartall>
        <pavise>unshownAckman</pavise>
      </juiseGyppedHartall>
      <cougnarFerijee unseven="74" bounce="714056170" necked="siesta" goutte="stun">
        <grfElegitsDrank>gabby</grfElegitsDrank>
      </cougnarFerijee>
      <frolicsGhettosBurlier girdsAyah="rocky">
        <thushi>flaskerSpins1</thushi>
      </frolicsGhettosBurlier>
      <unpicks famishAeciumRains="wezn" bureSubilia="chaisDomett" bintMeiosesRevay="lenth">
        <septan>58884766</septan>
      </unpicks>
      <soolThroatsPyr>
        <tammockFloatyGlandes>pascualJurator</tammockFloatyGlandes>
      </soolThroatsPyr>
      <top scissil="minis">
        <lugger>stembokPatellaEspinos</lugger>
      </top>
      <lowdownMussingDiving>
        <weberTusking>445287917</weberTusking>
      </lowdownMussingDiving>
      <unvocal>
        <latrialOzonateChasm>raif</latrialOzonateChasm>
      </unvocal>
      <manak triaxalGrushie="bhotiaWouldnVoltes">
        <delfsOlaBedash>9165</delfsOlaBedash>
      </manak>
      <revivorShtickEnderon biaxalOui="lepage" hymnSlurpsOwnhood="muskiesPotoosUngual4546">
        <unwaged>smoos</unwaged>
      </revivorShtickEnderon>
      <spudsDaintSyndic chirkedSkail="17" ournSeccosMosey="habena" eposIdean="custAdmetusCopaiba">
        <heresySavelhaAtaxic>ficeAlfakis</heresySavelhaAtaxic>
      </spudsDaintSyndic>
      <yawnersGorgedFactish riskierStylesReboant="gecking" kinosSpoke="593840" tattvaMuzzleTurpeth="alarumsPfgKulaki">
        <obviateOstreaGippo>salsaPrayerGorals</obviateOstreaGippo>
      </yawnersGorgedFactish>
      <usant invalid="proodeKnowing">
        <hombresTideway>3959896</hombresTideway>
      </usant>
      <mixtureHarijan seljukEmendsHemmed="warmPupeloHavance65" iodatesVeilersGosport="dieticFreityHowfs65" clerkedCupiuba="outwaveNicotia">
        <nearbyImcnt>zirconAnhinga9</nearbyImcnt>
      </mixtureHarijan>
      <pockingBeleapsRavins pitiers="firstly" helloedGlialKindest="affileFigworm71" ptinid="adverbs" quipAfrontAvowry="6624">
        <turbansDallack>coalpit</turbansDallack>
      </pockingBeleapsRavins>
    </labbaUngum>
    <cree farishLaioseHaziest="peabush" dronish="ascitesNeednt" undue="floweUitotanAlw" unhip="mainourHeeds" ricecar="boyosUnsex">
      <accidiaOrtolan>caddoanCurtBrockle2</accidiaOrtolan>
    </cree>
    <bahutHakoFadable>
      <tarbushPlumeCampa>fulkBlobber</tarbushPlumeCampa>
      <moujiksTangyTugs mahalebSutleryPunts="tinemanEmbusy" cohabitMaza="824216" hackeeRegattaDilutes="41884879">
        <gemmanCornelsMaths>37355</gemmanCornelsMaths>
      </moujiksTangyTugs>
      <safrol redeifyThebaid="whinKariBusty">
        <coronasTamias>rochingChewersBrigous</coronasTamias>
      </safrol>
      <chamDissuit winchedAcridan="81659" tiedogHaunchEnhappy="inkies" plightsKnavish="9045448">
        <sumpterStogeysSeedage>squidgyWaybook</sumpterStogeysSeedage>
      </chamDissuit>
      <somitesTagalogSquoze caninesPaysLochy="903652" popper="hayzBombMommer2674" axogamyHeftySyriac="awningLipides" fascistSwipleFyttes="trollop">
        <paltryBoatlipTangent>7442018</paltryBoatlipTangent>
      </somitesTagalogSquoze>
      <patt getupHinsCymae="exsculp153">
        <prefixPrius>abjunctCaters73</prefixPrius>
      </patt>
      <horningShredsTennu hillerMyelineEncamp="22728" muumuuIncivicPlushed="venterHurr" enhydraChati="ecuelleJudaicaFittage">
        <sloydSmeuth>breckenGiant</sloydSmeuth>
      </horningShredsTennu>
    </bahutHakoFadable>
    <heydeysHenny>
      <stylise>weam</stylise>
      <fussersPinetum statorsBribery="dialNiveousFavn">
        <monkeryPeesashCosie>darned4</monkeryPeesashCosie>
      </fussersPinetum>
      <akhundNatick beseigeBarile="dusioSsing">
        <camuseSeriosoUnboxes>felafelRedacts</camuseSeriosoUnboxes>
      </akhundNatick>
      <abends assuade="raspingTwisted" gomutisCavesLambed="uppingFraying">
        <evicteeYeelinsTrebles>pubbleForrardPaharia3</evicteeYeelinsTrebles>
      </abends>
      <punkierChorwat>
        <sacope>poetito</sacope>
      </punkierChorwat>
      <gremmieSizeineCarpal takuDaymanGuttur="braseroScroogeReckons" anthoid="884049906">
        <squareGrades>wishing</squareGrades>
      </gremmieSizeineCarpal>
      <blatch snaringHewelAppeals="milagesFlavius" durettoWillet="yodled">
        <coccousUnboatGoan>7336572</coccousUnboatGoan>
      </blatch>
      <toatLatinic abieticProctalTopsy="seggar" gaywing="jibi" embliss="scindPecks" divastWizzen="61911">
        <omnium>pommetSidy</omnium>
      </toatLatinic>
      <sturt stuartChinoneCiliola="93423279" aphesesJibb="412770702">
        <buckerCoabodeSards>siwensWritersWinnow</buckerCoabodeSards>
      </sturt>
      <starvesMudfat dirndlSpeary="phonemeQuandy">
        <rampantNettly>wanions</rampantNettly>
      </starvesMudfat>
      <gilesDandily topoRepound="dykesNay" cobblyCinqueGrolier="862033" dustbluBulgy="372944">
        <faconneRooftop>tracheaShyest</faconneRooftop>
      </gilesDandily>
      <dims encysts="numdah">
        <coughStrikerLaocoon>lulavimApercus</coughStrikerLaocoon>
      </dims>
      <linus bashersDertra="witlingSwickKirsch" bedrugDummySchorly="twaltBiterClout" yirdNodally="unvowedAgainst" vitrine="subtreeSposhyRatoons">
        <weensy>vallCooees</weensy>
      </linus>
      <snigShammas motifsDeedingAconic="demerseCatfaceShen" unpopeUngirthShaper="sandboyStiffedPoot84">
        <feaze>inn</feaze>
      </snigShammas>
      <scudiAvionic jahveh="pounce" reseaux="brochoCatha">
        <scase>3404</scase>
      </scudiAvionic>
      <bemuskFrails>
        <danaisRoughlyEttling>782245271</danaisRoughlyEttling>
      </bemuskFrails>
      <mossing quaymanHardtopScoots="gloeal7877">
        <nockingLessestUnclad>korero</nockingLessestUnclad>
      </mossing>
      <accourt belibelYobsAstride="2">
        <tusslesBetowel>intue</tusslesBetowel>
      </accourt>
      <pimanLaiusPrunell seraphsDancyVapid="sledder" ostitis="whappetWoodlotBehave" fidgingSmirtleInfern="86" sordaHallow="65">
        <angkhakBreckenAxonic>catso</angkhakBreckenAxonic>
      </pimanLaiusPrunell>
    </heydeysHenny>
    <echoism>
      <stupentCatingInciter>knublet2565</stupentCatingInciter>
    </echoism>
    <iwaiwaFarcing>
      <arguingRouen>1393401</arguingRouen>
    </iwaiwaFarcing>
    <cappie tikurUnperchLionne="marehanHalutzKayos" lordan="2" daddyKetine="findyConductMignons24">
      <mammeaSoften>78595</mammeaSoften>
    </cappie>
  </levefulSpodiumGaffes>
  <cromeEmpanel preconyCineast="iguana" talaVelured="polynoeTipplerWaning7" />
  <rittersUnl />
  <shandry />
  <aahPleione surnap="657805665" cremorKannume="1126633" lideHeezes="argalPhysiol" alcumyOllamhScrogie="keefsHabukaSwaths1134">
    <natchezPrawnsHarrow duopod="duluthDozierSoars" leeTipiStuffer="botcher">
      <piques>byward</piques>
    </natchezPrawnsHarrow>
    <kellockRanter>
      <oozooidGroughTuners>hoyden</oozooidGroughTuners>
      <calfs bodgerSeizingSalomon="mug">
        <wrangleMarline>smerks9</wrangleMarline>
      </calfs>
      <haviour boxful="sabicuProtein" murrayFlexedSenal="spak" imbuedMikraCoscet="caterer570">
        <barbeOrariumBiotope>altesseFeatsGhoulie</barbeOrariumBiotope>
      </haviour>
      <albainnBolaMusci heimishSirups="sedgedFollyGurt" logics="nowhere" ferried="ormolusOkapiWantwit">
        <styful>baizedWafers</styful>
      </albainnBolaMusci>
      <jesterMarek dodgingIsohelsRedhoop="dolf" flouterBilobeReindue="relapTrundleMuskit">
        <dyeing>virial</dyeing>
      </jesterMarek>
      <typikon>
        <lunettePrezone>fuggedRelishGuddler</lunettePrezone>
      </typikon>
      <ensuiteQantarTenuate cautelaRagerNitid="amytalOpacate">
        <gervase>262884</gervase>
      </ensuiteQantarTenuate>
    </kellockRanter>
    <levisIlion>
      <twiningKarthliAsiatic>alfa</twiningKarthliAsiatic>
    </levisIlion>
    <wizierGyassaWracker>
      <coalier>floranGaon82</coalier>
      <rewend>
        <bluingsWharfieFinises>3</bluingsWharfieFinises>
      </rewend>
      <bienChaucer zoomingDuctus="grahamEnmeshSmarmy77" pshavPalama="chaoShebeenScowl">
        <tusayan>546332231</tusayan>
      </bienChaucer>
      <updomeCapotWedded daunder="8993" syntan="855777" inglesLampmen="5491">
        <zendo>inhiveDyad8</zendo>
      </updomeCapotWedded>
      <prepaysBrekky lum="3508" pulvBlare="shabbosGanefsBuffone" perleVerminyEnteron="sprayer">
        <polletUncakeTrional>jubhahLatheeInust5</polletUncakeTrional>
      </prepaysBrekky>
      <unfurlsAhiDidna>
        <skewingUnfixesCrudded>wehee29</skewingUnfixesCrudded>
      </unfurlsAhiDidna>
      <pooty adeemReppsCals="rimmerHautain">
        <giddifyIngemCabala>allots6698</giddifyIngemCabala>
      </pooty>
      <licuri svanishDossesGoers="gazersEpoxy">
        <frames>169498506</frames>
      </licuri>
      <kniferLeagues crumbleTaoUrartic="unstingFerrerPinolin" lumenal="ologistChain" airdockAnetholFaults="doffedUnneat" ambersGaolerLikings="courseDuodenaGearset">
        <forayerScenaBalkish>armadasUnthawFesapo</forayerScenaBalkish>
      </kniferLeagues>
      <inunctPoteye thillsHumph="brieredHoras" justler="aptnessCaracolJayhawk" testudo="clergy" bothnic="scarab">
        <janice>impeded</janice>
      </inunctPoteye>
      <outgoes wrapupShoeingSilpha="gungTosily">
        <towedSers>3666</towedSers>
      </outgoes>
    </wizierGyassaWracker>
    <peggy biuret="juratEssenis" kvutza="biribaDumpish" triwetExpire="redoomTripCusecs67" kiltiesZonula="96" cachetsChemics="abjudgeScreesBoread65">
      <neronicAre>gonotyl</neronicAre>
      <caserneWagonerZar steenthVisceraBriered="332451178" pincerKirundi="lessestRetrustBurlaps" outtrot="greavePodiums347" llynPeg="2561">
        <moviesNotatesSoco>7</moviesNotatesSoco>
      </caserneWagonerZar>
      <scrolar>
        <flakerWevetAfield>1251</flakerWevetAfield>
      </scrolar>
      <divests>
        <bilkingDermol>starredFoodful</bilkingDermol>
      </divests>
      <dauntonTopful swashyEmbowHiding="scottieUle7390" spinnerGaine="edplotMirror8" barboneSvceLevying="331">
        <noumenaVuggyZongora>caususUndoesNongray</noumenaVuggyZongora>
      </dauntonTopful>
      <sicks alamortDislinkWheezle="rimalKabongaHowff" podware="missishReratedThumbs">
        <harrowConder>suiformRehairGlads3</harrowConder>
      </sicks>
      <quiet>
        <hangdogUpstand>frowsRakija</hangdogUpstand>
      </quiet>
      <muskegsDaunBrayed tilty="24953" oogloeaEngagerAzorian="gazing" cayenneEpirotZoosis="141185314">
        <naupliiEnclogTrinkum>adatScrota</naupliiEnclogTrinkum>
      </muskegsDaunBrayed>
      <ephetae wareful="aylessNuclei">
        <yacksFlans>booing</yacksFlans>
      </ephetae>
      <unmetGrahamAdeep crazyLabelDuckier="merestAcesHemal">
        <ceccaQuartzAcceder>747666875</ceccaQuartzAcceder>
      </unmetGrahamAdeep>
      <creenAraliad vettedCorrody="unriperIliadSevum">
        <pastels>paperer</pastels>
      </creenAraliad>
    </peggy>
    <scampsVileyns>
      <pest>hovenDaucus</pest>
      <attendsMoralerSinzer crouponMoppers="mirkest">
        <firmingDecrypt>permuteChevage</firmingDecrypt>
      </attendsMoralerSinzer>
      <hysonsCist miladisBalkingTola="mothers" pimPrimarFeral="spiro34" awanCatlin="tuftsKeysets">
        <vinaliaAdigheRidiest>thoft4992</vinaliaAdigheRidiest>
      </hysonsCist>
      <kacha gemot="mineryArridgeFlywire" sossleTiffanyOddball="setous">
        <soakyPurset>arnattaSunlikeConflux21</soakyPurset>
      </kacha>
      <totyAfaceDhooley>
        <assumer>5672</assumer>
      </totyAfaceDhooley>
      <swoln cachingTorsive="unequalUpcatch396" hypnoneMangers="rowths" harkWhenso="pikelLidgate">
        <duennaDerekHobbler>theyre</duennaDerekHobbler>
      </swoln>
      <glossedTubesSwow roctaHeptadMately="thyme" riskilyJako="mangeLyncidWheely">
        <fanaticRennetsStotter>fouettWitchen66</fanaticRennetsStotter>
      </glossedTubesSwow>
      <shouArabist adheredGiggled="beparchHuskUnfaint">
        <kesarTutmenUtible>belamyBring</kesarTutmenUtible>
      </shouArabist>
      <unfakedLemonRiveret uncsTyphons="footlogKero9" coenureMinibusChester="5" trishaMimeo="knows">
        <donsyFloristMorro>siphoidAtipKuldip7515</donsyFloristMorro>
      </unfakedLemonRiveret>
      <emetinePartial critizeAlfalfa="9304261">
        <ante>unfitlyAdureUnweb</ante>
      </emetinePartial>
      <orfe>
        <offalsWackeSkylike>21</offalsWackeSkylike>
      </orfe>
      <subtaskNooklet andsTallol="6" muscled="980">
        <cosetsTelegaExtance>onusesByous60</cosetsTelegaExtance>
      </subtaskNooklet>
      <epicureWhelms kinboteVadeOdeum="hartin" abases="peahenFrough" fieldenGobetSpeels="finally" pocks="bolsonsAzimuth6">
        <sorbed>beearn9</sorbed>
      </epicureWhelms>
      <wagonryAttaleh balanta="dannieQueerySpatio" okeyAgibleButtle="doucinPurply">
        <sourer>vizoredWooraliSours67</sourer>
      </wagonryAttaleh>
      <elijahSurmark runlets="sighed" tinfoilWartierResult="forwent" brukeSorter="gleetEnribStour">
        <hyporitBecchi>15334671</hyporitBecchi>
      </elijahSurmark>
    </scampsVileyns>
    <aramidNoes rescind="jambon" twagger="whomble" piningKraftQuantic="drasticCommem57" runtedHiney="subacidBowhead594">
      <epaulePinion>justinOrchidChaguar</epaulePinion>
      <siglumIndiums inpushExrx="lopsKafilaPiglike" groufWasel="2">
        <killedSmiddyHallion>stallerMyc</killedSmiddyHallion>
      </siglumIndiums>
      <alvinaKindjal guareaTumericToskish="rings1" johnnieGriebenEntach="yampee" thymesAbsitAnanter="nonvoid">
        <eegrassCinctFullage>aberia</eegrassCinctFullage>
      </alvinaKindjal>
      <dopes wadmaalRandierSheeve="coltCamoisNunquam">
        <vocatAccurstCunzie>hambleBunnMidst92</vocatAccurstCunzie>
      </dopes>
      <amlong>
        <unopen>dogdom</unopen>
      </amlong>
      <spaderDisk ismatic="septaveTietick" jaupNoebcdPlatens="663">
        <updatedIlliticApulian>flanked</updatedIlliticApulian>
      </spaderDisk>
      <setfastVelout>
        <skully>45421877</skully>
      </setfastVelout>
      <ranchesTexasesUncompt hockled="nimmedSchuitDrovers">
        <garveyReason>keidWaker60</garveyReason>
      </ranchesTexasesUncompt>
      <esexual vestLentiscClerkly="taroks">
        <shirraFreckly>cadresVinDevs</shirraFreckly>
      </esexual>
      <serveryByliner rescous="121148246" branderRecoalsCamaile="boyHishBestill777" savitriOutlotCyborgs="sonata">
        <chontal>58</chontal>
      </serveryByliner>
      <restackMealingJiggler hyaenidFooledThinly="gauntTwankerQuinova1905" inkos="mixiteArcosSleets4692" watherExcl="amit67">
        <enolicLithify>ambleShackleAgates746</enolicLithify>
      </restackMealingJiggler>
      <cancels unwrit="vitrousCorrealSawings">
        <staverMarkoSum>803888</staverMarkoSum>
      </cancels>
      <eupneasEliot gelant="kilobitMahmoud" ratoonChorineDecried="694484" kartelBeryls="uralineGlobose">
        <diglotsSheetyConnies>3514</diglotsSheetyConnies>
      </eupneasEliot>
      <quawLiberNerval ighly="cristi">
        <judos>29874</judos>
      </quawLiberNerval>
      <conuzeeSanies huddock="jambulThecal608" plotchKln="895444" handbagCoffea="salvingEremuriScungy">
        <balor>ungluesMoggioBondon</balor>
      </conuzeeSanies>
    </aramidNoes>
    <lockmanIrate yorlin="earths" summatTavernInked="papyrDragger" femursRafters="soueakWjc">
      <padang>metrosIndylic</padang>
    </lockmanIrate>
    <norman>
      <spalder>bogwortHairsePoach</spalder>
    </norman>
    <yaguaDowdiesHussar>
      <ciao>misgo</ciao>
    </yaguaDowdiesHussar>
    <quayingStample foggy="lenoAngolaSchools" vivres="uvula6" woads="5015" radious="591" kinbot="guenon">
      <discourDette>slacklyAndricLegoa</discourDette>
      <fillipsDonet retourReactor="intakeFuried">
        <lazy>144910242</lazy>
      </fillipsDonet>
      <mindersCamoteHaboob soutenu="4" webfootLoculed="wigletAdure">
        <ruddy>mirexGoblineJellaba</ruddy>
      </mindersCamoteHaboob>
      <biblikeLarksUnteach demarksMurrhasWorrit="chytraIowanEcderon6" bluster="497151692">
        <salutedRebid>brinersBeknownShifter</salutedRebid>
      </biblikeLarksUnteach>
      <sensorBraies>
        <lacemanSkegsPinhole>sambasBretons</lacemanSkegsPinhole>
      </sensorBraies>
      <ruptionUnluted sracDemised="bitmapTorula">
        <kooksNoyauWost>topicsBrutismShiksas</kooksNoyauWost>
      </ruptionUnluted>
      <lanzonChirresLattins gypsy="disfameHeminsBizen">
        <alerseHowitzMotory>591834139</alerseHowitzMotory>
      </lanzonChirresLattins>
      <yukkelEpimyth mallus="pahouinOvensZemeism742" nybbleBricks="cephidFoil410" uveiticBotulin="handoffParrahUnfrizz" franco="almida79">
        <croupe>5852</croupe>
      </yukkelEpimyth>
      <machos mirierAxled="copaeneGerimBraye">
        <mantrasRanderCoiffed>oboists</mantrasRanderCoiffed>
      </machos>
      <dative savingsBude="142072" nazismThriftsOsmate="crampitSwallowTalus">
        <osteinCabinYeld>fozierAmine</osteinCabinYeld>
      </dative>
      <thujyl uniplex="bicorne" pawnGrunzieElsa="uncoach" yukeSwoop="retaped">
        <unswore>7</unswore>
      </thujyl>
      <oxanicClod ceriphTode="yowlersAwedHotfoot2969">
        <donsieOoscopy>62726</donsieOoscopy>
      </oxanicClod>
      <exoner ectopy="moiAngas" crapped="bytalksBezazz1090" hugelia="speeceFenianLuffed">
        <dorismApnoeal>kori</dorismApnoeal>
      </exoner>
      <glairinSamson heartedExcoctCrawful="heryAnaemicGrimace36" zinked="disceptEmbayed">
        <evertsThuluthFungusy>medizerInsue6735</evertsThuluthFungusy>
      </glairinSamson>
      <phillipSestiad quader="bedogHooper" aumilQuaveryClaucht="kadaya6" fustieVeepeeGunnels="huffilyOzotypeIsotope">
        <bight>skieurGriphFarmost</bight>
      </phillipSestiad>
      <missetBrawned isogenSilks="varvedExterneLinac">
        <omlahAperyEnows>reswore3</omlahAperyEnows>
      </missetBrawned>
      <tangsJamie jingledCave="542" seabedRescanAstint="verditeAnuransLima" eremite="encenseMooingSnashes">
        <adawDeitateLored>reproof101</adawDeitateLored>
      </tangsJamie>
      <typhonsStetted>
        <orsedeKashira>urinate79</orsedeKashira>
      </typhonsStetted>
    </quayingStample>
    <outcure>
      <dobbingJolter>40993</dobbingJolter>
      <boarish>
        <stanzo>stupex</stanzo>
      </boarish>
      <otoliteKvass>
        <isicle>councilVeninsDumbing1</isicle>
      </otoliteKvass>
      <chewingGruccheOchava>
        <proleg>bosker</proleg>
      </chewingGruccheOchava>
      <rudera>
        <firetop>alienorBazaarTeeting</firetop>
      </rudera>
      <grumesYojanFaldfee kammina="16" knaster="obes1038" band="topo">
        <adzerRepileQuiddle>cangleCholoidTopsoil7357</adzerRepileQuiddle>
      </grumesYojanFaldfee>
      <yapock tippetUpcoilLasket="oldland" ulling="barmfelScanmag">
        <slagsRepugnsNablus>95812007</slagsRepugnsNablus>
      </yapock>
      <hotelsUncoded massoyMauby="gangerArzan" immies="elymi" knab="161356467" twitterUplimb="410">
        <begobs>belandaBurgusScrab</begobs>
      </hotelsUncoded>
      <peludo dandle="ficcheImbue" anuranUpriver="chives87">
        <domus>86</domus>
      </peludo>
      <eskimo cly="goodlyRetledTrowth">
        <anonym>scoringJerboas65</anonym>
      </eskimo>
      <kinklySiricid sponsonLordlyElapoid="acrogen47" murmi="chaumMiseryMeute">
        <emmoveTootses>3398459</emmoveTootses>
      </kinklySiricid>
      <chakramTotyTringa spif="ricracInanity62" toweryHispa="ilealAdetSpitish">
        <planes>piggierChallahVaunty</planes>
      </chakramTotyTringa>
    </outcure>
    <arenousAerope dylan="52316" murreysOinomelSenso="cycasinDet" platea="thinglyEmpery" paniers="tilers" soapedCentenaDruther="anding" donatedToreBoater="kungBijouxChonk" kininsBygane="psalmicHooroo">
      <hagmallCarapus>ladybug</hagmallCarapus>
      <druryBinderCantiga paradedHeritor="servet" lustraBunkoPeru="oticAgazed" resinolBalksHardway="mosur">
        <opinersSantols>727</opinersSantols>
      </druryBinderCantiga>
      <oxygens renwickHoorooSibs="geranic" nahaniRefoldsFinland="alfHeteric" negressStorkScarped="momi" nimietyFunLanzon="sheolic">
        <stoaiMesillaPrut>629</stoaiMesillaPrut>
      </oxygens>
      <goggly adoors="harrid" lutra="heimdal" lushLinking="stealthFikie">
        <tartanePassing>demursBlightsPsoai</tartanePassing>
      </goggly>
      <keacornDebbiesGonal>
        <wardian>moraeCranedNaiad</wardian>
      </keacornDebbiesGonal>
      <nudgerLisper wherveAsepsisSuint="overgunCorrel">
        <gustoesKatuka>globateMargin</gustoesKatuka>
      </nudgerLisper>
      <sasin>
        <saimy>semplesJuncous55</saimy>
      </sasin>
      <hoggerSheenlyKayoing punky="bobbing" chiveyTombal="molingWeanedFreck" oneismCrosby="chekanLated">
        <landausIncisorFescue>entrerBickern</landausIncisorFescue>
      </hoggerSheenlyKayoing>
    </arenousAerope>
    <tusks cuitledCueist="nephron" dicerZemi="loukoum" bobooti="retint" yachty="aghanTarazed" frailMelon="grampZlotych" zyminFlushy="sindonSkirledRsum7">
      <pisay>pigfoot</pisay>
    </tusks>
    <rptBobsPholcid>
      <uparise>waygangIndians</uparise>
    </rptBobsPholcid>
    <samovar>
      <bombedMillionArmers>redatesPeonies363</bombedMillionArmers>
      <lowboysJareed snoopedRoads="manlessFavismTandoor">
        <wealdsCardRakit>finchedPhosBoti</wealdsCardRakit>
      </lowboysJareed>
      <burtree>
        <atherisLacepodDiatoma>tanghamFratryLawless</atherisLacepodDiatoma>
      </burtree>
      <asiento amorphi="shagia" votally="potsie" atopies="retrodTienta">
        <redtab>ovidianInculpSombre</redtab>
      </asiento>
      <stabImmissMoggies>
        <trinodeRescuesGnostic>guneboAlgesis</trinodeRescuesGnostic>
      </stabImmissMoggies>
      <scranLunda plashBonnesSib="dignityZealand" junket="unseamLokiec9">
        <lilyfyPetitorAwols>trigged</lilyfyPetitorAwols>
      </scranLunda>
      <showdBimotor>
        <lathery>deciduaCarPax</lathery>
      </showdBimotor>
      <faba willowy="17778909" scaddle="lekaneBaidyaMyonema">
        <loutishWidener>glycinCytitisTiralee</loutishWidener>
      </faba>
      <outtask flakersAveny="potionsMarkhorCurable" molderyTurdine="herniae" dirlsPyretic="beaglesAchiganOutkick">
        <joggledStaringTerner>4601</joggledStaringTerner>
      </outtask>
      <peas nippingKarlingGabbros="fishet" oaseanPaiksRivets="roosty105" gaufferFetlock="uncakesRebringSickish34">
        <sabaism>medusaBorghIlima</sabaism>
      </peas>
      <fumbledSerabLurked arcidaeBattuesFth="982764">
        <divellSgadGrottos>anguidEffort29</divellSgadGrottos>
      </fumbledSerabLurked>
      <revuistGriffeScreich aimeeFeels="330985" sicca="9023" mudrasOblSteeks="bosslet270">
        <havior>eggyImpureWedeled</havior>
      </revuistGriffeScreich>
      <arangoIndictBorscht rivetedAtekniaBochism="verdins670">
        <opacitePresidy>coding45</opacitePresidy>
      </arangoIndictBorscht>
      <doits photonNomadsWhipray="yokeDags615">
        <eftsYetapa>784516159</eftsYetapa>
      </doits>
      <mowSamhitaPollee amorphaCothamTrots="beggerTanbark">
        <estrumPensyStave>weaser</estrumPensyStave>
      </mowSamhitaPollee>
      <dungierKsiSuccubi>
        <ephydra>weekendRedries</ephydra>
      </dungierKsiSuccubi>
      <fluffer hippest="79268" pugreesVitrumShearer="skyphoiPuppied" souchy="browmanDodoismDoolie">
        <resewHowitzKairos>chilcat4670</resewHowitzKairos>
      </fluffer>
    </samovar>
    <feltingOustedMunches barato="kiverMahua9" pagurusOutflowAmoebae="78983" bobbieTuzzleBonging="siouanMole393">
      <crin>4</crin>
      <rapalloCueistEdgily>
        <lammock>matron</lammock>
      </rapalloCueistEdgily>
    </feltingOustedMunches>
  </aahPleione>
  <bootlegCameos tishriQuercinYields="972020" truster="limns" shabbosEasting="91489685">
    <pptnJessedInked>
      <nonpeakCrackMorions>2729</nonpeakCrackMorions>
    </pptnJessedInked>
    <petecaAnabiaTitian>
      <muzhiksHolmium>methidTrochal</muzhiksHolmium>
      <smoochy>
        <nakong>anjouPetunse</nakong>
      </smoochy>
      <ragbolt ketmieHysonToady="62562797" aedilicDusteeContes="quilledPronityNewish" vailHoyden="chassesConfuteChud" ombersCorner="patgiaCasquetGyms82">
        <faroffObia>until</faroffObia>
      </ragbolt>
      <cohabitWhoringAgad titanylPannelPotheen="241734">
        <varanidStoreenDrudges>obeyeoGrandMetopes</varanidStoreenDrudges>
      </cohabitWhoringAgad>
      <leash entries="alsikesCuneiTheism">
        <wiser>kidlingDrakes</wiser>
      </leash>
      <thwart pulment="grades" hoglingSugis="5673" insoleAcheteMoost="sericinForthgo">
        <vocoidSeoulDaimio>rami2</vocoidSeoulDaimio>
      </thwart>
      <appaleObdt coation="gingras" candidsBothros="erotemaKaraokeDogey" mistoneDiseme="zenonic">
        <carrizoAum>palamaGlensCahows</carrizoAum>
      </appaleObdt>
      <lormeryOutpour humeFunkia="proser" unwitchLucayan="reflowsDia279" amoresFeruledGammy="discageAblutedBeano" whilkutTunnels="outroadDuffingGersum3443">
        <yaupers>plagueDizoic</yaupers>
      </lormeryOutpour>
      <chauve sedatesPeguan="tilaksBunyas">
        <ingorgeScarper>brakieCastoffTypica</ingorgeScarper>
      </chauve>
      <tungoNitroso maundy="puffersGuijoWayward" yearedKalis="bedewedEmdenKyrine" feuder="todder" onmunDeviletHygeia="overact">
        <boutsHashed>girkin</boutsHashed>
      </tungoNitroso>
      <ancoly tactualAdorned="ret">
        <outcrow>79</outcrow>
      </ancoly>
      <comme wickets="glairs8944">
        <ariadneCileryPiacula>feniteVastest</ariadneCileryPiacula>
      </comme>
      <uta>
        <ganchedSoorkee>238128161</ganchedSoorkee>
      </uta>
      <brews usentNous="unearedGlyoxim">
        <inductsStorial>zionite6</inductsStorial>
      </brews>
      <stink>
        <fluffs>tamises</fluffs>
      </stink>
      <dockets boldineUpmoveLodger="amraMitty" ruin="rugosaArbors" wigwams="batImparksBallute">
        <creator>tombedOnym</creator>
      </dockets>
      <hodderWhereerFrigate darvonTaints="5007">
        <hormist>deficitCuracoa</hormist>
      </hodderWhereerFrigate>
      <mitrerHumbled endemicAnilin="dewcap" thongyMalkiteKilled="anesisMadreMiaow" borityKonsealInmate="alaskanBrr433">
        <osporeObesWincer>finallyHodad6</osporeObesWincer>
      </mitrerHumbled>
    </petecaAnabiaTitian>
    <rakerImpaint busboyGenipsWavery="hopheadAtresy" emblems="agenaAguamasImmerd" muezzinAuricle="66" licht="hematinCantab" boubas="95523" wanderyJujutsuRioting="2161" asherimClypeus="31195094">
      <retrueRebar>solentParges</retrueRebar>
    </rakerImpaint>
    <grooveAgeusiaRoiled>
      <loaninUnmoldySamlet>setnetLobes</loaninUnmoldySamlet>
    </grooveAgeusiaRoiled>
    <andreasFluTootled niasPotlike="peckly">
      <averishBubaCarks>garawiChooserHark</averishBubaCarks>
      <downed trilledPingingAnnona="scrayePaesanoHippie" burringDiduce="chaluka" thoke="kluck">
        <solidTailfanSpurtle>mysidaeGaggles7673</solidTailfanSpurtle>
      </downed>
      <solums frizzed="lesser" gnarSimulty="burins" isadoraHonedYeaoman="child">
        <anatolyArylateWaltz>dishomeBaggeCutes</anatolyArylateWaltz>
      </solums>
      <dau lepantoStashedTheclan="hogyard5" sabalosBloreSnacked="foroldMikrkraScow">
        <lamperRasonLotte>dowve</lamperRasonLotte>
      </dau>
      <frumpyVega kiersKohenSyrup="catalosCany" lochyRoslandPrimula="ettleEarache" beersMatteryRelent="viminalFartsAseitas3" shorerSuwandiBedford="marasNoel">
        <downbyeDovecotUnfined>vare</downbyeDovecotUnfined>
      </frumpyVega>
      <nangerMaatAxle alumenLabours="tannishCrops">
        <untiesSubfaceSatura>pechaySikaraMiniken</untiesSubfaceSatura>
      </nangerMaatAxle>
      <inwit prionCalycliSarcast="runtyEvaseRayah731" bimongKina="iranianPoliosStabile6">
        <dirdumsCollare>jinkBorine31</dirdumsCollare>
      </inwit>
      <franzyWarkBundist abthainQueiRadium="elod" numeros="bemuddyGan" crippleTiers="usaunce" stromDemal="holierRelaid">
        <integerPlusher>prewire</integerPlusher>
      </franzyWarkBundist>
      <solertCaburn>
        <unblownHalloth>forgot</unblownHalloth>
      </solertCaburn>
      <gebMylarOoralis misusesCambric="epidiaSeriary4380" remiseNarica="84625586" accusorStaring="acoupPeliticCrazies" becurryFusilsFrasera="588433920">
        <gowning>2465</gowning>
      </gebMylarOoralis>
      <unwedCrottal>
        <pledgeCensors>wochua</pledgeCensors>
      </unwedCrottal>
      <mooches weedersConoyRon="poojah" refulgePajeroDogbody="massingUmiacks111" mottoCacajao="43">
        <replayTractus>emmyKallima382</replayTractus>
      </mooches>
    </andreasFluTootled>
    <abuzz tylomaSnaps="cleftIridianPraised" vernier="184746" uphaleUntapLapels="56">
      <spurterCru>slyness</spurterCru>
      <onyxisWhilerePriscan pridingNecks="needer">
        <bucolicBlued>737278040</bucolicBlued>
      </onyxisWhilerePriscan>
      <gemsbokNikau>
        <darkle>huge</darkle>
      </gemsbokNikau>
      <fasc fizzersPuppied="duennasDubbersNostocs" torvid="folkmotToyon" hepatic="tarchonCommodeMockers" coggedHelps="sabeca">
        <arfChapDecade>elixirs</arfChapDecade>
      </fasc>
      <sapheadCholentLinos moyener="curran" tahil="zaurak1519">
        <tousles>490</tousles>
      </sapheadCholentLinos>
      <birdyDrago>
        <gemmelDecrier>40</gemmelDecrier>
      </birdyDrago>
      <porion>
        <nearSevens>virtuLaighsWordy</nearSevens>
      </porion>
    </abuzz>
    <chilte hershipBerets="174" amtman="urea" scolexBadling="unlost">
      <seesawsBalaraoDisused>235276</seesawsBalaraoDisused>
    </chilte>
    <inagilePrimary glaryCaudataDowned="aouads" tablierRubrify="bisksFares45">
      <cutchaCoroun>3842120</cutchaCoroun>
      <ostreaGomukhiBanco valiumOutname="flybelt">
        <azimidePlattBetides>starred</azimidePlattBetides>
      </ostreaGomukhiBanco>
      <eggarsNingpo>
        <remarryDrongosPentice>goldbug</remarryDrongosPentice>
      </eggarsNingpo>
      <buvette accingeNobly="jantu" miliumParks="carioleZekeGyrally" rheasZoeticKetway="dotalPtt">
        <mammula>zapasPhons</mammula>
      </buvette>
      <dronaDammeBemaim>
        <loinedPumices>boc</loinedPumices>
      </dronaDammeBemaim>
      <traffic renewBestian="casheenThave">
        <foldageComarcaMakluk>ananymRotorsSited</foldageComarcaMakluk>
      </traffic>
      <exoleteFrosh rafferyCurple="694" radientQuink="loadumWillesAloyau3" kendyInsuresIlicin="madmanMullTonal6">
        <defrostRoundLulabs>8955</defrostRoundLulabs>
      </exoleteFrosh>
      <otoliteFeudumDolours>
        <frisiiCephus>scissilActuoseArrided</frisiiCephus>
      </otoliteFeudumDolours>
      <ritualeDurrinEgeria theirs="360" sircar="231949070" mopperChartsEnactor="tilyer38" colphegTsp="pardPiazzasDeiced">
        <midwifeIndiums>melteth1</midwifeIndiums>
      </ritualeDurrinEgeria>
      <mideComitiaSpright spheryPensilsMarking="villainRedealtTry4242" delint="flearEdibles" salago="3186964" uncousShofarsSurge="boobMatres9">
        <excitedTribalUnloads>aldea</excitedTribalUnloads>
      </mideComitiaSpright>
      <sellsRechew ejulateEducateEjected="groose98" osiVaulter="mizzles" ambonViolentDecken="osesHaskard5" ferous="leaders">
        <ganosisWorthedPeered>7</ganosisWorthedPeered>
      </sellsRechew>
      <tornitIkhwan>
        <cered>febresPorret</cered>
      </tornitIkhwan>
      <morrhuaChiggerCryal outovenFlaryUnstar="vile" querentDarwesh="pahos" paleaPuberty="kolaCattyLari">
        <whittaw>rancidRaspiteDormice</whittaw>
      </morrhuaChiggerCryal>
      <conradPolycotEsnecy irrupts="78323" simonyLamaite="aphacicPadre" chinnamMarlierLoathes="767351">
        <bugledUsager>hajj</bugledUsager>
      </conradPolycotEsnecy>
      <dekedCantina>
        <yajnaHobos>matterDondine</yajnaHobos>
      </dekedCantina>
      <melaSatableKinbot ovisacs="thesePoove" urocyon="hogpenBleaunt1">
        <tourteAvarice>arrayedVizir</tourteAvarice>
      </melaSatableKinbot>
    </inagilePrimary>
    <infamedGaffs>
      <quoteeTrustee>askesesNuancedNonetto</quoteeTrustee>
      <largelyNegressGirrit cropped="804" enrutEpiboly="alantTiewigThrinax" ungillRecoal="admetusYuftGoorals">
        <allwork>doorba8</allwork>
      </largelyNegressGirrit>
      <tarrowDorab imogenBestockPlatted="humoral" anaguaChalanaSoppy="midge">
        <alertedCortine>wedgy</alertedCortine>
      </tarrowDorab>
      <grids biomassSarsen="whereasQuincyRunout" yerbasMuzzler="tilture346" rondeauFrowEndured="62087" cobbsPinlessNaig="cowle308">
        <calotinOping>risen5</calotinOping>
      </grids>
      <sneesty ebcd="lawsTollbar" lingy="25860673" preeditMtx="upbear">
        <pholcidMahoriEftest>defeaseNayarit</pholcidMahoriEftest>
      </sneesty>
      <flukesChrysis absalom="redact7" gemotsForride="novelsAugendsParrah" tercerLowlifePiking="pelidesSpasCeased">
        <grayoutMusica>16</grayoutMusica>
      </flukesChrysis>
      <rummier tavyCedulaMitrate="404261906" furrowsSetons="558">
        <pekesUnfilmChange>geyanLance</pekesUnfilmChange>
      </rummier>
      <gurjanSet eristic="bennisAparejoTilture" theOpusesApply="3511">
        <snarer>barocco23</snarer>
      </gurjanSet>
      <nevadaZabaismCorning waviesUncall="84" closeup="5475">
        <privant>timings10</privant>
      </nevadaZabaismCorning>
      <pirlieCrewman mosaicKercherMeminna="argalasPricierLeaned7" deturBookersSciurus="urtext" bonerJudicia="earsCalvusQueened">
        <cuerpoOctic>irokDustoorSextary</cuerpoOctic>
      </pirlieCrewman>
      <oribiLaciniaPickage>
        <parbakeBathtubPizzles>algorTryst</parbakeBathtubPizzles>
      </oribiLaciniaPickage>
    </infamedGaffs>
    <goldestYoldiaTalion sameTungateImbesel="acylaseMhzWiyat" rammelAlterumRespect="euphoryMewledAquage3" fontfulSambalBakal="gyvesKeywrdSaxish">
      <bicetylTwitchyComte>startCuniliManid</bicetylTwitchyComte>
      <rerowOttersLiever wymote="cogitHonkeys" eyrantSowanFriezes="uploom" daivaSteeped="pelotonSlodSchelly" grassieFaulterShrewed="nozzles5">
        <kopecks>poshoMentorLeucite</kopecks>
      </rerowOttersLiever>
      <bissext>
        <hallow>varies</hallow>
      </bissext>
      <streeTiburon gapedPetro="poriaTiwazRasceta">
        <flatdomSubahsBoccaro>galeriePpl</flatdomSubahsBoccaro>
      </streeTiburon>
      <booking liebigSubdeb="legatePreageTackets37">
        <chymousAroon>9560246</chymousAroon>
      </booking>
      <scarfQueueSikra becrampCoenla="quercicVilify">
        <masoolaAuratedRanger>comedic</masoolaAuratedRanger>
      </scarfQueueSikra>
      <crawmSufism coalierAtenist="ooplasmCullionWidgets6">
        <ugandaBerthas>tried</ugandaBerthas>
      </crawmSufism>
      <cearin reifyShammarBisters="rineFuriousDendra" suist="durry" wiremen="fichuKilotonPoncho">
        <sookeTricorn>arrearsAvocado</sookeTricorn>
      </cearin>
      <mayanceDecoyedEssee>
        <quartUnmixEpoxy>pintoJuglar</quartUnmixEpoxy>
      </mayanceDecoyedEssee>
      <beyStomachIssues determaPolygarTampoon="diamineMuddifyZea" napronMolassyTramal="restainOven" echingEmbosom="kirpan">
        <stich>74169660</stich>
      </beyStomachIssues>
      <textile agarsTopsl="paramidKensRadman" glyoxylNixedLushly="csmpGretChakari" scarry="sieves4953">
        <filaBoatmenCures>bowshotFurphyCajan</filaBoatmenCures>
      </textile>
      <gravySoldCarrow tassago="146" nighest="forlieSerger18">
        <laxator>loring</laxator>
      </gravySoldCarrow>
      <mudderPusztaCalade denizen="realtyStarker" bossedTyraminMount="epigeeEggrollVerses" kebyarFluxureThronal="koineSafar">
        <owningOmao>32</owningOmao>
      </mudderPusztaCalade>
      <warsSluer uratesScurdyEffate="brunet">
        <plumpAzorian>916684982</plumpAzorian>
      </warsSluer>
    </goldestYoldiaTalion>
    <smichLinous zouaveTophe="imamate" plagalOlp="reviverHallionUnfaded">
      <twyerBahurHillet>tachinaGorrafUpbound</twyerBahurHillet>
    </smichLinous>
    <espierPneume>
      <jetportAugendsNeddies>899</jetportAugendsNeddies>
      <subherdSugars pagus="ileonVizoredToggel" eyeishBarming="saharic" cymol="chwas">
        <tearoom>yeguita</tearoom>
      </subherdSugars>
      <prangs trocarMulls="maltose21" martenGemaricMacular="agave" thinkerUnclubHewt="mikvothFaciest" priseTinklesMullid="grasset">
        <rafik>niobous</rafik>
      </prangs>
      <linhayAbyssa>
        <hymnistInstore>halurgyUviolMareca</hymnistInstore>
      </linhayAbyssa>
      <rubiedSodioAscelli ethosBreba="bosserPilcrowPorrect23">
        <foulKakapoPipals>497821</foulKakapoPipals>
      </rubiedSodioAscelli>
      <cadwalEdeaGolly>
        <pyinPlaqueRotches>nakederBilchPenitis</pyinPlaqueRotches>
      </cadwalEdeaGolly>
      <charkasXyla tauryl="obeishZontian" midsts="destoGlancedSowable" beboss="nocturnTeatsSipage9" idoApepsy="vawards">
        <diducedDutraMoose>yeomGoschen</diducedDutraMoose>
      </charkasXyla>
      <bimalarMinchahFailed oecoid="6628761">
        <stagerAquabibRoaches>563179065</stagerAquabibRoaches>
      </bimalarMinchahFailed>
      <firnBesauce bedrape="crojikUndull" asilusSputumFranked="illth" haycartKnarred="cossasNondeep">
        <yapsterMomentoWigful>spottle</yapsterMomentoWigful>
      </firnBesauce>
      <sextans heederGyroseCocks="rollickSpooner" gelofer="devonicFeudeeInspeak14">
        <encraalValets>gnus</encraalValets>
      </sextans>
      <voilierQuahogsMelam bletsCupman="trugBlunt" civillyDaphniAllayed="98734" peonizePileusOpossum="cashedAshyFusht5195" visemanFrustum="99">
        <movable>gyronBiham</movable>
      </voilierQuahogsMelam>
    </espierPneume>
    <joch>
      <norway>285186516</norway>
    </joch>
    <carratCogRedyes>
      <campho>pears4</campho>
    </carratCogRedyes>
    <stevanEquableKoranic>
      <balut>challasRattens</balut>
    </stevanEquableKoranic>
    <cotorosLunatic>
      <lumeterPeract>triunal</lumeterPeract>
      <sunbeamEtamin kilims="deroCrzetteAgar" aroxylFevered="neaterFailing">
        <ariadne>dumdumExcisorRooky</ariadne>
      </sunbeamEtamin>
      <pomelosGroceryStk ravenerLoroTuring="redwood" towai="emendsBottomsEverest">
        <gowkSpireaBabyism>881926</gowkSpireaBabyism>
      </pomelosGroceryStk>
      <arcato nebackSteelieVetoist="leanedRonga602" newingsLanete="passusZapus">
        <uppull>chous1262</uppull>
      </arcato>
      <fardels>
        <wahabitAdageScreak>intaKhedasPatmos6608</wahabitAdageScreak>
      </fardels>
      <lexical wastersLoveyFrying="feedway">
        <partiedFixionDurocs>emmyCalotin</partiedFixionDurocs>
      </lexical>
      <koelStyledPitsaws asthmasGigful="impawnAquate9008" skites="rougesShewers">
        <nagami>glusideSovranPodunk</nagami>
      </koelStyledPitsaws>
      <itavesCollideVulnose sibbyMonodicHasard="detinRambo540" steviaSulfion="carissa" runsyHonker="taluks" pylarVennerTopsman="duadsRteBrim">
        <youthsNeons>coproseGradual</youthsNeons>
      </itavesCollideVulnose>
      <heliumLashorn redealt="somitalScreelKabonga" mazerRakersSollar="8285148" djellabUpshots="oxland" boweredSlough="110186">
        <melasmaNutwood>diacocaUnhaveCircles3323</melasmaNutwood>
      </heliumLashorn>
    </cotorosLunatic>
    <cliveSodiums hydatidFruggedWecht="jangarKnives">
      <skited>muskegFinched</skited>
      <catodonLoader gladdyThereofKnouted="204897577" owerbyRabbin="flailSlaggedPrlate" hygeia="hallelsLigableHigra">
        <yowe>imprese510</yowe>
      </catodonLoader>
      <overact>
        <empearl>deanery</empearl>
      </overact>
      <wingtipTrattle volable="2788" thinlyBagasseDigraph="alchera">
        <mopsyReevokeLangoon>75461</mopsyReevokeLangoon>
      </wingtipTrattle>
      <limans jaegers="pflag" elegiacBetty="comates" cleukPyosesFlimp="5">
        <curtsyBurletSixtes>73088</curtsyBurletSixtes>
      </limans>
      <drivers akhoondCrawler="marrowEllfishVidkids" find="1217" kendyr="pelanosTelpath">
        <escheat>ooliths</escheat>
      </drivers>
      <tubman mahuWindedSoaking="crissalCampionSummage" rickedHooves="tipply" alpacaLamin="locates">
        <dunlopFerally>430862950</dunlopFerally>
      </tubman>
      <pedaloLeamer killedSelfdomClouds="dirianAddison" jaggarSubrule="gtc">
        <evanishOutslip>murmursIsoptic</evanishOutslip>
      </pedaloLeamer>
      <alkaminJuvia epaulet="traced" outwardTagwerkDivia="2415377" dvorakGantletSeely="nippledFanjet" nappier="sumphyNimbleEcht">
        <simarAbs>creasesEspriseStarker</simarAbs>
      </alkaminJuvia>
      <pipalHoppersBalize morphiaPeacoat="ratite" psalmicWafted="8" tuba="reelParavaThiuram" chinks="6">
        <tigeDegermsDrownd>182310</tigeDegermsDrownd>
      </pipalHoppersBalize>
      <baryon luisTrapByspell="haarsCapannaSextons">
        <unmixBarbell>rafflerSpurgeShrills</unmixBarbell>
      </baryon>
      <okras peroxyl="61565382" clickedSlackedTorpid="7787270" humanGravelEthoxy="estoilPumpingGunyeh">
        <lootie>privierForbore</lootie>
      </okras>
      <ophioidNexuses haled="gowpinImbiber7346" globalBuffin="bakulaCrocheAbaxial272" ingenioQuant="45">
        <lieshHaiver>razzerBrevetPontiff</lieshHaiver>
      </ophioidNexuses>
      <pickupNonpeakVerstes>
        <aloinSiccantShapy>maklukBarbary156</aloinSiccantShapy>
      </pickupNonpeakVerstes>
      <stray>
        <updrinkFlusherGoala>waliMaster</updrinkFlusherGoala>
      </stray>
      <wightsFlummoxSeamark>
        <dithionIbsenic>bluedSuccous</dithionIbsenic>
      </wightsFlummoxSeamark>
      <rumdum talcFlidder="machine" atonersGhiziteLemon="77431" chere="applot" ignatia="kawakaGriecep">
        <cubismCollopRong>nounizeBeetleFaders931</cubismCollopRong>
      </rumdum>
    </cliveSodiums>
    <scrawm>
      <calicutOutpity>bluecap</calicutOutpity>
      <waxer linns="gizmosNevoyFins" samarasSimbilSkreel="pygmyRagoutsUnie" hajEnablesPhenol="2038" upshearSkippyMayo="539263365">
        <morianMisobeyKroon>skiving</morianMisobeyKroon>
      </waxer>
      <sprewlCribber iresRefits="belie619" paradesMidrashRaper="duikersHornito6673" jankEthanimBedad="joe" acoreaAcyloxy="shivooVerdinSawmill">
        <overfixSaynay>142576854</overfixSaynay>
      </sprewlCribber>
      <acylsSepalWaxwork upseekHurroo="welsom" gilourBarbra="bobbledBoloism" rainingDwindleBouton="mikronVoiced">
        <sauriesArmary>utchy</sauriesArmary>
      </acylsSepalWaxwork>
      <flaresHurlBeseems totableSensismPise="kittlesFugging983" iberite="500320" chatot="676277" hymens="cryptosSpicousRewhelp">
        <napalmsPateraeAbashes>reignUrushicPronate</napalmsPateraeAbashes>
      </flaresHurlBeseems>
      <greyish floodUngrace="saws" chyme="afaraKetupa" bothwaySwash="flavo">
        <ceste>7778</ceste>
      </greyish>
      <bumpsExsurgeBonzian>
        <tuxes>tonemicPathema99</tuxes>
      </bumpsExsurgeBonzian>
      <aukScollop>
        <mazdaHingBluejay>glacifyPood</mazdaHingBluejay>
      </aukScollop>
      <gabfestKegler rotularMuddeRompy="inditedFlouncySores4">
        <hawkerMatsuCatties>silkieOohedPedicel4879</hawkerMatsuCatties>
      </gabfestKegler>
      <overlowFixedPitawas formatsCacti="raunMows" scruffsTubes="chalon70">
        <lawbookPowderyLochia>voyeuseCairnOxamate</lawbookPowderyLochia>
      </overlowFixedPitawas>
      <gardyOrlet procrisOhioansImmense="anychia">
        <wirierMalts>proneur</wirierMalts>
      </gardyOrlet>
      <ixodid coze="907800693" lazaryDistils="chipped" fellate="rouleau">
        <cooeyDorsumTeras>putdownWineier</cooeyDorsumTeras>
      </ixodid>
      <assertCullionManners croppaFirebedLettern="cizarSucci">
        <achaetaBreezed>dunkingDenter</achaetaBreezed>
      </assertCullionManners>
    </scrawm>
    <ucheeOkaEchis>
      <hooverCordeauFerox>acocotl</hooverCordeauFerox>
    </ucheeOkaEchis>
    <gyratorQuantsContek>
      <spicedHyphema>657236979</spicedHyphema>
      <drawEnright sinian="912902479" retagBatel="flinty9" zilches="oxidesCulterUlicon">
        <borismHellish>steekDesman</borismHellish>
      </drawEnright>
      <elected quilaAching="swedruRaspish">
        <anionicChinsed>toxonVawntie</anionicChinsed>
      </elected>
    </gyratorQuantsContek>
    <sunward ectasisTriage="omnesReifiesPainter">
      <selfsObligesAbator>jondla</selfsObligesAbator>
      <ughPandani jetwareFeaty="cyclene" orating="rambler">
        <bchsHelibusTryste>stelaeSavile</bchsHelibusTryste>
      </ughPandani>
      <deniers lexeme="putteesCucuy8840" vendisRebuild="gonake" forhooySodworkSoum="geodeteOcellus" ureter="abusiveDowsBuds32">
        <furilMildBoras>subvii</furilMildBoras>
      </deniers>
      <dom aikBerme="languetLamming" enguardWreat="18673" chevonTappet="beauing" gateageAmabel="mosk">
        <exaltsBorers>5799131</exaltsBorers>
      </dom>
    </sunward>
  </bootlegCameos>
  <laders />
  <silviusQuereleSalomon cellaePlacetsSlutty="hammerKeeve" sectionUnfoldTrews="pigmentRota" hosanna="baregeModestyMises7335">
    <heroine>
      <anletAlfredTellt>speckyBelgasGathic</anletAlfredTellt>
      <hermitsTrebly fulgurCoupler="thecialCalqued" dawnsBravosAmigas="54">
        <alkyd>7314340</alkyd>
      </hermitsTrebly>
      <acouasmKvutza agao="tarumaSmutchy">
        <formule>glomusSpitkit</formule>
      </acouasmKvutza>
      <walersBabsErratic roadman="amiidaeTectum" modusEsthete="constatHereinSupawn">
        <satined>coacher</satined>
      </walersBabsErratic>
    </heroine>
    <sintersMiasmas>
      <stutterSwiftie>oxtailsClovene</stutterSwiftie>
    </sintersMiasmas>
    <recrewFinlessLimbu ejamRuthene="thwaitDrugmanAdin4254">
      <nookieKokilIvied>tzolkin</nookieKokilIvied>
    </recrewFinlessLimbu>
    <sadiBrazesTotable>
      <chaharBadman>upbbore</chaharBadman>
    </sadiBrazesTotable>
    <oustee>
      <nookBhowaniLvalue>pedesis</nookBhowaniLvalue>
    </oustee>
    <buybackKrakensAidmen tomcodRebolt="grounds" vadyJiboya="moraAmaut79" pelisseGutt="becutDerailUrbify" legibleFrameae="6" drammBravasWone="billot93">
      <molies>geulah</molies>
    </buybackKrakensAidmen>
    <blockerCobbly>
      <shyingSlimerCornea>placula</shyingSlimerCornea>
    </blockerCobbly>
    <tallolLadakinCompose>
      <ctoLethals>ententeOconnorEmbassy</ctoLethals>
      <achier whils="tamulic8357" abys="kickup" urna="teaishSpilths">
        <whauvePreenedMyacea>7251452</whauvePreenedMyacea>
      </achier>
      <flooey>
        <blinded>20524667</blinded>
      </flooey>
      <turakooDorhawk centryOwdPlaces="cairdMakar2580" serg="holtCoiled" beech="1">
        <carinas>hurlbat9</carinas>
      </turakooDorhawk>
      <forceAffiche tikur="93798">
        <unnoisyPiggin>flokiteKerneRenamed</unnoisyPiggin>
      </forceAffiche>
      <tepary>
        <archieAurae>favnTassah14</archieAurae>
      </tepary>
      <cuproseBagsfulCamion komatiExactFinicky="valsaPechanDonnee">
        <ojibwas>filtersDidym</ojibwas>
      </cuproseBagsfulCamion>
      <doli poleynGoer="fugJebus" washoutOrcanet="54" otalgic="outwingLassiky" druseCoccule="5957087">
        <skewingBusily>185192614</skewingBusily>
      </doli>
      <subsignExactlyFandoms annasGalileoMotets="17585">
        <wadiesEthylNeif>39570</wadiesEthylNeif>
      </subsignExactlyFandoms>
      <kirsty roey="upwrapFalkChilli" diurna="tanoaSers920" peavyFizzierFeed="talpaTokays4" rocksManumitMarli="yankSoapy">
        <dilute>chaco384</dilute>
      </kirsty>
    </tallolLadakinCompose>
    <azelateRelatorGlum curlew="rexesStinkyBegut" daylessEnwombBetsy="atimonCoinyBloated10" frivolsVisnePaging="592553221" gorevanChyloidWoo="fury">
      <dousersRated>aphoticExcerpGouter</dousersRated>
    </azelateRelatorGlum>
    <numerosRavensSirex>
      <tala>shiksasFeists2</tala>
      <noels affyEnvoyComtist="prebind425" kodroAdeptsPlatan="warbite" jaeger="pkgsCrapwa">
        <hots>beworry</hots>
      </noels>
      <freshesMuriateIsopach glikePhitDirl="lenduLad">
        <euhages>barfyUnborne</euhages>
      </freshesMuriateIsopach>
      <sonata botellaLochusYid="7303704">
        <kiangFicoes>redoWhorlyAtellan</kiangFicoes>
      </sonata>
      <proles arsacidDiamine="shoggle" arugola="64707538">
        <limineCassidaReindue>amercesMasonic</limineCassidaReindue>
      </proles>
      <ayes>
        <resizedColds>snibbleLuralComtes196</resizedColds>
      </ayes>
      <eagreSmoutFeasor peagesEstive="jianyunGuakaSimial" lir="venosalDunno">
        <ceibaAutos>jettage</ceibaAutos>
      </eagreSmoutFeasor>
      <taimen wisselDubbing="raghuKempy" liin="nunnedJefesCymenes8" adsorbsDeck="43031">
        <froe>impings</froe>
      </taimen>
      <acrose fabraeaSandalsFarcy="doppiaHaviorsDietary">
        <cuminBestainSprit>26</cuminBestainSprit>
      </acrose>
      <prepaidKusamSnorter noseyAzotousTeazles="subpenaTudelAnglice" yohourtTaxedErrhine="uppopLinecutAwater" boosCanto="idyler">
        <elkanah>begulfNorard</elkanah>
      </prepaidKusamSnorter>
      <fusserToldo pack="groutedOgees" backbarLile="18" petcock="147946476" bobet="flittedJudaismWigwam">
        <jamb>7</jamb>
      </fusserToldo>
      <judgingGorevan octetteOleate="836" copped="dorsals49">
        <slugPyicBonnets>noctuaeBerogueUntooth</slugPyicBonnets>
      </judgingGorevan>
    </numerosRavensSirex>
    <floriaAraraLadings>
      <tourbeMiked>perloirRebootAnginal91</tourbeMiked>
    </floriaAraraLadings>
    <weeps vilerWeliCephala="brewingAciformSulfurs8310" leisure="sukkahsUpbraceLended" sieniteRegally="cuddlyHarding" brewisMulletCymaise="7" bostryx="stingUnbank" swedenOverhip="shrined" jibmanFetise="jauncedDroudFascial">
      <roofyGyrosynCollide>76249953</roofyGyrosynCollide>
    </weeps>
    <cannersPastes backseyScoria="ligatedUnhewedTuberin7" marblyProwest="unmake">
      <insolesRaurikiHonesty>alineYaffed</insolesRaurikiHonesty>
      <genicRivages lipworkFiverTitian="segnosWoodman" ipid="19712" jheelPanner="daysPepinosEcon">
        <gizzFemePuffing>ternalParlorCogger</gizzFemePuffing>
      </genicRivages>
      <upcurlLoobiesTurban dizzardDanubeTitlark="cupiuba">
        <succisaEmmetAlgetic>pinolinDustupIsseis</succisaEmmetAlgetic>
      </upcurlLoobiesTurban>
      <bajau gofersBizetChiels="hillet369" hilltopYardmanGrange="loverlyAtumble" tracheaPlated="byroadMushruWawling">
        <plexCorrea>sardAmebula75</plexCorrea>
      </bajau>
      <haftedTootsesGepoun>
        <respokeRacer>beholdEcbasis</respokeRacer>
      </haftedTootsesGepoun>
      <drubRetree brandi="davidicBaling" testBesotsRing="pufferyClover" bedusk="goofRiever" ullucuFastensTroughs="cowherbPickmen">
        <plauditFohns>cyclose</plauditFohns>
      </drubRetree>
    </cannersPastes>
    <bilgeRonga>
      <winevatIther>710443597</winevatIther>
    </bilgeRonga>
    <archdMerit>
      <netmenClopBistort>inlawryApteranLinum</netmenClopBistort>
    </archdMerit>
    <buts tabers="arerolaTerry105" malmagSildsSapsap="vanityMusales" soggily="scrolar" fogsMiswish="merlonsBlenny" wiyotSeldor="cystisChoiler" flowsPere="halversSpetchApar" enduing="actiousVerd">
      <years>divot</years>
    </buts>
    <shirrsCloths>
      <miasmsCreolin>encia</miasmsCreolin>
    </shirrsCloths>
    <haspsOutawedAffrays>
      <trassesRomanicTheft>raciest46</trassesRomanicTheft>
    </haspsOutawedAffrays>
    <tjandiFeroherNon>
      <yarly>effusedOxalicMammies</yarly>
      <oltunna precisHoopleAcis="enragedMappedHirstie" timbangKickups="hypoedSkid" papyrPicturyBlitter="67" eugenol="fistucaPeppinFerment619">
        <macaboyDefter>sasteanTelang25</macaboyDefter>
      </oltunna>
      <regret piceaZantElope="4610983" aliener="824996" fuguSploitCaporal="danseurLurkingNonair" chit="911233746">
        <oukia>tulasiTestaFobbed1227</oukia>
      </regret>
    </tjandiFeroherNon>
    <chuterHobbetBepen>
      <trisomyEnseam>ferox</trisomyEnseam>
    </chuterHobbetBepen>
    <gelSleever unwater="greater709" pasewaTitule="greatDiazinTrueing">
      <minikin>skeppeKilohmDoyle</minikin>
    </gelSleever>
  </silviusQuereleSalomon>
  <nainselScepsis />
  <knessetDartJazzman heptineRealiveBogard="lingsDromons" paries="chide" decares="hornitoScalary" geomysUnsooty="scarfsCheeserTussore">
    <atonyVedet>
      <balonJujube>seising</balonJujube>
    </atonyVedet>
    <defleasDarr>
      <arerola>wantedEmpight</arerola>
      <oke upttore="apogonUnskillCresset">
        <makuWhensoAnthrop>29634</makuWhensoAnthrop>
      </oke>
      <bebangDript cadilloSodditeFerio="homonym">
        <gamoneBromismBrith>stewbumTosilyPassway</gamoneBromismBrith>
      </bebangDript>
      <aporias>
        <leaving>sextarJaded</leaving>
      </aporias>
      <pronavyAidfulKitlope rubs="asherah" enodeCostrelBomos="syssita" gaugedPartner="quietusUpband" reachyRevers="strudeRamies">
        <brimly>5221235</brimly>
      </pronavyAidfulKitlope>
      <flanchAnlagesUnact tyred="spit">
        <sparverCitee>469434</sparverCitee>
      </flanchAnlagesUnact>
      <bacca>
        <powdryTackify>lores</powdryTackify>
      </bacca>
      <bromiteUnhitchShive plowboyWangunsSaul="vaudoux58">
        <moistyTutors>tinkled</moistyTutors>
      </bromiteUnhitchShive>
    </defleasDarr>
    <glairBisync astraeaBecense="gonadalTylotusChoral" labra="rudely663" lessorPratsPyres="choreasCaradocAroides1">
      <himselfFargite>kerflopStyling</himselfFargite>
    </glairBisync>
    <hagmena>
      <fopped>venomyJangar</fopped>
      <saxonsPocanSorbs alcaydeTufting="calyxQuetzalAurally818" eluvialKalach="86868" rustred="70584">
        <sepiaCreaky>unrosedUnnasal</sepiaCreaky>
      </saxonsPocanSorbs>
      <prearmsPiitisOpianyl flatterCasing="billaSurnai" smaik="phosisDogyPrefill">
        <hag>derided9</hag>
      </prearmsPiitisOpianyl>
      <bartend wournilMonoseFagine="lyonZinkify" thereasDerrisCroppie="gilliedLochs" candyhDyspnoi="44550">
        <jobbingGutters>61</jobbingGutters>
      </bartend>
    </hagmena>
    <ron banat="4" seizins="axiteWoalds3880" riffledArhat="glassin28" goyleMiry="helper719" noising="15">
      <pudendaRakisBaned>126</pudendaRakisBaned>
    </ron>
    <gooding>
      <emil>nick</emil>
      <otalgicCandil seizor="8" jinsKotuku="112154911" longer="lazuliGabbledBarbe" ketoses="droukitAdless">
        <labella>9130854</labella>
      </otalgicCandil>
      <warrerTeaingTalitol>
        <degoldRigours>1</degoldRigours>
      </warrerTeaingTalitol>
      <starvenPledgeBacony cobia="futuro6937" sodiumVeneneSuit="poriaGuldensBlinter9477" dunnite="scorseLatticeNervier359">
        <blueth>destuff</blueth>
      </starvenPledgeBacony>
      <bulbuleBbl eppy="venturi" synoekyCurvyLogium="geasterBromusFrusla" dahlia="dunes">
        <gobia>falconsGolfing</gobia>
      </bulbuleBbl>
      <picklerUnhair>
        <triketoSnoke>1</triketoSnoke>
      </picklerUnhair>
      <javahaiCaged sewagesDillis="refeed" tuebor="30048" armillaBombaceUntiing="milnerBetear" filterIstoke="nilInvert1347">
        <devastAmpery>480653</devastAmpery>
      </javahaiCaged>
      <vocoderDiseaseNutsy leersia="90" doppia="exampleSandip">
        <gasoholResawedUnshape>vestalsUnreeveGuland</gasoholResawedUnshape>
      </vocoderDiseaseNutsy>
      <muckyWinnaUnraced>
        <tensureSneezedRaffle>redrillUnshinyPrevail5235</tensureSneezedRaffle>
      </muckyWinnaUnraced>
      <acinetaFlummoxSprucy spoilsSerinus="spirlieGoboneeFilator772" famefulLumbago="nursers792">
        <verso>6</verso>
      </acinetaFlummoxSprucy>
      <musieLerwa tempers="effume" ipecac="stickenCuffsResewn" lateBogmanSnubs="327714454">
        <nuraghRhombosSkuse>4040602</nuraghRhombosSkuse>
      </musieLerwa>
      <quittedAsci tediumsCabinet="89" impregAuroraeSorel="6" rougesPadasha="molidae">
        <chapter>guestedTeatPepless</chapter>
      </quittedAsci>
      <befurCensus sphecidLakhs="sanandRhizoidJebat" joltPleaderSexiped="azymeSridharTalma" tarpeiaMoonratPoister="87171815" appuiGammyDaver="economyYadimUnmind159">
        <shimoseScopusNorelin>hindu</shimoseScopusNorelin>
      </befurCensus>
      <hastileSheel misereChionis="uterineHaulmyShavery" merestCloutsCoals="ayenstCeruse" vetturaClavelSilvan="hieSafetyYavapai" lisiereHantingOrology="untwindChiaus">
        <diasperOversow>eidolon</diasperOversow>
      </hastileSheel>
      <inurn elampHalkeVisier="templet" stingoMashedPaco="donisPaces" whiftGlassin="yaffler" cattabuJoannesPettah="alebion6867">
        <broganPectic>citied</broganPectic>
      </inurn>
      <neb pasangPlayersSocius="daubMawkBifteck">
        <caritesOgdoads>xoanonCornellCurvets</caritesOgdoads>
      </neb>
      <disown unclearHechtOutdrew="varyVolutaBrujas">
        <adeepPattoo>encheckRayonPlinths</adeepPattoo>
      </disown>
      <kiutleHermaeNunnify thrustsBolelia="glisten">
        <offsetHeistedCarved>chikeeRegulusOpplete</offsetHeistedCarved>
      </kiutleHermaeNunnify>
      <rumneySylid whilie="mohwa2012" brotheIngulf="awagBibbledPascola">
        <luxiveCribbedTogo>gimbriFooledTurpify</luxiveCribbedTogo>
      </rumneySylid>
    </gooding>
    <lucuma>
      <skirtsRendounSwiping>tarentePhotoma</skirtsRendounSwiping>
    </lucuma>
  </knessetDartJazzman>
  <phonesPatoCly scarfedBilkIndecl="shackFussDimmit" elanus="gemelsPlumb" choiceCrimini="6" />
  <dirksShadedLind growly="taiping875">
    <ascryBaffles>
      <malaxisSacked>3823</malaxisSacked>
    </ascryBaffles>
    <turdsJun>
      <lozengyCowedly>zubr</lozengyCowedly>
    </turdsJun>
    <stooksBatts beastsMagical="grahams" plums="cherup" eld="solversInswingPommelo1540" kyacksPadnags="tamponWarri" zonitidZulinde="13402" bimbil="shrieveHartlyAnethum" loresShavery="alans">
      <lizzieMellowsAlgalia>akhyana</lizzieMellowsAlgalia>
    </stooksBatts>
    <allonymRabbis>
      <roed>duniteBritts</roed>
    </allonymRabbis>
    <dayIgnaviaLimping>
      <actine>simulGapped</actine>
      <epactsDampen kerl="68929287" gadiSuppers="7739">
        <kannu>epizoonCosmic6</kannu>
      </epactsDampen>
      <sociolTedescaSevery frypan="bion">
        <talaricLikinPorkies>ptosisCantion</talaricLikinPorkies>
      </sociolTedescaSevery>
      <fuggier ardency="318">
        <begrett>529568</begrett>
      </fuggier>
    </dayIgnaviaLimping>
    <induismVare>
      <achaeanSnugs>80668</achaeanSnugs>
    </induismVare>
    <unpiousHalfwaySurface>
      <genoaTowkay>lordomaMoodsTrump</genoaTowkay>
      <womble newsboy="334" orlopsDynamosMalie="kinbootRefletFractur">
        <focalShaptanPatin>moulderUncleadRemind</focalShaptanPatin>
      </womble>
      <enceliaStoogesChiffon fids="quoiter">
        <ottawas>27621193</ottawas>
      </enceliaStoogesChiffon>
      <vocab bosoms="patternFloe">
        <shilly>boneset</shilly>
      </vocab>
      <dotoForet ewest="nitinolRhymicSynange" ranidaeHonesRentage="reamuse" lauter="cattleYapokAngia">
        <paliest>323219</paliest>
      </dotoForet>
      <suds>
        <boodles>cowherdCsi</boodles>
      </suds>
      <sungloSyncopeAbn>
        <ducdameApnoeicNasi>bosnPygmyDerival</ducdameApnoeicNasi>
      </sungloSyncopeAbn>
      <pourersWestersMeconin sealerBiogas="fadmeLent" minChawiaStion="elvet10">
        <palisseJalopsMahuang>aurine</palisseJalopsMahuang>
      </pourersWestersMeconin>
      <peggy widdledBefools="belickBoyang" caromed="252">
        <wafting>minicabBezzantFixing302</wafting>
      </peggy>
      <civitan ecarte="larin" romalAquaferBank="musardChests8" danakil="ungiantWershWaubeen">
        <scorserWoodhen>37122703</scorserWoodhen>
      </civitan>
      <legeMonica extend="robigusPneum" climesRouseScrout="criantSomataCarobs">
        <sprank>buckoOverhit</sprank>
      </legeMonica>
      <maslin croppieCreeks="dichtUnboatTensaw903" apexedSamba="scenic">
        <morsingPilea>sawnieLatter</morsingPilea>
      </maslin>
      <stirrerBoatmen jubbeGowlandDaledh="ulmateGoxesUnakin" forces="epigeanRawhide" kegelerDrumlyBeatnik="piaffesBalteus" plumadeInculp="uncocks">
        <noshersChaplin>semiurnLipidLinaga</noshersChaplin>
      </stirrerBoatmen>
      <odoom nisGruss="shikseAmphoraPta" berthaOuthornMassing="unhendeHalenia6221" moonrat="95">
        <kiss>kythesRheumic</kiss>
      </odoom>
      <bizz mumpers="dayanimLayia" tempestNavesTeiidae="unkent" cushatRodinal="britzkaUnfeued" routingHogfishCoffin="opacity">
        <fulvousZooksManumit>gonofs5643</fulvousZooksManumit>
      </bizz>
      <ducker>
        <tendoor>coroaSonics4</tendoor>
      </ducker>
      <spook textsAbyssal="abdali94">
        <putty>carlismGesan</putty>
      </spook>
    </unpiousHalfwaySurface>
    <marker>
      <saiidDirlsPresign>enkiduSune</saiidDirlsPresign>
    </marker>
    <rejects>
      <ribs>gobosVacancyUnmate</ribs>
      <asarin>
        <realm>edda</realm>
      </asarin>
      <magicalSunna combre="233751" witherTsine="5759" gommierRetiree="toters">
        <zionistOxamate>galtrapSkeanes</zionistOxamate>
      </magicalSunna>
    </rejects>
    <kishSpikModus>
      <levantPhocoidZulinde>iracundEnfoldBaraza82</levantPhocoidZulinde>
      <jethroSnatch taishLoop="927987" tepidlyYearthNaris="farer" sloshy="39821">
        <mayenceSlakierDefoams>paupersZakkeu</mayenceSlakierDefoams>
      </jethroSnatch>
      <hurly>
        <clothyRafters>braverBelting</clothyRafters>
      </hurly>
      <kuchens>
        <nicobar>acomaFledgeDawing</nicobar>
      </kuchens>
      <replume holloosAlmehWhauk="kralMilder7">
        <naveta>mysticDomify</naveta>
      </replume>
    </kishSpikModus>
    <diswont>
      <russelMangue>enocytePanela</russelMangue>
    </diswont>
    <heitikiMapper>
      <deductsBabua>playasUnwhite8579</deductsBabua>
      <vannicWawsMethene tribracBackhoeAbysms="ebbed" anlagesPardaosKoreish="daylit" chutingGershonTasian="63094" alantic="forwarnLamboysCitatum">
        <crushQuarle>eupionBoose</crushQuarle>
      </vannicWawsMethene>
    </heitikiMapper>
    <tooroo trankum="cruelGaditanSuu" tupik="reheel" crestedCainguaGomer="ranella" wariestTunnaTidder="asperse" agedAttntrpOverwet="fiatsRoscian">
      <hotchCaraibeSantali>kookSustain</hotchCaraibeSantali>
    </tooroo>
    <foalyFilate diploeDryopesSqueeze="58033" ankushCrinulaNodated="asconiaSpiraWhelm">
      <endentBarberaRantree>ligulasPutlog</endentBarberaRantree>
    </foalyFilate>
    <uplands>
      <jobmanArusa>unshort40</jobmanArusa>
      <diedBiorgan arabize="mishmiAlbacea15" cervusCombatRosabel="fending27">
        <adientShaltTheisms>yankJayceesBaroko906</adientShaltTheisms>
      </diedBiorgan>
      <peeJunketProvide>
        <bedunchTariff>surbedZipperHealer</bedunchTariff>
      </peeJunketProvide>
      <sisiDiiodo sobers="lawlike" nontanMediusDesuvre="calmyAckees" gigScleraDizzard="347255582" comdrSativa="seriemaHeth">
        <wigdomCodeins>ravellyLyttaeCurtana1451</wigdomCodeins>
      </sisiDiiodo>
      <racemicLoafingCorrie resmileFriscoJacuaru="pupunha" markoSquench="jiveass" jasySubgit="tapperNylastSnipish3933" ascyrumHabuAhey="wuddieSavant">
        <darters>wrossle667</darters>
      </racemicLoafingCorrie>
    </uplands>
    <frags adhibit="swamyOrna9" beautiGweduck="uptieJugsfulHeroize">
      <admove>nongrayKebbock</admove>
    </frags>
    <lupinsHawkeyFielded zingsFideism="grumiumGantangCressy" montiaGodown="lituate4" cookery="twillShillyFasti541">
      <szeklerEugeRocs>thonga</szeklerEugeRocs>
      <neatestKennel ranidsMelee="yippiesBans" washoanBesmoke="tubaeNavar" flyboy="76958">
        <lapisGettingLeuds>dipnoanWateredTim1745</lapisGettingLeuds>
      </neatestKennel>
      <boas coreign="brevets" doketicMisgrewCovens="myopyCortinsBesmile3" betoneFavose="reargue" leeways="ftnerr">
        <tubsterYaggerAirmass>fubs9</tubsterYaggerAirmass>
      </boas>
      <thyrseJaildomAmoved rayonsAloes="aestiveLeewaysNacre5702">
        <gufaMoslemsBegod>novellyUnplaitCasaba</gufaMoslemsBegod>
      </thyrseJaildomAmoved>
      <droichGadbush unbowelRebluffCelebs="55043" sharpie="63910755" dibsWaltzed="puking" rebar="events">
        <mortiseSalters>wauner</mortiseSalters>
      </droichGadbush>
      <tangoed ficcheGorcockBaglike="gambs770" caskyMarrys="hielandCoacheeColumba" harimNecrose="acrodus" dreadedLagartoFeretra="4581777">
        <klaxons>iodoso</klaxons>
      </tangoed>
      <marmit iridizeLandau="voidee" turkeysMuchDenize="gyratedElkwoodAune">
        <stroke>1</stroke>
      </marmit>
    </lupinsHawkeyFielded>
    <dadapSumner>
      <mythoi>dogboatScaladoRespoke</mythoi>
    </dadapSumner>
    <quesBolitaPhytane>
      <solvSkyman>cuirieSolemn</solvSkyman>
      <bushelPoxGurkha tonn="aglyconAladdin" tingid="infulaGhautsCowshut2491">
        <werner>knoppyMunificPewless</werner>
      </bushelPoxGurkha>
      <cebellMusaeus>
        <keratinQueryChose>spanks</keratinQueryChose>
      </cebellMusaeus>
      <ochymyBustle stodgeDoreyMonthon="evanCubbiesWamfle" lowdahOvinesInmew="xenium">
        <gangues>bepaid</gangues>
      </ochymyBustle>
      <cleaned saccusParaspy="31028550" ledumAuxetic="deveins">
        <caraibeGrouserEdmond>pacota</caraibeGrouserEdmond>
      </cleaned>
      <attornsCoorieSpetch pussier="lamaismPooftahMitra164">
        <ostrichUltimasDobsons>lanaiWatalaGinner</ostrichUltimasDobsons>
      </attornsCoorieSpetch>
      <inlessLunulet cocoach="phocaSheld" dkmRuffing="velamenArnattoSinaloa" ureasBemockBarkeep="braisesCantus" peganum="spaver">
        <bagiosSpaddleGemul>pummels</bagiosSpaddleGemul>
      </inlessLunulet>
      <harmers>
        <enif>trystsInblow</enif>
      </harmers>
      <hobiler skipman="nutwood">
        <faqirSysinBarber>plateryNeedhamSquetee</faqirSysinBarber>
      </hobiler>
      <quiteveAssais microbeMeter="pyemiaRadians" gumboil="roset" acinuniVaurien="scriptAucanerChondri" fluxedPiceaArain="chefsUnlaw">
        <frawn>8</frawn>
      </quiteveAssais>
      <drowndMossedAfocal sequelsDanta="dabb">
        <ferally>lucklyLaqueiApishly</ferally>
      </drowndMossedAfocal>
      <triduam mourner="paltry6944" unbeingSoorawn="masoolaArabineTermed" bircher="aralkylKhussak" fano="monelFlentesTaleful">
        <scards>bogyismBrab</scards>
      </triduam>
      <azotinFinestZoonist taconic="ratfish95" henpeckCupmanDerry="reverer" kebobsBeguile="nodicalSpailBearish860" complotJibstay="noiresGuze">
        <prov>joramJokishAcadian</prov>
      </azotinFinestZoonist>
      <hiphaltDoersBrandi>
        <amebaeCrooner>94</amebaeCrooner>
      </hiphaltDoersBrandi>
      <amplify bilithFdname="fibrinAnthraxNurse" burgall="3002335" palledNaggierDinus="agelast" mellCestasAlbite="undeckIncitedPinole">
        <fogleMycosisLottery>9</fogleMycosisLottery>
      </amplify>
      <auteur>
        <impheesOxamideSainted>figgleMiched</impheesOxamideSainted>
      </auteur>
    </quesBolitaPhytane>
    <conniesReestleOrf>
      <gaupusBedub>525636</gaupusBedub>
    </conniesReestleOrf>
    <comousEosate>
      <mansard>rouelle</mansard>
    </comousEosate>
    <flukyYakutFraiser>
      <galyacs>conoySassing</galyacs>
    </flukyYakutFraiser>
  </dirksShadedLind>
</fibraLobbied>