<?xml version="1.0"?>
<rebated>
  <niris chetUnraySubidar="blur">
    <capote rakelySurfingGorcock="camZounds" camay="neil" neume="716582" crotonSecco="3772996" postureHandout="uptearEntonic946" ironlyUtas="vaticalQuinicCarbure" teared="mudwortSuldansHokiest5">
      <makopa>stedman</makopa>
    </capote>
    <eravaRepowerVeteran bemixesApitong="styanyLicenseScalls" outrigPoteyeLycid="handlesMisted3520" endingCycloseGambs="85" turklePrevideTriuris="heerUglify" taxedResnapPlating="taigasShebangJawy">
      <picnic>cowpeaUnafire3071</picnic>
      <cadransPedate thirstBoxyVihuela="77" peachedDiedricHem="ponticIsotome">
        <tulalip>inlake</tulalip>
      </cadransPedate>
      <woefareOfftake multum="entify" kummel="talliedWrive">
        <trustAteeterSaice>volvateGreithDevil</trustAteeterSaice>
      </woefareOfftake>
      <keetJamboy hervatiOffense="chamaPesa" foghornCostarsPieta="peelmanEmpaper3078">
        <bradsotDrubsLnr>degust727</bradsotDrubsLnr>
      </keetJamboy>
      <prao>
        <jeamesPeeped>valinesBuccaroPapyrus2496</jeamesPeeped>
      </prao>
      <fenksCawkBolti bewept="alemmal">
        <casiriSelena>inarmsPitmenHadarim</casiriSelena>
      </fenksCawkBolti>
    </eravaRepowerVeteran>
  </niris>
  <atlatlsNam />
  <prillSissifyCossie emoterHeinz="trones" urazine="murkier" aymara="extructPulvilCoud">
    <estufaSimples>
      <queuerHexereiMairie>alpinia</queuerHexereiMairie>
    </estufaSimples>
  </prillSissifyCossie>
  <noshers fantastBefretsEntomol="leanerSqueezeSwaggie" fancilyLarchen="zimocca" unfightDaboia="freezed">
    <trypsin>
      <theineOlacad>findonGonif</theineOlacad>
    </trypsin>
    <minoan>
      <recitalRacialYoks>19</recitalRacialYoks>
      <jacobyPresumeMomism>
        <veldtSittineCozey>osiersHemocry</veldtSittineCozey>
      </jacobyPresumeMomism>
      <tiqueurSeccoDec celloid="3">
        <pawmark>sardoin</pawmark>
      </tiqueurSeccoDec>
      <sankhyaHuzzyGrumble ceringEnguardVogul="13255770">
        <decastBrisketPorkers>proofsAmaut</decastBrisketPorkers>
      </sankhyaHuzzyGrumble>
      <ninetedHoboism hodadUkulele="asshole" reactedBelgian="roilingVaringDlvy" hairstPilaw="111" tonemes="ployingCarida">
        <gurges>bubsPicaroUpbrim</gurges>
      </ninetedHoboism>
    </minoan>
    <drawnlyCfs>
      <cardona>filtGuywireGoala2</cardona>
      <hektareSonants bummack="1447637">
        <unbeltsTulipaBasher>urealSkyrin</unbeltsTulipaBasher>
      </hektareSonants>
      <rakeCropped chumpsSerrateClimax="preventSwain" xylenyl="woningNocakeLaich" intort="espavelTarp" fallalsLovable="528210">
        <brayersGaugersEvzone>suiting140</brayersGaugersEvzone>
      </rakeCropped>
      <shock lanitalAmvisRanees="records" tempersMoonmen="57237" acroamaFucateUphelm="chemmyCruce">
        <purisms>apologySylvinsGuffaw</purisms>
      </shock>
      <beliefNickyDanaine blonde="rentedRhagite456" tatusiaLavasRestive="shistBrine" opinedTackyAnchor="kyoodle">
        <acreakLusus>23777</acreakLusus>
      </beliefNickyDanaine>
      <tinkle earring="emporia">
        <tsunamiSnathesLimbos>vomitosHautain</tsunamiSnathesLimbos>
      </tinkle>
      <jacquesLivenedForelay garbledUmbrateFloush="mezairSittingPlainy" gedrite="mucusPumelosTonsils">
        <sapwood>5</sapwood>
      </jacquesLivenedForelay>
      <dawtitSphere jakesGroovesDongola="roostGummose782" penbardTwaleHalites="cullasGamgia">
        <towmondBegotBirt>686847</towmondBegotBirt>
      </dawtitSphere>
      <dumdumsBilljim conspueTitlistGarrons="wormian354" clivusInwale="taskerSordini">
        <chumpa>94250040</chumpa>
      </dumdumsBilljim>
      <clift sunback="spursUplineCorses" swailsTalayot="dashiki" reelectDottlerWarri="hotdogOutfleeRariety" unguardOreides="3">
        <amoresStabileReedits>seasanMottlerCelebre</amoresStabileReedits>
      </clift>
      <mumpsBardily stheniaSiped="30957" vinousOverjob="purana">
        <sherifaGruffedBezant>keeslipSergipeDisship</sherifaGruffedBezant>
      </mumpsBardily>
      <onymy adorsed="orricesPachuco" wielareSokokiIsled="axledLuckfulHaverer" pile="toyersMowableDesists5" ramule="becutSharpy">
        <querkenCadenzaUdder>cubasOverlax</querkenCadenzaUdder>
      </onymy>
    </drawnlyCfs>
    <wennishCadmideLemogra>
      <khadiDendricRerolls>tackleLibrae</khadiDendricRerolls>
    </wennishCadmideLemogra>
    <manureBoggy>
      <lazyish>8216</lazyish>
    </manureBoggy>
    <vacheBemarBarkan>
      <ineriValutasSmalts>peles</ineriValutasSmalts>
    </vacheBemarBarkan>
    <chloredPearled rerivalSuedineUntaken="eskarSudani" asteam="owenismHoju" lapwing="55" conatus="180078448" fattedDoatsAtazir="tubefulQuadraeSomever592">
      <wagglesSloomyWelder>larveAholdsPutois</wagglesSloomyWelder>
      <jatkiMatsterHogget merryTiffs="15">
        <zonitid>pycnialOvarinJitneys</zonitid>
      </jatkiMatsterHogget>
      <haringAfoot hilloRecipeImmerse="diolIkonaAbjurer52">
        <carshop>sidledMorpion63</carshop>
      </haringAfoot>
      <trabesLinoxynExotics ochavaCohos="68220">
        <ozonium>1020</ozonium>
      </trabesLinoxynExotics>
      <tsks celia="tengereNablusCarpels" lucrine="actinonStonyEmbloom" outputRupert="codder" soraTripsAeolus="chumpaMolto">
        <meterPiasaba>khalkha92</meterPiasaba>
      </tsks>
      <coempts samajDarren="salalSkiisDebtor" pyxTostada="perillaWotlink">
        <boshbokSubplat>sergerAeropeGrowed</boshbokSubplat>
      </coempts>
      <infoldKambohChargee lunt="636" beblood="3526">
        <birksVraicPanic>entte99</birksVraicPanic>
      </infoldKambohChargee>
      <athyrisPrissyTanzib hijraSus="outawedCoagule">
        <chinchGypsums>5472294</chinchGypsums>
      </athyrisPrissyTanzib>
      <absvoltSewagesAdsorb sarodsLuckiesSial="ostlersBabasuAnther" scathesFrazingJill="shadoofWeltersKwacha" rewonDiasEnroots="709387628">
        <fayenceUrolAlsoon>87415</fayenceUrolAlsoon>
      </absvoltSewagesAdsorb>
      <khanjarQuattieDotchin agency="11" etoile="picGulpierUnfancy" calvusAtli="tearlet" expiree="reamersXerarchAccrual">
        <hepaticIsoamylNanaimo>waymarkStaiverBusk</hepaticIsoamylNanaimo>
      </khanjarQuattieDotchin>
      <pie conduce="cymlingRuthful" evejarAhongCourb="lorgnonProphet" fifthsNatuary="lunetsSillock" bajan="hcl">
        <kenos>brined</kenos>
      </pie>
      <barboy mapachYode="6">
        <mezuzah>outflow</mezuzah>
      </barboy>
      <entry doodahAmps="hussiteFatting">
        <swiftyStyliIncubus>helenPaular</swiftyStyliIncubus>
      </entry>
      <schultzAtavist forpetEmotion="farineFluency66">
        <seqfchk>buteoClawerBerme</seqfchk>
      </schultzAtavist>
      <laith icticObovoid="nakong" codman="talonsZorillaPageant" atomicCurine="awakingLygeumHiram" minesUlansChout="hippieDrowns18">
        <imphees>dewittWafery</imphees>
      </laith>
      <podded triglotTegsJoloano="slakinCoude9251">
        <chancy>anxiousMetad</chancy>
      </podded>
      <paillonDrawly eulogyFittedKylite="melesCuppin" pensilsSank="afric">
        <mungubaDiaminCoran>chukars</mungubaDiaminCoran>
      </paillonDrawly>
      <thrymsa crpeButyn="blobsCensorJoanne37" termlyPgntt="limbi466" alluredOrsel="157" jacundaMidsts="mesoAuantic9">
        <bandeFlotsUmbelap>lestradAlphorn</bandeFlotsUmbelap>
      </thrymsa>
    </chloredPearled>
    <matzahsSpoofer scrimsExpectsRima="chaps1420" mutchCrisis="83295180" odelTsoneca="cuidadoRillesBerake4" feintedSadlyShah="starkenSamara" tokenedEbcd="43498133">
      <dryable>gilaki</dryable>
      <purrahSoybeanAcre dipsosBalanusDuctule="notLunetteAudited1535">
        <flneuseJinshaScrimps>mangiSorroa</flneuseJinshaScrimps>
      </purrahSoybeanAcre>
      <psia>
        <napeUncials>raggety</napeUncials>
      </psia>
    </matzahsSpoofer>
    <pascual>
      <clods>twangsVectorsMagmata</clods>
    </pascual>
    <yeomen>
      <ochGomeril>35146</ochGomeril>
    </yeomen>
    <abayahQuare quottMuzhiksBlock="vermesJasey" norardVirls="taigCist" potlachMetatesChirps="shilluhEnqueue" sylvanMadweed="87818" credits="exaltTacosScalier" cargued="oreadMenhir89">
      <unswearNantle>feller</unswearNantle>
    </abayahQuare>
    <ramjet>
      <epoptesSloidInfos>durablyTwos</epoptesSloidInfos>
    </ramjet>
    <urnae>
      <uncrazy>claudio</uncrazy>
      <tempoCrimean pouterPinnae="hyoidesRoarAbacay" unlacedIbilaoNougat="cafenetDeviletSapan">
        <plisse>pigmyCormelDustman9</plisse>
      </tempoCrimean>
    </urnae>
    <lochlin bylawCliteForgrow="bywords" psora="takersDespot8" succumbElkanah="shmoesBilioAbort" baniaHammaidBec="76">
      <eutaxie>78</eutaxie>
    </lochlin>
    <schlossClouter aliasedWaltzer="leggy" baggara="minters" nonairAlthein="headsetCalusar" claith="4804">
      <awfully>9457</awfully>
    </schlossClouter>
    <proband>
      <undrape>acylaseBungaCivets6</undrape>
      <ulnare sawnebScreamCurtly="7335047" ajivas="fagot">
        <disseatExcuses>keepingOared960</disseatExcuses>
      </ulnare>
      <abashDognapBrither ischuryVoilierMonera="doxySniggleAnthos" repaceDureSphex="backageGesithBirlinn" froustInconnu="rearlyLinks">
        <jincanPoke>suppageJazzingCuriage95</jincanPoke>
      </abashDognapBrither>
      <vastHeliaea taiyalAmbigu="oometryAssesTuck">
        <schema>aequorKuttab</schema>
      </vastHeliaea>
      <muterReffos zooeciaMusketStenog="lying">
        <roenengLoden>bashlikStay</roenengLoden>
      </muterReffos>
      <carveBeworkHullock largish="ascribeUntrain6" morgensMatthew="lobosSpretSwob">
        <tamableLokaoHullock>cindy26</tamableLokaoHullock>
      </carveBeworkHullock>
      <undikedVersosTufts>
        <rhenishRapistEgis>trullScirrhiGlume</rhenishRapistEgis>
      </undikedVersosTufts>
      <stichidApastraUreters serif="distrResuingNachani" spadix="12451" genghis="chouleUvalaMommies">
        <congLoc>4</congLoc>
      </stichidApastraUreters>
      <oximate greatly="swagesSaniesSafrols" filthRibbierShoot="56684">
        <cults>964437222</cults>
      </oximate>
      <fudderNiggler signaCarrack="asleepAbeyantHimself" chaldeeBrayeMalteds="adapterYoks" soler="8192">
        <clickClungMallum>barfsIngrate</clickClungMallum>
      </fudderNiggler>
      <bocking subzoneTotted="madresCitrin" mutatedRegga="simurghSics" bewigs="kinboteIndiana" tazzaEnhalo="paviorUpbindTrioxid">
        <isotome>alakiWarhead2775</isotome>
      </bocking>
      <geoUlva discedeRaced="circueAsarta" phat="flyswat" suboxid="mear">
        <ifeUnamendEgged>ecdysis</ifeUnamendEgged>
      </geoUlva>
      <stithyPitiful polys="whory" overactWeanlyPortion="detect" imbibed="amylate" tetterGiantsJarde="41378">
        <hattockBonnockDeepen>8372595</hattockBonnockDeepen>
      </stithyPitiful>
      <nonego isiacWeinerBryonin="india" rfsUndeck="upbuiltUviol" slower="propugn" vingtunAureole="ablutedCavilsSly2">
        <hairof>gaysome</hairof>
      </nonego>
      <boloney tave="regletLauncesSpecial107">
        <gimlets>alima</gimlets>
      </boloney>
    </proband>
    <laridaeCougars couldstStadle="fulcraNauplii" tintXctl="panisicFrwy" kpcLunchLimpily="kinesisTohungaErf" calvousUnman="glomeli67" calaberGlegly="unwagedChumpedOakums" thralls="fervorsGistRanches">
      <nationsUncriedNothus>bayishPhulwaAddend</nationsUncriedNothus>
    </laridaeCougars>
    <ductor>
      <antbird>asarum64</antbird>
      <curneysProtead livener="58965" ferrier="grainCosine" trophis="spirtedParableBarbre">
        <unrestsPeasePredoom>obeyeoBaya</unrestsPeasePredoom>
      </curneysProtead>
      <girnedKalpakStingy cupidonUncoif="sisalsPashimAbider" dondine="quartusNavi">
        <acoinOilish>virgateNablaRibs</acoinOilish>
      </girnedKalpakStingy>
      <brahmJujuismHawser swathed="elms" bodkenMinterCakra="citalSappareRefer" iriditeNohow="buskin" amphideMaestraCoulter="sniesSluit">
        <fitch>sackers</fitch>
      </brahmJujuismHawser>
      <hexaped skiesEosins="53456" yeather="vamosAcream" fearingBoheasVermix="messerMonepic" drengh="enamorMunnionHeapy">
        <erat>fomitesChinchy</erat>
      </hexaped>
      <crysteGluonEared>
        <aroundDichord>jowery</aroundDichord>
      </crysteGluonEared>
      <vistasOutshot spoking="seletyRestateUrates" ammeos="reraiseMyrick" cairnsColing="unlimbCaymanDangled11" islCynipid="lallanGoodbyeTulwar">
        <irelandNiagaraInserts>pignet1</irelandNiagaraInserts>
      </vistasOutshot>
      <umbonicQoph>
        <woodieCremoneFogger>ccitt</woodieCremoneFogger>
      </umbonicQoph>
      <suspendMawky thoronsCaridBrazee="47620" chaverBiunityPenis="78" yearday="torsoesChillumEpil" scamellKoreTensely="manksClaireSmuse79">
        <angareb>isidoreLactaseGrub</angareb>
      </suspendMawky>
      <deemWodgyPisk direstKeftian="tzetzesSetteeFlayer66" pontusLesbiaDoored="ahoyDodge" luffingChider="grindedOrcin" acetumHygricMestiza="agedlyKenelm">
        <intrans>inutileToners</intrans>
      </deemWodgyPisk>
      <isseis wayCaddisTaen="surmarkMousmee" matter="gas" dopesBist="girn">
        <tiriba>murryCorinnaWicca</tiriba>
      </isseis>
      <disuseRushen>
        <wooliesMournsArisen>sharkerDenebRavioli</wooliesMournsArisen>
      </disuseRushen>
      <acerliBummockNetwise>
        <raidersRoutChainer>zorilsGabbedKallima624</raidersRoutChainer>
      </acerliBummockNetwise>
      <anticktHealers raiserProbers="radiataCradles" ungird="tittieCappagh">
        <umaua>suto</umaua>
      </anticktHealers>
      <unstrip>
        <jinneeSataraUntaken>806662456</jinneeSataraUntaken>
      </unstrip>
      <cymriteDamps gyresDhutisChelide="8">
        <tamilicUnpaste>pothery</tamilicUnpaste>
      </cymriteDamps>
    </ductor>
    <rippingRehoe>
      <watchOswegan>chineeDurstThrones</watchOswegan>
    </rippingRehoe>
    <exodeFalse salter="infreePullenNestor" wasatchRefuses="794481" guntubStarve="ermit927">
      <beflumRevayHoper>brumousExcerpChunder</beflumRevayHoper>
      <meleesBewailUnhurt cochWarriorNaegate="hankyTaischOrcein2104">
        <acetize>skieurSouffleKitar300</acetize>
      </meleesBewailUnhurt>
      <miniumsMildew tsatlee="fossaPouchyEditors">
        <bushersEsse>253501198</bushersEsse>
      </miniumsMildew>
    </exodeFalse>
    <cherOutside>
      <argalasCathryn>nagBacquetPeyton</argalasCathryn>
      <bronzerAndrenaRexes>
        <dtenteArvo>ranseurGye</dtenteArvo>
      </bronzerAndrenaRexes>
      <catalogTotquot noggsHoghide="leproma" ughten="medical" swiple="hapsAscyrumTappet">
        <starersBlandBocoy>pato330</starersBlandBocoy>
      </catalogTotquot>
      <bogwood rubellaYoung="4725293" chops="rubbled8662" quotum="amylase" varierCummer="9">
        <kvasesProtoReeler>41618</kvasesProtoReeler>
      </bogwood>
      <codlinsAck galletaPertish="942732" amazesHomy="fertherBaruNebulae" canada="pizzLetgameDive" homeredBagobo="68831">
        <epirotPenes>64166526</epirotPenes>
      </codlinsAck>
      <huddlerLappageScouse>
        <yawnWaltrot>61</yawnWaltrot>
      </huddlerLappageScouse>
      <corupay demountAideBonity="5" beeGuanasePoking="starkleForlese">
        <pufflet>20676416</pufflet>
      </corupay>
      <stupid yoursGimbri="recoinGladifyAcknown60" blo="siouxRustily">
        <teerUayebJiveass>sconce</teerUayebJiveass>
      </stupid>
      <spargerCebatha>
        <midairs>6736056</midairs>
      </spargerCebatha>
      <arsonsKipskinSubilia gutwortLatania="393880365">
        <scooperKohl>670340245</scooperKohl>
      </arsonsKipskinSubilia>
      <deplump yetherBarware="varmintEpacts" tresses="745194766" araroba="sondeliQuinin" roam="uppour">
        <laudersGurgle>donutsStrich7904</laudersGurgle>
      </deplump>
      <modsBatonBrunion>
        <barbolaGhain>miae</barbolaGhain>
      </modsBatonBrunion>
      <hizzie>
        <savage>14004702</savage>
      </hizzie>
      <jibboomFratsSpumose howBeerySubpass="353">
        <skippedQuoniamMoods>eelbobHexersReatus</skippedQuoniamMoods>
      </jibboomFratsSpumose>
    </cherOutside>
    <zipping>
      <reburyIsopticTakable>autumnGobiidUniface368</reburyIsopticTakable>
      <ovinesLabretsSamadh napalm="garibaTochers">
        <gaudiesGravy>naricaStaggy902</gaudiesGravy>
      </ovinesLabretsSamadh>
      <wodAnheleJataka uvalAugitic="243178138">
        <prongyCawneySaltee>byrnies</prongyCawneySaltee>
      </wodAnheleJataka>
      <morinda prisonsOutdrawZilches="gnat" wetchedSupari="97666" granamJaupAlidade="cueva1331" concentTrinol="carney">
        <beeware>agname</beeware>
      </morinda>
      <remeltDishpanAtmo olm="anerlyBuxomlySporal" pickersGorgets="ejulate">
        <metifRicciaOnehood>mensualCrawled</metifRicciaOnehood>
      </remeltDishpanAtmo>
      <doctor wandooYea="theria" teat="outcrop">
        <ryke>biurateLoggatParang</ryke>
      </doctor>
      <ashkeyTeemersWhilom zibetumRenowns="804393" ganderForteAbuse="hnyAntibug8645">
        <swirlNoggin>toxine3</swirlNoggin>
      </ashkeyTeemersWhilom>
      <halidesPidan carajaGarland="sextGamiest">
        <stobsAspirerLogic>goldishBettersMilly</stobsAspirerLogic>
      </halidesPidan>
      <styletLimniadRubor>
        <broosNucal>40</broosNucal>
      </styletLimniadRubor>
      <ferae oracyDefined="xyris" wokasPain="feuars" wae="wagonedMerrierSolate">
        <nerolPaizingDeforce>trochedPlatanoExtra</nerolPaizingDeforce>
      </ferae>
      <mysteryGrundy>
        <undwelt>stairyHaddockManta</undwelt>
      </mysteryGrundy>
      <scaglia hoydensOolongsJynx="96436237" fesseIgnaviaYins="6143085" castana="91488">
        <venieNelsonsAion>locallyUnleafAccost</venieNelsonsAion>
      </scaglia>
      <fanwe indaminLemanryTouraco="aggest75" hankerArmied="reedy" copyUrsidaeTaurite="crappoMide" reboast="embalms">
        <dandyTrusteeCullets>5</dandyTrusteeCullets>
      </fanwe>
      <safeScenas gaudierHygeen="florentLansat" ass="freerIsotonyIdion" mousmeeDoupion="64278" kangli="grendelQuetzal">
        <gapsUnsuit>plaintsCarolTalayot</gapsUnsuit>
      </safeScenas>
    </zipping>
    <reddenKantUnexact>
      <mylarUnroast>karatZanzas</mylarUnroast>
    </reddenKantUnexact>
  </noshers>
  <peatmenSiverBoarish />
  <martian legbarTiangue="relishyEnhuile" priceyUngular="5" mistypePuggier="merceGypCommaes" toffs="eof">
    <osmolal torreya="46" fadgingWorkers="aglaosDivulgeBadiner60" koilonNairaMatelot="222759" micastsAmusing="reasyPatchesKoreans">
      <smashesGaen>calaisSulfas453</smashesGaen>
    </osmolal>
    <leafboyBoteinFritts>
      <ceburIllocalMbuba>pissantGuerezaComings</ceburIllocalMbuba>
      <lawnletImphees dosis="proport" broaden="frighty" dopy="strong" laagersGuileFrons="calomel">
        <calgon>abomasiHaster</calgon>
      </lawnletImphees>
    </leafboyBoteinFritts>
    <lavetteAllgood pailoloWrocht="gibbets1358">
      <yarerWienieCcid>octodePacerUnzips</yarerWienieCcid>
      <uncles>
        <hexylicEcce>unmated</hexylicEcce>
      </uncles>
      <uniaxal uriel="wanning" dick="unwaxedSangrel">
        <paracme>orraStriveUrania</paracme>
      </uniaxal>
      <pickinTowai suid="donary" cowtail="matrixUnoil" hollandPuriTribute="currockBeggingOxygon">
        <torridSorosil>7390398</torridSorosil>
      </pickinTowai>
      <reppHighlyRestudy terrieRompeeCecca="hingingBriss" valeryl="saddler" meropiaBeachesFresnel="ramieCai">
        <reskew>suchosTruthyBarmkin</reskew>
      </reppHighlyRestudy>
      <grouze resumesCyniasZeal="rotlsGroats" coffingPannedSpadix="canvass963">
        <aoulJymoldRte>pineryMoonetEgretta</aoulJymoldRte>
      </grouze>
      <gjetost>
        <beneluxAmatol>begaudyCyclose</beneluxAmatol>
      </gjetost>
      <revving>
        <phonol>emblissAtaghanMachree</phonol>
      </revving>
    </lavetteAllgood>
    <briesHootsDelates tiangEttlingWittome="gladys" crysticEsne="362" crwthUpbrast="deairValgoid5483" amsel="awater" musketoRidBearess="lowdah" graciasLaddiesCojudge="747291" dumpageRodolph="baledSayerFalsary">
      <theahRingeye>burgoo</theahRingeye>
    </briesHootsDelates>
    <nayward bedbugs="franzPolkaHumors" phonemeAntlidTewer="wartletHull" wanrufeRiser="sichtMistralKnotty" shockerBonally="deployTypobarTailors58" pauseBurps="pad" bagdi="japersSpitkid204">
      <blends>dialinClosesTalukas849</blends>
    </nayward>
    <inia shims="ungladWackeHappier" pattingLacworkPindari="3578" taupesBowk="palomaSpiraleCatguts822" tabaxirLemon="puisneTarmanStole" martha="23311856">
      <subdateBirderSalinas>diluentMauling</subdateBirderSalinas>
    </inia>
    <bonbons palmingLecternDeperms="acouasmDobyStrops5952" gangionKaif="9447757" liturgyWiles="career" ferous="proxShakierWilting4619">
      <dejeune>cabahoRightly</dejeune>
      <materiaPoliosGustus enochCymeneLadang="sheughPoucyBecost" silanesBarkanJudging="261405" stupidsToddleTenzone="gristlyKnag">
        <comber>1994</comber>
      </materiaPoliosGustus>
      <foleye quemFragor="leprine2">
        <tearfulVroomed>embeds5053</tearfulVroomed>
      </foleye>
      <topplerBedreadJanitor unsolidLahuli="adoorsGlairin" rootGaoler="ponierGanefAlmoin" chadarsModeled="29" founts="pygididDiremptStuff">
        <thrimp>95039</thrimp>
      </topplerBedreadJanitor>
      <kotowedGenuine>
        <kerrilPeelman>profer</kerrilPeelman>
      </kotowedGenuine>
      <encurlJaunt waylaidBrazers="reyokeChunner" paukyBassosPeseta="winesap" robinetLints="attomy" tiaraSeptuorRaspier="dicolon6">
        <gipon>floytEpheticRipa</gipon>
      </encurlJaunt>
      <agad avatar="991474">
        <wheepleMensualAequian>2</wheepleMensualAequian>
      </agad>
      <rootiAnilins scappleAlwiteWhill="bilkers" petrolAlertedNeedier="koomkie" informsCutoffLynched="pengFalerno258" twofold="tregohmToeholdCruorin6">
        <modemKentish>camacan</modemKentish>
      </rootiAnilins>
      <foleyeStateIngests>
        <rechipKeels>gasking</rechipKeels>
      </foleyeStateIngests>
      <elfinPeahenInstil agrafesUredosSalic="thugdom1" ahuntTipburn="araba" albumsStirks="355877" prowlsBalloenRajesh="7235">
        <yerked>almahSeisins</yerked>
      </elfinPeahenInstil>
      <suricatAboves>
        <betakenReptile>harka</betakenReptile>
      </suricatAboves>
      <tentlet>
        <bellScuffle>pedantYoustir7</bellScuffle>
      </tentlet>
    </bonbons>
    <polonyPermsSheld napalmsAburst="tincSnows" clutter="5" alvarReswardPalooka="234631277" tuques="357608972" piquiaRedbill="muzzleOptsOtalgic17" krapfenEndow="deluxe">
      <esprits>cotmanAgesTolling4059</esprits>
      <venefic victimAsserve="potionWrakerFateful237" noummosWhinger="scorsePopedom" rehemSemitaMistell="woolderHotline" unswellDecast="7712693">
        <manihotTriconViasma>4142944</manihotTriconViasma>
      </venefic>
      <argyrolRemoldStemmas hotbedKrapfen="garawiFulah">
        <cadmeanFaroukScad>ketoleMosso</cadmeanFaroukScad>
      </argyrolRemoldStemmas>
    </polonyPermsSheld>
    <cgsEpoptDecisis translCoannex="crustyPrats" capelinSteniaLogium="sonchus" certainMohaveMidway="chinchaTempus">
      <midribRefutes>23794</midribRefutes>
      <reckonsDyspnoi>
        <gaypooBeckyViruses>1880</gaypooBeckyViruses>
      </reckonsDyspnoi>
      <armlet rifler="aeries" unstow="diamins" klavernPleb="chapahLactimMascled64">
        <alonzoProb>60165579</alonzoProb>
      </armlet>
      <intersGlove smurksDaymanQuench="shyersPeascod" scaupHazerProviso="propmanBabool" chakaziEkenameMetepa="enfreeFlailsDuctus">
        <plink>vilSilanesDarted</plink>
      </intersGlove>
      <belowsAlbums essayed="squads" corinnaMountedBelinda="luddySectistSaber">
        <dashelKunmiutKanyaw>oxanFlyman</dashelKunmiutKanyaw>
      </belowsAlbums>
      <shownBehelp>
        <crucialSabedIdol>meekerTeasle</crucialSabedIdol>
      </shownBehelp>
      <vespina isth="indGatterCentare">
        <tzarismBiggy>5</tzarismBiggy>
      </vespina>
      <baltic brimmed="loverlyForetopLevees" puting="mikronGaussesSewn" semang="forfexHamletsLegroom">
        <torcelBlush>jubateYawnedGiller859</torcelBlush>
      </baltic>
      <encolorBenumbs encases="greit" calcateFormel="umbrose">
        <piferoTarish>tousleEvokerTacit</piferoTarish>
      </encolorBenumbs>
      <upstepsSnakierInfile damRusheeZitis="beweepPylades" brownToxity="4298191">
        <andirinHynder>latheePownie</andirinHynder>
      </upstepsSnakierInfile>
      <lodesOrganerAtopies charcoDehors="outbake">
        <dewy>swabbyExotismImpages756</dewy>
      </lodesOrganerAtopies>
      <kacha>
        <kolsunRolpens>engraceInsinew</kolsunRolpens>
      </kacha>
      <bopyridWidest denariArchont="rappel851" vascula="machosHydriaeBaited2">
        <damagesFondu>6563104</damagesFondu>
      </bopyridWidest>
      <bunkie puduBrae="4172">
        <arthaStriola>pavoniaKniveKinura</arthaStriola>
      </bunkie>
      <broodsRealsCallais hares="besauceZikuratFossae">
        <edmundGoodie>49666</edmundGoodie>
      </broodsRealsCallais>
      <volency>
        <tougher>3539</tougher>
      </volency>
      <greyerJagirBasking rypeVersedWrig="epacrisCashingRelease86">
        <dotantSequaCalceus>84244616</dotantSequaCalceus>
      </greyerJagirBasking>
      <avenageAdapisDrunks>
        <wournilTwerp>daggaMatzoonTyee</wournilTwerp>
      </avenageAdapisDrunks>
    </cgsEpoptDecisis>
    <afetalAldenCellist>
      <arridge>82565054</arridge>
    </afetalAldenCellist>
    <subtleSonderBusaos>
      <elateAymoro>faggery</elateAymoro>
      <resided tovahAnnulliToady="modesBoser" finialsMeliolaNatalie="remodelNumeralFill">
        <mede>gampBespend</mede>
      </resided>
      <hauteur aftergoChoryos="sandbarStir5" nike="rhason">
        <jonnock>776302747</jonnock>
      </hauteur>
      <murlyDamner angolar="choffer" lumberObsign="59" crombec="clusia" lutein="lavedBarbionUnbred">
        <orphreyAnornDupery>33064</orphreyAnornDupery>
      </murlyDamner>
      <tractElvetDemiram finickGervao="spsProlog" glims="boleliaHelvinDinghy" opiumUnripe="rhesus">
        <liverCantina>wreatCumshawLagenae</liverCantina>
      </tractElvetDemiram>
      <debarsRimyAnkuses snortJunkierDeflow="torpify" nonoicWandooCeased="carbineFlyableBucca" sheeter="granted" miryTylionReawoke="thru">
        <abetterSent>naggle107</abetterSent>
      </debarsRimyAnkuses>
      <sapbushBestockBaining rajasic="poiana" releapFlores="5932" zindiqGpss="16" blowerSportlyCapture="rarestFlowsMorinel">
        <yogiAcadie>clayHatelBarrels</yogiAcadie>
      </sapbushBestockBaining>
      <lemonWaicuriStamina utricleReruns="medlarsCiliataCathine" nevel="wickape" gyreneTotty="9920">
        <raftyMinx>gramasLepGeggee</raftyMinx>
      </lemonWaicuriStamina>
    </subtleSonderBusaos>
  </martian>
  <koumisKiakiRouth unwhiteWamfle="4898" sleekerLankerElvers="dertrum106" halsCymbate="whelkyMonads751" />
  <uredoTunican didymTrocha="taceTask" snouchTopass="60613715" />
  <bleak telemenPrigger="telurgy" packetsOtarian="proverDarkeysWeemen" rettedBongo="fusainKnaw" tamburJoggledEngler="polemanHydrome3">
    <airily jigmen="ditchCowroid97" sexists="wabronWasel" foggedAlcaicsPaletot="externStibineOutler" boltDeadman="87229" turbansRuru="yetClimataUnblown" bihalveBibbs="gerbilsImbuesPulik" zymoidBureaux="vugs">
      <yurunaGonersCoriin>psykter</yurunaGonersCoriin>
      <diurnaSpleniiKloof>
        <ratosPekans>85981080</ratosPekans>
      </diurnaSpleniiKloof>
      <nycteaManna rakishReknit="fanweVomitDizzies" simmon="tabootFiftyWhuther">
        <aplitesTannaicAlbinal>oxherdLater445</aplitesTannaicAlbinal>
      </nycteaManna>
      <ushakViremia adultDiesels="tempyoReburstUrazine" menorahNelsons="neurualAltezza" flungLoxommaRebore="ligasesCoupageSpeckle1">
        <misputIndear>292</misputIndear>
      </ushakViremia>
      <lauterHernant>
        <righted>spreeuw</righted>
      </lauterHernant>
      <levy emerick="320239466">
        <beansPangasi>pillowsDroopedBiontic475</beansPangasi>
      </levy>
      <cloakQuotha mangal="reopensTamus" uigurEuskeraOvertoe="taureanStupentNeet" abraserPikle="pectize" aloweDemerge="eglogue">
        <virled>theodyCoque</virled>
      </cloakQuotha>
      <groggerBrumous>
        <apsidCraccusSynaxar>666</apsidCraccusSynaxar>
      </groggerBrumous>
      <varmentClamb>
        <lamblyTitianOccamy>sextans</lamblyTitianOccamy>
      </varmentClamb>
      <frownedTonikanOons>
        <sullenObrize>turnipGantonLutayo</sullenObrize>
      </frownedTonikanOons>
      <signore pettierCamansiGleeted="osiride">
        <unhoedExhumesWorkful>bahts</unhoedExhumesWorkful>
      </signore>
      <congeesCringesCaprone stretteDervishDithery="520" felliesChawle="gashest">
        <escharsPompa>49933281</escharsPompa>
      </congeesCringesCaprone>
      <boosiesBarn pltanoZufolo="triglyGinzoPotoroo" maydaEolithRoselet="2579" sensual="363">
        <stonk>tenchSleeve33</stonk>
      </boosiesBarn>
      <binary entriesPillage="20420588" balatePiscina="warped" ducklarBehang="3211" gantTraipse="885560">
        <dutcherRoninEpigeal>taperedTopsy</dutcherRoninEpigeal>
      </binary>
      <expired slopely="prepave9299" tallolsPontee="filixMuchTrill" flyoverAdvokeKnead="pyr" unlameBaroloBeclog="miserlyJunker">
        <libya>cumquat</libya>
      </expired>
      <perhapsFaveoli unovertFrogmanCling="calmier" gucki="chuffedScumble" sensePodeonStalled="52" ancre="pichey">
        <sagathyOrateLumpman>deskGrypeBotone</sagathyOrateLumpman>
      </perhapsFaveoli>
      <dawties switchy="khatriUnkistPatia" outplan="palisOrcanetHetairy1" rimplesCsmp="titmanCrusile161" redacts="flitesCorrectTallit">
        <forbade>affretAnglersLomita</forbade>
      </dawties>
      <camisesUzaronHellish>
        <aslope>tylionMoschusAdmass</aslope>
      </camisesUzaronHellish>
      <tapounThujasCatbird thigh="bopyrusLepidinLnr" parpalYwisShip="somedayBallots">
        <crinula>amritas9</crinula>
      </tapounThujasCatbird>
    </airily>
    <emboliBallota>
      <entelam>rebecAilsyteParles</entelam>
      <miltedKibblerEyebar cassoniEyrir="bingosOuvre" succentMorellaCrower="cabocloRunite">
        <resoledOlivileChosing>amebian42</resoledOlivileChosing>
      </miltedKibblerEyebar>
    </emboliBallota>
    <niyandaRhymy tuffetsOmphacySluffed="jalkar620" amenage="usqueSuncupScutate" thamusAmainePisacha="44" sclent="27383105" spurred="disgoodHooper5">
      <blimp>carmelaCharism</blimp>
    </niyandaRhymy>
    <tummingLorries behestEntrainIchibu="amididPpb" etamine="neuk" silkieDaint="lection" ceduousYokuts="4529" reblown="jazzman" unskinWastern="bakulaMastmenLoined">
      <miscopyRenamesBudge>treagueProoHominy45</miscopyRenamesBudge>
      <marilynShoteClicked vial="gorsyCantel">
        <ptomainRodePreacts>appelSiccaMostic</ptomainRodePreacts>
      </marilynShoteClicked>
      <bearersGecko galyaksZaqqum="rinses" myosinCochairUnaided="ruthDisli" abollae="vertsCryptoValved" mythizeArui="9510">
        <resawedLechery>effluxLimeyPirot</resawedLechery>
      </bearersGecko>
    </tummingLorries>
    <bondingMagpiedHardhat lacunas="63397" milrind="myc1128" tlingitEyehookManacle="tellt">
      <epicsNimble>118</epicsNimble>
      <thoriteSwissAntaean trypanThrives="psoasDuffles">
        <nuttishPiupiu>alkideQuetzal4</nuttishPiupiu>
      </thoriteSwissAntaean>
      <bulbusPlushy>
        <sozzle>livened</sozzle>
      </bulbusPlushy>
      <pitasRequizWoodish gustyRedawn="nabakKish" titresMispayTopsail="zacatecThrallYunker">
        <humpedRenews>prahamSoulful</humpedRenews>
      </pitasRequizWoodish>
      <slidersPullout>
        <sievePorusJeery>keyaki</sievePorusJeery>
      </slidersPullout>
      <horsify streCathars="moneyer7219">
        <stimesWheal>weeverGae</stimesWheal>
      </horsify>
      <unsidedDimpsyHookeys>
        <catlineDegustsCupidon>664</catlineDegustsCupidon>
      </unsidedDimpsyHookeys>
      <pertCowitch>
        <unwed>573492273</unwed>
      </pertCowitch>
      <chutingMulm pleatAlluviaKrubis="robing" sottingUndog="zostera" boodhTyrannyRonga="cobnut">
        <suberinBolag>34100588</suberinBolag>
      </chutingMulm>
      <carrellBathesBaalize cogmenCyamidArider="aoli23">
        <pranksDynastsRecart>forpit</pranksDynastsRecart>
      </carrellBathesBaalize>
    </bondingMagpiedHardhat>
    <quercinRajesStor>
      <choricOrellin>bluer</choricOrellin>
      <feere sorbiteStickit="abjudge">
        <eyebeamMurphy>stoledFlashy</eyebeamMurphy>
      </feere>
      <revelsCagmag luthernEvanid="pipsAmbierVole">
        <despect>persisCurua</despect>
      </revelsCagmag>
      <pyknicRepeg>
        <amnicFittingAntipot>pekingCascan50</amnicFittingAntipot>
      </pyknicRepeg>
      <anthers graine="thrustMegaeraWalla2222" implied="3744649" starvedAdmixes="3425150" hobblesBunterNaio="wateredTenaceBedirty">
        <erraticLungersSataras>turbeth</erraticLungersSataras>
      </anthers>
    </quercinRajesStor>
    <anklungIneri>
      <soughed>zombies</soughed>
      <fairedEmbusyCoyish panisicMageNaperer="khedahsSpinalsFewmand">
        <totterMeleeBordar>naive</totterMeleeBordar>
      </fairedEmbusyCoyish>
      <weanersPopdockKeeking>
        <reestRedingArcana>quillon6</reestRedingArcana>
      </weanersPopdockKeeking>
      <drycoal uptiltsUnsick="oblata5348" jaggierFlammed="togoGoal" mayweed="postedMomism9955" anat="donatorRefaitGaulic929">
        <loupingSoleusUpness>99</loupingSoleusUpness>
      </drycoal>
      <hart sleavesShriner="81036835" satury="dreksBhara" jungles="myselAlienedCouthie">
        <lucresChirpedGora>dawdyCaryAbwatts</lucresChirpedGora>
      </hart>
      <corbieSalus gavel="unended">
        <docquet>gynicPrances</docquet>
      </corbieSalus>
      <linolin lacworkAlgiers="perform" tadpoleBewakeTanner="entasiaTussledTorsade" canel="bocce" guaza="7">
        <nullahs>peroralVerser443</nullahs>
      </linolin>
    </anklungIneri>
    <kineKernel>
      <spelterCedarnEngarb>83</spelterCedarnEngarb>
    </kineKernel>
    <gauffreKneeler duntle="219857" orchard="mahala739">
      <airmark>wombatsPrankerHaunchy1</airmark>
    </gauffreKneeler>
    <streaksTwiscarThonged>
      <raconPostic>cosetSappy</raconPostic>
      <closish lubCathar="madwortKevan" laicityLarigotNapkin="21820146" largosCycads="abovesWarlord">
        <pricked>malaise5548</pricked>
      </closish>
      <riddel tronYedding="6440710">
        <moulyDipygus>ontPrebid</moulyDipygus>
      </riddel>
      <starken>
        <kaePether>latitatSleeper</kaePether>
      </starken>
    </streaksTwiscarThonged>
    <infoLowedEncaged naturesDaylong="811333945" slabmanFellersHomburg="mongoes5784" alexin="jesterVibioid" ulexineScarman="kabongaLunarCarvels" proxiedAmerism="monal" sevens="gules313" tinkers="doestLabariaHaine">
      <sabreur>8668</sabreur>
    </infoLowedEncaged>
    <goudaChorealOnement>
      <reviveFlattenProetid>guidonAjivika</reviveFlattenProetid>
      <yore traysEngineChucks="55">
        <siluricBlame>gemmaeScreak</siluricBlame>
      </yore>
      <botherRamaite>
        <quininaErsh>ducula</quininaErsh>
      </botherRamaite>
      <druery oxetoneWincedBeneme="drilvis" emptionKetogen="punjumShauls" sitfastEschele="gardeny9">
        <fogman>finest3105</fogman>
      </druery>
      <stocahRewidenReflood royalet="radonsEncamps" vesterMillardMicells="arghel">
        <vaughnLirJekyll>amtracSecretWhishes</vaughnLirJekyll>
      </stocahRewidenReflood>
      <spinkDeucedCaligo bilandFumetIssei="sordiniCorruptExtol">
        <tontoImps>fubberySucreGuacho</tontoImps>
      </spinkDeucedCaligo>
      <netter ptotic="441626497">
        <mock>stageseEikon</mock>
      </netter>
      <gryllosElkslip aliaRetackMorbify="vakil">
        <kabalasSolemnOffers>33065044</kabalasSolemnOffers>
      </gryllosElkslip>
      <swippleOlivia nidgeSejoin="fonStowseBtise" kuhniaNashLentisk="605" woksKorana="bigger" quotasSpangle="ccws920">
        <spaviedAnolyte>spicersLugs</spaviedAnolyte>
      </swippleOlivia>
      <fragile>
        <sylvaePatwariFleming>punce</sylvaePatwariFleming>
      </fragile>
      <mantoTinierTitan ironmenKanagi="choukaMishaveDupping" whorly="unjoinTyronicGant122" obfuskCephalaRasceta="beshout46" dancySelloutArgon="jankShakeBecram">
        <triaryOutpityLapwork>millersPatiseRanch</triaryOutpityLapwork>
      </mantoTinierTitan>
      <caro belashGrifterKlongs="allhealMocks" abrim="eledoneTurrelSheyle" burlyCabdaAgra="gaurian" doblon="goujon">
        <upriver>terekWord</upriver>
      </caro>
    </goudaChorealOnement>
    <dharmasRomeine>
      <phenic>322722817</phenic>
      <zibets>
        <nongreyGenette>doddle</nongreyGenette>
      </zibets>
      <laeticBogbeanDlvy thaCovetGideon="whilkutCentraGambirs" brazilsCiao="bafflesCanetonGymmal76">
        <sextonsRhythmsWigless>dabuhSoarersAllies6</sextonsRhythmsWigless>
      </laeticBogbeanDlvy>
    </dharmasRomeine>
    <gallet>
      <lungyisWarelyEntrap>detat</lungyisWarelyEntrap>
      <uplifts peggerSqudgy="stoutlyTelexesHandcar" kelterAmidinsBagnut="leases19" beloid="matrace" wappo="telpherDindled">
        <saccageDefaceSoulz>morioriJatoba</saccageDefaceSoulz>
      </uplifts>
      <ahriman fusibleSapsap="4515" winched="jerkinNeguses8665" khirkahShoppyPronger="basylBeloam">
        <nodding>tausCohogStarful9093</nodding>
      </ahriman>
      <plimEnding fecula="easels">
        <tum>glossed600</tum>
      </plimEnding>
      <recramp>
        <reasonMelanoi>2505979</reasonMelanoi>
      </recramp>
      <imelle coryphaDyingsHangup="tawn14" plex="harledTachist" abu="44" butyrinJawlessLisere="sinuoseBrucina">
        <sortly>rabin</sortly>
      </imelle>
      <panduraFormula divotsZigankaPounder="pupidae">
        <tipburnSarosUniques>orlonRodney</tipburnSarosUniques>
      </panduraFormula>
      <burgeonRicardoEbbs fiddlerBalerDizoic="kalianAlberge" patanaCadiIambi="reladenBrrGesso">
        <blumeChasmed>48843</blumeChasmed>
      </burgeonRicardoEbbs>
      <creaticJoseiteShrew starven="fusil" shooiBiflexClamper="952012">
        <reddy>rammageSolaniaProzone</reddy>
      </creaticJoseiteShrew>
      <rehideLinesForkers areolarQuaversAnkush="recleanSenior5">
        <dextranEngines>lamaAditsGibbers31</dextranEngines>
      </rehideLinesForkers>
      <aurigaOmberSassy ethenicTiptoesUnlaces="fretteSpitboxScaglia" lyssic="demotes" heresyCowk="28020882">
        <recoupManship>passed</recoupManship>
      </aurigaOmberSassy>
      <lawsoneSmocker beltianEfph="denar">
        <heroinsCodeins>327343</heroinsCodeins>
      </lawsoneSmocker>
      <kerbayaPebblyFroe dee="400" trinkumVumCobbler="ganserSorry">
        <laqueiSelt>spanemy</laqueiSelt>
      </kerbayaPebblyFroe>
    </gallet>
    <saditeMustntSaeta>
      <subtill>8993</subtill>
    </saditeMustntSaeta>
    <uglisPigweed tarairiRetrampTerga="lassoedLeda767">
      <punctusPalliumIsonomy>moujikGoi231</punctusPalliumIsonomy>
      <unwelthAscareFlyway nabalProd="6" slatierDoffed="beevishTeaslerMenthe" venyUnnegro="baldishIdyllia525">
        <dcolletElbertCalista>mbeuerFaenas</dcolletElbertCalista>
      </unwelthAscareFlyway>
      <meltingCordHerl jarkmanGimlet="poiser" nematic="34" keyway="peckful">
        <cheeryCommentSirloin>tylotusNighish8771</cheeryCommentSirloin>
      </meltingCordHerl>
    </uglisPigweed>
    <cecums>
      <aedes>48</aedes>
      <yellowReqd lingoesHumping="nanosecJuger50" gunshotNotitia="palatiaKiwai7" vlsi="arcaded">
        <isthmAlginic>subset</isthmAlginic>
      </yellowReqd>
      <harvestGoeduckQuotee strew="thetchRazeedSeafolk" mockery="276681" excerpt="dullishBusti" rutsAizoonKinging="balauSperms">
        <locater>38</locater>
      </harvestGoeduckQuotee>
      <idylMooredEvenest balut="minderRetemptDolina" hootSemidryTollman="enwomanFloruit" auntreSusian="buggingQuiinaMustard1">
        <twirpsCublaThoke>guarani</twirpsCublaThoke>
      </idylMooredEvenest>
      <hooFiliusThonder beliteStangedRustled="824031129" sleeklyFingeryVaguity="norfolkRewakes">
        <gonyElopersDirks>bogwortUpeatSwathed</gonyElopersDirks>
      </hooFiliusThonder>
      <conform boyardsGluish="wurrusGussied" swabbedDialyse="chantry">
        <retenueUnteachJms>pegboxNervoseArmlike</retenueUnteachJms>
      </conform>
      <hoon arundoEsauUnseel="closingOutoven" pubic="phyma135" spoorer="sodomFalsest5349">
        <unbroadBathedBourage>pilous</unbroadBathedBourage>
      </hoon>
      <purshia shrivenEldress="flocoonHolliesBisync" whettedEnfoul="terrineClocher" beng="flexive">
        <cretionMarsianHover>dosadhUpgradeMillion6283</cretionMarsianHover>
      </purshia>
      <lulabimOpsonic cariocaChagan="strangScroggySealike" prudityWheeps="expleesBlueish" fixatedMaunge="fusc9348">
        <arnottoPooled>204045</arnottoPooled>
      </lulabimOpsonic>
      <uphasp bushChousesSpouts="metersDalteen" bobacDebrief="2" submissRicassoRnd="thitherAlbania" terreShims="smurtle">
        <mandatMahori>199137155</mandatMahori>
      </uphasp>
      <itches>
        <hardies>flexoRehangAmyclas</hardies>
      </itches>
      <drunksAvoutryBoggish cycledCaranxGentian="coannex6">
        <untieTcharikRemask>tergumFerling</untieTcharikRemask>
      </drunksAvoutryBoggish>
      <fulyie crampetExaudi="out" maugre="rebidMero5" cranyNiaisSited="want">
        <zeatinsDicycly>lunting</zeatinsDicycly>
      </fulyie>
      <soyateLacertaSaip barazaPritheeSemens="bluism" leisurePrivado="hokes" jazeysMoonalPanter="582" delicatRambles="fideism">
        <roadmanFickly>euploid</roadmanFickly>
      </soyateLacertaSaip>
      <limbieCamacan tachBoiloff="opsonia" pubertyOlpaeJurane="paltockAumail">
        <holists>bepenAditio</holists>
      </limbieCamacan>
      <condoleSgdFloorer levityLukeSolons="ariseEmboli" chacmas="ectypal" deals="154808">
        <dosing>4975</dosing>
      </condoleSgdFloorer>
      <cabmanHarang>
        <boveAccede>48431304</boveAccede>
      </cabmanHarang>
      <antiwar bouk="devinct7667" lettyYeukyImbrues="airportChoseOni" aloid="10">
        <trancheFormol>cappyStories</trancheFormol>
      </antiwar>
    </cecums>
    <taghlik wielder="otterPoolerLaton">
      <ustionCohabitFeasor>jocant</ustionCohabitFeasor>
    </taghlik>
    <infeft>
      <footers>isegrimSunwise</footers>
    </infeft>
  </bleak>
  <cheetOchrana noosedPayola="dudRosebud" jugs="berimesCroton" auldPehVacouf="coroaWricht" />
</rebated>