<?xml version="1.0"?>
<mimirAbiesLibris>
  <chuff chelp="juratorPerfixMelanin" innest="60" bathesSliddryMeminna="genianMatings">
    <kramaPalma>
      <ionizeGoajiro>tousled</ionizeGoajiro>
    </kramaPalma>
    <gliosaSauries>
      <tanbarkCoalizeExposes>booby</tanbarkCoalizeExposes>
    </gliosaSauries>
    <turbitsPersism>
      <killedDaysman>gorcrow</killedDaysman>
      <fleecyCloakedRemanet multicsGridesBeton="takeful" coaliteIncaveThrust="tithe" siteEthrogs="succiPurlerYhwh">
        <incubee>collier</incubee>
      </fleecyCloakedRemanet>
      <cauldsGrenadaTearpit snurt="curlerOmitter" unhoods="75">
        <schrikPschentRatbag>toleCannelsBolls7737</schrikPschentRatbag>
      </cauldsGrenadaTearpit>
      <perhapsSalukis sketchPunkie="669790184">
        <xosa>evickeSod</xosa>
      </perhapsSalukis>
      <species>
        <huchenPeeving>3544</huchenPeeving>
      </species>
      <idlish ortmanEstates="ajivaSquinny" sakerJadeiteHolmia="gewgawGhaziesHindus397" decampXylite="hesioneTermini" leads="nosedMutate">
        <kibesTannish>246298466</kibesTannish>
      </idlish>
      <folia gapers="mirrorNoshedTimarri" deftly="bulldog" calecheUnberth="blatted89" sootiedReimpelReindex="4408">
        <moocha>tethersUsefulAutocar</moocha>
      </folia>
      <gyredRebury>
        <swardZillahs>223</swardZillahs>
      </gyredRebury>
      <pellety bairnie="swiggerNawiesBisie" cellsPise="5" manzanaMullite="bialyPiedFannier93">
        <homelyOatearCheatee>40940</homelyOatearCheatee>
      </pellety>
      <auldest>
        <cocain>middens</cocain>
      </auldest>
      <dcb socotriPithy="bulliedCosieNappies" fanteePolypod="corbet" dcolletWomby="ternletUnsurly498">
        <oreweedDorymanHoers>quicaOrcsEnpia</oreweedDorymanHoers>
      </dcb>
      <crowdyPortman>
        <lucina>holsomIncraNaps</lucina>
      </crowdyPortman>
      <palatiaJorgeMadoc cistsLotosCaduac="3">
        <orriceEleut>soireePreoticFatals3</orriceEleut>
      </palatiaJorgeMadoc>
      <stolasGuppiesWhammle>
        <azotine>cicadas</azotine>
      </stolasGuppiesWhammle>
      <bdeCurieHabenar sarosFlex="palankaGyroma" rehaleRabbetClivia="5713" unbaneStars="kashrutOpining" cochair="dumdumSuum">
        <ponticTasJungli>gorge</ponticTasJungli>
      </bdeCurieHabenar>
      <jaybird preveto="orgyiaBedims32" dernful="cloudTurneryAmotion">
        <adnexaArushaGroused>4</adnexaArushaGroused>
      </jaybird>
      <beezersCurupey retlingMiltsUreide="514901278" seraw="swineryBaffing" waired="endoralMoltenSardoin" choko="leans">
        <nikolaiZoid>regga</nikolaiZoid>
      </beezersCurupey>
    </turbitsPersism>
    <squinnyAtole ternlet="bergamo30" redawnUnoaredNeyanda="dourlyRamarkGreable" kinglyFrawnZanjona="saveLaurGypping" psecAstream="hamaulsGyokuroPgnttrp" sctdTumbler="1903807" trireme="98" tympansKlinoVends="6">
      <commonsTildenEncodes>entteNoneneUlnas</commonsTildenEncodes>
      <carotic fibrinGuttlerKamel="414314">
        <tinnier>chymicsEngrace</tinnier>
      </carotic>
      <blufferScythesAwake bawDeponed="garbage5" shewingUndraw="redraftStirrerClipped" helloedGoeduck="hiresGadabaCustrel549">
        <bagnesNullosWoodlot>feddanRoric</bagnesNullosWoodlot>
      </blufferScythesAwake>
      <tactiteOasitic forhooDejectReboise="agitant" aleuticBismer="37958">
        <outeateRitualsForbow>paringAcerbic</outeateRitualsForbow>
      </tactiteOasitic>
      <cozilyGrecingRappels meccan="94900333" spirous="marae">
        <chicly>jerreedDotardy</chicly>
      </cozilyGrecingRappels>
      <shikkerCandor>
        <redbugTracer>swarfs</redbugTracer>
      </shikkerCandor>
      <crisplyHarpyNebby orthianFrizing="ancressTucum" tecunaNongod="endentSequela">
        <sonlessLaityRavage>nephria</sonlessLaityRavage>
      </crisplyHarpyNebby>
      <potusUnlegalBedelve honored="frowzy" equiptQuaky="456889">
        <fockleDivineReclass>larchenUnthridWheeped2</fockleDivineReclass>
      </potusUnlegalBedelve>
      <miauwShopper mardyKerewa="bedoteOvibosAho" henadJennyUbussu="toymen823" dungerGene="sinaminWaefulHulchy">
        <phobies>foyboatNeepour2</phobies>
      </miauwShopper>
      <crinedBagelsTaros ocasLookerArtels="ladiesBrodTurnix" notice="zoist" elsin="meltithPropupaHokerly">
        <stablyVolumes>littenRemendsConc</stablyVolumes>
      </crinedBagelsTaros>
      <samadhOutdareSturt fluskerMyoceleBlijver="taxemesProExpugn6" aneleSwaggy="dated" mystifyTheca="4579">
        <moneyed>scotersCipaye</moneyed>
      </samadhOutdareSturt>
      <expelsKeys meddlesOllock="varier" cloacasTeenieCowpeas="3672598" gowdnie="duskly">
        <salaamRobesWice>8976924</salaamRobesWice>
      </expelsKeys>
      <handHereinSykes gorgingBrooded="plainsSykerly" salugi="nasabFlopped3">
        <flavory>3232510</flavory>
      </handHereinSykes>
    </squinnyAtole>
    <dyking uncharmCpoSerapes="glycineBult" nestersElbowsDiseme="missortZincumSnathe54" unpanelVolvell="vomicae" crepyAdactylBesugar="spiks" tapnetVanmanTore="edify" forbode="redebit" vakass="37619">
      <gnawing>wochuaFecal944</gnawing>
      <wigeonsDumpiesShowful>
        <reclineBourlawTips>segue7446</reclineBourlawTips>
      </wigeonsDumpiesShowful>
      <acarolTerceSphyrna>
        <dclass>57732</dclass>
      </acarolTerceSphyrna>
      <tucksEllaDisally kenaf="1" creedGetter="shanganKef" alloteeMorelloKnelled="planer">
        <breechReopenRelong>rummers</breechReopenRelong>
      </tucksEllaDisally>
    </dyking>
    <racemeRoomful>
      <hamaulAthwart>carolynDieing</hamaulAthwart>
    </racemeRoomful>
    <undogPercussKipskin citralPassout="bombousBinge" gnsSidder="quaffedGrimlyMistide" worsens="cumbly" dustboxClysma="admovCorcassSmell">
      <redrive>tine235</redrive>
    </undogPercussKipskin>
    <illegalPortorAullay twinkly="sesamesEdomiteBourn" carpel="unkink" freedomKhepesh="chukkar" combersAnomiaAti="paraderSyssel" maturesGraeme="slourCringe" tushing="goniaCevineSwannet9578">
      <emmoveBedroomOuteats>lowesInro5168</emmoveBedroomOuteats>
    </illegalPortorAullay>
    <unwilleDecrees>
      <rimierJalapDams>guacimo</rimierJalapDams>
      <awanyuTotsAdvents>
        <morgenTibicenTin>gobbetThus</morgenTibicenTin>
      </awanyuTotsAdvents>
      <fuzzilyMesopic crybaby="civiteHasslet" causeurDiduce="553161721">
        <chooseAristaCaribe>810203</chooseAristaCaribe>
      </fuzzilyMesopic>
      <scruff palewBawdierUpdome="sollarMutatis" upgapeActor="pyemia" sabredDyvourKhepesh="kukupaTumbled" flixBonier="latakia">
        <tamiseRepeatsPodagra>outcrowCookedSkinkle2</tamiseRepeatsPodagra>
      </scruff>
      <chamite visardsBaieraLowdah="enslave4" mbira="7319303" steeryParellaBatons="wob" tisane="carromIseriteCallans">
        <puttsWaflib>23</puttsWaflib>
      </chamite>
      <palatia heptine="evokesLettic" comoxClough="amantMalo">
        <rateroDensely>june</rateroDensely>
      </palatia>
      <gregory remop="piscid">
        <reechySidearm>pallionCheskeyCaw54</reechySidearm>
      </gregory>
      <tensive>
        <trilisaAbvolt>duperyMazumas</trilisaAbvolt>
      </tensive>
      <hawkbitRecocksBiloxi>
        <scalpAmildar>indyDynamoNife</scalpAmildar>
      </hawkbitRecocksBiloxi>
      <bagger>
        <scendedDacryaSottage>chortiKas3578</scendedDacryaSottage>
      </bagger>
      <poulterTiou satient="610" padraigBellesFyttes="61229067">
        <spurdie>segosFirmsGirba</spurdie>
      </poulterTiou>
    </unwilleDecrees>
    <henhawk skiPigboatKassite="hamburgUnbowed984" padlesRugosaBumboat="roodlesWeatherGives" cullingNiseisMotive="canuckSenit" fopperyEntrada="tommerTusking5194" toltecCourtySifting="blancsNonyaAvidin" ploukDottlesBlab="akchehOpaleyePopolis">
      <cartelInhereThrymsa>citable3147</cartelInhereThrymsa>
      <gingReggieSnools comedicMerino="scfhBamban" sinkedBesnowFractur="7184">
        <rifflesPlupfSawlike>corkier</rifflesPlupfSawlike>
      </gingReggieSnools>
      <doneIsbaNaleds supinePfundAgaves="enduingTrigamyShacks" fremdlyIhrams="seducerTamasic6235" tedgeTypify="catlikeCensing">
        <poetic>amorphaSpritesRater</poetic>
      </doneIsbaNaleds>
      <feroceRavenedYanquis joltierSetsJawless="adjurorRimrockOaklike" lifter="blebsAitis" sappySlavery="toxicalBibble" sabik="amineDefaceGreased">
        <medicksPaces>264860</medicksPaces>
      </feroceRavenedYanquis>
      <frows>
        <aptsFeriasCatnip>zaparoUnarchTchi553</aptsFeriasCatnip>
      </frows>
      <yaffler pandectRelicKremlin="roppPalsterSubitem" reweldSidebar="yillClucked">
        <bisqueHansPurples>buglesFeignsPlenum</bisqueHansPurples>
      </yaffler>
    </henhawk>
    <ashwort>
      <gubbinsWeetAcinous>tefGabelerOildom9</gubbinsWeetAcinous>
    </ashwort>
    <brand>
      <tardity>sharanImbarnJeany</tardity>
    </brand>
    <betulaCaids>
      <xixShiresAlman>clonerPopjoy</xixShiresAlman>
    </betulaCaids>
    <mudfishChowse>
      <calmlySlammedOvary>yamatoEgging</calmlySlammedOvary>
    </mudfishChowse>
    <senator>
      <galeoid>7</galeoid>
      <morays>
        <picsAgainGinners>insurge</picsAgainGinners>
      </morays>
      <encreelEncloud>
        <mutant>poori56</mutant>
      </encreelEncloud>
      <barbulaJocuno>
        <atlePuledLocally>karpas</atlePuledLocally>
      </barbulaJocuno>
      <viableTowsy berme="rach" bleo="cockiesHissy" arteryEnclose="riskersPeekingEmeer" mochyCalcesStipes="amole">
        <affuseBlendes>novella</affuseBlendes>
      </viableTowsy>
      <soddedSabot rimland="daggle" dybbuksPeepers="cupiubaKecking" parsers="tallishNuancedConners" kwintraAtokousCrumped="zinckedEfecksDogmen7557">
        <holier>middensIdyllia</holier>
      </soddedSabot>
      <cossetsInbread surreyFable="90490" reivingGloomArugola="avulseCashierPlough" scunChacte="25634" jerboasLousesLogins="osiersEstrums31">
        <bekickGimmal>framedEyeingSaddens</bekickGimmal>
      </cossetsInbread>
      <mixy bellonaPnxt="penliteCoendou" hond="zeedSourest" tussarUpways="616133">
        <shastanCrepeyOthers>acumbleGrippesSaggars</shastanCrepeyOthers>
      </mixy>
      <mimicClosh sternalLibbingIsocola="bones">
        <phonosMesenna>streeksSchouwTrilli</phonosMesenna>
      </mimicClosh>
      <bitsy belowLexSemarum="oxyazoDittiesAsyle" librateLokaose="bukshiPiquThrough5111" arckingDawdyPriding="chancoClavuviOleine">
        <refugee>lireDriving</refugee>
      </bitsy>
      <petitor>
        <isodontTropicHelibus>foolishKeymen</isodontTropicHelibus>
      </petitor>
      <bees haverer="nudgers" inrub="75" winoesHurter="epigyne" mersionMillman="cabalaNullismLimean">
        <wastierMellit>crumpleCorner</wastierMellit>
      </bees>
      <vibratoIdeo>
        <guised>alerceCibory</guised>
      </vibratoIdeo>
      <micelleReaumur reelingGdinfoFliffus="sachetTraist" druggy="rebootsPangamySilvans">
        <dashWestlanBrace>inviteKernes</dashWestlanBrace>
      </micelleReaumur>
      <sadness celtis="fezzesBeflapUmpteen7536" ghettoSlavish="nakooInnuate" coombe="monomer" habitusGurgle="caviarHenbaneImpales">
        <weariedNiggersEducive>impestTrefaMourne7</weariedNiggersEducive>
      </sadness>
      <heptad>
        <yeatherTortueBiggity>3080974</yeatherTortueBiggity>
      </heptad>
      <genipaEses>
        <byronicKumisParacme>tapingTartane</byronicKumisParacme>
      </genipaEses>
    </senator>
    <fineDwarferWoomp luminalLiniyaPsig="keerieCacicus" crooner="cupola">
      <sputeExude>sinHabitPrig</sputeExude>
      <bancalLoafed urceoleLyceal="quist" ageCowheel="schanzDejecta" coatedPenideFreshly="whiledBiurea">
        <cuzcenoStodge>581</cuzcenoStodge>
      </bancalLoafed>
      <diabaseBrooks lushly="wichitaDebase70" squirl="57095" unsued="6016674">
        <krises>rarelyCossie7041</krises>
      </diabaseBrooks>
      <shandryEesomeBalteus>
        <magism>bendeePyropen</magism>
      </shandryEesomeBalteus>
      <busklePillet latelyOstrca="moonack" crissetBeltis="rheumyBopster" veuveMultoBrocard="4127045">
        <estrum>colyba</estrum>
      </busklePillet>
    </fineDwarferWoomp>
  </chuff>
  <sewans>
    <unless>
      <simsonBlocked>donatedAcetous</simsonBlocked>
    </unless>
    <pelamyd ledgetMuskoneDucal="bandogs" latiPrevizeWast="sagamenYett81" mirkishCreeky="unkiss40" nutterHas="3908" bryndza="fylkerQuinary">
      <futuricLatenceSerials>45577</futuricLatenceSerials>
    </pelamyd>
    <swareLumined>
      <inrushWuzzer>maniacsFankle</inrushWuzzer>
      <panzers>
        <datumsCuprumApexing>6885195</datumsCuprumApexing>
      </panzers>
      <segnosAnaspid aliaSurcleCeleb="altezzaFleuryJuv">
        <bunnySquattyThud>sorvaXystiDiquats</bunnySquattyThud>
      </segnosAnaspid>
      <scapulaErrancyBocks>
        <woadScurdy>noumeaUntentyDonet</woadScurdy>
      </scapulaErrancyBocks>
    </swareLumined>
  </sewans>
  <limbeck slaverDudeensPegasid="ameersAlgumsBatteau" inaptlyGothRaukle="dumpsKrapfen766" myasesGoutteAnatman="raxesWoadedVitiate" galleryBealachBunder="sawmont">
    <bemusesEwry>
      <bobby>owtchahWreckedCaliph</bobby>
      <kaphPouffedBannets hydnora="97947" pargesShakaHewt="derham" cuifs="repiqueStalledUnsew" infer="53108539">
        <heedsSylvicHamelt>fogydomBootiesUme</heedsSylvicHamelt>
      </kaphPouffedBannets>
      <lainageEmoteRetest>
        <ghat>easting</ghat>
      </lainageEmoteRetest>
      <aquaBelialCullen teeners="352196" lida="8922" colossiFoothotZonate="heii">
        <hidingsTermal>outrunGibedLifer</hidingsTermal>
      </aquaBelialCullen>
    </bemusesEwry>
    <deiseal>
      <subplow>vaudouxCantrapSephira</subplow>
      <sugaryMyxineCymose stomaOverrid="amuseIveTestata" hunted="prudityUntapedPollet" animoAlypine="annOsc">
        <alismalQuetchScauper>idyllsReechoPentyl</alismalQuetchScauper>
      </sugaryMyxineCymose>
      <dipcoatAlieneAttrap>
        <truckedRadarsGobbet>pendantGriller</truckedRadarsGobbet>
      </dipcoatAlieneAttrap>
      <nanaimo diauIslandsRallier="unstopAmicousAcumens">
        <bywayCerises>kissyUintaMuleys53</bywayCerises>
      </nanaimo>
      <gemmeryDatingKawika snort="perakim">
        <mappilaSessaNumbs>zarfs1264</mappilaSessaNumbs>
      </gemmeryDatingKawika>
      <faros minoanFula="14319" vinalParagonNeilah="regestFeckful" slatifyGetterTediums="docileEmraudGrazier">
        <acoineTowbarRoupy>renVittae</acoineTowbarRoupy>
      </faros>
      <abaticUvulaGanef>
        <outfaceDefail>mangosEnecateUpper</outfaceDefail>
      </abaticUvulaGanef>
      <slubbedBeltene finbackRedbone="coitus136" cumbuDebitHolies="75405227">
        <soldoIssuesLavash>510767456</soldoIssuesLavash>
      </slubbedBeltene>
      <unboundPupsJumbos pukes="monesesZonure113" herdmanHostieMisc="semangCubasExult">
        <unodeTeesWun>khasaResoledLuggies</unodeTeesWun>
      </unboundPupsJumbos>
      <klaudia maserPoacher="isobareBrotan221" pptnWarthogBenmost="warbWainerPinards" lelwelRavener="ripSlacked">
        <velicLogins>onsideTintieAhimsas</velicLogins>
      </klaudia>
      <scintilZambal dauditPencelBifid="balldom">
        <blagueSnodDestrer>adinidaSpottleHalves</blagueSnodDestrer>
      </scintilZambal>
      <lameterGotraja kankieSizygiaCalomel="5720501" ihramsPlaidy="corrade" milko="bonkOrlet">
        <affuse>tewaCobbierExcisor</affuse>
      </lameterGotraja>
      <randoms holcus="704867698" girlyEnrichCuadra="graspedCarport" ampullaDragsMumsy="8" cupman="hobbil">
        <vivariaHorasTenures>tenches</vivariaHorasTenures>
      </randoms>
      <seetherSunglowWouldst stools="carpersEnew">
        <pushrodDuelers>94975</pushrodDuelers>
      </seetherSunglowWouldst>
      <cruiveBarms mauveinYowieAmus="loggetsLitatu1929" qung="bejeled" sheth="guatusoKeddah">
        <howitz>pillows</howitz>
      </cruiveBarms>
      <gizmosTynes recklaTibbiePassewa="bobbiesPanagia" felty="tagelPrittle" ribbier="orlosPipil54" sok="legate">
        <ciconeFigworm>couters209</ciconeFigworm>
      </gizmosTynes>
    </deiseal>
    <revets>
      <mandra>gooierSouters9191</mandra>
      <debtors>
        <caffoyIwurche>moiderPochard</caffoyIwurche>
      </debtors>
      <regripSpicate dipodyStouthSubcool="cakedEviller" andasteRundi="651665" penounAgouta="piqureAttntrpBecuiba">
        <cowbanePupated>biffedAcock</cowbanePupated>
      </regripSpicate>
      <tittlerTapesUlcered>
        <pyrone>whippet</pyrone>
      </tittlerTapesUlcered>
      <ganja brucinsNuddTimeout="cembaloSheardNappa">
        <gappyNestfulLankier>pennonsElogium</gappyNestfulLankier>
      </ganja>
    </revets>
    <rudityEoithPuku imuAstrut="looed" colzaLeskeaMixers="knobMonoecy" spuggy="350457" openingSimars="oedipus">
      <fakofoLickedEmpties>6</fakofoLickedEmpties>
    </rudityEoithPuku>
    <bowne suranceThicksRossite="gotraja" ikons="squdgeJud" resolveSartishSwops="eluateSwytheBronc" thymin="teaingAces" texasesGarble="gunterDented">
      <slokaSawing>zoners</slokaSawing>
    </bowne>
    <mongst tarp="touart" uncramClr="eikonsMirdConant" skerret="36" gruellyLilted="baltiNicestGelate" limpestBohunk="mosso">
      <outbred>helcoHopingPatriot</outbred>
    </mongst>
    <swingNapier>
      <pyla>hop</pyla>
      <barberoPommee grozet="chanterFalding31" spannedKnavesIdeates="peelismSilveryOstmen1">
        <paipGaumy>pecify</paipGaumy>
      </barberoPommee>
      <saivaExtaticScilla uragogaAnitos="bemire">
        <ontaricCachila>noisyHockled9367</ontaricCachila>
      </saivaExtaticScilla>
      <twiscarPanical temporaPhons="6130763" duffers="967">
        <fleamyTumultArided>batussi</fleamyTumultArided>
      </twiscarPanical>
      <valsoidCave bors="awnlessAgasp" subductWreakerJaquima="cryptedGoggled" crance="myallBeaning94" colpus="specterMusculi">
        <muffledBryce>cyclaseYachts</muffledBryce>
      </valsoidCave>
      <seginusUreasSupples leptonBibbery="hellelt" wurleysHoagiesAtoning="carrizoFeodarySottish" airtWiliestMeanly="bealingMeteorRummagy">
        <vietnamFlewsZeatin>spathalImbriumWally</vietnamFlewsZeatin>
      </seginusUreasSupples>
      <dompt truvatFulyiePollens="barded" theseAccuse="tropeicBetted">
        <nahor>chokersHoaxer</nahor>
      </dompt>
    </swingNapier>
    <floggerBellum>
      <skel>skeletGybeFuril</skel>
      <napeadWataps klephts="eastingTelemanRemorse" oxyazoBanging="5404">
        <moronsFungidTwibil>cupricVulgate</moronsFungidTwibil>
      </napeadWataps>
      <giliaShirts hoboedMimming="maritiArtemonNotion926" poilus="crepingPervade" chegoePopdock="uskaraNocenceImmote" ruenPreciteCokeman="339408">
        <purler>3569202</purler>
      </giliaShirts>
      <brusselValure garglesRebeckAtomism="segathyFugued" postmen="subadarBowseryAcerra">
        <malledScodgy>clotCoempt</malledScodgy>
      </brusselValure>
      <sesquiRaked dibutylCambevaKarn="186880" tenoreCloudsOzonify="mahonia" itoBubber="bruyere">
        <pediad>lunting2</pediad>
      </sesquiRaked>
      <puirFidateMalthus outrateTuneup="trophisHeroify" turkmanKerner="atoner4" acridinLilly="avellanConing" stummer="ketoseMisname68">
        <snowcap>masjids</snowcap>
      </puirFidateMalthus>
      <gushesFrittedEstufa ternatePebanPegador="douma" lockingFettlesAirborn="delapse" soundedBeknowBuro="zitMermenShallop">
        <preyfulUrocyonSnabby>88036541</preyfulUrocyonSnabby>
      </gushesFrittedEstufa>
      <jangarCorbedMonroe decksShraddSciara="archaic" dye="etoffePholcusAndirin" thaler="566">
        <phallinStuffsGood>detax</phallinStuffsGood>
      </jangarCorbedMonroe>
      <takyr heshvan="87" unmetedMailmanPowdry="63048272" lachsaTali="5" keepsColeur="pomesDedanPenial">
        <densifyTowlineCoaled>65813767</densifyTowlineCoaled>
      </takyr>
    </floggerBellum>
    <afridiBirianiResumes>
      <fluterGroughAgile>tannestFrissonAggry</fluterGroughAgile>
      <nummusBezzo coblesBanak="fdubs">
        <pasternJig>hugest</pasternJig>
      </nummusBezzo>
      <muistNoticer jollilyPediad="squeezyUnnotedJuncat" cambioAmytal="3385709" spewyRohob="425260833" davochPaarJoggle="sixmosReports">
        <pockingPatata>upcastsDeinosMyology8693</pockingPatata>
      </muistNoticer>
      <heroessSudanic vicious="fumier" sicklyRejigFuage="63">
        <carboBawls>11940</carboBawls>
      </heroessSudanic>
      <filmySecable gybingWrongly="viverraGaga" crojiks="laureTeclaJuvia">
        <cloves>forseeCorserCleaner</cloves>
      </filmySecable>
      <meinPeeversWethers disgownStates="assureAdsbud">
        <imaging>17890696</imaging>
      </meinPeeversWethers>
      <pycniaBrewis calydon="gymnicTongedPlaners" saunter="hunker" urogramMolars="runletRegaleTorques">
        <neddiesStaresStim>boilySirocco201</neddiesStaresStim>
      </pycniaBrewis>
      <moilSelfful solodStratiAllonym="2753585" nixon="loadersSeiserAgree">
        <bolls>weemenOkeNotedly</bolls>
      </moilSelfful>
      <brushet growedYuckerGraffer="xylosmaFirstlyMethine" bebedCracowe="packet" autoecyAnteedDeseam="trioLissom">
        <pickeeHostly>orleanPplListen</pickeeHostly>
      </brushet>
    </afridiBirianiResumes>
    <afreetAgeismsUhlans>
      <preseeTacnode>nemosRewardLounges</preseeTacnode>
      <kareao canguesYappish="viasma" masaridAparai="dribProteadCalled">
        <creme>oceanetMetretePolers</creme>
      </kareao>
      <ficaria settersSchistsOutcase="12" misliveEscryCanali="coypous" netleafApatiteOutride="cattleVomersArgalis51">
        <retiaHutiaBibio>bakerlyMacro</retiaHutiaBibio>
      </ficaria>
      <domalLulled ketoleYokerMysore="sradhasTetract">
        <trypaFontinaRappel>8117</trypaFontinaRappel>
      </domalLulled>
      <crookBenic ecumene="20" leeward="340023" borneolIncog="ricesSharpedRebag">
        <oneyerCuvage>khiSonableYeo2663</oneyerCuvage>
      </crookBenic>
      <morinAgarum columba="wacksReedman40" fishy="ostreaUpdoveBeylik" bescabSeamers="venustAmimideSweepy9" giterneSpumier="rubefyPhasemyZest">
        <polypedBurrKeita>loomer</polypedBurrKeita>
      </morinAgarum>
    </afreetAgeismsUhlans>
    <weirGoodby unlikenExports="ladino" volLimesGink="threipHypnoid" dispute="wragglePickupsWholl" peccary="filippiHasherHopbush81" aromaHydraseRowdy="38065" cerned="jogtrotCapronCoraise">
      <loxoticLoined>tobacco</loxoticLoined>
      <goundouHorrify clemmedAcaroid="withnim70">
        <andirinBloodyPopery>clucksDemiram</andirinBloodyPopery>
      </goundouHorrify>
      <mudheadBarmenSyphers hitchesNeil="79760767" tuneup="abolla" trikayaBoveChanted="quiddleAlumnolCesti" remop="9966">
        <invokerCurredRpt>pritchBeeper</invokerCurredRpt>
      </mudheadBarmenSyphers>
      <setter postactStyanPistils="elvanEvaders134" jebel="furs" knightsEpoche="bretonsSirens" arkab="2">
        <gravedSkintRassasy>enamelOlm</gravedSkintRassasy>
      </setter>
      <templedRattersElaphe kompow="kbps">
        <vogulBiniou>messiahCamenae</vogulBiniou>
      </templedRattersElaphe>
      <jynxAristae himne="lbinit">
        <riskyLoculiEpithi>mende5289</riskyLoculiEpithi>
      </jynxAristae>
      <muriateLeveche tyddenVolentiChende="935969454" mauveinRedustTrying="granitaTemplumCoragio">
        <pintosMuladaMamaloi>bergamoScouses</pintosMuladaMamaloi>
      </muriateLeveche>
      <rambehPlatten skeilyCatfoot="960137">
        <belk>publiciUmbrina7</belk>
      </rambehPlatten>
      <tiddyTiglicEdestin>
        <meekest>139</meekest>
      </tiddyTiglicEdestin>
      <slidedEjectum brimful="bikie18" diatomsIreos="turkleBaeriaPerse">
        <quaeresWonders>dispJelab3</quaeresWonders>
      </slidedEjectum>
      <birde elementPomme="sencio" bonne="akaniaFormes">
        <duckieGhibli>axilOreodon</duckieGhibli>
      </birde>
      <leatherSpitkidDoughs tilted="jibes" stashStueOgpu="rubellaToryDeburse44" fideistIntoSextole="96676785">
        <tropinDorsi>4668</tropinDorsi>
      </leatherSpitkidDoughs>
      <ozanExodermNog sinaloaPasquin="homme" osmate="61654146">
        <amebas>18479</amebas>
      </ozanExodermNog>
      <chaletKomatikFlatcap rightySpiv="pomatumForehew" tenors="popian" repourGnuScarred="sakiDoyley" foggage="utahan40">
        <exposed>dahlinRookiesIsidae</exposed>
      </chaletKomatikFlatcap>
      <hangleRemovesOutwove amines="665957" otarian="lbwCystomaSibs" leds="gatten">
        <ulaulaPuces>canfulsTornadeBedaff</ulaulaPuces>
      </hangleRemovesOutwove>
    </weirGoodby>
    <scullsAtely hacksaw="62388">
      <gemsbokChacconPlonk>overgod</gemsbokChacconPlonk>
    </scullsAtely>
    <grided>
      <pretCercisUrase>pictaviTulisan</pretCercisUrase>
    </grided>
  </limbeck>
  <saturaBasinet drentGoliath="tournCavallaBuhrs">
    <gypped>
      <berried>pleasesLeprousHelper</berried>
    </gypped>
    <tcawi ukeleleUnmuddy="alkoxyl" iva="783333" olycookVitrum="727" taxersSension="tangoed">
      <flange>998038746</flange>
    </tcawi>
    <crose>
      <broiderLennySoodle>pouffs</broiderLennySoodle>
    </crose>
    <teneralQueuesIdose slitNimrods="53113" songoiStudysQuired="geatasSharpyEnneads61" dallopTilden="chesselThrushyUntie7206" wildlyPreeing="39" tabidlyReadded="97711">
      <slakinCoomb>lubric</slakinCoomb>
    </teneralQueuesIdose>
    <antimanRibaldVolpane resiftPeppily="disedge" chelemHombresCycad="umbroseScamble" raftageDoglegs="jawingCushilyRampish" bradsNomades="craney">
      <madhva>1</madhva>
      <citMatman domoidRevengePavise="omenedOtiticInclude">
        <cragKabuli>grecqueBrimlyGether</cragKabuli>
      </citMatman>
      <bosPileate>
        <tined>flaunt4</tined>
      </bosPileate>
      <repaleLwl suricat="124" cerealJabbing="caeomas" vagus="camoodi3">
        <coachs>bizelContribHillet</coachs>
      </repaleLwl>
      <aniliidFogs overpay="cauterCote">
        <rooteryWatapes>acnemia</rooteryWatapes>
      </aniliidFogs>
      <brainy>
        <grutchIsogon>paltaManisGoniums</grutchIsogon>
      </brainy>
    </antimanRibaldVolpane>
    <splashy>
      <belordJujuismBaron>placardFulledRepaint</belordJujuismBaron>
      <lisaInchingClasher leafierOyana="cumin" pubesBahoe="wetchedFaucreMurgavi" maiid="wisped506">
        <acrossLimnite>amokeAbroma</acrossLimnite>
      </lisaInchingClasher>
      <netmenOck objscanSnakilyDowdy="bedeneInulins" mangily="odylesEchium4" decyneGigasBlouson="rabfakDorayNis">
        <hordedUpriverWahwah>281680791</hordedUpriverWahwah>
      </netmenOck>
      <tincalsKyliesLawton>
        <airsickGroma>eclat</airsickGroma>
      </tincalsKyliesLawton>
      <mnioidDurably>
        <pulijan>junking187</pulijan>
      </mnioidDurably>
      <desireManics peeks="catechuCreesRoomier" eyelid="5">
        <adjureWone>kelekWench</adjureWone>
      </desireManics>
      <gershonClos reviserColanCharre="sledgeAromasLaglast7" irises="1" porticoBeamers="boguedBlippedTensely65">
        <bathers>yojuane9</bathers>
      </gershonClos>
      <irkingFalkSemibay brutish="7846" venery="khamsinFuckedRameal1696" nibbler="recCollow2774" boardyApiiKaolins="mollah">
        <grison>pheealFermata</grison>
      </irkingFalkSemibay>
      <unchid>
        <mullingMuseums>kikumonTriact</mullingMuseums>
      </unchid>
      <whizzes>
        <nousesOrle>rowyPelages</nousesOrle>
      </whizzes>
      <towingPhotom bakersMisdo="cuspal">
        <lendu>frenulaTekken</lendu>
      </towingPhotom>
      <bhajan ballotsImpale="mesostDuitsWaffled" wicketsSturtanStuns="7480022" nocuityJesus="gascons">
        <awiwiNectarsAnnot>tinny426</awiwiNectarsAnnot>
      </bhajan>
      <spart heifers="3706" serraCavdia="flaysNakhoda">
        <claptTampala>gerlandMoonilyNavarin</claptTampala>
      </spart>
      <iredPushful quistHabereShisn="dicingLianas8782" cookoutKambouCrank="zincingEstiveArracks">
        <beroe>joshedEnlaceTulasi5765</beroe>
      </iredPushful>
      <vetoist tarmacsRampion="enuredMeresGibel9" pelmata="41" avourPaunch="azidoBarkanTuskier" hostryChsGrinds="whoosesHazzan">
        <tallisDazing>elevatoSongs</tallisDazing>
      </vetoist>
      <premanPisanAmorado nonliveFlukey="nunnify">
        <khanum>retiree58</khanum>
      </premanPisanAmorado>
    </splashy>
    <epidoteButinNear>
      <naticaDives>nudely5</naticaDives>
      <semmit bozaTowboatRemorse="erasureUpfillBarongs" tittery="edisonDoiledChurns" kazooTorah="deleingPielike">
        <thymicSeggarsMilkily>trophi</thymicSeggarsMilkily>
      </semmit>
      <empeineSpruced blat="spadger">
        <dunneInvaderLoftily>44506</dunneInvaderLoftily>
      </empeineSpruced>
      <hazersErk aland="culbutHuffy">
        <dintSallies>cloacaSwankeyLathed</dintSallies>
      </hazersErk>
      <macuca africa="mizen">
        <cloy>sintu</cloy>
      </macuca>
      <subdualDowry>
        <paucify>ramneek</paucify>
      </subdualDowry>
      <casavasFrigage humpsUkelele="arrivesOhoyUptuck">
        <bailorsBaguetsNowy>capesVidry</bailorsBaguetsNowy>
      </casavasFrigage>
      <drugmanDetents>
        <madafuCitralsKylite>freight1</madafuCitralsKylite>
      </drugmanDetents>
      <egglike>
        <dribbedLlamasEdition>roryDrawerVirilia</dribbedLlamasEdition>
      </egglike>
      <shilluh milkerBeseeWhether="warkEdileMesquin" inducedTolled="glochidRuby" moellonInscapeComr="banchaShadkanYowden">
        <nonuseFinkedAcremen>aboughtSpumesBurgers31</nonuseFinkedAcremen>
      </shilluh>
      <togaGrogram>
        <novoWitfulArui>ithielNixyKoklass</novoWitfulArui>
      </togaGrogram>
      <picrite surfersBowelsSerta="roset" pontiusDebuted="hereofKookery" drudgeRepros="haringAguishAlumen">
        <xylidinSpikierPunctum>jivaranBricksKnur34</xylidinSpikierPunctum>
      </picrite>
      <indivEmunct kneeletDelvesUplifts="95493" bandanaFalces="wakyAnaheimStalks" annuletRhytinaPluvian="skilloBurseSamadh9">
        <ziega>boolies</ziega>
      </indivEmunct>
      <papers vinierRoodleTetrao="resue" deboutPato="taaHelling" toners="restealLarree" arukeChemizo="6715452">
        <secantContamScove>814554129</secantContamScove>
      </papers>
      <lumpedFoll mulleys="22345" binsAblBracon="rumpusEsteem" paceway="boubas">
        <serosasBecketsYengees>zingari</serosasBecketsYengees>
      </lumpedFoll>
      <resole lonk="whistle" expirerOneyer="poutfulWarrin" sikerly="trouvreLyes1">
        <leoniteImbed>764</leoniteImbed>
      </resole>
      <potling soom="unfugalBioBosomer" fullest="timboCladsCrick" lura="4">
        <purred>overwebPushrodKeelman5675</purred>
      </potling>
      <negatorThalliHellcat roadAphagia="ctrlRaggyOcque252">
        <copulasAbilaoVarec>685035</copulasAbilaoVarec>
      </negatorThalliHellcat>
      <nourishKetubahMakuta coercesSpavin="caseaseRamet8870" andhraKimcheeRosebay="firca">
        <tonganRemarch>coupurePiscianLepisma</tonganRemarch>
      </nourishKetubahMakuta>
    </epidoteButinNear>
    <dawedLoma>
      <taphria>situps6</taphria>
    </dawedLoma>
    <taroccoTopHocuses>
      <sortal>ripsawEphodsLekha</sortal>
      <bummelOsella magics="deaPegger" spudder="3240665" driblet="ace" flybyBalsamsUnsharp="normUnsonsyLingers91">
        <mashonaBleatySenior>57007779</mashonaBleatySenior>
      </bummelOsella>
    </taroccoTopHocuses>
    <peeperBehapTerral vassosDulcetHalberd="limniteDrugge" laversVivaria="867">
      <wadding>moneronMummia</wadding>
    </peeperBehapTerral>
    <wigwagUnspeedRid>
      <driftedEver>alaloi</driftedEver>
    </wigwagUnspeedRid>
    <tinsman burnt="terrasAurate" spanky="631" gamierUproarStrenth="outwaitAlumni16">
      <quitsCadereHaunty>sternsTemplon</quitsCadereHaunty>
      <rosolioHyblaeaWaspy lagend="bantery">
        <rattenFayence>purlGentledKatha8652</rattenFayence>
      </rosolioHyblaeaWaspy>
      <gestateChrist gary="refineRevisor" subbeauMudder="azotinGunyeh">
        <scalade>doitkinLeewardAbaised</scalade>
      </gestateChrist>
      <users duckerDonnish="tehsil" cibariaModulesTanga="napeOuthurlJutted">
        <slogan>654088614</slogan>
      </users>
      <heartedShawwalKabbala caseate="118430" eideOathfulSpotted="telpathCatfish" kibble="66" manilla="1">
        <unrroveOozes>834496</unrroveOozes>
      </heartedShawwalKabbala>
      <nascanAfarLugworm archyCrepey="mabi">
        <cunjah>sayingWackilyCupel</cunjah>
      </nascanAfarLugworm>
      <sulfas bowlSegou="outeatGyrocarBrehon1" betas="chicestLoed" abatisTrophic="pinner">
        <gatterBerimedSophta>luxate</gatterBerimedSophta>
      </sulfas>
    </tinsman>
    <casaveDruid aguiseEtc="240535925" fisticStekanAccuser="sojournGeaster" dudeensThickyGlowed="klipbok2" luiginoKalends="flyoffInagileBohorok" dukelyDtdAgamas="wallach">
      <hauntedIgnaw>pitangaCiliiumQuaint</hauntedIgnaw>
    </casaveDruid>
    <limnite hyaenaBaalism="ventailArcanum31" ganoineAlmice="749978">
      <jaseys>apishSteeledFlor</jaseys>
      <puistieThujasDoled safeWaygang="wahahe" uglify="urali6" faceoffBruke="layboyChirrsMizzy61">
        <marksBehang>setline</marksBehang>
      </puistieThujasDoled>
      <summarRumbaProlans spooksWissleAlexius="comboVisaChorizo">
        <exedral>cgmCoring95</exedral>
      </summarRumbaProlans>
    </limnite>
    <avengedCalgon talliedEmbargo="morse9" decayed="doloresYippedSkywave">
      <fakesAwesomeScherzo>butters</fakesAwesomeScherzo>
      <mildestBrob homagesVerminyGalt="650221567" rejectBergut="horralKodaked" avowry="sweens">
        <flunkyGetaDoucine>huscarl</flunkyGetaDoucine>
      </mildestBrob>
      <sericonUnleftShairn datanaSonger="daggledUrushic" redware="upcastBurrock">
        <daimenMarked>adeptLenoraTabling</daimenMarked>
      </sericonUnleftShairn>
      <whigletNizamut molgeLoved="pupateRangeVouched361">
        <girns>gumpTecaIgloos</girns>
      </whigletNizamut>
      <preemieUniquerLitai>
        <spathed>flutistSpinal</spathed>
      </preemieUniquerLitai>
      <cinchedGassitYelk unnoblyIsogyreSwivels="bromismProvene127" presser="crombecRemixed711">
        <ronni>didoesAaaHumit</ronni>
      </cinchedGassitYelk>
      <foldoutAirilySwamps dapico="sadhika6816" unityMistedUnsolar="machaonRanseur">
        <tameins>lupines</tameins>
      </foldoutAirilySwamps>
      <cuchan seisorViiPinfire="vaginalResinySay1" adiceaUnvoteAmidine="carity2194">
        <queuesDemurs>sheeves</queuesDemurs>
      </cuchan>
      <stytheAjugas refusesIvylikeWhealed="bangsOrtmanWhelps" porcateLucumo="restisPaeon922" shahin="naitlySilkineShlock583" hutlikeMusieCinema="shalyBircherJibes">
        <shoot>1</shoot>
      </stytheAjugas>
      <unjointHalvaBlouse juliane="deare">
        <tsurugi>fozyAlmoin2</tsurugi>
      </unjointHalvaBlouse>
    </avengedCalgon>
    <gadoidExshipGum abrege="sadhusGaietyTyking" slutchyNeedslyFarcing="bemotto" oology="86" hone="charkaTiangue44">
      <culmed>341</culmed>
    </gadoidExshipGum>
    <yukianImpalerTwanky>
      <vilaScomfit>aortism</vilaScomfit>
    </yukianImpalerTwanky>
    <restripSdumpHowk>
      <rumeSurlySuk>parliLusk</rumeSurlySuk>
    </restripSdumpHowk>
    <request>
      <paiseUnpilesLoro>edestinInbirth</paiseUnpilesLoro>
      <pomeroyTwists apar="rearerAph" pailsMurkTheatre="271978928">
        <lainageProbandCoriin>lardier</lainageProbandCoriin>
      </pomeroyTwists>
    </request>
    <sensuAskesisGlancer>
      <pittismYacarePlaguer>judger</pittismYacarePlaguer>
    </sensuAskesisGlancer>
    <allodJufti>
      <carlieGalyaksGilded>dialedRefell</carlieGalyaksGilded>
      <violinGloved pipefulBescorn="drusedSweered" crisperEmenderItea="71" tatteryPloughs="earable" aspread="wrakerBlind">
        <eimer>836</eimer>
      </violinGloved>
      <pedanteAvenant insecta="cagiest" beprankPuka="saeume" tayir="belime782" prangedCarpalsAhong="revive">
        <cyclicNabbuk>denotedUnitingCogie</cyclicNabbuk>
      </pedanteAvenant>
      <elysianSnowmenScroyle immerd="4461">
        <hasEdictHircic>cardingVealier</hasEdictHircic>
      </elysianSnowmenScroyle>
      <aboleteCarling>
        <gummata>outslipWitheryTenaim</gummata>
      </aboleteCarling>
      <tamias thymyl="osteal">
        <foldersCurled>beys</foldersCurled>
      </tamias>
      <loricaeGamoriBecap>
        <caviled>ovoidsMeethAbbotcy</caviled>
      </loricaeGamoriBecap>
      <arad haemicQuaife="lagerRiggald" artsyBrett="185389416">
        <vannedBlankGray>98732492</vannedBlankGray>
      </arad>
      <raftyDaniosTubule momismLepus="7978">
        <knurlsPegasusSheathy>fanniaFrowny</knurlsPegasusSheathy>
      </raftyDaniosTubule>
      <aflame sation="barrettFiggumSquared" hekteusAcridid="daidlieJazyHygroma">
        <lopedSubacid>halersUpfoldSeathe</lopedSubacid>
      </aflame>
      <nutlet sordiniRealist="gaupusGibbledWinnock" garratImparl="33696">
        <melosaAndorraUpbelch>endureUpper</melosaAndorraUpbelch>
      </nutlet>
      <angrilyDeckieBable primpedThetine="3650">
        <ands>hurdsDeponed546</ands>
      </angrilyDeckieBable>
      <tabardsOvumYanqui affixalDojoBotchy="bilkerSaleleBespoke" tuluSarcasm="erasingAmbreinZoosis" talcousViscoidEngler="kees">
        <plumageStadBeared>anilinsSimarre</plumageStadBeared>
      </tabardsOvumYanqui>
      <faunaHordeum lotuses="allodyLasketVetust" nebulyBurseed="damperMoseAlahee" anticOradIrbis="carbure" clerisy="roundlyPompanoBlawort">
        <unkid>feazesKines</unkid>
      </faunaHordeum>
      <vejovisEntoil brutalPumiceInkster="annatCogwoodRebind" angrilyPoignet="316675016" resnapWhorledVakass="63487">
        <jangledJackdaw>7</jangledJackdaw>
      </vejovisEntoil>
      <coursedIdeaedRemene bravishIwisGrimace="tallols">
        <pintoesMultumNanduti>misken51</pintoesMultumNanduti>
      </coursedIdeaedRemene>
      <strivenDefuzeWadded snapsThenage="sixain50">
        <monelElaidinCasbah>zygite72</monelElaidinCasbah>
      </strivenDefuzeWadded>
    </allodJufti>
    <unmazeJacalCran>
      <guacinResweepVamps>ooeciumCampineAtheize</guacinResweepVamps>
      <oppian devotoComptsMikrkra="akia">
        <tubingRescoreEmbarge>trivantAfforce617</tubingRescoreEmbarge>
      </oppian>
      <impship grissen="4199">
        <sempleTapettaMeros>grimsirRestemAileen</sempleTapettaMeros>
      </impship>
      <pates rounder="19" cariocaChuckie="penceScape" japetusEpanody="hydrasPashDighted" pundits="ondyLiegesZitzit">
        <mootersBetread>ungaudy</mootersBetread>
      </pates>
      <crenaeSolaninCoseys sorrowy="1" boozily="402" bicesBowtelShant="unrisenGatten">
        <metonymGesteReceipt>halmsAffaiteSoviets</metonymGesteReceipt>
      </crenaeSolaninCoseys>
      <ganzieMakutu>
        <mopan>godlingCongaed</mopan>
      </ganzieMakutu>
      <carvelsBadchan gravat="kiltyAtryAloofe" roesDucally="gullLambed" nombles="topazesDecaneWapitis">
        <zingani>sager4</zingani>
      </carvelsBadchan>
      <postil fontful="toryfy" aberrRachialNacry="buzzing">
        <mills>87815648</mills>
      </postil>
      <sowlTinglyTarres tiesTrendle="gorblin8">
        <garner>41552210</garner>
      </sowlTinglyTarres>
      <dawpateConsommPapagay nerves="49638" hired="dolliaSatorisKodiak" ruffledWimbles="88" hooterJewbird="jismAmolesLyases">
        <outtireBurl>dourahs742</outtireBurl>
      </dawpateConsommPapagay>
      <swipy jambe="psoadicTharfKileys" balconeSlogansPostmen="questsDisgigRecart" elfic="argolicBororoDolt21" eatche="909">
        <bieldEnniche>kumisHoodlumShun</bieldEnniche>
      </swipy>
      <venkataGoloshNullos soupfinDroitAbronia="bawdilyIresineCymtia503">
        <uromerePituite>poulterDiscedeAxenic192</uromerePituite>
      </venkataGoloshNullos>
      <alvanUnco>
        <mucuses>songlet</mucuses>
      </alvanUnco>
      <lethean noddle="snodlyMumbler">
        <duffedCucurbForesin>killjoy1</duffedCucurbForesin>
      </lethean>
    </unmazeJacalCran>
  </saturaBasinet>
  <armoricBhabarStickle terrieIncher="apprizeDatilSenses72" pouchedGamash="karluk214" ulaula="islam">
    <codeinAnteactHuavean>
      <palau>alibiesAcineta</palau>
      <hasinaiRoter presawUnlobed="minhagEnfonce" flangesQeri="flybeltKroo">
        <bankersDobbinInweed>termor</bankersDobbinInweed>
      </hasinaiRoter>
      <jacker salviasLacticLintie="18791443" carnalInhameReedish="porus" terpen="step">
        <carajas>buxom</carajas>
      </jacker>
      <turfman>
        <russismBarrens>hulledMyeloid</russismBarrens>
      </turfman>
      <scian lappsHostle="glauryInwick" midgeNatterOthin="2168" tenez="whalm">
        <tynwald>enduresFizzyHiddels</tynwald>
      </scian>
      <subpool>
        <jug>pussesMorongProbed</jug>
      </subpool>
      <dementIncrash itenEnentSoueef="tarsome" gigsmen="7243">
        <chacoliTaxiwayLichts>ocularMishit</chacoliTaxiwayLichts>
      </dementIncrash>
      <flairHearkenRives>
        <yappedRullock>gestsNitencyThrummy</yappedRullock>
      </flairHearkenRives>
      <boggishDecussClart>
        <evictorPiefortBaybush>stewartSalutes7001</evictorPiefortBaybush>
      </boggishDecussClart>
      <gnideHollows hordeToilets="earlap" pungy="penliteWile3">
        <scaups>coccoBoricThoom</scaups>
      </gnideHollows>
      <formylAmie>
        <apiliNylghai>dowser29</apiliNylghai>
      </formylAmie>
      <fimetic kirby="delit3047" phrases="elfishVests50" asaddleIneyeJoin="pensumScroggy" sharpieWambuguTamure="noons">
        <unaloneWhilkut>buggyFagaldUnzips</unaloneWhilkut>
      </fimetic>
      <serrageSwurePhpht>
        <nonsuit>220</nonsuit>
      </serrageSwurePhpht>
      <rumpyShivery gooseFoes="59" ammonalHarsher="dactyli">
        <vaxFleet>skylikeBarit</vaxFleet>
      </rumpyShivery>
      <unborn unbravePochoteStethal="stmHubbobRimal" ravelly="tigua9">
        <maloAbiezer>63624087</maloAbiezer>
      </unborn>
      <vacuous echappeTaoColobus="rictusChoroid" boleteSisting="loadum" tino="shalomRilesTeased" cawingTundishChaco="dhowPillion5963">
        <mallows>99399</mallows>
      </vacuous>
      <uplaidPreceptUnwhip grekingSynthol="pad" disfame="coatee77">
        <rudity>52024</rudity>
      </uplaidPreceptUnwhip>
    </codeinAnteactHuavean>
    <mistful volaryCoryza="testoneCocculeFetidly557" satietyRedig="urgingsShying414" tepalsGienah="46290558" uprushCaliche="risqueeUruisgThoral6" implantHeeze="jurataTatooUmiak436">
      <farmsHawing>88513515</farmsHawing>
    </mistful>
    <rudds lanelyMedizer="3" qianaTellachWiggle="niccoloGcdJasione" harksOlivedVises="dunstShoatsGymsia" mustelaTopsman="frankerSepadAdobe" palulus="tinesSoodled" llanosRethaw="6">
      <sextets>5</sextets>
      <perf geodeSiphacTux="opeluKainsBelongs" browmanDecalsPenbard="688" ower="8988" toftsArborer="9">
        <sirmarkBawler>59791153</sirmarkBawler>
      </perf>
      <nurledEthoxyAceite chowsRecueil="kentleKafilaLakie" akhrotWardedPiolet="maioliWummel1" cion="guavas" latrianRazeed="catboatSluffsHexaxon">
        <slipoutObrazilFices>unrived</slipoutObrazilFices>
      </nurledEthoxyAceite>
      <tuguriaClaraFuhrer agriotForamsQuietly="swiggerHomely" sarra="sougher" surmiseGimmalsTizzies="copistSiegurd" stoops="5647452">
        <blotty>rentree</blotty>
      </tuguriaClaraFuhrer>
    </rudds>
    <immewMotlierSozzle>
      <madcapPrithee>250574</madcapPrithee>
    </immewMotlierSozzle>
    <sultanyApteryxCuisten emptorTalishiPigmy="vinerOregon" encrispAmylonZeuzera="artemisFrigga" widow="trowedDiatomaAtaman1101">
      <pipingsJettyTogless>3463768</pipingsJettyTogless>
      <topply hogwortGlassinBogier="slakierFrim" toywortCommy="hoard" sueyDogs="pollam">
        <lugingFlotsamPunalua>popeyesSnaps</lugingFlotsamPunalua>
      </topply>
      <yagger>
        <coders>1407913</coders>
      </yagger>
      <umbrasHerodiiDumka tabbied="derrideStigmai" myelJoyhopMycele="speroneTeslasCams" mahran="portass">
        <himple>micro</himple>
      </umbrasHerodiiDumka>
      <quickly sphyrnaCulmen="51650257" sporranCronusDuxes="coprosePricierFremd">
        <whereinSuicismMorphos>signals</whereinSuicismMorphos>
      </quickly>
      <gauily>
        <gatManati>bigottyLugingLovepot</gatManati>
      </gauily>
      <talcked mindsHareem="692017" bagwash="cytisus" pliancyHonestyDroukan="45" olycookDinner="keevesRegest">
        <quietedUnlobedAmt>italian</quietedUnlobedAmt>
      </talcked>
      <hooyePilot rhea="shih" lenderCoopeeRoads="fisetin">
        <sternum>fossetInjustCouche</sternum>
      </hooyePilot>
      <imagenTachistCalenda>
        <gigatonRotator>65558</gigatonRotator>
      </imagenTachistCalenda>
      <tomcod ganzaFuroleSeqrch="librae">
        <gulonic>kraversTsarist</gulonic>
      </tomcod>
      <fallingHaggled thamengLimnsReboise="wirosPurerRappist" braced="308325" ziggerAkre="dicecup" pretextScreechLodur="estoil">
        <fermate>icebone</fermate>
      </fallingHaggled>
      <noutherScarcy>
        <sexistsMightedAdarme>sabaist</sexistsMightedAdarme>
      </noutherScarcy>
      <schlumpShirrelProsify>
        <sculkerCoumaraUlitis>knoppieBaileys</sculkerCoumaraUlitis>
      </schlumpShirrelProsify>
      <bogymenApozema guarapo="94" calvish="wielder" rebindsJondlaMank="boomdasDebitCoran223" sprayed="704">
        <pyin>300373831</pyin>
      </bogymenApozema>
      <dejeune gaumedTuftier="yuckBestuurTuyere">
        <kombu>ziczac</kombu>
      </dejeune>
    </sultanyApteryxCuisten>
    <wairingFriths>
      <insooth>umbrous</insooth>
    </wairingFriths>
    <tabaret>
      <agtCravens>ericSises695</agtCravens>
      <crotchJoistedSulfurs pipeageGuffLuck="chatot" bingesGregauAreae="314564383">
        <cerasusMusumee>luracan</cerasusMusumee>
      </crotchJoistedSulfurs>
      <decernsKnivedBecalms rebukerSluffed="areelLungfulPhysiol">
        <mayansMasc>adorsed</mayansMasc>
      </decernsKnivedBecalms>
      <cirrhusRekill polygam="davidic">
        <pipkinsBusboysMike>equitesTusches</pipkinsBusboysMike>
      </cirrhusRekill>
      <smuggerGoschen>
        <pap>njave</pap>
      </smuggerGoschen>
      <akelasCurtly kikuContoidSmuts="2100027">
        <ruffedBattierDefers>musconeChirmedUnswung</ruffedBattierDefers>
      </akelasCurtly>
      <goutier>
        <fritted>785212</fritted>
      </goutier>
      <konkani tangleAnomuraMammae="93" policyAgelaus="cubedZimbi">
        <erminePintosTelesia>546210565</erminePintosTelesia>
      </konkani>
      <peebeen essart="purges" frecklyCundy="7">
        <tenpinsShoepacRefits>whirrsSarigueBijasal</tenpinsShoepacRefits>
      </peebeen>
      <amainYagisDorp triposBhikshu="myxoma" dagassaConcion="gish">
        <dhundiaHowlsPlical>swoonedGooeyGentoo</dhundiaHowlsPlical>
      </amainYagisDorp>
      <planaruAillt lapdogs="76525" dineric="kaiakSitcom" curDoddart="kerewaAugured6" dilatedLyingly="loupingHeep">
        <unsort>basters</unsort>
      </planaruAillt>
      <bubalWifesChimu cunniEncowlAfflux="rouxCoddedDooket" weightsPluteal="bedwardTrapsSkreegh">
        <goldtitJabble>butylicSlues</goldtitJabble>
      </bubalWifesChimu>
      <fusht kukuiWaylessAnger="436886624" bockeyCursus="termsEuchres">
        <pastryDaddums>complinLogoi</pastryDaddums>
      </fusht>
      <fadersRaddingHenfish marga="turnupsFustics" tewa="63" wishImpost="43706" disnest="sucuriuLeppy">
        <gulchWok>ourie</gulchWok>
      </fadersRaddingHenfish>
      <servileSumpt credaSignifyPremade="5" moxaWandery="vacandi" upreinMorelsContd="scaletNoo">
        <waiklyKantistRabbet>nudgersEdgiest</waiklyKantistRabbet>
      </servileSumpt>
      <damineIdiomsMillard wmkLippierYapp="flong" tapiaFossick="modioliDativeKantist">
        <cattailRanders>bisnaga3738</cattailRanders>
      </damineIdiomsMillard>
      <ferretsFranksVenie chappyCookersUngula="risp" diable="2824" creadRobertoNiels="trishaw">
        <gwantusCrapeFulfill>2698153</gwantusCrapeFulfill>
      </ferretsFranksVenie>
      <hairier pulpier="pardoCestoid" toldoNamer="hygeistGlib" bepinch="roomier" orlesKamichiToughie="2189">
        <suerJerkersDesmic>39386</suerJerkersDesmic>
      </hairier>
      <pulegolFlank odourChevee="timaua" cupratePairer="sitiBenzoleJupes" acred="muleyCosherBonnwis" nogginsTechnic="smitterMordv690">
        <volsci>amoebicSporing</volsci>
      </pulegolFlank>
    </tabaret>
    <tumid>
      <plurSheatInchain>atavism</plurSheatInchain>
      <isaiahTaxonsBigeyes naiflyGalidiaFerrule="shaptinWrnt" rokeyOustitiHeize="pyasSlainteGrosse" raps="freathChances" recsLouterSnivey="illoyalAnewCuinage">
        <flbRubigos>potshot</flbRubigos>
      </isaiahTaxonsBigeyes>
    </tumid>
    <servesSlow dictWarmerBank="cotwistImparksFodda" petiteDablet="hoptoad" korariKossMakuta="804242" piedNektonAmazon="indecl" ariosiBursaeTsoneca="fifishSqueamyGympie7" taffetyLaboresCtf="tarvia" giarraMonomer="185">
      <chumarHydatic>curbedPeining395</chumarHydatic>
    </servesSlow>
    <toiled tammanyYukonSvabite="deirdreSnaresWhase" sokemenMahometDurmast="opaleye" sunfastPickierScythes="28492">
      <forcyMammock>umpirerSheevesAlumnus</forcyMammock>
      <yrbkAvenida disawaStarved="bogwortTaxemesRowings8163" ability="beclipPuttersHylist" palarUnfined="uneases669" noxCidarid="akawai1">
        <bulgarBejade>89323</bulgarBejade>
      </yrbkAvenida>
      <angarepShastra luniestBae="macabi23">
        <snorerChamite>3</snorerChamite>
      </angarepShastra>
      <veniseMagging>
        <troisArtal>padnags</troisArtal>
      </veniseMagging>
      <densityIntine>
        <phiz>throws</phiz>
      </densityIntine>
      <grype>
        <takhaarMundic>trilabeRhila3</takhaarMundic>
      </grype>
      <pothook madmanPrabble="whetsMusrol">
        <arnottoAeryHelms>inesiteIdonealCraccus302</arnottoAeryHelms>
      </pothook>
      <lestradOusel elflandCund="dill" dobber="rockiesGuzulFidgets" glout="slirtCued5" taratah="prioryRehemsStria">
        <viga>raxed</viga>
      </lestradOusel>
      <raxingArachnePoussie discusTayronaNodder="rebeckMereSprains" fumerelBearingLarikin="udalmanHashedCastlet" allayedAdamsiaIndris="4735107" stemaSimagre="duplexHeritorAxils2282">
        <jwaharPrawnsMuzzler>978722205</jwaharPrawnsMuzzler>
      </raxingArachnePoussie>
      <ablush feddansMyosoteKikes="dernedFulmarsRerack" alerseCibory="sloppyCrumpetPompier" manuredUptwistChank="kelliesNad" olein="goutifyManter">
        <bheestyKnub>presellLobbyer436</bheestyKnub>
      </ablush>
      <fumaryl>
        <diapnoeLinon>kirpan</diapnoeLinon>
      </fumaryl>
      <jointLekanaiBelie verbalExciterSuppose="senecan" hoboismPileusSperma="abri" resuckTurnipsStoped="yttriasPausalRagman">
        <coloredQuinnet>2614381</coloredQuinnet>
      </jointLekanaiBelie>
      <maybushXerosesLabella lynxesPianka="caboose" aroGoujatKiev="matweed">
        <turtosa>pelagicZapsMung</turtosa>
      </maybushXerosesLabella>
      <ramonPursual>
        <malgr>adytonEstang5107</malgr>
      </ramonPursual>
      <chorine berede="pross" halflySaggars="visne" giherRowet="lammasDyester4" linacs="762">
        <mulettaSunnaHicht>9509176</mulettaSunnaHicht>
      </chorine>
      <limnedGeddAssith tenrecEnseam="fiddlerLairingFili10">
        <bawble>abodyFromPatagia</bawble>
      </limnedGeddAssith>
      <mitred cleats="burrahRatans" hilaPlumlet="ageusic" vibrato="anerlyZyme">
        <subduerNorths>narwal</subduerNorths>
      </mitred>
      <blickyMalonyl waxilyLigatorScyld="imidesMooruk" attemptCesar="divulgeGulleyPremold" tunist="sysin">
        <ghastlyTlo>optimalCamaceyCrick</ghastlyTlo>
      </blickyMalonyl>
      <bolusesPlurisy hiringsStardomEerie="noriticMidways" mahound="kenner" sudsyRebornKhedive="cressAlgaliaMiddes">
        <seleneErvumPronavy>75011</seleneErvumPronavy>
      </bolusesPlurisy>
    </toiled>
    <tuffetEroteme>
      <padellaLying>penfulJoursLeister</padellaLying>
      <envinedJalapic>
        <pulpingRowlockMyrick>62562323</pulpingRowlockMyrick>
      </envinedJalapic>
      <aditus unnameWhs="yeech41" fuzzBespate="morisco" twineCorsetsAdlumia="cimnelQuachil">
        <galatae>vesture36</galatae>
      </aditus>
      <arachis lendsTalc="8" yeomenApohyal="sabersCartman">
        <ariteServer>aurure98</ariteServer>
      </arachis>
      <anxietyCracklePaulism sinapis="hirersPointsReran">
        <wafers>panelsGangsa</wafers>
      </anxietyCracklePaulism>
      <ilotPhoticsNae recusesGrift="25332011" thetic="31156872" hubbly="ryotColateRhymer" tambukiSkates="anamaWhaupSplurge447">
        <phoebus>octetteGoersCryptal</phoebus>
      </ilotPhoticsNae>
      <guniterChosen>
        <persicoFirma>packmenCivical</persicoFirma>
      </guniterChosen>
      <mailDefade werentEserin="jouncesYap" snacksBays="7539072" krisesGluonUnfrail="punners1" trootCoolant="wellish">
        <sterolWitten>pounced</sterolWitten>
      </mailDefade>
    </tuffetEroteme>
    <tallols nyrocaYarmUrate="hurled" milkoJubileeLugsail="chandulRopandEquines6" tithingSuckles="unmetMuddifyElvers" garbled="towmond" venire="guffsGent" bianco="5">
      <classis>smudger</classis>
    </tallols>
    <upswungDooleyShohji>
      <twofers>strataAuguredOrdu</twofers>
    </upswungDooleyShohji>
    <slubbed>
      <subseptTeniasErrite>enseemCretionPouffs</subseptTeniasErrite>
    </slubbed>
    <sordesUnpin>
      <pursetOreasZincate>cockish</pursetOreasZincate>
      <dogdomCapsian keawe="32" nubblesSnawsCannas="defet" lunted="aspirerPurling">
        <alanine>cozes</alanine>
      </dogdomCapsian>
      <oghamicCiwiesCackler lituiMisuse="anoesiaFulgideSashery" thomistRespinLitho="doublyVoted">
        <trocaCookers>splitsCovine</trocaCookers>
      </oghamicCiwiesCackler>
      <witneysMantapaBasidia murphPeize="isthmi5826" saltestGulonicVirge="firebugWanky" brinish="decurve5" condoleGnarlyCoequal="fiftiesArgasKayvan">
        <samory>dukaDisform</samory>
      </witneysMantapaBasidia>
      <pogoCavishHexed mortalsSulaib="swiz" micros="dine">
        <ufos>longuesUluhi</ufos>
      </pogoCavishHexed>
    </sordesUnpin>
    <pets>
      <jauntedWastely>refuseJoieGlouted</jauntedWastely>
    </pets>
    <peckful>
      <sepioid>247732230</sepioid>
      <cheefulVenlin furdle="cloggedSakiKolobia">
        <shallopTithal>66</shallopTithal>
      </cheefulVenlin>
      <sapoursAboves fucous="shiismPlantsAwheel">
        <toastedGigsterSnipish>51019</toastedGigsterSnipish>
      </sapoursAboves>
      <facularSkieghMolidae galahad="assagaiHeroify" sarahCaselHyporit="gabbierFulgide" kegsDimly="laysWherret9102">
        <margedQuaich>gratesIssueBadiner</margedQuaich>
      </facularSkieghMolidae>
      <heurekaRedhoopWinbrow tulareGorfly="khakisBunchesRantoon">
        <numaCaiteSebkha>galbe</numaCaiteSebkha>
      </heurekaRedhoopWinbrow>
      <wamp isingBunkosAsb="hotbox99" compsoa="bisagre" bothiesCeramalRotches="arcoseFilTartle">
        <narcoma>101913945</narcoma>
      </wamp>
      <laccicAizle>
        <queysAjajaRecode>yetGomeralMongrel</queysAjajaRecode>
      </laccicAizle>
      <pilaffBeseenChymous cartoonDoesSlyest="7597" leaker="tranka" pedee="9" horaryGertieSexy="hogenTegumenAbyssus">
        <werwolfSalines>23680537</werwolfSalines>
      </pilaffBeseenChymous>
      <cordulaUnpens macadam="coatees644" flensed="kiddleTautest83">
        <lawnyXerosisLiftboy>weighsDiehardBinny</lawnyXerosisLiftboy>
      </cordulaUnpens>
      <homyFlywirePentrit reshare="quietedTeledusMakedom" incaseUnmount="spired880" hooseInfra="mulcts1866">
        <battens>edithGossipsJabbing</battens>
      </homyFlywirePentrit>
      <unsingBobSynapte istanaHaulingHoras="pimpish" straitsWolvers="champakGuilyDuel" refoolGaunted="potageJives">
        <assert>suets</assert>
      </unsingBobSynapte>
      <awnerPomes metric="gerefaColias315" loticInsameSeeped="39493">
        <battuBromous>ocher</battuBromous>
      </awnerPomes>
      <tinily backcap="tinctDetails" rewend="muritiSalmisKoklass" yessoSkryer="beclipCanaleRoger">
        <wysonMazelFootlog>suranalWatfiv</wysonMazelFootlog>
      </tinily>
      <namdaAthodyd zebulun="merlon" unlentPetunia="ocheredBidry" grunterDioxids="bodefulJobman" puledYodeledSerang="parasGlaive">
        <abbott>soothsApptd</abbott>
      </namdaAthodyd>
      <hirse upsyForty="22102" orbitarChametz="stiletOtotoiGoffer" forbidCosted="use641" loiters="pugmarkLivishDewy">
        <thalli>mumbledBewendBarbar</thalli>
      </hirse>
      <airmailLangel noritesTarrow="cholaneBurlers" galena="pirns" traship="uncrudeDustily" spurts="barbeauFoliaDossed">
        <swiftlyBoridesTussahs>afreetsMitella</swiftlyBoridesTussahs>
      </airmailLangel>
      <saiyidOraculaBuckie piggleLoammi="travissBlinder" berserkFloterJehup="90" ligases="dortourPeskyBiabo">
        <tithing>gata</tithing>
      </saiyidOraculaBuckie>
      <amadiBefrill battel="rubbyRollAfret">
        <albireoAnighCwt>impiousCortegeSceptry</albireoAnighCwt>
      </amadiBefrill>
    </peckful>
    <cameoedHoaxedSubsere nativeGorhens="unbetPshawedBearcat" wro="dubber9" potgutOfleteUndrest="dewarNonnatCarlos" tssRestr="90214" fedarieMenta="nominy7779" unwavedCussesBoogum="parers" knarredRidden="unguentFrayedPhemic">
      <asellusChorizo>ratti</asellusChorizo>
    </cameoedHoaxedSubsere>
    <vvllResinPilin angakutBolliesEirenic="amphibCalash" epode="animiTorsoes" fungoidPetary="kraftsUnlogic" beladyOmnium="mahoriChilinaLingy" fetisAiran="lophuraSpaedom">
      <spotsTrabal>quinizeMoffleGulfier</spotsTrabal>
    </vvllResinPilin>
    <murzim>
      <eponymy>wampee</eponymy>
    </murzim>
    <modal>
      <moguls>891</moguls>
      <spilingZestedCoalier lumpmanQuahogsDiked="tuple">
        <rubier>dullSpinyWavable</rubier>
      </spilingZestedCoalier>
    </modal>
    <bads>
      <anomicSiryanObtend>473</anomicSiryanObtend>
    </bads>
    <intrus>
      <walt>2793142</walt>
    </intrus>
    <fatback kokuFormelSocii="rakh" cursOrby="bandleProvost8" epoxied="holokuReseeks" linocut="charity" buttonySkelderSquabby="rustleJetsamYow958" atoniesFrauDragons="thierry">
      <klavernMooning>spuesKullani</klavernMooning>
      <afifiJotty keelingWhidsJudy="maskerSchmeerSubnude" softishDabba="epingleKwanBlazer" aquo="6734">
        <gemmaeInbentHumbug>genomeRatinesCicone</gemmaeInbentHumbug>
      </afifiJotty>
      <ressala cordies="flutistKadder" moupEfface="docmac" boronsFaciest="loran" hyper="7">
        <bismiteColibriWindas>952</bismiteColibriWindas>
      </ressala>
      <bikini bleezy="950">
        <charerMouches>498234</charerMouches>
      </bikini>
      <imbuStellDiacid>
        <hassletPapaioDrakes>koaliDesugar</hassletPapaioDrakes>
      </imbuStellDiacid>
      <tsking cappleFlurr="unratedSubpost4398" antijamRecantDefrock="furlongConjonSeaming8466" hennaSemang="tinaWontedTirls" kebbock="bdlBerm">
        <sejourBetokenAngle>renamedAnkus</sejourBetokenAngle>
      </tsking>
      <balaos jerkersMavin="clayenPurdah" baviusCobaltsTerrain="gazelleAstrid" frettedOutwearEmbars="292470273">
        <fairSwiggerSupply>restackSneakyJaper72</fairSwiggerSupply>
      </balaos>
      <mammetsCuprum snifflySmuttedDaunii="eulogia">
        <upbidBrasilOutrant>94125111</upbidBrasilOutrant>
      </mammetsCuprum>
      <dewerCraber>
        <fleakAbidersDerner>brothelOrganerShiels</fleakAbidersDerner>
      </dewerCraber>
      <haar friggle="orgasmOestrinCleaved">
        <zeins>stretto5168</zeins>
      </haar>
      <cakileKnick carrel="sevierPianino">
        <surnaiNonsync>speeledYarrowCrakow</surnaiNonsync>
      </cakileKnick>
      <gymnicSilvansHawkers>
        <lawish>lockup</lawish>
      </gymnicSilvansHawkers>
    </fatback>
    <jitneysCastoryDesex joweryAngorasTutster="thorterBateaPaip" nishiki="roudasCaws" tomtitsCrepine="29637345" besmoke="crumble830" small="barfyTweedleMeute" darkyDionaeaAir="6652">
      <orientClaque>91204</orientClaque>
      <piloteeGobbed tarps="glisky" amiceDrouthsMatster="inspake923" asgardTorminaFlung="animosoBrokery" pandeanTrone="jillet7">
        <inquireAwesMohawk>ponyingSybilTyping</inquireAwesMohawk>
      </piloteeGobbed>
      <splore chyak="hiemalPunanBracing" kolhozyCommeYakamik="8525440" faggotyThorpsSharny="darvonSuablyEloined159" refusalLoftBecrown="hypate">
        <coursTuttis>dhobiAmuchco</coursTuttis>
      </splore>
      <datersGospelCrutter empearlManmadeCavina="81626671" jivaroTwieCerite="hartals" chinafy="alkoolDiaulos" hiplikePasear="enchantUll">
        <hewnCatalpa>loaning</hewnCatalpa>
      </datersGospelCrutter>
      <clipGleamSpirals spirlieDooliTheory="hubcapManoc" hiatus="43677355">
        <goblineTacanaReomit>clitchImmerd</goblineTacanaReomit>
      </clipGleamSpirals>
      <sarapeCabobsZinced>
        <hereatGenual>rozum</hereatGenual>
      </sarapeCabobsZinced>
      <lustrumUntopPorr zygote="kondeQuarks18" hyssop="osmundMoranAnalyze" uranineAlanginFortes="trismicTembe" harnsUnfitly="astroseUnnosedSearing">
        <sups>sprayUnplugsOotids</sups>
      </lustrumUntopPorr>
      <xenos culbertGomeisa="72258176" bdellid="21211">
        <chattedAprons>bornanDredger9124</chattedAprons>
      </xenos>
      <parveRappees sirens="dubbersWebfeetEmbacle">
        <sheols>clanged946</sheols>
      </parveRappees>
    </jitneysCastoryDesex>
    <lissome>
      <caronicPiquetsFilate>chared</caronicPiquetsFilate>
    </lissome>
    <helmetBrodderCrocked grubbedToilful="sfz" prims="944387" runnethSnakishSkippy="wrannyCopenOkrug">
      <amapaJoinder>depaint</amapaJoinder>
    </helmetBrodderCrocked>
    <thuliteLinneonSwift>
      <unannex>aesSpoilerSnibel3442</unannex>
    </thuliteLinneonSwift>
  </armoricBhabarStickle>
  <vitularSpoachRued plainy="jan693" scafferSonance="saivismGaloresCloghad" />
  <sportsEpoxyGuller sylvanMudbank="4" mensedRockman="cuffer" chloryl="finnipFolkyReuel" kisserKernedLochan="bonum">
    <pubesTabootMunic>
      <crinchPedante>erica7239</crinchPedante>
      <slumdomVakilDier rosbifRhedaeSponge="sinopisTroolie" barriosSnuggedImplate="piranas">
        <utmostJatobaPomonic>65142</utmostJatobaPomonic>
      </slumdomVakilDier>
      <senegas beridePshaws="946" delved="amomis" semeiaHelcoUnyoung="assaryAdiate" creepsAliptes="floruit">
        <cumuletCutikinTamper>darbsBissoSwizzle</cumuletCutikinTamper>
      </senegas>
      <caphite tulipa="outcookZuniTrayne">
        <balersPontilsTidying>53340</balersPontilsTidying>
      </caphite>
      <uroxinMeleneBandon>
        <tarafRadical>beewise</tarafRadical>
      </uroxinMeleneBandon>
      <wedset>
        <globPopuli>duppingWarsawHunlike</globPopuli>
      </wedset>
      <becoomKatuka>
        <xyloPitirri>outgrow</xyloPitirri>
      </becoomKatuka>
      <sajousScalae aflatusBescentNimbose="raunge">
        <oakmossBrothsRuledom>unhood</oakmossBrothsRuledom>
      </sajousScalae>
      <unsolveOutdareClewed balmier="lof" aculea="alibiedTumultsDouras" heftierGenius="gashes17" rickeysMat="scrotumHarness">
        <infancyHavingFallace>talipat</infancyHavingFallace>
      </unsolveOutdareClewed>
      <redbird reested="toked">
        <lunies>abatesResewnGour</lunies>
      </redbird>
      <fourbleAtaxyCrimes nempne="hizzMikvahs">
        <relick>peatsSiltage4817</relick>
      </fourbleAtaxyCrimes>
      <headerMalayan nicoticUnseatsIleal="tikurAgamiAmicous" imperia="hoolock491" angamiSkaterLoos="1">
        <coosers>4</coosers>
      </headerMalayan>
      <seismPuckrelBannack bestuds="fulgorAsteer">
        <mildest>snooseFuttah</mildest>
      </seismPuckrelBannack>
      <macduff turtlesDesorbDuplexs="romeo" loanerInshellVomito="tiguaKaraya" fornentCasita="6963800" fishbed="dopeyXyphoid9141">
        <garsMyoticPulish>cudavaUrnaeWilkin</garsMyoticPulish>
      </macduff>
    </pubesTabootMunic>
    <packly>
      <punctusCypresPrine>quetDebarRhizote</punctusCypresPrine>
    </packly>
    <croonSlichJetbead>
      <predoomInsol>wadsetsWhuff</predoomInsol>
      <bothNeglect dittNepit="suleaThoricSetaria1502">
        <dickeyChaori>ootwithAlces</dickeyChaori>
      </bothNeglect>
      <scudoOosMucuses>
        <catclawGau>showdTonantVistlik9</catclawGau>
      </scudoOosMucuses>
      <prosserGlanisJollify swarajOime="441">
        <outwickAgedlyScouch>humulusPerinea</outwickAgedlyScouch>
      </prosserGlanisJollify>
      <stubsCyclops merk="neanicFibrose" juv="80">
        <cabanePupsCotte>kindestUnkid</cabanePupsCotte>
      </stubsCyclops>
    </croonSlichJetbead>
    <masjidNingle>
      <adieuKhivan>34694782</adieuKhivan>
      <edoniTong buskle="titian79" congaUruses="nonvoidTucket">
        <sambharTorse>godwinChimera</sambharTorse>
      </edoniTong>
    </masjidNingle>
    <intwine>
      <swervePelfsRheic>7</swervePelfsRheic>
    </intwine>
    <howesEtherinJostles snib="learned" conduceRct="invite" trafficArrode="talletRockish" genionSurahDarn="94841699">
      <noonish>blitzedMoline6900</noonish>
      <loosSkeet tentInurnedDartle="wawl">
        <chammLoad>knifeBonnet</chammLoad>
      </loosSkeet>
      <mousyKasbah swarmer="mockeryOket" siddhiCueTollbar="godetia" firerAmyous="1">
        <molls>673</molls>
      </mousyKasbah>
      <injoinCloset ituriteKibsey="fleabugShunsScissel" yerbas="punatoo" closetOryxBearcat="stymiedOsteria" pandoraDrest="30440">
        <amadan>paleog</amadan>
      </injoinCloset>
      <nidge bastesOlympus="bonairAcrossCogwood" glycanTwoness="mumness" grousesHucho="naumkValsesWinare">
        <buboes>tapeti</buboes>
      </nidge>
      <sheave tantony="craizey">
        <atwain>notingHatcherTongers9</atwain>
      </sheave>
      <songer knower="pengunNaut" doesntLoganStola="hurriSkinkedScalae" unbredBataan="teelCerfoilDamnous" cadbitMongler="squibs">
        <yowden>unfrock596</yowden>
      </songer>
      <pickoffBauld>
        <oportoTuanAltaid>moulinsBleezyFerison</oportoTuanAltaid>
      </pickoffBauld>
      <donmehCyme edgilyLinguetCost="2" turb="cermetsBowsieKlans">
        <bleaksAgree>hauling</bleaksAgree>
      </donmehCyme>
      <trowels goshawkNoter="pitris">
        <divergeJostles>7322</divergeJostles>
      </trowels>
      <misdo ceciliaOdylesRansack="cozingSerment132">
        <sidlins>jefesTurnkeyOracle1</sidlins>
      </misdo>
      <cosmine>
        <ensurerAliyothRoger>becloud</ensurerAliyothRoger>
      </cosmine>
      <tappoonCalmerSurger blowsyLoyd="shamaNovilloAlef" eppieBranlesNigrous="enteriaRandoms9604" accidiaGossanOlivary="plainLoobTrikaya218" hunhHike="curiosiElapseExpirer">
        <gunnerMolt>basongoCanines98</gunnerMolt>
      </tappoonCalmerSurger>
      <vermianAloof diapirsAxunge="trot" arielsCastuliHurted="corns" filly="slubbyLierneVianden" suent="himneFrough4909">
        <downsetEskers>3</downsetEskers>
      </vermianAloof>
    </howesEtherinJostles>
    <uppardStomate>
      <curinPotpiesDeewan>oculateRockoonMiscue5</curinPotpiesDeewan>
      <lancesSowlthDilemi poohed="grasped87">
        <dubbaPhytaseTorsos>repoint</dubbaPhytaseTorsos>
      </lancesSowlthDilemi>
      <chew ethnishLeonite="34" prismsVintageLocket="cynicalDogtrotPyrenic" herlingTalweg="cellars" boulter="trady">
        <mexitliBonnie>tulaFolkSiltage</mexitliBonnie>
      </chew>
      <reinDonmehOrris>
        <bagfulsKedlock>mirageTorajaElflock</bagfulsKedlock>
      </reinDonmehOrris>
      <waxbird>
        <inflesh>teguriaLaloAbatua</inflesh>
      </waxbird>
      <frailly gibbonRidging="padesoyOraclesRoomthy" navvyAreasonRheme="claudiaTututniSacrify" wares="unhidEpitraMunite">
        <chitalDolledClot>unhatProseInkroot2</chitalDolledClot>
      </frailly>
      <bilshGarrooJesper lookups="191">
        <weens>myronicPartlyCasey</weens>
      </bilshGarrooJesper>
      <maltheVoicers laceman="tataricScrikeVaguios9672" darnelsStrenth="eustele" ptinidPlanes="dachsKitish">
        <carat>baccy</carat>
      </maltheVoicers>
      <nidaryHeath seventyOferTyloses="adoxaJocumOakesia">
        <voetsekShogged>arseToxemiaOctets</voetsekShogged>
      </nidaryHeath>
      <kenn nodicalPerkish="sawsDoarium" forbite="exurbsToupeed" mithraOverlayScrae="4360877" selects="mesteno">
        <tewtaw>nisi</tewtaw>
      </kenn>
      <artemon retraceWispShaktis="8">
        <dumpier>cadbitReemit</dumpier>
      </artemon>
      <uphillPinups steamsAmbitus="waxmanEscolarDawen" protonsEophyteMesode="gelatesOestrumStrows" beflea="terrie4">
        <galega>liensRucks571</galega>
      </uphillPinups>
      <facetLayshipPipi scrieveBoogerSandbin="eruditeMorae" acronalTgt="instilAugural" orloRondelsAbreact="tragedyKashimCusser">
        <aphasia>selNunnishReina</aphasia>
      </facetLayshipPipi>
    </uppardStomate>
    <phonesImbibe abasicMislitApass="bally">
      <reminds>pinonesChaveValvule</reminds>
    </phonesImbibe>
    <ebb>
      <gujarLumberTonka>soakers</gujarLumberTonka>
    </ebb>
    <dugentoUnwinlyXyloma>
      <mugientBeblear>punierCalves</mugientBeblear>
    </dugentoUnwinlyXyloma>
    <blockyStopple bullock="oesogi" pensyAreng="bieldedFixgigBezetta14" maculaCoursedOmened="amebula256" kling="chappieBouclesUmbelap" flaccid="actinNaivesWareman" mou="nobodydNuzzerAtavist" basenji="2">
      <cougher>44</cougher>
    </blockyStopple>
    <oscheal benzeneWhere="citied" dialyseLizaryGonadic="briocheJackie" aphemicBbls="penteneBeround309" tapiserLogos="taiyalManletBulgurs" podgierDebunksZincid="sesameSorbateEmetine" teagueBlawn="pstRoodsMallum">
      <viscid>relimitTenuousStaffs4</viscid>
      <fishilyReposedDoylt arietid="avshar" mannansAproctaIntoner="skylike" flitchCrouth="tucunaAlumnusTwanky" cleam="mydineJumana">
        <cararaPitas>topworkIncludeOverfat</cararaPitas>
      </fishilyReposedDoylt>
      <hyphalBillardEchinid defuzedDesuvre="beadrow" saumyaEmperil="seldBondonFive">
        <wappatoEpiky>amine5</wappatoEpiky>
      </hyphalBillardEchinid>
      <auntlyAgialidPyjama>
        <ungirdRowy>skeensZonaria</ungirdRowy>
      </auntlyAgialidPyjama>
      <celureEyingPlastic>
        <majasMayaca>48734246</majasMayaca>
      </celureEyingPlastic>
      <emulateSlidden muridsBigoted="hijinks">
        <questGaleagePannel>bowers</questGaleagePannel>
      </emulateSlidden>
      <pressesJanglesCep>
        <butledFelahinTomfool>decking</butledFelahinTomfool>
      </pressesJanglesCep>
      <dukeryLubJagheer>
        <sotol>pungaLeaven</sotol>
      </dukeryLubJagheer>
      <lant>
        <flumedEpizzoa>954790</flumedEpizzoa>
      </lant>
      <klipdasKettingPokomam lollCowgate="spikedComdtGuisian4684">
        <hormigoEstopsCobbs>sirki</hormigoEstopsCobbs>
      </klipdasKettingPokomam>
      <oughZonuleTykes>
        <nizamatChafe>pinard4996</nizamatChafe>
      </oughZonuleTykes>
    </oscheal>
    <fulthSniftedFlokite standiXmas="hubbiesSnerpShlock" gamgeeLithely="veiledProdder" arrisesDoorman="tamingScyphiPackwax" eruptedInnerve="3533511" drinky="carn7955">
      <kaimanStedman>albruna</kaimanStedman>
      <hangarsRebrickFalsism wryerGiftingCrudy="ideasJamanAyne" rethawHectyliDisseat="flagsInshoot352" bookyRunch="wrongedRalphBallam" hagadaTuneKabukis="clawkSnack4861">
        <largos>lexemicFactConsist</largos>
      </hangarsRebrickFalsism>
      <scapple prebend="teererSkimos" towheadPandeanCarper="5511381" praters="diazinsTumored1" funaria="81461">
        <priorMawing>endossBeshellDrowns</priorMawing>
      </scapple>
      <gimper unshady="expone4732" seamsIller="tolidin">
        <unbGattine>19676</unbGattine>
      </gimper>
      <halvers abiuret="egested944">
        <enabledDronel>anenstAtresiaIndulto</enabledDronel>
      </halvers>
      <airship nebelVanadyl="richerFlumedLupe9247" mennuetBegroanKiutle="tunablyDelendaChanced">
        <garred>sightBeseen</garred>
      </airship>
      <strowedReelect unungun="delesEburinDomett" gristsPrudish="2847354" primiDisrootPalisse="swail" ailette="ghrushDiaene46">
        <upstairPulijan>bearletLedeFairily</upstairPulijan>
      </strowedReelect>
    </fulthSniftedFlokite>
    <saddhuSucuriu early="25459143" deedeed="ayenstLogesSyconia" sultaneDurocEris="3" jettiedShapedAsceses="64332" aphasicPervert="147" gothish="borean955">
      <filialParge>nereiteBriny7</filialParge>
      <unmelt>
        <luciusTheave>bedamp</luciusTheave>
      </unmelt>
      <lifeDeriderToppy dadaismBetiseTueiron="emilCynismBobbed">
        <tendSethicCriance>angakutDivort</tendSethicCriance>
      </lifeDeriderToppy>
      <dialkylDoutSnorer brawly="erthenOutsellCorreal682">
        <stend>wigless</stend>
      </dialkylDoutSnorer>
      <ataigalBeaconChamfer>
        <upyoke>prepgTipping</upyoke>
      </ataigalBeaconChamfer>
      <abluteBuxerry althornEunuch="endTheologFerrets" capuliUncuth="elegy" troneAlan="chichisBrumal130">
        <oldFanout>gloss</oldFanout>
      </abluteBuxerry>
      <eucalynYeather>
        <cheeses>aratiClench</cheeses>
      </eucalynYeather>
      <poxOribisUntucks ovoidsSieringWick="waratahPileate" mangour="8397599">
        <leckerEliFen>bouncer614</leckerEliFen>
      </poxOribisUntucks>
      <shantihReshLedgy eggheadAmamauCraning="brotany">
        <nicht>minorSimool</nicht>
      </shantihReshLedgy>
      <reglovePrasine latterKinguUrsus="shogaolYeuk">
        <sheardTuffing>54</sheardTuffing>
      </reglovePrasine>
    </saddhuSucuriu>
    <gammonNudge prioralDunts="dismanMinow" caporalGrippal="evensTahinSerrae7">
      <climantEaning>brasque</climantEaning>
    </gammonNudge>
    <hakoAridity obtund="swarryPrimate" nefas="kerchUrediumClash2476" backieDanishHyde="ideated3904">
      <untypedBoozedCleaved>babylon</untypedBoozedCleaved>
    </hakoAridity>
    <cuffer louey="1673542" speel="kuriDebellWidely" phasor="despectTenpinsGilour" trotsPortent="april">
      <orignal>14259</orignal>
      <shlepLabelPlying bipackStyletsUpbid="zesting">
        <calabar>jalopsHeadilyBleaty</calabar>
      </shlepLabelPlying>
      <samariaWingcut gemmuleBallam="rotes">
        <takins>binocle1172</takins>
      </samariaWingcut>
      <obtrude mallealNonfluxSistren="boyd7" greneCaliberAttics="adigei" ruin="writsGehenna" fernEntrezPayee="48665341">
        <askingsGhrushCroat>294499</askingsGhrushCroat>
      </obtrude>
      <disuseSpeltsAngelim icon="uighurEogaeaLaddess" uremic="378049977">
        <dhoteeVivatAccede>sundaysDawut</dhoteeVivatAccede>
      </disuseSpeltsAngelim>
      <comptlyGentilHickway psaloid="bousesJugate" weldorPhotic="lysis">
        <fearTouzle>werentRatlineSplicer</fearTouzle>
      </comptlyGentilHickway>
      <gryllus cirLodges="sankaCanyonProofer61" cromFindy="91409" ospreysDagglesBasoid="stovingHesperTaipi516">
        <halvahMooniteEgoism>96640</halvahMooniteEgoism>
      </gryllus>
      <fixup ataxyCeroon="pirStonageRillock" calusarLimnal="83798" musjidEmfPius="61799232">
        <signora>curplePectateFramers</signora>
      </fixup>
      <staringRabboniFacebar lecama="watererArborea" aikidoNasrol="dogship" storBaizaUnbowed="ailmentChikara">
        <vinewKirksProg>locustaSnarerPailou</vinewKirksProg>
      </staringRabboniFacebar>
      <strumas peeressStopway="uang" villusAnapes="75060">
        <nattleHilsaPoons>fusilly</nattleHilsaPoons>
      </strumas>
      <caping clastic="1174">
        <luigini>1723</luigini>
      </caping>
      <berimes icefall="gelt" gambled="hedgierDeuzan" baggiePoseurs="tempiResign">
        <daffled>setting</daffled>
      </berimes>
      <feoff choosySheevesEmbusk="cai" tonier="pizzEliasBube">
        <hypos>ods</hypos>
      </feoff>
      <outrock twelveGopherPleb="buqshasIdoismBlanca" siti="285782552" zoundsWhinnerMawsie="suzanne" derrideCagn="eluentNunbirdTotery">
        <douckerColonic>hookupsTorosAces</douckerColonic>
      </outrock>
      <serenerXylidin bopyrusDistad="36554565" outasks="gloomthEncreel" kerseysFenbankProsify="23644517" readoptLeukSkenes="lungyiCurtiseWhiter5">
        <aldenRiddedPolenta>aunties</aldenRiddedPolenta>
      </serenerXylidin>
      <spinnelChoanaNonegos apehoodSanchoPorted="lysolWoefareExradio" spillSanctusCribo="5082" mohrFeltman="mimersEtches">
        <paigleTrompil>maraged8</paigleTrompil>
      </spinnelChoanaNonegos>
      <decoke siksika="gainstPrate" millmenTropesDildoes="deanedMajesta">
        <coeffCrouthVolupt>20</coeffCrouthVolupt>
      </decoke>
      <bluetop>
        <germina>17</germina>
      </bluetop>
    </cuffer>
    <idyllsNiceneChessel>
      <wimples>nittaPalaungJugatae</wimples>
      <wannish sophiesFanner="encharmKusan">
        <abuleia>clipAyapana64</abuleia>
      </wannish>
      <roofage turkiJaspisMobbist="88909">
        <lapisFirmest>bundler</lapisFirmest>
      </roofage>
      <avidDucts typeOutward="fagoterFeelyTaffies" anis="funky">
        <corvoAlmida>ottroyeTerningDozen</corvoAlmida>
      </avidDucts>
      <renin arcaStiffedSubtype="89434" blunterBarfly="shandry85">
        <auspiceOpiate>bruitBasad</auspiceOpiate>
      </renin>
      <vitisTerpVitreum swansExstillUnlace="cranyCnidian" chuvashOuthaulChacker="sealantDeash">
        <denotes>860836432</denotes>
      </vitisTerpVitreum>
      <tornoteEffeirLsc>
        <anhingaPeteredCalf>issuedHairedVerbal</anhingaPeteredCalf>
      </tornoteEffeirLsc>
      <lanugosCicuta rebound="jurat" poinard="infuserWhattenDonald">
        <faggotsEntrecDonat>botonyGuran</faggotsEntrecDonat>
      </lanugosCicuta>
      <dartledTercer sawarra="benne">
        <symbionDronesTrawler>drawrod</symbionDronesTrawler>
      </dartledTercer>
      <slivers>
        <acoasmaNepidaeHusks>isopodaCapkin</acoasmaNepidaeHusks>
      </slivers>
      <relideFollied senzaLank="burgled" kidlikeNasialPuccini="tribes" cloots="fettled" cursesMetaeAlgic="unlidMysticKeyman9">
        <enlistMamo>trewageCanidAlgol</enlistMamo>
      </relideFollied>
      <wyvernHutch suitsApsisWeeze="451826">
        <spelterYeso>boranEmbrave</spelterYeso>
      </wyvernHutch>
      <muritiPinjra zoeae="galeraNonvoid514" chekanJerome="tulipyTapetum">
        <astralArmload>arfMiddler</astralArmload>
      </muritiPinjra>
      <alkoolAcate unwelth="176027266" dromonsGallopSeqwl="syrphusWhemmle" blumingMashy="84105">
        <dryadsBancalSopheme>negoceTollage</dryadsBancalSopheme>
      </alkoolAcate>
      <scrawl scaniaChaoses="prosifyWinfreeArnica" mullein="aretes" barytonLiratePupated="contosBogued" backlogRedocksWim="fidele">
        <unfiledRisper>copseBaa</unfiledRisper>
      </scrawl>
      <surhai>
        <falcesSamshoo>woomera</falcesSamshoo>
      </surhai>
    </idyllsNiceneChessel>
    <baleiseHonkyTrisect sativaCopyman="4">
      <founded>gamgeeBlemish</founded>
      <artwareInitisDaincha>
        <gaolingCloner>zakuskaBismuthUntrill</gaolingCloner>
      </artwareInitisDaincha>
      <gyred>
        <braizes>geyExuding190</braizes>
      </gyred>
      <twinner unheardAblings="diobol602" uncinct="venererSquashyMurks70" crull="lambieEctasis" phonies="mucuses389">
        <fantasyEgriot>kongoTurrPilgrim</fantasyEgriot>
      </twinner>
      <corbed votedSenaryCrusile="silages" wallowsObelial="notself" exchUnburly="bargees">
        <inaner>4602</inaner>
      </corbed>
      <decarch bazookaLordlyWairch="welkinEvading" strightPocus="bosomerAmasta" indole="arabisRouted" alin="snafu">
        <adream>keeking2</adream>
      </decarch>
      <samalSeabeds objet="margays" inviteeAboma="affable" sharing="toon">
        <yoghurt>ipecacsDoura</yoghurt>
      </samalSeabeds>
      <trow renailPaulie="panterLiedGerman3" shadufs="epizoanDoloresStemple902" mannaPeat="67545" orchilsMimeoMochras="sinkSnecks">
        <batt>faxedHoglike</batt>
      </trow>
      <candidUnpured panacheCaiques="kwatumaObbBat" menaces="silversPoteenPhenom" alenChiro="raffsAresLobe">
        <carvistJiggety>blatsEriaManlier</carvistJiggety>
      </candidUnpured>
      <reurge>
        <laighsHuttingSumass>clays41</laighsHuttingSumass>
      </reurge>
      <plock mim="dizzMitts" nudism="ponticModuliCajeta" imidPiney="alkalisPall1849">
        <getlingDittiedFrument>betonsSennets</getlingDittiedFrument>
      </plock>
      <meindrePunicTantara deputed="roadite" yabbers="92145728" frillRivaledMazed="74378250">
        <oastsQaf>peguanSnagged293</oastsQaf>
      </meindrePunicTantara>
      <fuzzilyDiurnalWendigo payorStanleySnaffle="perosesCheki">
        <preduskRemiped>eyeseedRefound3</preduskRemiped>
      </fuzzilyDiurnalWendigo>
      <budgingPrecut strapOlivean="fartingFilcherDecrial" caponsPugmanSpreed="debatesBoatie" safelyToetoeMobed="26">
        <aorLiferCarr>27</aorLiferCarr>
      </budgingPrecut>
      <trypanAnimo prevotSwooshJoropo="genevan83">
        <vergiOlofShibar>espace</vergiOlofShibar>
      </trypanAnimo>
      <disputeLoki gowdySockedYont="sharpen" ressaut="29047708">
        <pernelOmers>pacaRansoms</pernelOmers>
      </disputeLoki>
      <flaringManumeaMulcts resiantSprungHeight="yenderToupet" sirih="syrtisGranule" boerIfrit="rsvpBarcooSowens" puttoPulpy="cooeesSowarryChinnam">
        <krangCompels>laziest</krangCompels>
      </flaringManumeaMulcts>
      <lovably teluguDorlotNasus="6652">
        <khalifa>dinerMullahCafila</khalifa>
      </lovably>
    </baleiseHonkyTrisect>
    <roamers>
      <billow>252500</billow>
    </roamers>
  </sportsEpoxyGuller>
</mimirAbiesLibris>