<?xml version="1.0"?>
<whidCoalite>
  <hypnumScarvesPorism residuaMyoticAuger="terzo" faquirs="boldedKophsChoush" webeyeHooky="erika" gezerahEarplug="messetOaken" />
  <compsPontiff limitDeplume="janapanJamdani">
    <phrynin>
      <legendsDumba>52</legendsDumba>
      <vigoniaResidueIodisms>
        <sursize>637162090</sursize>
      </vigoniaResidueIodisms>
      <dottierTahitiSartors moyenerDetachWyoming="buxomerPaisSherris" urgencyComfrey="coronas" smeeky="bracciaCyanean" toftmenAbdestImpact="zill">
        <kinemaSaliqueOrdered>figaro</kinemaSaliqueOrdered>
      </dottierTahitiSartors>
      <carlotMochras spoorIred="diwata14" ammiralRassledEstrone="wedged" malterSafenerUvate="766075575" towelryBazaars="becketKlong64">
        <archsin>pyronesMoodierPeai</archsin>
      </carlotMochras>
      <death benjy="prenameAgua" vite="liedYite" copesUnrowdy="manistIrruptsBoche" hespedBenwardImbosom="lynched">
        <qasidas>tejuSagelyWorking</qasidas>
      </death>
      <digging>
        <ciliaryMetol>wedge869</ciliaryMetol>
      </digging>
      <dagombaEnjewel minaret="495333" lotosesDadayagLyttas="emforthInsane">
        <untwirlRollRigbane>421276</untwirlRollRigbane>
      </dagombaEnjewel>
      <caspar ramoonCarsick="agnamedJellib" helleri="strainQuohogAzofier">
        <gulpy>calorie</gulpy>
      </caspar>
      <toxemiaArpenBemaul cellae="1892" aceite="932760" frogger="865">
        <pernod>greeveDisown</pernod>
      </toxemiaArpenBemaul>
    </phrynin>
    <etude>
      <chungaKapukaAvenous>39</chungaKapukaAvenous>
      <palisMoraine cobaltLobuleDaemon="crazierJuponRecurs" rebookBlucherHyaloid="33" poodlerBrocked="tazeeaAtliAppling822" dinah="uninkedBattuta">
        <publiciDaincha>oxhouseErotemaCorinne</publiciDaincha>
      </palisMoraine>
      <cheerioSpauld truman="7" azymousSymbionHatless="apaceGemmilyHerero" sersForm="ananite" metayer="nagnagTwait891">
        <gogglerAgo>chanduy</gogglerAgo>
      </cheerioSpauld>
      <cahoots detenusDewataDixy="fitterScamles" peensAltererZarema="chelideGamete">
        <undean>cuck</undean>
      </cahoots>
    </etude>
    <farcial epsomUparm="latrant">
      <chamma>hears</chamma>
    </farcial>
    <unpay>
      <ensurerCepheidBuccina>cesurae</ensurerCepheidBuccina>
    </unpay>
    <deploy rachet="7" scyphus="hoopoesRelief" poneraTupian="codling">
      <battenCallosePureed>slipoutCarack</battenCallosePureed>
      <immovedYuckBackhoe yenHazzansAmnia="recrateCawedPeepers">
        <anattaRigours>schNomadicParent</anattaRigours>
      </immovedYuckBackhoe>
      <mimble oleousFitchDrawled="greeny" gullage="aquaWhiney" camusesEager="gigsYerked">
        <caulineScorperWife>sallooRatable</caulineScorperWife>
      </mimble>
      <gadidaeOlson humifyEyrenSoorkee="2" alpheusWhirretWedbed="postins" morassyMarron="stineJulie">
        <toretPlaids>ellaAortic</toretPlaids>
      </gadidaeOlson>
    </deploy>
    <marianaForcene groteRuewortKues="61" rifting="bagassEmbeds" jacobicAnet="foil" procbalFeilOtto="5960" ramark="pronaosLayfolkKermis" brizzBongsTranfd="hemiambFlanch" raglansMulchesBurrock="gytlingBonosParbake">
      <amtrackBraingeMishnic>rustingChokagePebbled</amtrackBraingeMishnic>
      <finlessBoomletBreaghe watapesArsonDetinue="peineKukui">
        <eelbackSheria>wrytailArecaAlk</eelbackSheria>
      </finlessBoomletBreaghe>
      <aegagri ancient="7910678" knackedToting="upfillIngotsFosset1" arecunaExergue="19032083">
        <pluteusSpadix>affereLulabs</pluteusSpadix>
      </aegagri>
      <pocketGainly>
        <caysRadient>muscatsOverranReallow6547</caysRadient>
      </pocketGainly>
      <morralMuts kippersHeddlesNongas="adpressPeresZeuxian" allelesMabUnsinew="9957304" rosaker="balkierHallPaviour">
        <railway>encratyViolas</railway>
      </morralMuts>
      <tods ossuary="morselsFizzlesRandite" emailed="cyamusGaupMoulted">
        <runerGigheDiorism>duel</runerGigheDiorism>
      </tods>
      <kelpAntiqueSociete unbaked="poussinJocose" wolfed="amesiteNyrocaBendell2339">
        <toadletBragi>casson</toadletBragi>
      </kelpAntiqueSociete>
      <yeastyAgazed cetiHertzesReefier="tropalRollerCoddled">
        <exesionEnsnarl>agency2</exesionEnsnarl>
      </yeastyAgazed>
      <civillyBrutterAngarep snot="9473579" hunter="hulls" naumkKilneye="erasesSkatol">
        <elemin>hopers</elemin>
      </civillyBrutterAngarep>
      <leadinControl>
        <panmixy>hadjiSwathed</panmixy>
      </leadinControl>
      <epitaxyDilemmaMaigre>
        <natrix>unflockIsozymeSwayful</natrix>
      </epitaxyDilemmaMaigre>
      <refenceHollaCopehan sekerSiloingFaggots="spinae" smicket="nanGotchyHear" abadejoMichael="chainedDebone">
        <anilideCalade>faffyAfforce911</anilideCalade>
      </refenceHollaCopehan>
      <dioramaCowbane plusSinico="crewel96" camletUpsides="mengweGutsy" fluemenAscon="lelwelInctri" jaggyDignifyFunctor="uke51">
        <lepadidTagwerkNetless>alcoran</lepadidTagwerkNetless>
      </dioramaCowbane>
      <percurFoods manakin="zillahsNuder" appointJonglem="heremWinger" plaintsYakamikGlottic="winlessMantyTanala" headilyAgatoid="aasLogan">
        <bemouthProfferYardmen>ralline</bemouthProfferYardmen>
      </percurFoods>
      <satangsPastierPsychol anciensAlkalicIgnited="76">
        <carafePenningSchedar>furioso</carafePenningSchedar>
      </satangsPastierPsychol>
    </marianaForcene>
    <treadle>
      <drugge>alumsHumic</drugge>
    </treadle>
    <shoatWhittenReenge>
      <screar>146633646</screar>
    </shoatWhittenReenge>
    <dustuckHyenoid>
      <coreeUnstripThrilly>babrootUmiaksSenhor</coreeUnstripThrilly>
      <canautSeecawk>
        <urocyonKaisersCanoe>fawnierMacawsAmakosa</urocyonKaisersCanoe>
      </canautSeecawk>
      <momzerAikidos pencilBeamishHugger="mandomMonofilExedent" aspicLoseAstart="rewwore" niyogaVall="chirmedBoothes3397">
        <atlas>towmondWady9</atlas>
      </momzerAikidos>
      <coptis nointPersist="tamestSocking13" gays="oyers" wealCuemen="durnsPapuanEyelash">
        <castoryBootleSudan>resume</castoryBootleSudan>
      </coptis>
      <moebleBuzzwigPursy kazak="tailyKerfing" trends="adaxialPhaetonZeidae" punnyCores="3031">
        <quackedRojakJicama>lastingFowl</quackedRojakJicama>
      </moebleBuzzwigPursy>
      <minimSpecky elopersShelahHesper="perfayNicker3408" pertyPotware="irishryEquant" unknit="talmudGhalva" tabut="prancedPerpet">
        <parred>lomboy</parred>
      </minimSpecky>
      <scoopCocculeEvadne snoots="wussEggerNittier" schuhBudling="outwoeArgaile" twirl="elegizeOnward">
        <suomiCutcha>quantumFerrenFaces</suomiCutcha>
      </scoopCocculeEvadne>
      <wracked buskinsCopaTarri="sopites" swatch="rigsLakist" mortisOvulist="uprisalIsthmicCharnel">
        <lyoneseSeizorsAnotia>marramIdolsSeqwl</lyoneseSeizorsAnotia>
      </wracked>
      <dadderBlatterBiprong yamilke="497433" eddaicCoothay="96">
        <savacu>tutin</savacu>
      </dadderBlatterBiprong>
      <scotias gjedostRetapeDwining="shiksas" hangee="floatsBodying" mennonGannetCornic="46615477" shelleyNavis="namer1">
        <ganchReblockWillyer>5358</ganchReblockWillyer>
      </scotias>
      <olamAlforjaAion spaerEnfreeSimial="hoodfulTominGermany" apache="ninjaNookeryUnteam" derechoRenameCoerced="cookdom">
        <yallaerVigil>pinfire7822</yallaerVigil>
      </olamAlforjaAion>
      <bahuts undock="roralAuteDrooled" declare="almoign" momser="pradeep" pruigoOdistWouch="unsay">
        <talayotObtrect>stalagsHetaeryMoit</talayotObtrect>
      </bahuts>
      <propylsHorn asudden="lampicJuturnaVetus">
        <virgosBoxing>bookMinyan</virgosBoxing>
      </propylsHorn>
      <arylideHordockNaps carnied="woolert">
        <rippierEffsThacks>52758</rippierEffsThacks>
      </arylideHordockNaps>
      <biogenyWiller bawdryOverdueNonoic="hobbet" loosesTewitLoir="155" trimeraPilulesSadr="wiking" proavis="deejays">
        <arroundManNigori>abiderJami</arroundManNigori>
      </biogenyWiller>
      <champerDribbet ballismSairveRenne="emicantRokey">
        <griotSic>medakasGoodieElinor</griotSic>
      </champerDribbet>
      <cowrie>
        <batWuspDecener>77499</batWuspDecener>
      </cowrie>
      <hagiaIncestsWaived eric="213444" camoodiCotylaGarni="perrons" fructed="acericConyrinAxled" lupusesBeaume="slypesForswat">
        <uraris>befurBaraniTwal</uraris>
      </hagiaIncestsWaived>
      <nete outfeat="mordvaEriniteScarped">
        <cancion>8578836</cancion>
      </nete>
      <agenKuduHallier airmenDoumas="76" fogdogsSutlersAlchera="tweezeStolasNellie" pindCarrierYarns="foughty" mayflyAbscess="67">
        <yuccaMoolvi>keslep</yuccaMoolvi>
      </agenKuduHallier>
    </dustuckHyenoid>
    <cocainsRissom hallelsGrout="smokeyInjure" canoingOkee="tortueVaudism" vivantsUnvague="stolistKats">
      <girtingDip>9693</girtingDip>
      <pomardEquatorCamaca coys="corksGedsOkonite764">
        <filtBaignet>kneelPranks</filtBaignet>
      </pomardEquatorCamaca>
      <bethink folksey="bidcock" adrianaMegaraArtery="angula" platingSospita="sharragCheeroAlle" mashamKinaseLitster="hals">
        <noeticFlambe>lohana</noeticFlambe>
      </bethink>
      <kettler cairns="1" bangupArmillTackle="82505" mawmish="69832743" tasksDiet="shegetzBintsDorsi">
        <prionusPechiliMeo>thriftyAlainDansk</prionusPechiliMeo>
      </kettler>
      <seaming>
        <recharChuet>bakongo3</recharChuet>
      </seaming>
      <kilobitAnimasDissour wadmalsIncaseSandal="jibersPringle">
        <presell>boolSireesAsramas</presell>
      </kilobitAnimasDissour>
      <bleauntLikin vlachPluteiNoodle="stylise" deplumeTatarRevest="correlAhumWarsler">
        <subwarWaffieKnead>viverGaddishBirky</subwarWaffieKnead>
      </bleauntLikin>
      <sofars filumMaya="rullock" piqueurDodo="755565315" cyclus="niello">
        <keffelPinoViscose>laurylHebrew6764</keffelPinoViscose>
      </sofars>
    </cocainsRissom>
    <unfed weigelaTodeaCissing="lathersCocotte" timoteWhampleProleg="unbootUpdived8851" offward="buttes">
      <bubbler>unmaskDelawnCravo331</bubbler>
    </unfed>
  </compsPontiff>
  <lurksSchene cresyl="taur">
    <angustBegarTheoria megrelHuarizo="kitab72">
      <sherifViggleLenient>2638899</sherifViggleLenient>
      <chacateTaoiya clavyIgloosEjido="geldPsywar" nayWeek="deinkBioptic6" cirsoidWolly="4" swearer="yaoBaraza">
        <yeanSwellsOhia>porkpieWiggerValvar</yeanSwellsOhia>
      </chacateTaoiya>
      <elapseSyndics unvitalAnisalCalpul="incaseMozos" ansKabayaOat="eureFurlane" urielGaucheMilkman="groynesCrus" wishramSoroses="betrapLavantDewdamp">
        <dispondTonkaLucanid>icarianTurgent</dispondTonkaLucanid>
      </elapseSyndics>
      <actinonBovateBourg icicle="ructionKraits870" organic="citoleAttarsCarmen" chistkaSkyhoot="bosquesFigless" cubti="scrannyLeafier">
        <belgaSawing>lapsiTwines</belgaSawing>
      </actinonBovateBourg>
      <jacketySavorPks yawlerCestas="allureCancrumSubsea81" oblique="7" harishSyrmian="vextCandaceSalver" glimmerNunhoodNeri="glimed">
        <taught>bitumed</taught>
      </jacketySavorPks>
      <tach>
        <fillsHelpersYawns>nomial</fillsHelpersYawns>
      </tach>
      <debatedGlike>
        <pained>75</pained>
      </debatedGlike>
      <tillotLampf>
        <medrickSenateAtonics>uinta</medrickSenateAtonics>
      </tillotLampf>
      <saintStrepor toxone="quags">
        <whewt>shinFearful</whewt>
      </saintStrepor>
      <magic debiteSurahTurgid="wayMashlumMirkly" antonymCitrene="yelk">
        <ozoniumOrbyBonsela>eggingFiddleyIndent</ozoniumOrbyBonsela>
      </magic>
    </angustBegarTheoria>
    <clition>
      <wheals>roundyBolita</wheals>
      <musselsPithily scuteTrips="ssedJoistKeena" turbitsHaughtJackie="bespate" maeing="walkerLurches">
        <pointalWaftedPopover>646</pointalWaftedPopover>
      </musselsPithily>
      <bombsLegumes atarAkelaGumshoe="deloulJewlessSedging" weanoc="nous3" quipper="8" seld="griege1995">
        <sharedCoitSucuriu>eysoge</sharedCoitSucuriu>
      </bombsLegumes>
      <guidonsMusts purismsGizmos="423263579" blesbok="rowlockScabiaDhobies84">
        <unhighKannen>cair</unhighKannen>
      </guidonsMusts>
      <craaledCholicUnmerry niog="443483" blues="95314" abbacyAntigenVocat="31321049" tinware="lulavim">
        <rathed>boylikeUnlightMuckier7166</rathed>
      </craaledCholicUnmerry>
      <bonnaz naotoDumpingAmerced="650" bibio="tonerHegarisMatched" amadanCrenae="54" clogger="daisy">
        <inhumes>humilisZonula8715</inhumes>
      </bonnaz>
      <dooleesReynard bapt="cupidsRereignAmeed68" fidessaAhetRappe="pradJaped">
        <candorWhsFlnerie>segathy18</candorWhsFlnerie>
      </dooleesReynard>
      <dottrelSuit>
        <beckonTyloteEaten>dridderHustles</beckonTyloteEaten>
      </dottrelSuit>
      <quonsetVogtBarway pushing="dotersEolithsSally" goury="picheyCarnel" tamine="henbit">
        <padashaMelagra>635</padashaMelagra>
      </quonsetVogtBarway>
      <coupon>
        <inbodySlowrie>grugru</inbodySlowrie>
      </coupon>
      <isolog muillaNapper="korsUrazinePageful" girlieUnvividManolis="avauntKarrooFogger" whedderHunts="boyhoodSnobdomSubedit">
        <musing>6989498</musing>
      </isolog>
    </clition>
    <otelloOlam carolan="630" shirraSookyInside="angrierWalling" oddnessBoundsCoign="lazaryWipes" sherpasCongeeBaskish="antiars" toccateBarsac="alkool" donnism="masses">
      <sartageInfitTiffins>47915</sartageInfitTiffins>
    </otelloOlam>
    <sicced>
      <melismaRasters>feudeeClan6</melismaRasters>
      <lizaryNobly kimcheeGlueyDossy="unrake" boragoCastleIodates="damineParvise">
        <seisers>struntMalitia</seisers>
      </lizaryNobly>
      <reffingFancilyEffulge sabeCodium="resinic" conatusSwitchyInsider="sculpLintelsHopvine" barberaCludderDonnee="61">
        <bisagreRoric>mangelsPatsy37</bisagreRoric>
      </reffingFancilyEffulge>
      <toryfyBug samhLuring="cork" guavas="allect">
        <dartled>99</dartled>
      </toryfyBug>
      <etwiteIodized parrels="dietal92">
        <presesContin>roofAnoles</presesContin>
      </etwiteIodized>
      <puppingReeperSnailed lucking="13">
        <diwan>krsCopartyClarine</diwan>
      </puppingReeperSnailed>
      <agneanFem anhimaeHummumAppense="slankSeqfchk">
        <begroan>sulkier</begroan>
      </agneanFem>
      <amictus>
        <exalts>ceryl</exalts>
      </amictus>
      <crownerWelf wostDisbud="lumpen">
        <wedbedChivwCloners>shamimChenar</wedbedChivwCloners>
      </crownerWelf>
      <toxicon pendentBeewort="towagesBefilch" terpinSoldansPests="ritters" milksopTuffsRoke="2590463">
        <mesialFerlieLis>jingletCroker</mesialFerlieLis>
      </toxicon>
      <rojakPitman swartlyCumbers="ragingTonuses">
        <asientoAscry>laelia</asientoAscry>
      </rojakPitman>
      <retableDiary>
        <tueborOnymalUpholds>7683</tueborOnymalUpholds>
      </retableDiary>
      <avidJaycee source="778174407" squills="barkedFrithyEuboean">
        <chutedFroughyBeeves>cermetsRecleanAmputee</chutedFroughyBeeves>
      </avidJaycee>
      <kalifSitchCrimple>
        <doledFishfulEnosis>copalmUnquick</doledFishfulEnosis>
      </kalifSitchCrimple>
      <abstort dewclawZenu="9873095">
        <jugZapote>kosElixirs</jugZapote>
      </abstort>
      <its sumoistGitoxinAshlers="alfajeAriettaDitone" dielikePinkily="648171">
        <unsting>sabakhaSnowie</unsting>
      </its>
      <tressyRailmanMalouah>
        <deduct>licania</deduct>
      </tressyRailmanMalouah>
    </sicced>
    <lunateVoc curvant="priorsSwabian" lazyishGeeksUpcoils="861832">
      <bundles>fairm</bundles>
      <asidesRld gushersPlopped="decider" duckerChoryos="uncrazy" hurdles="94131717" alkanolDunlinsFlavins="starveGowns">
        <acidize>amarLinens7175</acidize>
      </asidesRld>
    </lunateVoc>
    <clavelSlurbanCystis>
      <epicedeSparredBinous>fibrineFarragoBateman856</epicedeSparredBinous>
      <roughie>
        <tygWieners>meeters</tygWieners>
      </roughie>
      <nudelyOrgAcinous pandava="cantles" quealBalteus="moseyed" doffsParangCoyan="muddlerClawkerAlraun">
        <coolungCurbersBagios>crews</coolungCurbersBagios>
      </nudelyOrgAcinous>
      <trigons>
        <ashrafLesbianNexuses>seamSizz</ashrafLesbianNexuses>
      </trigons>
      <dressArca lyncine="bossboyBoated" lissomLtr="whenas" suttinDoray="3">
        <petter>ecphore</petter>
      </dressArca>
      <deified gepeooUsurped="shylyFrenal">
        <chessTrajectVenture>catwalk</chessTrajectVenture>
      </deified>
      <straticAmeliaStipels>
        <brashes>belike</brashes>
      </straticAmeliaStipels>
      <mealy widows="84766" rickingNobley="478655226" bowled="slaggyNohow" cortileWraith="bigateHydrous">
        <exul>907481403</exul>
      </mealy>
      <wendell cipherHoysAmah="bere" oxer="awlwort" upspireSorrowyHalls="orlopsCaucusLiegier">
        <ricecar>937139723</ricecar>
      </wendell>
      <achromaCoquet lotionsGlobusGallfly="waked" eyasesHanifJabiru="35188797" sia="naps" oomphsPaviorWaffly="oiks10">
        <socagerGuenonCharmed>adoptGorble</socagerGuenonCharmed>
      </achromaCoquet>
      <hadronsCautivoCoveted>
        <endoute>alumishWheezes</endoute>
      </hadronsCautivoCoveted>
      <unbear>
        <triblet>chuff</triblet>
      </unbear>
      <manaism lovier="brunoWeaned" moonackStanch="adnex" evilsSoroche="lunetDaimon85" canuck="riskersLainage">
        <macadamCircusy>unablyHayliftMinie</macadamCircusy>
      </manaism>
      <yezidiWishramLeotard furzeryGunfire="jelabScandia6" bendees="fermataRegents" footman="mensualDrizzleQuaters">
        <parralPuny>alcade1936</parralPuny>
      </yezidiWishramLeotard>
      <viedChanstDoray marver="serine" disdarMahound="328722">
        <potassNuncio>syboticArthronRockman</potassNuncio>
      </viedChanstDoray>
      <cornellCoupleShikse latrate="lappish" reefsCranium="squishyStriola" bitsy="clastMccoy">
        <nymphic>monaeneSimityStrenth</nymphic>
      </cornellCoupleShikse>
      <ankusesMaxixesWisping>
        <touchyGidjee>twonessAtrial</touchyGidjee>
      </ankusesMaxixesWisping>
      <bocherFroze>
        <botryFohnRigolet>natuSnooze</botryFohnRigolet>
      </bocherFroze>
    </clavelSlurbanCystis>
    <desexesChorotiBaud wussRullerDitties="acctBehest" throwViremic="fayed" chalotRiver="oouassaTulsiKerflop" chetiveNettles="kolosLidos9" thruput="9673" butyls="pulledLunatedPentrit9723" amine="1">
      <myronic>lindoRevengeBalawu45</myronic>
    </desexesChorotiBaud>
    <prosect calmsSwayPedicab="quisleUnbolt">
      <floutPrimped>48969912</floutPrimped>
      <rarety pirene="lurers" erikite="138438">
        <botelRedlegNing>festoonScoter</botelRedlegNing>
      </rarety>
      <certhia>
        <zealotBowwowAsswage>genomPirnChrysin</zealotBowwowAsswage>
      </certhia>
      <falsityCasbah>
        <raiasAnywhenOutsat>caic</raiasAnywhenOutsat>
      </falsityCasbah>
      <cahowsDollopsDinting capers="cabble">
        <manteau>39865</manteau>
      </cahowsDollopsDinting>
      <spivs aurasMihrabTorsalo="pilafsChert" apogeic="caleche" courtalSewarDonk="adrench" mispayGenevan="dimouts">
        <covido>7858120</covido>
      </spivs>
      <fuckAlannah wiggleCrankly="40126" girlandHumps="unreave" swadSoulz="swifty">
        <mythify>griceStubbedPickers45</mythify>
      </fuckAlannah>
      <accordsScattPresa friseurCrutchFudging="noctis" saverEllasarRevie="outdareRefereeRebosa">
        <haiksCorsair>fanweedOutyard</haiksCorsair>
      </accordsScattPresa>
      <tentful cymatiaJunkier="arised" febrisStraticRekiss="bahera43" redroopShipmanAbomasa="woofsDevel37" theoryLeproidGlashan="dromic5">
        <tartareOutpayMaat>bespillBewhigRewall2</tartareOutpayMaat>
      </tentful>
      <slaking ziramCohogs="597323" tilthCloughs="murallyBogman" anattoBurringWeens="thenageEdsDecerp3569" cnidaKhazarMyringa="castoffGarpike">
        <glops>implingKoumysFelons80</glops>
      </slaking>
      <wisting muscoidNeutral="jaborinEchelle" guilyIsamineIndebt="outwileOutbakeMollah" doryForefin="195" hamzahItaly="seduce">
        <wrist>35897</wrist>
      </wisting>
      <flukyHalperLureful scyphusRelaces="blksizeVimana7580">
        <yoniExonym>decampJamUnary</yoniExonym>
      </flukyHalperLureful>
      <unsatinFalcial raj="7" soling="respell">
        <pelesTensestLiang>603250</pelesTensestLiang>
      </unsatinFalcial>
      <gatemen seedmanGesteNother="boguedNabal" whinierDryingSterna="outknee" aleutRippedEutopia="bubonic">
        <feuding>camb</feuding>
      </gatemen>
      <huzzahBarotse defamyBrickedReding="tarponsAband" dibbuksMutiveKannume="tectalMyosis3" lipanAidsRetial="nidgety">
        <sackbag>tappenFervid</sackbag>
      </huzzahBarotse>
      <norito rubellaRealtor="lekanai31" redrawnCocaineOnym="prance">
        <unseam>funks</unseam>
      </norito>
      <pond citator="relatch" aderminMistookGinkgo="cahowCashierBumpers" fratchDogfishBunns="116752886">
        <quinteReheats>606812891</quinteReheats>
      </pond>
    </prosect>
    <agrom boardly="355356098">
      <grugruDisyoke>ualis</grugruDisyoke>
    </agrom>
    <piala unitismTippets="dislove" mustees="catalinEpoche" stad="existsBewpersLarnax" topis="abidiSmokeho" doariumDolcanTenuis="castraDicty">
      <cuneaParodeTaborer>echimys671</cuneaParodeTaborer>
      <cura guckProlia="pistlerCerite280">
        <irok>rayonSpoomArsonic</irok>
      </cura>
      <whelp>
        <equisonAble>hirsel30</equisonAble>
      </whelp>
      <osi>
        <gnuHerniaInfauna>841</gnuHerniaInfauna>
      </osi>
      <acetlaLinkedBrothy animVinous="wrigglyAcardiaGroggy8" uvulae="89532406" oculusHitoshi="fleets">
        <decapodGlim>boraneRhymingGeeks</decapodGlim>
      </acetlaLinkedBrothy>
      <chromyLalaquiPhalli burinSnapped="durantaFleingJunta" unbodyAnosmicBbs="skinsLambert">
        <cleamer>30334</cleamer>
      </chromyLalaquiPhalli>
      <campi pignus="noxBrie9424" affichCrutter="jakos">
        <swagerAuryl>ngaio</swagerAuryl>
      </campi>
      <runningWolfmen habited="semenFlagman" agrotisNooks="weariesMahantProv">
        <quassin>buksheeBidden</quassin>
      </runningWolfmen>
      <dahs>
        <padre>apse</padre>
      </dahs>
      <phemie>
        <hurrockUnbelts>finlike</hurrockUnbelts>
      </phemie>
      <upcreepQuids kodiak="7436" natr="thilkMoodily44" hepper="coelhoUnshale219" danklyPortman="escotedGordianBabbit97">
        <dimesMobbersPyxies>noised7084</dimesMobbersPyxies>
      </upcreepQuids>
      <raddledShadersIcon bailerSizably="merfoldSignary">
        <mhzNewtYamilke>pockingKorai5286</mhzNewtYamilke>
      </raddledShadersIcon>
      <sootedSauve palachFoggaraSparger="calcicPixelBimboes2" unwitSmurks="jonglem7218" ctimo="emirsFanion" bhangiSkegGorce="bromalForbornGnetums">
        <petasusJugginsHausa>indefFlyteLaps</petasusJugginsHausa>
      </sootedSauve>
      <pyelicExxon pasquinCrewet="jugginsFleered">
        <bothnic>shalderFascistHelvine941</bothnic>
      </pyelicExxon>
      <broomyGawneyOutport yonderKellia="zincize" cowdie="wedlockChemungTheyd" crepyRegrets="bracciaRubiest">
        <oratorsLearner>ron</oratorsLearner>
      </broomyGawneyOutport>
    </piala>
    <sorbent adzooksCertoseBevor="bowssenAmylicAnova8" kariti="lingoesVauntedWapping" teminLicheny="egalUnaxledUsably" leopold="cicalaBucked" bluely="revelryBegladWavelet" sympode="taurus" shulsAnilla="tahuaMphLanguet">
      <rumWist>55691427</rumWist>
      <cloths>
        <acostTextile>tylopodAurei</acostTextile>
      </cloths>
      <zeroizeBialyKiwai steptoeSaltmanBobbled="ceratedMuskieScalops" fisheyePeavies="siskinWhosen715">
        <nagmaalAgreingCells>wrongdoMantid</nagmaalAgreingCells>
      </zeroizeBialyKiwai>
      <rusmaDwayneGemlike amatoryWinesop="121702416" taluche="8" ascriptWadders="doomageAeonsGrippes" yoni="valgoidEwryLarick">
        <bilboesUnicorn>golochSolaniaEarnful</bilboesUnicorn>
      </rusmaDwayneGemlike>
      <pygididPlugsCarded ecphoreJimjamOpa="beneluxPaviorsAdion" pablum="minnySexternLorry" chattaCoulureDratted="dohter5277">
        <calxesUncate>saclike</calxesUncate>
      </pygididPlugsCarded>
      <ghaistMomus upfling="pasOttavaFeuding" idyl="nervedAlkyd" santimsWorst="1097">
        <corchatDaffed>spraing4</corchatDaffed>
      </ghaistMomus>
      <cocause mishitErotica="doleful" formlyBubals="tythes987" rumply="389" onetheGlutchFunked="velcroCares">
        <smatterBeeped>cachua83</smatterBeeped>
      </cocause>
      <woubitKings ennoy="dhabb9" mornsPalemanJacatoo="refaceCroaked">
        <radian>84707434</radian>
      </woubitKings>
      <ajivikaLacepodPoliced duplify="5" zaniahBolos="2301" gytrashPetGlusid="ipid">
        <swarm>3435593</swarm>
      </ajivikaLacepodPoliced>
      <waltron tidelyLendersHiston="gavotHeptoseChiel" goes="unharsh29">
        <zeugiteIloko>fadge</zeugiteIloko>
      </waltron>
      <goer enstate="6">
        <hunnianUnclipOuthire>rewater</hunnianUnclipOuthire>
      </goer>
      <macupaCarsonGleamy>
        <lesterWoggleIsoptic>wapped</lesterWoggleIsoptic>
      </macupaCarsonGleamy>
      <salweySwashScotino best="suriana" rodmenDumpty="977725" safineVariate="fitchew7014">
        <arabanaCetidCiboule>gammedBemock</arabanaCetidCiboule>
      </salweySwashScotino>
      <kobold delimerQuaskyAtresia="5" stolesPinnel="lygeumDesalt">
        <sucuryOveregg>gladen6</sucuryOveregg>
      </kobold>
      <fieldieChancedAshery>
        <haymishIngeneReding>indianBesnuff</haymishIngeneReding>
      </fieldieChancedAshery>
      <decayed agents="byelawTorcs" reevedThorter="aulderSeatron">
        <rebecDaukin>riffsYankingNumis6</rebecDaukin>
      </decayed>
      <jukebox basestMilsie="35" noonedMozoAllan="griotteSoiree">
        <panada>eunuchPhotsScalers97</panada>
      </jukebox>
      <wemmyAkamnikHotcake sepMagrimTranky="arretezScriteFratch" diastemChinosCima="barbuleJudaize">
        <xenialBunkieCrzette>marengoKeloidsProne42</xenialBunkieCrzette>
      </wemmyAkamnikHotcake>
      <glaiksBinateFazes soupierSlumsBagel="serment3431" brannyEppesAtenism="mizen" gensengImping="yacks">
        <drizzlySinked>pistlerMede</drizzlySinked>
      </glaiksBinateFazes>
      <darnerAirplayHapu trisazoSenhoraMurks="petumBuddageTequila7">
        <henhawk>lewisPirogue</henhawk>
      </darnerAirplayHapu>
    </sorbent>
    <flewitWahima aftergoAtimonFragged="spuriaDummiedDarics" setulaeCarderIdrisid="5015529" anlageGrapey="imparUndoEmpover982" mawwormMocmainBeet="113845034" gigtree="38245216">
      <acylal>upstem</acylal>
    </flewitWahima>
    <arabiteFervUnlaved karnEelskin="knolly" gufaTaipo="2" daggerZogo="undailyGod" tenterMerilKieran="amytal" fanegas="786389" clipperLeavingBourlaw="acetiamOutrow" mueddinFlorian="archt">
      <withy>faucreSawbwa</withy>
    </arabiteFervUnlaved>
    <tail chorwatCosaque="opiatedReshSneaky" menterySld="heapsTrigamyKiekie" kadayaUnsent="amir">
      <ejaculaGilakiEthene>runless</ejaculaGilakiEthene>
    </tail>
    <diotiReckedClarke deice="letitia" yaffsDaoineUnwooed="hoppers" entallyZapara="steppe4">
      <pyrexiaAnisateAmins>uirinaRenu</pyrexiaAnisateAmins>
    </diotiReckedClarke>
    <chloe>
      <sileAlegar>burledPkwyNiggra2</sileAlegar>
      <kopjeBiznaga tugless="454382353" lexicaCembaliHarmost="sepsinCumic" ebriose="arctosUnhardy7062" envenomSwoopLustick="sallooCodalUghs">
        <vanfoss>palmyCowle80</vanfoss>
      </kopjeBiznaga>
      <hoddinAspsRatitae morthBedbugMiscoin="torchonPrepaysAbrupt59" sipeOxeyes="carolerMusci3" paringUnoften="regaliaOometer" lovagePoisers="jardinAmorphaMaureen">
        <largesIfecksConsarn>7</largesIfecksConsarn>
      </hoddinAspsRatitae>
      <pomonaHagdown>
        <ardass>rechuck</ardass>
      </pomonaHagdown>
      <colonIcky azoxTapir="frenaParentsBalteus3134">
        <beltaneBejucoPious>huma</beltaneBejucoPious>
      </colonIcky>
      <choicesBabyishHeptene>
        <randall>fresherBenweed</randall>
      </choicesBabyishHeptene>
      <cabbleSerais hoppet="coseysNervous" eclatsSlogan="joysSmeddum2" perperaChows="minimsPurauZuludom" realityHappens="lurchedSaltKabobs">
        <engardeFilbertRoop>91</engardeFilbertRoop>
      </cabbleSerais>
      <pocket citola="amlaTalcums" accostLoppers="sickensPythons" buxomer="twinkleLeptomeXeroxes746">
        <wullZaffres>sudoricRoistNaucrar40</wullZaffres>
      </pocket>
      <imuRami>
        <browed>chiefty</browed>
      </imuRami>
      <sprue>
        <alary>3869611</alary>
      </sprue>
      <skees pinas="grizzleFloozieVatican" yinsJeepCheven="thumpWarori" voles="chylousJagua">
        <gabbrosPerrieOpalize>391704989</gabbrosPerrieOpalize>
      </skees>
    </chloe>
    <slatedBook>
      <meagre>yonkerBlowbys</meagre>
      <oralistJettruKnuckly naifInsistReprune="levered" gaolingPooches="sandy">
        <ozonesListedPlaudit>ennoicPansitStated</ozonesListedPlaudit>
      </oralistJettruKnuckly>
      <eusteleLengest budmashElevonsYearly="weaklyTypistsBafyot" barad="sullanDeipara2">
        <ventaYirths>indiciaPulqueDeterm543</ventaYirths>
      </eusteleLengest>
      <allseedAblyCargos dortRaved="frost" cantusOpec="71757" pishuCoe="grisbet">
        <sulcus>chinseSatsopGaudish</sulcus>
      </allseedAblyCargos>
      <griffonBaffingLamped>
        <uncannyAnimes>tecumaForsarAget</uncannyAnimes>
      </griffonBaffingLamped>
      <archeryDecidedWanapum panneBortzesLaithe="381" vinalsJapetus="fryWhorishYonder" nervusCzaricHernsew="daffishBlout">
        <epigyne>sooloosOryxes5675</epigyne>
      </archeryDecidedWanapum>
      <carversCitatorPigfoot>
        <noticeMittleTeeing>317785965</noticeMittleTeeing>
      </carversCitatorPigfoot>
      <imblazeArgolidGambler deanedGully="choyMarionCdg">
        <funeralMomusesBana>wisdomDaniele1334</funeralMomusesBana>
      </imblazeArgolidGambler>
      <liquory coolers="labariaLynceus">
        <birls>5204539</birls>
      </liquory>
      <zoeas toast="152" brazing="kennethShellumCabala" henwise="deeses">
        <goddingRingatuEfecks>fanionColdest6944</goddingRingatuEfecks>
      </zoeas>
      <darweshGregoryTopply>
        <coots>bitersIntonesPshaw</coots>
      </darweshGregoryTopply>
      <hurrayAuroral tephras="497741294">
        <scriptsDsnameSensile>phonierTossyUnrowdy</scriptsDsnameSensile>
      </hurrayAuroral>
      <fondon swalesChimleyUrology="debaserGyreneSeducee">
        <petersEdwinaFillip>debi</petersEdwinaFillip>
      </fondon>
    </slatedBook>
    <massoy vitricsOrgasm="2862" michielDinnery="dibasic" spire="9930890" stopper="laurealDjinny" eggrollAirsomeSkivvy="nymphoRebringLeo">
      <apodal>846249664</apodal>
      <bigly mawsCaffisoBiwa="isabel" rays="upchuck7" doblEelier="culetHexyne">
        <tension>84</tension>
      </bigly>
      <bsktCarites goombay="goatlyUnionidPokie" skellum="banat" balsasMurrineBuffers="rayasCaggyJaycees" bucketyApatanBeclogs="hinsSniggle">
        <nothusEnfoldTemple>paplikePlicalAdipsic</nothusEnfoldTemple>
      </bsktCarites>
      <gadsoEtapes reesNippySottish="2258" pargana="altify" outsumPabular="20">
        <markeryCoryzaBournes>7</markeryCoryzaBournes>
      </gadsoEtapes>
      <realesCongius hegumen="163217" fledSornareNephesh="alinesBasted">
        <enocyte>nikolaiCakiestPrename</enocyte>
      </realesCongius>
      <pleaQueriesUnsense>
        <rectify>bureausHydros95</rectify>
      </pleaQueriesUnsense>
      <trin filaGuarder="pieingBergamaDeddy3" potlineUtopia="martelVirgate">
        <kumniPoutsBitt>goenDuads</kumniPoutsBitt>
      </trin>
      <fikieBuccaNumeral encellFaunae="aestureCleared" cumayHaram="julolin" uppingFierclyIsobath="bulbilsSlimlyPaganly" chileKath="sturbleTeazled153">
        <wullieKeckledRadulae>8769</wullieKeckledRadulae>
      </fikieBuccaNumeral>
      <untuck rewindForwrapUnmined="watter5387">
        <waggonRewish>micaCullen</waggonRewish>
      </untuck>
      <letheThrongsAttests>
        <arabize>rtwAcadia</arabize>
      </letheThrongsAttests>
      <whappet saftPtpSpiky="965" mangey="79" essene="mullahsClout78" cypsela="gemotesDriftsOsperm6">
        <upboilWielareUtahite>loaden</upboilWielareUtahite>
      </whappet>
      <pielikeGuti ravineSharkTipster="34093" grimpHebenonMabble="loomedFerlie" lauroylEthnics="lacetTrit325">
        <ridgelsAngkhak>grayPortwayCleaned</ridgelsAngkhak>
      </pielikeGuti>
    </massoy>
    <rheidae stuberSnupExhale="5055654" netsmanSiruperTuism="kennellHambro" vitrumTurkess="unnoblyCamionModerns">
      <giust>crcheHeaders</giust>
    </rheidae>
    <dubioTentigoSkelper>
      <toxity>gizmosUnshawlWinners</toxity>
      <racketsPistonFinfoot unrashChappin="rayingWeevilsNerval" pactum="decreteBrief" overdidBunkoed="cireHelpedHovenia709" eskerAlcohol="monepicSkulpOryssus">
        <covisit>becomesSkywaySnuffly</covisit>
      </racketsPistonFinfoot>
      <haleTactful sermonReflush="murkest" euhages="126" excuser="928">
        <lorel>custrel</lorel>
      </haleTactful>
      <pedesMutable railageNonnantGolfdom="enrankBurgherStewpot">
        <alumsDewani>maxixeMonadal</alumsDewani>
      </pedesMutable>
      <cosechEncampsBractea poesieUnhaunt="japyx4">
        <teazleArnutBreads>beating</teazleArnutBreads>
      </cosechEncampsBractea>
      <doney ingross="28275973" chacona="upcloseSootier">
        <pleonicArctium>waftingTryingFluyts</pleonicArctium>
      </doney>
      <buoying elmOutfeedTragedy="conureCetid" nautic="fuguLocule">
        <satanic>moeSuints</satanic>
      </buoying>
      <scrubbyBoozing imprevu="carpiumAineRaisiny">
        <rallComsUndies>mistico</rallComsUndies>
      </scrubbyBoozing>
      <pecked inkwoodAedes="692" sheered="alsoonEjectorSatrapy">
        <slugPionicPiccata>foistSeaxStainer</slugPionicPiccata>
      </pecked>
      <sedersGrillsRevere>
        <ribstonStorialNarcs>dacronIdiotcyPyrola</ribstonStorialNarcs>
      </sedersGrillsRevere>
    </dubioTentigoSkelper>
    <mucosasKulan mobedReboldShemaka="rebbredBistort" bely="soapsudHornadaLongleg" froiseJibbers="doby">
      <fibrinEntails>dcaSamplerEnteron</fibrinEntails>
    </mucosasKulan>
  </lurksSchene>
  <courtalBoolean clodsHarvSweer="burhel" samucu="456" ericiusCuttlesSickie="thallinTrotty" ochryDourade="criollaFovent6" />
</whidCoalite>