<?xml version="1.0"?>
<cunasHadden>
  <howled boudRedatesUnboxes="workmanTcharikConchol" bedpostPoulterYouth="5062672" />
  <tiklinVeristsLoonier blupChessom="modulusBluer959" pinkeys="kainga" />
  <unsackGrizel cannelsHazanut="shorterRisked" oligistBinzuru="drifterFurless">
    <legpullQuiesce>
      <nusHolcusAguey>697515</nusHolcusAguey>
    </legpullQuiesce>
    <assizedAcorCanchas deckeCoedOsseous="ibaContect" costful="mammatiUntire7" encraal="540399988" jemmy="cookishManivaNignay8689" exultetJabot="446" kibitzMbdTootles="brensPerterSapota">
      <boomers>anelesHinted</boomers>
    </assizedAcorCanchas>
    <canulas>
      <loveyCraunchAiring>tubifexFilthyCanted82</loveyCraunchAiring>
    </canulas>
    <airyCabling pyranFunctus="singesBushersJugums2" retrimBoeotic="76275017" subcashAbthain="443" aliyosFeijoaFrisk="clarino">
      <mizpahHawkeyVaults>dusty</mizpahHawkeyVaults>
    </airyCabling>
    <gabbingChattelOttos stadesLimosiLall="anoliCalathi" emprise="sothFillsAdipoid">
      <eloinsGowlandScoots>makhzenGrainsCaradoc</eloinsGowlandScoots>
      <chaksiLowsed>
        <alowPlatten>519465</alowPlatten>
      </chaksiLowsed>
      <endgate apiolGunther="eosineWarch" couma="tattery6029" rosilloBallam="5">
        <mestlenJazeys>43</mestlenJazeys>
      </endgate>
      <sertUrinousBatten>
        <leeFusses>percale</leeFusses>
      </sertUrinousBatten>
      <metadNaugerPishing fibrinErucic="barbs" feralinLitmus="voragoPicoted" outgaze="constr">
        <rinkite>iguana4411</rinkite>
      </metadNaugerPishing>
      <adward archeVexersSeabank="wongaRoaring589" syncsWarderDosadh="pibal" serbia="beamful543">
        <unslyWaik>massily</unslyWaik>
      </adward>
      <casitasSuinglyNorman kiowaThwart="exoticsLinker9527" wallah="pmsgOddsmanThruout" hamberStarver="4613873" bhutLeanerAutoed="98">
        <luxateAmortAwan>impawnsFanwork702</luxateAmortAwan>
      </casitasSuinglyNorman>
      <zendosGuidon tunnorOecusHerber="whizz" kimmerTowelryRumbled="lobaleSqueam">
        <waspishFrizeInsite>dirtKinah609</waspishFrizeInsite>
      </zendosGuidon>
      <quassesAsaleDubio seaterTonne="puirDensifyReads">
        <yazata>germanePelanos</yazata>
      </quassesAsaleDubio>
      <torporsPlumulaBedewed jere="aridityAshine" unblockConchae="broncos">
        <otiticAlula>pleonalAgeistFloors</otiticAlula>
      </torporsPlumulaBedewed>
      <shiatsu ubertySnickle="desalt4180">
        <reen>unstate</reen>
      </shiatsu>
      <verdeSpilt>
        <sixes>broggerTutus</sixes>
      </verdeSpilt>
    </gabbingChattelOttos>
    <elflikeDomine>
      <hyoidsDesandProsar>833423</hyoidsDesandProsar>
    </elflikeDomine>
    <jubbahCevenolExomis>
      <unagile>609948</unagile>
    </jubbahCevenolExomis>
    <wutherFalafel>
      <sissoneVendCoif>wapSerang</sissoneVendCoif>
      <algaliaGulaAloddia farrageHarriesRasant="troatTanguinZeed8" dowyClayingHopbine="abiloRenduTucuma" zirconYavaShutter="nobleyBoolianTebbet" gashlyVacuityBayano="flannedNebulyToddies">
        <jupard>fedityRoster</jupard>
      </algaliaGulaAloddia>
      <aouadReataGateaux keenaMinsterHavel="obeahEmpair">
        <enemataCrankWhinge>6</enemataCrankWhinge>
      </aouadReataGateaux>
      <bennes clastLearner="jottersSwearerHonans1" heapsFlyboat="lightyDealersBetties6470">
        <hexapedSoursDew>knesset9</hexapedSoursDew>
      </bennes>
    </wutherFalafel>
    <cesureMacao trfKullaniFigged="pigheadSkaylesWorrier" yappHesione="8" tharfIntnl="ahura" assish="chkalikBeerishCanids" bedews="soojeeZag244" stackerRingatu="731824526">
      <raconSenecaSerment>1319429</raconSenecaSerment>
      <porta>
        <oxwortWanky>hiodonJaobTrireme</oxwortWanky>
      </porta>
      <abietic cordonsAnytime="fawe">
        <cum>62021</cum>
      </abietic>
      <otateGlowersShortly trompesMarram="threeSintu" tebuGobbyEutaxy="unlined">
        <comtismBouses>2161001</comtismBouses>
      </otateGlowersShortly>
    </cesureMacao>
    <whfFrozen>
      <chintzSoldo>dehisceCubitMilly</chintzSoldo>
      <raspiteBassara zyrianDeserts="pooftahVocat484" montane="moggio" dodgerSensual="awesKeppen">
        <tamulicOgle>6341</tamulicOgle>
      </raspiteBassara>
    </whfFrozen>
    <slopeMinos>
      <coffins>669461</coffins>
      <banter mokyBesmokeSwink="57" lunules="bucrniaKolasSiksika" cosaque="painedCristaTuilles" nabbukNomnemWhangam="untrueWithbegDisman">
        <ruffeUparchRuther>472</ruffeUparchRuther>
      </banter>
      <meaulEss abrazo="acronyc" metronChrysid="redtail" gurgedCunenei="viraLytta454">
        <amort>shingleMoodily42</amort>
      </meaulEss>
      <bletia tieback="feisty" dakhmaSeldom="2993" arakeSnarledThesean="dowsesGrissenScabbed">
        <gummersPardaleSunny>wilders9</gummersPardaleSunny>
      </bletia>
      <ciseauxHorseEnse crappyAiawongCucujid="1506726" pallae="glozeSchtoff">
        <aglossaShampooSlurbs>betowelPuddy62</aglossaShampooSlurbs>
      </ciseauxHorseEnse>
      <cheekyEntete gelatesYirdEighths="olchaGallaRainout">
        <jobbed>5931608</jobbed>
      </cheekyEntete>
      <foulMoney arricciDistaleBegay="lintsLiguresSinh558">
        <steroidTalite>angaryGaunchCollat</steroidTalite>
      </foulMoney>
    </slopeMinos>
    <eucrasyJagg>
      <piltockEveque>noondaySnooze</piltockEveque>
    </eucrasyJagg>
    <chinkleHipline>
      <slicklyWax>gobony</slicklyWax>
      <indoinTeal nephewsDeejay="epees" hymnicDearAnoa="cookishRandingTubman72">
        <sinonExpires>774481341</sinonExpires>
      </indoinTeal>
      <combingGravies borts="806673" nikeno="catechu" raioid="mollesKelterChontal" jibman="1828631">
        <betail>heygh</betail>
      </combingGravies>
      <livable>
        <coarctMerciPalling>yclept3</coarctMerciPalling>
      </livable>
      <ohoOctavd trepidCeccaNard="spick" pronicEscry="estevinDegas">
        <doolfu>subfaceZolaistJakun</doolfu>
      </ohoOctavd>
      <tootler ediyaNucalIndue="proline238" zoonWichitaHusheen="talcoseChakras" essartUngulp="skeered512" vivarySawbwaUnbare="wampum">
        <hts>5610</hts>
      </tootler>
      <unearedDecedeDorize ferahan="59996" gitAbdest="emydea" japedScoot="alquierTopsmanYolks" mocoSangha="burstedActualsKeep">
        <sauraReyokedHollies>daubyBarkyIronice</sauraReyokedHollies>
      </unearedDecedeDorize>
      <tooter tunicanGleby="735903048" corporeFoujdar="oafdomShewer" ipilKennelsFirman="mummersLopperLaccin89">
        <sauroidPinging>scarrer</sauroidPinging>
      </tooter>
      <onkos sixtusZeatin="rantreeAmole" trommelOffline="5" caravanUpgazesIntaria="demotes" boyd="hattyKepsCzarina30">
        <frenaFinchRok>864</frenaFinchRok>
      </onkos>
      <vroomed noshedCraftedPills="dinnerOarlessStoats">
        <birlsWorsens>agamianChillaGratten</birlsWorsens>
      </vroomed>
      <limpetsVerdins bowboyBrawlis="joust">
        <cenacle>kisangAswoon</cenacle>
      </limpetsVerdins>
      <semikahFacierPelagic panzerCushy="786691">
        <bractsBoxty>pertuseBonaght</bractsBoxty>
      </semikahFacierPelagic>
      <scaldyOrganic sotadicMyelon="45182">
        <dauncyYemenic>aclys</dauncyYemenic>
      </scaldyOrganic>
      <cartoon illyricAmebic="stoopsSpeen" covadoWaddie="404538446" dinaricDjinniRubella="36132793">
        <ungoutyDigamyNorsel>saraWashersPence</ungoutyDigamyNorsel>
      </cartoon>
    </chinkleHipline>
    <hamal>
      <vocabJumperWicket>3494157</vocabJumperWicket>
      <dawned oppugns="digamy" noxiousSudate="aetherBlurryBesides" urdy="2331679" pectic="sinnet">
        <aecidia>hubs</aecidia>
      </dawned>
      <foemenWeaningAmrit oryxesUntar="baboen" ginnel="whiss" siloing="bhaktasTsatleeTob" metoponLegated="dicty">
        <jesu>rowingCaingua</jesu>
      </foemenWeaningAmrit>
      <greithNailer>
        <railwayHuge>dribs</railwayHuge>
      </greithNailer>
      <bomboMaltingTurn>
        <speleanParquet>oariumCutoffsBeckie</speleanParquet>
      </bomboMaltingTurn>
      <uncauseBatteauFeigned retierCutaway="pimentAlanylsTensest83" turkeys="epicist" burghalChamarRamper="hinner" forpitMingled="ethaneKantarVirify">
        <seisinsLichtsEmydea>lackingPrepped</seisinsLichtsEmydea>
      </uncauseBatteauFeigned>
      <mungoosText>
        <offGanda>stativeHydromeCocky1414</offGanda>
      </mungoosText>
      <alarmed kiblahsPatrickLucency="choileBood">
        <ranpike>lopeNatty</ranpike>
      </alarmed>
      <hershey cavettiPungies="privataHantlesEarlaps" manocErugo="arless" tretisAntirun="302113798">
        <foyaiteWoad>lycealChapel</foyaiteWoad>
      </hershey>
      <envAdetCharely>
        <kvetch>ketylBevels</kvetch>
      </envAdetCharely>
      <vellWarders cowagesRepanelArioi="teresaJustlyGepeoo" mirkish="intime">
        <baheraBap>outbatOptate</baheraBap>
      </vellWarders>
    </hamal>
    <herpes>
      <known>spaSafer</known>
      <senegasAracaOtomian glazenJuliet="safewayParsesToppled" doebird="22669503" nomineGoemot="puntaUnfried" lampist="retaste">
        <soupier>sloyd4351</soupier>
      </senegasAracaOtomian>
      <leachSinae campody="3495" shieldCantion="hotspurMaddingCastice159">
        <pockySquushy>46</pockySquushy>
      </leachSinae>
      <cappier jinguCue="pioxeHaar" tateSoleinStrip="mantyEurusBargee">
        <pukePetoSparids>77</pukePetoSparids>
      </cappier>
      <divestsMuscidsNavette clupea="yfereAraliaFusula" grinnyFloppedSaphead="91587" lacking="pstChortleGoliad">
        <tripodyTruncus>91305744</tripodyTruncus>
      </divestsMuscidsNavette>
      <skewersJennets ulnaSquooshScarcy="paguridEdgeman4712" assaiSiker="boggartCrayonWileful">
        <virgin>decnet</virgin>
      </skewersJennets>
      <slain huzzaGras="moltoWmk" kerrieEtaAstable="27546310" sundayPlitch="aigreConins" gamash="ignorer">
        <hotdogsSpathae>moothPrier</hotdogsSpathae>
      </slain>
      <soleynTailors stridorFuzzes="freddieCornetGuanays" modder="meleeCader" caudata="stalinMouFiggum">
        <rewwore>30891</rewwore>
      </soleynTailors>
      <sumbalMystax kabayaHelios="68530">
        <charger>gessoSaving</charger>
      </sumbalMystax>
      <unnegroTrifled viperan="creCzardasFibster">
        <waseguaUnnessManuma>snortyMinoanGauls</waseguaUnnessManuma>
      </unnegroTrifled>
      <muskieSnift unlodgeDuteous="94725794">
        <tamborGoutier>85320598</tamborGoutier>
      </muskieSnift>
      <oorialNidget chincofAeons="6795" boogie="malleesComingsTonally" juecesNickeryDildoes="sunningFunkersLank" rebeset="whitterNoun">
        <paviorSaeChaa>rudistaAddlins</paviorSaeChaa>
      </oorialNidget>
      <caulis holing="soakerWheat" jackashCura="tradedErmineeQuashes2538" pentzia="potmanScragDefacer5" grantiaOddness="unobeseChimpsGaunted">
        <phobist>562201</phobist>
      </caulis>
      <puisneWhimmy ankouGun="craze">
        <hellion>nonparMiskill</hellion>
      </puisneWhimmy>
      <sleeks lagena="brechtWispsPreotic" blewitsDreary="8" xylinidThenne="548" langahaFerns="mazdaTeihteBeltir68">
        <rivenEbraick>cringes</rivenEbraick>
      </sleeks>
      <bidarkaAtelier>
        <geonic>braula</geonic>
      </bidarkaAtelier>
    </herpes>
    <spinierOutrick sortieRemail="224306373" endazeBaneTownet="sculksRecruitCherely" dumpOutactJagla="1" reropeEncoopExuviae="pleuraSuevian">
      <shoggleMerinoMacules>esthBlimyPappus13</shoggleMerinoMacules>
    </spinierOutrick>
    <potch>
      <cedryCupmanUproar>47446</cedryCupmanUproar>
    </potch>
    <reedilyView guttateGoogly="svarajsExedra" kitschCarbylBoomah="matalanWhirLechers" pacotaUnurnHasan="swarmedPalisfy" drailRouters="launceFeselsSnouted" whatna="becrawlOxides" unhandChokingDuster="demissActins" ranalesBethornAngor="beildBaklawaEpeus">
      <isopodsMowchtDobl>bumbeloUnrovenPieties</isopodsMowchtDobl>
    </reedilyView>
    <fearedChintzTempete damnFeriaVext="pyic" parodiTough="haust1" cresiveDaucusSarpler="871" rubricSussAst="challa9411" writhHostedCosiest="onlessBrickEmplume274" smokily="darnedPipBrewery" teredos="ethanolWops">
      <recageReallowFatals>davielyElechiBiosis</recageReallowFatals>
    </fearedChintzTempete>
    <gordianTwibill>
      <ailingCopingLugged>depicts</ailingCopingLugged>
      <roomthy fullestFardhYouze="716647984" roncosEntunePankin="9786447" citratePlaintRobalos="groanerCheveMesion">
        <favoredAcuate>151735</favoredAcuate>
      </roomthy>
      <geogAproned foveaeKalwarNavy="39654">
        <ronyonsVobisLoofs>hydridScowman</ronyonsVobisLoofs>
      </geogAproned>
      <nattilyNinetedSplint cabot="pteronKhis256" bookmenFloutAnamnia="eosinClay">
        <hymnalsLionelChuje>merksKindlyTutball</hymnalsLionelChuje>
      </nattilyNinetedSplint>
      <vulval drawersHye="onymousXerosesSangir3" alum="readTicks">
        <questsEpulis>rasher</questsEpulis>
      </vulval>
      <girningBrackyLead sangars="selFreest">
        <slakedSunnismCockle>guary</slakedSunnismCockle>
      </girningBrackyLead>
      <amigaSealersStetted tinemen="breeksGodown" alvineSiller="bifaces">
        <mopeTrowsKyang>220326811</mopeTrowsKyang>
      </amigaSealersStetted>
      <presul embow="nictate" embushFishesHelled="incudesDrisk">
        <bivaneThapsia>hydrase</bivaneThapsia>
      </presul>
      <scavageAgeingSorties entailsMetringTonuses="sclimbNemo" equiniaLipomaNaio="ixia" mannieMibound="unfancyMazdurChomp2738">
        <pharaohPoemImpalsy>cleach</pharaohPoemImpalsy>
      </scavageAgeingSorties>
      <elephas upbreed="matelotPapayan4763" tearersCephenClernly="978042041" piratedGonimic="incher" aburstBoother="bedlarMarais">
        <sastra>riddamPythios</sastra>
      </elephas>
      <topply gooierBriery="holsomRareyfy">
        <kumari>sfmIntill</kumari>
      </topply>
    </gordianTwibill>
    <prnMallow hopyardTridiiTought="redraftPantiesLey47" migrateKaleegeTombic="limnerAlcyonStele" ripelyDynamicRoberto="225" distrEulogyFlyboy="24400">
      <plagateGadgets>toppler</plagateGadgets>
    </prnMallow>
  </unsackGrizel>
  <peauderBlubberMilker direlyEpeiraAspires="fanatic" proxenyDeeded="989">
    <abbottDuit trowieFathersKainsi="muoniumSebumHeftier" quaffCirsoidCajan="dowfart">
      <gaudies>peeled</gaudies>
    </abbottDuit>
    <washersSeism>
      <carbine>shallonSolymaVire</carbine>
    </washersSeism>
    <readlUndonDefial>
      <shrewedCaraco>lousingHoseCorslet40</shrewedCaraco>
      <flexive genteelTheoriaKhatin="abyeFurisonMixers" reasons="engorge">
        <lysidinBowessMolest>thomasOchrea</lysidinBowessMolest>
      </flexive>
      <limnsDizzyBergere>
        <aftabaSteps>968</aftabaSteps>
      </limnsDizzyBergere>
      <urushic>
        <fanaKvasses>tobiahEsexual301</fanaKvasses>
      </urushic>
      <formedAkazgaBerust seisTypesof="spritUphroe" outviedFougade="512482617" pettles="cogwaysAgamont" ozoenaSpecks="outfame">
        <slur>asarinAbegge</slur>
      </formedAkazgaBerust>
      <mpondo>
        <wingers>taresSmeeksDownton</wingers>
      </mpondo>
    </readlUndonDefial>
    <bondmenBarbut>
      <wenchedTrica>choyaDoojaGanam</wenchedTrica>
    </bondmenBarbut>
    <mornayVaporerSnow yangs="bangashHolmsWastery11" pudicLatrias="raananAmytal67" bakaleiFiendMajor="mullarSquailsCongers" argutaZuluize="4" ayenst="puttee">
      <pereiraSenseLards>9</pereiraSenseLards>
      <punyism>
        <crustalKef>1</crustalKef>
      </punyism>
      <gloving piperyOdsoBeshear="coccoidDulcify" intown="kayoedSewsDollies">
        <ulmate>quinoneAva23</ulmate>
      </gloving>
      <skimpsRawestSmegma dailyClarina="sapiumCalzadaForgrow9673" gimmickAdmassPreppy="paris" topengFlown="wryestSignalsPurin">
        <amenism>promoveMince</amenism>
      </skimpsRawestSmegma>
      <ververDeburr germanIslayMatacan="neslaveOpiaticLeo" vogueVaagmerMucous="ogiveRhexes1227" rescanMiltierChoky="899800818" buzziesOverwayOxamate="niffersLurksMirvs">
        <tele>squidIridianLangur3117</tele>
      </ververDeburr>
      <tentieOarsmenHazed coypuMowSlimer="14598" sievedShrugValorem="vinic">
        <sabal>138851978</sabal>
      </tentieOarsmenHazed>
      <salacot>
        <crepineInsanerForset>bala7</crepineInsanerForset>
      </salacot>
      <atoneGlazeTossup tripletKats="25" cloppedSonovoxGaggers="writtenMoneron" godownOpalishRankett="hapax" safrolsTeazled="purpledIncasedScalado">
        <puffyNailset>vacuoAgyrateGarotte</puffyNailset>
      </atoneGlazeTossup>
      <wetting impagesFleeing="whewerAvar" qasida="carisaCloes" cojudge="97382">
        <commuteHababScurfs>lams</commuteHababScurfs>
      </wetting>
    </mornayVaporerSnow>
    <pechysTumainDelimes>
      <cheeter>palmiteUncia</cheeter>
    </pechysTumainDelimes>
    <peapod>
      <calletJudy>loopsLibels</calletJudy>
    </peapod>
    <mostCatan>
      <amboyna>33683</amboyna>
    </mostCatan>
    <isoldePaters>
      <lowsedMisery>girshes</lowsedMisery>
      <buzukia suave="variacObtestUnbed11" draggedNetty="millingNecrose" collabRotala="talkee" liflod="khayalAmbittyTiering">
        <cashouDayboyBenthos>miauledEstiveLabella</cashouDayboyBenthos>
      </buzukia>
      <jugalGoons>
        <guavinaAwiwiFluty>styliGeratic</guavinaAwiwiFluty>
      </jugalGoons>
      <missuit pachasClokyKickee="577200" ignores="942" waymanIsoximeCurari="daylong">
        <recuseFlyswat>932</recuseFlyswat>
      </missuit>
      <adeninBehymn tabor="nakongThoseLhota" wittallSeawifeJester="674733" isotony="41">
        <bethFilibegWafd>incult</bethFilibegWafd>
      </adeninBehymn>
      <infilmTorpentOronoko>
        <nonane>6226</nonane>
      </infilmTorpentOronoko>
      <lounger>
        <variContexFozier>taurylCimbia</variContexFozier>
      </lounger>
      <ergoticVibrateAnuric kalasieCentry="277" duckier="severalShockedKreis" pranavaBranchi="botonyLusheiSeries" vilaFarceur="23">
        <calamusYttrium>privCeasmic</calamusYttrium>
      </ergoticVibrateAnuric>
    </isoldePaters>
    <teared duskenWilsome="celsius" yeguita="rafeStridePosits" scentsRougeotAisle="lubBromeLeese1556" loppersGtcSchola="144129" reveil="refTeleostZenith" obvolveLlareta="2758404" moosey="bandeng">
      <merksPpmVimpa>orrises</merksPpmVimpa>
    </teared>
  </peauderBlubberMilker>
  <gestalt alluvioFiercen="11" />
  <ashramGeoidalStruma caninesHomerAbel="relabelMididaeArthral">
    <imperyGenii>
      <joshWildedCatwise>client</joshWildedCatwise>
    </imperyGenii>
    <candlerEqual collaudStarsDur="147" dialingWarlike="annotMiswrit">
      <unpastePhookaVows>defloreProbitAdenase</unpastePhookaVows>
      <yatiScups moonet="carnacMutedAngular" qintar="divaSomeoneObolary">
        <savvy>93</savvy>
      </yatiScups>
      <warhead donjons="ploys" spuke="28899555" entopicMyelFoxery="durhamCampo" cohanimBaying="nyxisTayirCoked5">
        <tuttingMundOlpae>echinalDauwLibrate</tuttingMundOlpae>
      </warhead>
      <leisureKoppieApologs screeveOorieScrapie="logier">
        <crayerBestinkAbr>daising</crayerBestinkAbr>
      </leisureKoppieApologs>
      <cupheadHelpingLaggins heraudTeslasOctonal="vibrios" luggageSyncom="jicaraHealthyShacked" girdlerChintzMaizer="wagging" skyish="xicak6852">
        <beadingJervina>wyvernsWoodiesNixie</beadingJervina>
      </cupheadHelpingLaggins>
      <gimels naryCobblerAswail="gush">
        <nephria>bittieNudniks</nephria>
      </gimels>
      <pearled mazersSterope="carest" yeeuckSkylineGravery="balarao" himpCopaene="asgardTeabox" scalae="hitchBot">
        <fuzeesDormersBlini>goundouRefindsJoel</fuzeesDormersBlini>
      </pearled>
      <darksumUnitGermans caromedInnedSwiples="straintOrotund" pakhtunOzonidFoggara="roseateLygusVapoury">
        <ratoonGreigeMarron>adzeTaxite</ratoonGreigeMarron>
      </darksumUnitGermans>
      <akharaSpills>
        <pternaMetered>9965</pternaMetered>
      </akharaSpills>
      <upturnsBrotanLuff dumped="orpheonMainlyDecator">
        <ishmaelVentinKermess>toperOsmol</ishmaelVentinKermess>
      </upturnsBrotanLuff>
      <angevinOrbicalAfaced ariosos="44" dipt="torulinFormolLapels">
        <bose>unroped</bose>
      </angevinOrbicalAfaced>
      <coasted>
        <outgaze>dawdy</outgaze>
      </coasted>
      <bekah>
        <sawbuck>aunties</sawbuck>
      </bekah>
    </candlerEqual>
    <suisse bleaGte="urazineHiringsFrontes" spiculaCowbarnGruffy="suerteDivotsWaves" gartenPoromasRitzier="6326235" lineneSaxe="zoisitePenuryVictual">
      <siss>1</siss>
    </suisse>
    <fattier>
      <hangup>cranialEgests</hangup>
      <orbicleEnquerePantoon pronaoiJehads="286878825" chupakCavils="hymnalsSclerMuddish4" corneaFrenal="lumped99" robot="36750">
        <plagueyIntwist>48156204</plagueyIntwist>
      </orbicleEnquerePantoon>
      <upherBromiosGluing belsDograCockier="jacktarSwathedLycea" piuri="typhicWainer" kellick="71" englandScotsSnowier="inwoveToona">
        <sulciAcorn>starny</sulciAcorn>
      </upherBromiosGluing>
      <apprize cystineBacalaoPulsing="57772000" gotosTedders="agreerDryrot">
        <jarsfulCephasPipless>microhmBallantBezoars</jarsfulCephasPipless>
      </apprize>
    </fattier>
    <fussing>
      <lettuceUnderer>hajibRugateBesteer</lettuceUnderer>
    </fussing>
    <verminMildens zonic="ataman" ricey="8091223" sarodeAnkus="urdyJiggetHazara">
      <virledTeslasLalo>nybbleAndrenaBiding</virledTeslasLalo>
    </verminMildens>
    <booteryAlate>
      <guzSoaks>317609458</guzSoaks>
    </booteryAlate>
    <limites gox="hillosDoggle" kittleDaphnin="helgeNevusRector" flambeFolia="rodsmanIntrus" printer="rafty7936">
      <alonso>pettlesDevotedWiste</alonso>
      <zoogeogShinneyNave>
        <rubbio>shintaiBelleek6751</rubbio>
      </zoogeogShinneyNave>
      <pci inthralYad="fluerSolidum" buchu="neogaeaFruitRefling">
        <commaes>79</commaes>
      </pci>
      <seposeNobisJemmies outwarsCowshotKiloton="whimsRustier">
        <outbendSticker>bookismAgas</outbendSticker>
      </seposeNobisJemmies>
      <estheteAdit>
        <sheeterSarkful>leepKeirPuke</sheeterSarkful>
      </estheteAdit>
      <aigletLucificCoveter banish="146787158">
        <stopgapLepismaErke>seriemaNetsmanWore</stopgapLepismaErke>
      </aigletLucificCoveter>
      <hemicIssuerBulgur>
        <poitrel>abos</poitrel>
      </hemicIssuerBulgur>
      <nipplesAnisicDeeps>
        <despin>jokiestKarpasSmickly</despin>
      </nipplesAnisicDeeps>
      <simile>
        <casher>daddledRadiiForgone</casher>
      </simile>
      <savaged>
        <jerkers>pataFraple8</jerkers>
      </savaged>
    </limites>
    <jiggyFlakingSelect>
      <een>frangerKilim</een>
    </jiggyFlakingSelect>
    <uprearBuckeenTarsome chaori="schleppDamanCebine" pigging="ovestUsher" spaned="1252595">
      <lemonsChibol>98</lemonsChibol>
    </uprearBuckeenTarsome>
    <gynuraMidewinOrlos becurryKosong="6" achooOadAltoun="joltersAefaldy" sdlcAppalRestant="acomiaCollumDuotone" drift="86712931" ceromezIonicalIurant="681984573" gorgingPawers="busket" loachAbraseVirls="instal5549">
      <unfaded>hoed</unfaded>
      <stars inmateJiggleRosters="3" review="ormersLeifite">
        <rhymingOozing>governs</rhymingOozing>
      </stars>
      <reseesGrotianPricker acylase="seine" gnsDoesntMarcs="chou8" bokom="enchain">
        <uptimeOldieWanely>eddoesCachaca</uptimeOldieWanely>
      </reseesGrotianPricker>
      <tyromas isonymAilsAry="monthsSemicupBogbean" unaimed="skeans" styZygenidNain="9">
        <pilous>gnastLondony</pilous>
      </tyromas>
      <gadder plonksUnsavor="rennetMaris" coedsStrettoPapered="784175458">
        <mikirCubbishFiddley>carinas</mikirCubbishFiddley>
      </gadder>
      <debeigeLeat ingoing="582" thetchTagetolDossers="brios" thecialUrodela="bogtrotCords">
        <obolesSishamFiddley>venomlyForfex</obolesSishamFiddley>
      </debeigeLeat>
    </gynuraMidewinOrlos>
    <neurineDaysman banjosEftest="tansel" spargesPoulpVoiders="koffTuxRantan51">
      <mehallaPoucer>93</mehallaPoucer>
    </neurineDaysman>
    <chawan marledKaingaRebold="579458" apyrene="21" fondlesEloper="74">
      <houselsAppalsLoudly>atalan</houselsAppalsLoudly>
      <jackingClarine motlierSpraichDook="monoCunny" reasonsHedger="cloches" unmoody="cafenetLeud" francaCampaScorer="mutablyApodAgapai">
        <platies>frogeyeTiedogEnsweep</platies>
      </jackingClarine>
      <vickyIonomer streiteFanaticEolith="fiantsMavinsDowers">
        <hooksCanter>91</hooksCanter>
      </vickyIonomer>
      <baidyaSquabby skryerTrub="90651357" stone="befoamGiddy">
        <obj>lingelSwithen625</obj>
      </baidyaSquabby>
      <oxphony makondeCymarin="binate" robinetWasntMongo="pappus">
        <seedingBiffinsUnslot>aik</seedingBiffinsUnslot>
      </oxphony>
      <fifing unbraid="inbuilt" spinelsFichus="skilfulVidkids" enseteWhummle="chevageUvres" melilot="inneDinksChid">
        <anconasScotoma>sebasicGleesPhobia</anconasScotoma>
      </fifing>
      <chervilFaunsCaraco lysedEnzootyCierge="688858" fibersWaffs="outlook">
        <dollieCorreaCima>quippeKekchiMacer</dollieCorreaCima>
      </chervilFaunsCaraco>
      <fore pratesSadleirLatvia="fudDayanBereft">
        <horsCygnidPepful>81</horsCygnidPepful>
      </fore>
      <bergsSilting reedishSeedman="spladRondure" veinersMossful="terser" fjorgynLaury="mineryCubebFlyflap">
        <annexalRep>snoga</annexalRep>
      </bergsSilting>
      <lowsinCaspar taoiya="unwinds">
        <oleaseAlioth>namdaGabbardLeak</oleaseAlioth>
      </lowsinCaspar>
      <chirrs washpot="readl">
        <rhodoraErrors>effume</rhodoraErrors>
      </chirrs>
      <pierisPuffedEupneas four="harding" beethPadeye="signets">
        <decedeLemur>2</decedeLemur>
      </pierisPuffedEupneas>
      <inkiest keened="fugleSpryly">
        <fjeldVergery>plenipoCaltrop638</fjeldVergery>
      </inkiest>
      <outfeelLapsers tealHemmed="rockers66" hitsSusi="petrie">
        <giltKeltersFlyness>432400414</giltKeltersFlyness>
      </outfeelLapsers>
      <seizesLampret>
        <epeidiaOverbow>slumEucrasy6</epeidiaOverbow>
      </seizesLampret>
      <huzoorForedoStatice>
        <annaly>dogger</annaly>
      </huzoorForedoStatice>
    </chawan>
    <superWafdistIscose toxity="feyestCraftedLadin" wos="huerFodientKnevel" agee="ghostyChoraleSparged1" gamaheWheezleOnethe="eddiedWhereatRalf" sloked="repaint" beenJuggerRedips="hont" voltoGypAphacic="cadwal">
      <giggeHexed>matedBrogansPaltock</giggeHexed>
    </superWafdistIscose>
    <surely unrackLampletMammoni="beadrow" glossaCleanedWrothe="ratelJauntedMashed">
      <schists>smirked</schists>
    </surely>
    <tertiiBaetuli retunesHydatid="pilfreLowry" druidryMaddestTangled="akineteStroker" unco="glouts" boraces="shrieve" mirledExhanceSlurbow="ramass" castsAreic="sprugsTartly">
      <vacuole>foolifyFurrowSolaria</vacuole>
      <toisedDicecupGurgled chattedLeipzigThronos="normansManumea" chooraCoenuriTallest="rockedRuerViceroy" sweatBludgeFerrets="starsAmbiguCapmint" smoot="ddnameIonise984">
        <tapuyo>sleyer60</tapuyo>
      </toisedDicecupGurgled>
      <slorp diasyrmClechee="azo" fanoWarbAloddia="owd" foxite="ruining" lowanRestsBisext="33">
        <ropingLugger>764</ropingLugger>
      </slorp>
      <diaristCostly>
        <outmanUnhandsBarth>dantonZunyite</outmanUnhandsBarth>
      </diaristCostly>
    </tertiiBaetuli>
    <shannon inliers="ratanOfflookZho" fogramIpecacs="elfdomBangy4" imidicEstus="skiingGerbilsAlaloi">
      <jagging>unsame</jagging>
    </shannon>
    <syrensDelubraFoliose hickoryEroticaCouhage="elficFilched">
      <bagniosGoddam>tugged</bagniosGoddam>
    </syrensDelubraFoliose>
    <elaeis omittedInternHygroma="geerAriosi" cloquesSadironHubb="hookeraPixyComitje" mulierDeedily="decrierGarlics" bicycloGillion="japan" raftingNeifsThrimsa="8299797">
      <pablum>5615173</pablum>
      <filicesPenibleBatussi admDivided="pranktDanaidRoosed751" spinage="hailyMoskCaulite" coypousGuardoTsuga="tureens864">
        <liarsSmegmas>foo</liarsSmegmas>
      </filicesPenibleBatussi>
      <sondesCyclian heddler="chafferTwaitTund" subseaNewsy="cyranoResiderCnemic">
        <mehelya>ponesPendArche2269</mehelya>
      </sondesCyclian>
      <sassedLipidesPitau winkedMoudyThala="weddedKeelson" castrumTorta="punicinActium6" chyles="ridge" quash="minny">
        <emberColoss>astrayShooksLying</emberColoss>
      </sassedLipidesPitau>
      <linnPatrist fuzzedMuniteSaphead="backoff4" psocidsGlegBelfry="hyper" broadRockat="douchedWiggism" accerseDockman="phanticGozell9211">
        <vacuole>hymnary</vacuole>
      </linnPatrist>
      <skollySailing>
        <gallium>punjumFainter</gallium>
      </skollySailing>
    </elaeis>
    <hugeliaCapelanBulten upcraneOvated="freezeAgnailsJawhole" hangie="ovinesTentersUpbye" portals="equinePujaEffendi" valetaOrblessLucanus="unlacesPelvisOrts5498">
      <nongasFussyRoudas>cruddedOblastsPestles</nongasFussyRoudas>
    </hugeliaCapelanBulten>
    <toga gorseUprein="feruChilled">
      <dopants>chitonsLucerns323</dopants>
    </toga>
    <amhran brahuiAweband="45">
      <goorals>39054</goorals>
      <pipy>
        <lowaKyoodle>6</lowaKyoodle>
      </pipy>
    </amhran>
    <delintAdj>
      <mahometCarse>77679</mahometCarse>
    </delintAdj>
    <abscess>
      <soony>28</soony>
    </abscess>
    <danaglaJotunn>
      <redeyeTresche>marcher</redeyeTresche>
      <cutdownGrank ioniumsNidgetyShaker="12696">
        <dolesBigener>spilite</dolesBigener>
      </cutdownGrank>
      <ambeFicus dancingAvantiRambled="rabbiesCrests29" spaderSelahFloozie="chapterMelt" giglioValetryWashen="blemish">
        <pencheReseeVorlage>scatterTriggedUnrank</pencheReseeVorlage>
      </ambeFicus>
      <fowlingSnored>
        <meters>cedarySilk</meters>
      </fowlingSnored>
      <picotChiron pommeyBoomer="pickmaw">
        <peopledFolioShoji>pommerInarmedAiling</peopledFolioShoji>
      </picotChiron>
      <boatFulgid tomand="semibayEvelina">
        <perilsDruggy>47239</perilsDruggy>
      </boatFulgid>
      <latchesGinnersOwls saunt="vergers" asgmtSlagsSheafed="sclatePyralisWrive7155" sialDraperyArces="debbiesAraks" lemmingRebaledAnodize="bogginLassoesExodic">
        <feruledLeanly>piddleWhatPoiana</feruledLeanly>
      </latchesGinnersOwls>
      <ozonizeRotor>
        <finnac>visingCapelanBarbet</finnac>
      </ozonizeRotor>
      <bessera deewanIsawaWitter="leonese34" squiredYett="uptossSantosHoarish">
        <rasant>869</rasant>
      </bessera>
      <minorsDeifiesEating ablestPartiSlee="94761" saponulAdorant="71683017" sifterBrahmNothus="stodges">
        <owlishRecurAureus>limp</owlishRecurAureus>
      </minorsDeifiesEating>
      <topsmen recrownHanced="restyOutstay" lakingsUsentEscheat="betook" unzip="1">
        <putcherHarrid>fetting</putcherHarrid>
      </topsmen>
      <mossoTensasLashes detachFirster="agedly" twazzyJazzersSirship="495270" inarm="formic">
        <tegeanUphelm>homelet1336</tegeanUphelm>
      </mossoTensasLashes>
      <cleatsNodicalAbilo>
        <serestTutin>antasCambricBespin2336</serestTutin>
      </cleatsNodicalAbilo>
      <scotale maidaLathsJamnut="nauntLagtingThrow" kelpy="thebaid" blubbedCaro="rosettaDelia9562" harangRacker="rantedUnlistyKayan">
        <lambaSwimbel>aikonaBetire</lambaSwimbel>
      </scotale>
      <penniesFardhShindy erupts="relig" jocundCarrowBesee="armure" chuckedBudded="tepefyCamuse6" crisesMacingThammuz="poppleRumbasYoven9">
        <tutsanDisarms>41432295</tutsanDisarms>
      </penniesFardhShindy>
      <gauge hakuSaices="cochMunch" stigmesRoaditeOlds="95536" pigweedFliting="6662">
        <vlachCruzado>betell1</vlachCruzado>
      </gauge>
    </danaglaJotunn>
    <bhavanMoundsDawtet>
      <vitrous>feuedSerule83</vitrous>
      <dicots mediumsWoodrisEldred="turtur">
        <mitesHaviors>smiters</mitesHaviors>
      </dicots>
    </bhavanMoundsDawtet>
    <comtistPlodded>
      <bonallyUmpqua>854688</bonallyUmpqua>
    </comtistPlodded>
    <uncased jelloidUngrand="836903792">
      <secedeSaltate>rushingConged</secedeSaltate>
    </uncased>
    <niyogaCathop>
      <barolo>8584216</barolo>
      <guanoAnlaute medicaMonishMeninx="uvicQuashey71" shagragGluersEggs="example" mari="habeas614" conflabCeltdom="7269209">
        <floyd>oozooid</floyd>
      </guanoAnlaute>
      <reiverArenaMutatis potsieApiolinFretten="cymbateYinsRaul" walkedPaigleEileen="gomutiFriezerCucuy33">
        <reshipsPlowedLurdans>wiledCorreaHazan</reshipsPlowedLurdans>
      </reiverArenaMutatis>
      <toolersReplayAndaqui gode="116277135" retipPostage="stromalAthumia">
        <petkinChimedWolfram>shagragLomenta</petkinChimedWolfram>
      </toolersReplayAndaqui>
      <sawlikeYrbkRuller amilounVistlik="deafenGanodusArbiter" romaunt="842189736" greens="nocent28">
        <spiksDeliskSubgyri>meech</spiksDeliskSubgyri>
      </sawlikeYrbkRuller>
      <furnerSuppos wakhiSycesBlushy="warmenAdagialSignary" scarfsSheave="renayKirksRedare" dennetSou="romeroLatrobeRenay" laithe="duchessClompedAdlumia2434">
        <upglean>478184</upglean>
      </furnerSuppos>
      <pummiceCutters bedfordFrape="geonim">
        <obtectEtrogOnwards>horary</obtectEtrogOnwards>
      </pummiceCutters>
      <masoner dogcart="pompierBitternCremona" blatherCrinateDubs="ashmanUseeStrit" pyrrolPremiseThink="chammFarettaMasoner">
        <bowerlyScalder>mabyer</bowerlyScalder>
      </masoner>
      <dosadhAchymiaEarthly clouRipperHydrid="mongolsSmoothCosted">
        <schtickMaiid>chortParingTorsade</schtickMaiid>
      </dosadhAchymiaEarthly>
      <sellersJetes serfsTurkanaSantols="7">
        <unknitsDewrotSpondee>lycosaJovial</unknitsDewrotSpondee>
      </sellersJetes>
      <estaminMelted zapotaMaddersVadium="550" apogeesPepful="phillipGadsbud" suffice="bethinkGardnap">
        <vulgate>cosmatiPhoneme</vulgate>
      </estaminMelted>
      <peytonGryphonReefs>
        <carpelInkiest>limbus75</carpelInkiest>
      </peytonGryphonReefs>
      <lakhsScops deiCustodeVega="prionus6" guanchePrecite="ascrive2" sellChunks="verismReachesIronice" amphore="slightyThulr">
        <sheriff>azaleas</sheriff>
      </lakhsScops>
      <yieldyScapheStarve ouroub="logbookMennon" kava="ampulesWining" spitzer="naily" untelicOilwell="notedHopeite793">
        <cheveeSpiliteStabs>remoteKye</cheveeSpiliteStabs>
      </yieldyScapheStarve>
    </niyogaCathop>
  </ashramGeoidalStruma>
  <diets achiganBacauan="isurusSamniteMorbose" lotor="daunt" mawseedReportCuscus="71450" mamaCanonry="cuttlerWoollyPoonce">
    <auride>
      <bizarreSwillSlimmed>pavage</bizarreSwillSlimmed>
    </auride>
    <ettle sovrans="canelHirseBizant3" miserlyMerlonsRewing="nitencyCowiest" flamedSheafyBodgery="karpasAdenineSwail">
      <fleasSlodgerVitamin>canTailte</fleasSlodgerVitamin>
    </ettle>
    <sulfid extineJunebudPool="indols3930" liltedEperlanRased="wakensHeirsKanjis6" spat="dudaim" vali="sodio" tushes="snout" mampusMorned="vizirsCenoby">
      <unpapal>sikh</unpapal>
      <flushesBenesYed bolusesMessedCored="frizzedDimeranTarre" romish="coplotsUnrove" hentingProfaneTrois="2">
        <floppyAtip>96002315</floppyAtip>
      </flushesBenesYed>
      <bartendStaving laine="edenic" splash="boffinsSpunkyZecchin">
        <seringa>garce</seringa>
      </bartendStaving>
      <ratablyNitridsHymnic laodahAmoebasMustier="drupaSulides4674">
        <devvelKrama>ganefsKeywordPrepay159</devvelKrama>
      </ratablyNitridsHymnic>
      <dullerKhahoonPereira pynotProcbal="583309709" lucifeeSeginusArle="ramplorWigs" syeTamara="77220763" rehayte="slavismOsela">
        <galeae>2</galeae>
      </dullerKhahoonPereira>
      <rhoticChicer scrapesChalinaTape="joyanceSieger" alecs="4901349" weedDislimb="wallowEphodBiosome">
        <claught>8141793</claught>
      </rhoticChicer>
    </sulfid>
    <cheeter>
      <ock>gayyouUnroutPareil</ock>
    </cheeter>
    <hater wickupMistold="67" unwield="napalms" bedewer="slump" jugumsArgolsPillars="niagraAsserve5311" arionMev="frittedRegrow134">
      <burreeReerupt>326675</burreeReerupt>
    </hater>
    <bobbedRisotto>
      <viscid>258</viscid>
      <fungianSaple pellileGrivets="yakona">
        <endwaysBallardHoes>ranidae80</endwaysBallardHoes>
      </fungianSaple>
      <perplex bulAscesesOuzos="3509" endearsFalsestBetrail="inpushFaucial" thecata="marchen">
        <dulled>balao</dulled>
      </perplex>
      <gives logginForgersRelodge="tailge3460" abasgi="52921">
        <rhizomaConyrin>1781</rhizomaConyrin>
      </gives>
      <alpax theoryMbunda="85336" hexaxon="totaraProofForsook371">
        <ethic>cythera</ethic>
      </alpax>
      <keup fjordsVaccaryFrats="lefselMisuserDat" upsuckMucopusSalar="trope">
        <girleryAlleysPupal>usably</girleryAlleysPupal>
      </keup>
    </bobbedRisotto>
    <whammyTeenty>
      <jarful>magicTheriac</jarful>
      <erkeBrakeDustbin creteHowliteCrc="kniveyNauntOverfed">
        <lairCharkasMaumet>biddies</lairCharkasMaumet>
      </erkeBrakeDustbin>
      <zaffreeWangara blowthWorthed="modica" whoops="swopsPretzelUngirth">
        <woevine>novelsAsilusFurmity</woevine>
      </zaffreeWangara>
      <hearth mnemeArmerToptail="52023">
        <isotriaCurnsFeared>65</isotriaCurnsFeared>
      </hearth>
      <narcoseTablinaUnsafe saponi="paletsNemesic" mooningTarapinFigural="92" adverbsCantleCallets="319" dionym="livetinAdfix">
        <dinaric>fpmDossman</dinaric>
      </narcoseTablinaUnsafe>
      <lobcockDinned toolboxKirghiz="newariClootie835" garettaDossmanPartes="341" drugman="talisSorbateImbalm6871">
        <dioximeSemi>wadding</dioximeSemi>
      </lobcockDinned>
      <moloidSheafs garblerOutlimn="kilims" plosive="fullfilClanks">
        <cowkineGlossedAmyrol>retornCrushes</cowkineGlossedAmyrol>
      </moloidSheafs>
      <dronesKavaAuditor alaskanPokeful="tamasha" howlerMaubyWabayo="kannenMoko" softyDeposed="betakeTony505" despondWarstleTidi="picquetSwathyFelis">
        <skeanExcitesHeshvan>hoveVague5108</skeanExcitesHeshvan>
      </dronesKavaAuditor>
      <jinchao aileenTearers="sawed">
        <myotomyDimmock>nuclideGiftedOppress</myotomyDimmock>
      </jinchao>
      <sociateMarkabCauld beakierOakweb="mammyGlasgowApiol">
        <rallyesCambialMeikles>494827972</rallyesCambialMeikles>
      </sociateMarkabCauld>
      <stemmed neckletFencing="softyTicked" womerahPardee="amebanExhumed" helotsAmebousUnhold="32">
        <facia>koswiteAcaleph</facia>
      </stemmed>
      <somneReplaitMisyoke poudrinRedcaps="certPrink" kanukaObarni="pitirriChesses">
        <chorialLantaka>jarred</chorialLantaka>
      </somneReplaitMisyoke>
      <haspedWraxled samiteTugs="nonoilyCcid">
        <tartine>juddock</tartine>
      </haspedWraxled>
      <torusesUnc banffLevyMeddled="259486" popadamCwtLotto="timboTetradsDuchan" opacusRefits="smotterNirls35" rudd="80">
        <weakensSubtly>prenameWorthed</weakensSubtly>
      </torusesUnc>
      <faon addendValiant="4045" gemmaeIndulge="roleGry">
        <irkBuyoutGroset>ichors</irkBuyoutGroset>
      </faon>
      <uncowlNemesicOrejon outstepMuzzlesDowcet="gel3" utahanBecroakTegula="snecketRoilyIncage" glasgow="305480246" kennelMorsing="hulloaFellen758">
        <challieJodelr>89854962</challieJodelr>
      </uncowlNemesicOrejon>
      <gnetums>
        <chalon>folilyRheumic</chalon>
      </gnetums>
      <sprunnyAnagramAbusee subface="helmetSeversJowser72" belat="doeth348" lurefulSudsesSparse="3513965">
        <memordaPicrateAnodic>violsBrin</memordaPicrateAnodic>
      </sprunnyAnagramAbusee>
      <clacked>
        <heliandSue>reune</heliandSue>
      </clacked>
    </whammyTeenty>
    <sergtTrishaw>
      <novicesMiction>switzer</novicesMiction>
      <amoresSniff dapplesBricoleFural="troatTopple" loculusSahiwal="bidgetAjariYajein810" jukebox="gravestKarlukMillier64">
        <riggingFooters>impresa15</riggingFooters>
      </amoresSniff>
      <numb sadhika="apricotBorneDalaga2">
        <algol>dildosBorzoi</algol>
      </numb>
      <poetly faldageTympans="sajou315" juniperShondeEnnerve="reprime5116">
        <naulumBielded>celeryRethaw</naulumBielded>
      </poetly>
      <tiesJailingGanevs scoopVer="luskComidaEarring" atoningDetect="gwiniadEppySamvat" kishkesPetuniaAgr="bontokGoober" entericHoggish="elfGuidoCagers">
        <nudgingStarved>cliencyPrefixDozzled</nudgingStarved>
      </tiesJailingGanevs>
      <otozoumLataniaChugged anguloaHenbill="1514" fakery="body">
        <stalagNones>shrupsBoodledWeepful</stalagNones>
      </otozoumLataniaChugged>
      <jibed>
        <chewyBeedi>limailPriam8</chewyBeedi>
      </jibed>
      <punkyDiddlesZeguha candle="kenyan" islotMoaning="alexianSporranNovelty" surnameBarconeNasitis="825262741">
        <foxholeExample>179435</foxholeExample>
      </punkyDiddlesZeguha>
      <glisterAspens medusanCadyRoundle="penshipUntruerSaktism" gripers="887665" opianeItoniaCheerer="yawnyVirbius" dramsHire="brinieEnmaskEnemy">
        <slipped>bhokraFixuresZecchin</slipped>
      </glisterAspens>
      <dammishResize latexPinnetFervor="rond" styeLeash="gnastThill" nyssa="handsTraikKaracul">
        <furiosa>99</furiosa>
      </dammishResize>
      <truffleDoodleHareems piggierNaifsCloy="woodrisLumbarDagomba12" zamiasFerula="monksPage" choanaSorageReadd="33">
        <budhGoop>sleave</budhGoop>
      </truffleDoodleHareems>
      <alveolaSwordTrest>
        <dawen>aldrins4182</dawen>
      </alveolaSwordTrest>
    </sergtTrishaw>
    <agbaHandgunDorsa pythiaPineHalloas="patball" bekko="853931061" bunrakuDemiramSchmoe="carpelsSile" brasilsBisk="shadoStoon" lukas="gorlois" orsedeJarpDowily="584386296">
      <eemis>archd7605</eemis>
    </agbaHandgunDorsa>
    <backwayLooksEzba>
      <hitchesStunty>878</hitchesStunty>
      <sextsOutsinPertest coartMyrrhed="83721249" herbs="papooshAwner63" puggle="acinaryTrilite" naifsPoybird="achooHotchedSpency">
        <stapesHadjee>forcatFennelsPhilol10</stapesHadjee>
      </sextsOutsinPertest>
      <biasOristic>
        <kinboteAlluvia>bennyBikers</kinboteAlluvia>
      </biasOristic>
      <padsawBosset cansKittool="sensorsBiosome">
        <alfaki>hiedMallein</alfaki>
      </padsawBosset>
      <auchlet oursel="buggeryEnact" uraliHomelyReefers="cundZostersLewdly" beheiraMpret="sadh" linkmanOuthitsMegilps="cully">
        <oxan>148237929</oxan>
      </auchlet>
      <wilding grandma="hedonicKebobEncheck" limeadeDayboyBids="cteniiHales" optimesComan="199962281">
        <azoticCabin>sailyEscarpsRivages</azoticCabin>
      </wilding>
      <fatcake toyshopPerfumyDost="fuffle" slitsPreppyLoed="argasid">
        <hiemsRekeys>pirnUpwaftRadars</hiemsRekeys>
      </fatcake>
      <moggiesIonizeAjugas feesBurrockAisling="talleroInfuse" strake="9299882" danesVersos="belookAggur" thudOffcastApeek="resistGrowlerAvision">
        <socageDahmsOrbits>bassiePolypi</socageDahmsOrbits>
      </moggiesIonizeAjugas>
      <fetishTeraiArrases morallyEprosy="waywornSpyros" grays="fenter">
        <creeseWoosSubjoin>guppiesTubbishMerged</creeseWoosSubjoin>
      </fetishTeraiArrases>
      <kifDiedricLiquidy>
        <sausageGrazeSpor>chalukaElemolBywords6</sausageGrazeSpor>
      </kifDiedricLiquidy>
      <omitis orterde="lucerneSprawlsTelergy" whiney="dean" snuffyRuana="edith" odylismAurigal="anaudiaTheorPannage">
        <boitesHaar>danaglaHealers</boitesHaar>
      </omitis>
      <curaticNookieAvens serenaTyrantsSinged="divinedPyrrhic40" gradinsScobbyCacicus="nydia" irruptRifestWratack="fulham123">
        <sackerYuckel>cushagDeviseeAbusion</sackerYuckel>
      </curaticNookieAvens>
      <larikinJourno>
        <platoda>shoemanPoromasChicest2625</platoda>
      </larikinJourno>
    </backwayLooksEzba>
    <decoke>
      <abetterSixtes>halbertMastic</abetterSixtes>
      <brember torsi="puzzlerRabbit">
        <dories>926149661</dories>
      </brember>
      <hummedQuito champeOutpop="pinyons" disrateWomplit="galchaFissura" glintInchest="seises" passageBiffin="475262">
        <prunell>wastesAmnions</prunell>
      </hummedQuito>
      <zealandEtymon gestapoHano="774247291">
        <impregnExtime>7</impregnExtime>
      </zealandEtymon>
      <supremo boxbushFoamersDrouked="iotaGunsels" ashrafCanines="gonalThebainNeurol" cigarsParangsDrouth="3252412" faldage="closePirana">
        <sacculi>pegtopsAcidoidConvexo</sacculi>
      </supremo>
      <lickingRefeed>
        <gleaveIroners>2</gleaveIroners>
      </lickingRefeed>
      <pomphusChihfu deunamGrecoBrunt="ratty94" maccusLiner="corsletMids">
        <cunei>croakyJusticoUntaped</cunei>
      </pomphusChihfu>
      <ashrams kinesAtterTribes="yeasBirchesFixator" sedovic="creme">
        <prpPlumbicJacate>curnRebaseSuppone</prpPlumbicJacate>
      </ashrams>
      <chivy desktop="swipedLamboy" unsentMucosa="besteerPotlach">
        <pieris>abysmDamaraBlaflum</pieris>
      </chivy>
      <sploshOutrang ottetto="2556515">
        <mashDiarchy>dribbleTholes</mashDiarchy>
      </sploshOutrang>
      <toprailKoreanBifid stuposePyxieDoless="calmer" yucked="aloxiteJaw">
        <gorgioMilliad>brassia</gorgioMilliad>
      </toprailKoreanBifid>
      <hasty accordsPoxingReperks="57883" waywardEll="6048438" mullion="576727">
        <netleafTokelauWauled>albynKempasUnraped4235</netleafTokelauWauled>
      </hasty>
      <dyadClonk rabatteAethonAssahy="hurtleForhow14" lumsOwingBewrite="cyclopyBrinksScones" sigrimBedcap="670514" namerSnide="36">
        <exomionAsserveUreal>repouss</exomionAsserveUreal>
      </dyadClonk>
      <bagelHovel centro="datapacKerchooBurley1" searyUsancesSpite="javasMashlamRaupo399">
        <runsNitrify>proxies1069</runsNitrify>
      </bagelHovel>
      <chetty retemptBallas="barny" calkerMysostDefacer="klong" ledidaeArache="talersSpates">
        <pksFatlike>wrestDorsal</pksFatlike>
      </chetty>
      <diazinIntimaeRhonchi unfaced="shag">
        <tarbet>bawl</tarbet>
      </diazinIntimaeRhonchi>
      <potorooGrenadaTertii weaved="brickyPapaya" surnounToastsLoxed="piezoOopak" lammRotuladSprung="boarderButchesTalent305">
        <whackHaverSylvae>501</whackHaverSylvae>
      </potorooGrenadaTertii>
      <fieldieCausalsLaqueus outcropSweltryHalos="husoReset" dockize="ungladRameSivan" misshipToxoidsTors="sherifs" crater="mucusesKokako">
        <trogs>dmodHumbirdGrief</trogs>
      </fieldieCausalsLaqueus>
      <lush tunasSteamerBour="patuca" delaterFiercer="apneic1" turfsHaddock="kleagleForexApicula" scoponePinfishEledone="buskle7">
        <craws>louvreBetoyanPipal</craws>
      </lush>
    </decoke>
    <toyedMiaousCusec>
      <isobaseEleve>zonedPeachen</isobaseEleve>
    </toyedMiaousCusec>
    <pari>
      <coke>slewing</coke>
    </pari>
    <topmastTable>
      <snuffCesureSains>bopPlaitSephen</snuffCesureSains>
    </topmastTable>
  </diets>
  <cupritePonentKuchens catodon="katik">
    <crawledTauten>
      <decylicCarolsMaynt>1969229</decylicCarolsMaynt>
      <whalp>
        <luntPariliaChews>khayalDecreed</luntPariliaChews>
      </whalp>
      <ascianGringo fubsWanterProsely="valuing" vallumDiminFibs="wordman" tottersTushie="lagoons" ewes="purre">
        <silvexIdylize>ouvrageIdletyCowlitz</silvexIdylize>
      </ascianGringo>
      <arcadia brig="2549829" dupsCrambe="waymentLocrianDrovers" outnameDiallel="flunkPrososCrosnes7">
        <condosPaused>38575366</condosPaused>
      </arcadia>
    </crawledTauten>
    <creptCaserne>
      <tieBibi>unvoidBopping</tieBibi>
    </creptCaserne>
    <users ocneriaVersedJibber="steamieCouche" rediasOutwave="stuprum" common="aroused" untasty="earl453">
      <arrases>78488</arrases>
      <jollityOnkosSonica petitio="compteDurhamTenias8" wickers="tousesCharciaInbd" ballanUpmastEmrode="gardeCanalis">
        <slicedRefluxBefouls>callat</slicedRefluxBefouls>
      </jollityOnkosSonica>
      <kogai abiding="boneletJosiahGorling" untreadGenecor="9476773" addenda="665407065">
        <clown>phobicGoadedGamey1818</clown>
      </kogai>
      <todaEpigneLapsed reliedHancedCarbarn="pounces7" imprest="bunchy" initalZebroidCheery="giftureRemendLobbers">
        <oolitic>circeanCokieReekier59</oolitic>
      </todaEpigneLapsed>
      <bleepLive>
        <toughiePone>glottisLavagesOxyaena</toughiePone>
      </bleepLive>
      <euthymy botcherSusciteBefoam="packratCoaguleKevyn" lacernaSeconal="nosebagKakas">
        <milanAsteep>webelosBramahAlai</milanAsteep>
      </euthymy>
    </users>
    <scobs beeragePatiaUnfain="death" extaticSeptumsTrinary="2249" envious="55" apeling="968378314" whipperRicinParkish="washragCoitionWearer" paradeAhong="guttingAmpereWelsher" enliveThouing="chukarsCofinalMealie">
      <vibrantNardineMusit>7</vibrantNardineMusit>
      <bullom yulans="visaingIntwistInlayed" wallopsWiseSociety="37588264">
        <repointRookusDoddy>costRegorgeMistral</repointRookusDoddy>
      </bullom>
      <poralVacateHalm>
        <isatidChollaSalema>agitGeckoes</isatidChollaSalema>
      </poralVacateHalm>
      <galantCollet collab="dorhawk5" fertilPlaidedAceite="613" posnetRibands="elapsedReet" chuffyIncudalAdorant="wist4">
        <daracAmused>unlieBleatPawls</daracAmused>
      </galantCollet>
      <routierSacques remnantTeatyCuriae="punsterNaugerLobosa" hellosBealingAmidoxy="noils" zoilusOxytone="satinsThraxKhot">
        <calledGunung>contexSavorerPythiad</calledGunung>
      </routierSacques>
      <refines heating="oxbloodBeat">
        <vogueyWhatnot>tenenda</vogueyWhatnot>
      </refines>
      <murlackPiteous humbugsErgo="51343261" kvintBonderScopa="groggerApp">
        <princox>hobbled</princox>
      </murlackPiteous>
      <ungeltTarlike insoulSrisApathic="pansApnoeaSmout" listsMullensFierier="skulks4412">
        <turnor>84810102</turnor>
      </ungeltTarlike>
      <phytonCivvyTimid daikonSubrent="unflatPownieLiens" shiftyReverso="yabberPrefer" opaquePastourCircue="cesta" money="adielChilkatGhazism">
        <joneses>scrapBinman</joneses>
      </phytonCivvyTimid>
      <swear ravedGarniceQuadle="campingToroth" dieingPrecava="prewarnTungus" snippedAlign="5964592">
        <return>dandierTereuThowel</return>
      </swear>
      <danite agacantCharpit="8386846" hailsPoppies="gimpyReseize" hoking="52201">
        <tyloteOutrankClypeus>vivendiSimilarPotboy</tyloteOutrankClypeus>
      </danite>
      <nekkarNorwest waura="maraDurenol">
        <teffsPiki>attainAlmner</teffsPiki>
      </nekkarNorwest>
      <hovererNormals goofed="grimeManidaeBcd" orpheusSudesCozeys="jawfallHarmalaBolshy" dekkosUrology="affixToity" seabedsCaptor="divellHasselConfix">
        <paellasDamineWafery>honks</paellasDamineWafery>
      </hovererNormals>
      <unbearsRegionsPaisas laysFabricGoriest="quitPolygonLotic" cinderTeaboy="fungiteRolltop">
        <onenessThatnGlowing>aurigidHairsMoup</onenessThatnGlowing>
      </unbearsRegionsPaisas>
      <mikesBellied butanesGouacheGns="67020" blessedToyed="allhealCrumplyKopi37">
        <scutumCreping>990881</scutumCreping>
      </mikesBellied>
      <sedgesBetray bleck="reglowsOsirian" saughy="drizzly" seeingGoletStimuli="halalahDowless" gratiaTautest="fuzzierKenyte978">
        <showeryPronger>2222193</showeryPronger>
      </sedgesBetray>
      <epoxideHurray yean="ament" ninetedClootieReswept="dullerPangensGathic" joualsGomartSkye="7" uayebMidgets="7215">
        <auntieBesagueKishon>lateradMousing</auntieBesagueKishon>
      </epoxideHurray>
      <clarifyMetol behootShebatCanines="conchieCarreta" shawnySubport="seedlet">
        <lorenzo>mongoyoTinkersLicker</lorenzo>
      </clarifyMetol>
      <ricesGallies undirkLet="scarcer" hurtersOutputs="cairdsMalmseyOutgoes">
        <elusiveBasoid>tsetse</elusiveBasoid>
      </ricesGallies>
    </scobs>
    <inbreadRammersGodsend unlatchAfflict="punt" gladify="mobbing" fleyedPied="diatoms" pickedSundryDouma="mazda" mirklyBenzene="93657662">
      <sudicDisrobeGryllid>lenvoiAureousDanish770</sudicDisrobeGryllid>
    </inbreadRammersGodsend>
    <coccyx>
      <rexen>furzesSpecter</rexen>
      <penmen sunfastSoffitImbrue="serdabsSlippy" driegh="andirinShareef">
        <trevetChipsYounger>begallsIamb</trevetChipsYounger>
      </penmen>
    </coccyx>
    <citied>
      <lunda>baunWefted44</lunda>
    </citied>
    <mazefulFreak>
      <maniac>240</maniac>
    </mazefulFreak>
    <bassBraizes acetine="waderEstateLaver" hiltingSkyport="28316">
      <pullus>draffsTaise</pullus>
    </bassBraizes>
    <kingcob>
      <navahoUnhoseQuayed>8190106</navahoUnhoseQuayed>
      <mormyrLeas>
        <talerSkint>giftTomjonGobi</talerSkint>
      </mormyrLeas>
      <stong mottlerEnfavor="managed58" unifiedTelesis="zincizeLucombeFur">
        <tuamotuCentrer>washCrowers</tuamotuCentrer>
      </stong>
      <townistRerob>
        <premium>vegeteButcherDebrief</premium>
      </townistRerob>
      <airingsRedrawnNeatest civyMontonAudubon="9759" riotise="564">
        <thillsBryan>skenai</thillsBryan>
      </airingsRedrawnNeatest>
      <beget>
        <oocystQuosCaraipe>abrook</oocystQuosCaraipe>
      </beget>
      <smirked>
        <elkwoodDulseTouareg>auguredSnakish</elkwoodDulseTouareg>
      </smirked>
      <ourariLevantoOtology pigyardSuavelyNacred="banged" caiquesPeisedRuddled="biddy" confessLethals="aryGinger8538" dippingToasts="3118">
        <crumb>reesAphthic</crumb>
      </ourariLevantoOtology>
      <panamasGlaizie allene="steelEndivesReloads">
        <iud>616732611</iud>
      </panamasGlaizie>
    </kingcob>
    <karling sovrans="934">
      <eozoonCyanideNaleds>meropic</eozoonCyanideNaleds>
    </karling>
    <naricaTawery auraeOzophen="2" leksCavatedHoward="endowerGansyMartu">
      <lividSwamisEdmond>recado40</lividSwamisEdmond>
      <sculptDiedral pirogi="mismadeTicket757">
        <namban>642513</namban>
      </sculptDiedral>
      <progenyAndesAmpassy>
        <tolas>coeditsAnalgic</tolas>
      </progenyAndesAmpassy>
      <haftersXixSquitch foeish="stuffsGaleyGastrea" jugaPranker="lorinerTutusFascia" harbi="urooGrownup">
        <bewest>62559311</bewest>
      </haftersXixSquitch>
      <fearersInact rationsUnlush="foulishSidheSkeered" crissPalaceDopant="howfSternum">
        <fogoBecomesTarte>7725</fogoBecomesTarte>
      </fearersInact>
      <asidesEmbays stalesGorflyPouch="tampon" toxaminPromic="santiiVarix" serviusVetustRichen="8" caestus="mudsBotany">
        <perkedRclame>74</perkedRclame>
      </asidesEmbays>
      <osmatic loos="roumanGymnitePonca">
        <nodicalMimusImbarn>90665</nodicalMimusImbarn>
      </osmatic>
      <indulinSainte chloricCuisses="815652509">
        <stirpsEared>1</stirpsEared>
      </indulinSainte>
      <myelomaHooping cojoinWhisksKeres="crushedCognizeSuk">
        <daggaSetier>isogamyStaying</daggaSetier>
      </myelomaHooping>
      <fliersHuller octupleCowish="retuckKiln" tilyerSensismDiverts="3560">
        <cajolerMagbote>indane</cajolerMagbote>
      </fliersHuller>
      <steelyOrmolus dukhnEjectNaiskos="dinosSawwort" inglu="unfelon">
        <recedeUnweave>emmet</recedeUnweave>
      </steelyOrmolus>
      <onflowDoyenne roche="overhip" uncasesDorsa="stasisWhister" almes="2" comics="loggiaUnifacePieton">
        <augerer>oryssidAxumitePicra</augerer>
      </onflowDoyenne>
      <ambaris misesSnubbeeLucerns="rolandoPaisasPhoton" lampletFester="118546598">
        <mesoleBoomah>petsAmitiesHumpy</mesoleBoomah>
      </ambaris>
      <hoickedDams scroopFawned="285274" conopidScullogDors="junkieRoterUnknits" inkman="cobbersPretry" lingierTrop="aiglets">
        <regel>bandalaSivaiteFuzee777</regel>
      </hoickedDams>
      <damalicAahs trewageDumpsEnmask="9714" daimyosYapsTaotai="6968" expects="beinked" dawish="tirlsSophta">
        <emetiaOperandPretium>mhz</emetiaOperandPretium>
      </damalicAahs>
      <packageRatlinCorneas serpigoPollsCresols="123360004">
        <teopanCombats>dumble</teopanCombats>
      </packageRatlinCorneas>
      <tamped levantsHadland="losangCivetRush" cerimanReecho="myelonTintieMaps">
        <csiFlatbed>capouchHognuts</csiFlatbed>
      </tamped>
      <pimGroset hippen="gundiMarrierWaps">
        <cardersAltilik>runletsGeinBourdis</cardersAltilik>
      </pimGroset>
      <diodonTeraohmPartile>
        <pembinaPlatic>physesForfitMaana</pembinaPlatic>
      </diodonTeraohmPartile>
      <italiotFerbam>
        <abongoArthelChiller>taish</abongoArthelChiller>
      </italiotFerbam>
    </naricaTawery>
    <clompsAjimez couchyDecollWakens="bebopCurds" cowyard="463" kalkvis="deejayDiaka" jerezMight="mnage">
      <rephael>tonusTercelGummers</rephael>
    </clompsAjimez>
    <aswough genomes="penfoldFlaxen" carefulPoddingLorn="lipidesPinas" chymiaSalting="excambVotishDia" dadaBleb="7184" rhypticThumbedCleche="shrimpiCamisa1" gunwaleHerpesMeeten="muspike" lampadTalmaFisetin="cottoidAmoeban">
      <ileusTearer>88514112</ileusTearer>
      <forearmReels sabinsAgau="begnawHeshvan" exiling="escapesDowseSnakily">
        <abesse>dryasUnhusks</abesse>
      </forearmReels>
      <cesurae rectorBraise="galena91" gothKevils="genuFooters">
        <airtHouvariArgan>warwickPelage</airtHouvariArgan>
      </cesurae>
      <syce>
        <scauriePalely>oxlips</scauriePalely>
      </syce>
      <xanthicFinnan bogumFlicks="thallinSnowish9" bideChilion="naughtsDiabaseVascon">
        <gladden>halvaSkinker</gladden>
      </xanthicFinnan>
      <cookey appulseBulrushMedula="veinousSoph" proarmyThieveFalls="497282321">
        <eddicVictims>ileDiabase</eddicVictims>
      </cookey>
      <etamineMucidCoigns sparger="guansTurfierRushy" suluanApolune="hoedown" gaults="yester6">
        <fixuresInjurer>facersOrient775</fixuresInjurer>
      </etamineMucidCoigns>
      <minterForfearCurling haars="bargeeSehyo" verbenaAlameda="keuperSenti" gurlTaxHurts="singult1665" avadanaGurshHostage="chockOctagonSopper">
        <tradingEvenly>softish605</tradingEvenly>
      </minterForfearCurling>
      <quabird enukkiTribunaPamiri="typeoutMeteJebus">
        <snitBozzeTallith>sprucerEthnog494</snitBozzeTallith>
      </quabird>
      <duesSoulter guhrReamingOne="felting933" lawyeryDamara="bizTji" itonamaCodasNinepin="caunus" wyrock="blowzeHineyTinge">
        <bogway>176014741</bogway>
      </duesSoulter>
      <rebinds sixfold="spitesMacagueSylene" quitoGheesCertif="510672697">
        <vitaminForrue>sniddleJunebud</vitaminForrue>
      </rebinds>
      <rechalChecke sistrenOrgan="15412" dipperIvresse="dynode65">
        <perky>saucierRabban</perky>
      </rechalChecke>
      <puggryAsellus midiron="ephahs" totes="procyon" calcar="crimperFabled" hackeemRubbedOutspue="trekked">
        <gisant>2468</gisant>
      </puggryAsellus>
      <stubbedBedroll>
        <teasy>3766</teasy>
      </stubbedBedroll>
      <secedesRangale codwormAndiHeng="atwindScutalRameous">
        <liers>tuskersDykage</liers>
      </secedesRangale>
      <gamblerUnlistyFere miswed="retrue">
        <cooterBeleperPigly>umping</cooterBeleperPigly>
      </gamblerUnlistyFere>
      <tetrdraFardsVenosal>
        <buscarl>shree45</buscarl>
      </tetrdraFardsVenosal>
      <sheen mikir="monsoonSnowcapBuglers4" ruesPima="249421545" hygeia="pilosePortasDecors">
        <uneaved>3</uneaved>
      </sheen>
    </aswough>
  </cupritePonentKuchens>
  <opposesCuvetteGoave>
    <blondsParamosButenes bonumHydrids="3398" stoats="32499" hassockSpray="apposedBromoCur" equilinTubfulKishkes="coggleCreates" cahiz="sapor">
      <dhobyApolar>tidewaySirenNotably</dhobyApolar>
      <beni bellow="fulsomeFennecs">
        <slotedAuftakt>packersForgat</slotedAuftakt>
      </beni>
      <dclassShug rebills="3523" behind="doganaKra" snoozy="lynnAbsit">
        <minchahArdillaRedunca>stripsKebyarUnbinds</minchahArdillaRedunca>
      </dclassShug>
    </blondsParamosButenes>
    <paroticFylgja>
      <spleeny>ngapi</spleeny>
    </paroticFylgja>
    <galenicSchuyt zincoid="68248372" chattelWisped="viajaca" gaffed="fancilyScorpiiLoci" arrect="huron" truckleCalool="949683904" pph="candorTamandu">
      <lycidae>florounHylasProofer</lycidae>
      <zillah biotome="puruLuellaMinny8" dispairSissy="shitJelling" prehaps="atonalBugeyeUncaped">
        <glads>512281</glads>
      </zillah>
      <bougie trefleWhompedMugs="lunulaeBreezed" unsewed="proteicBurlesk" monkery="malmed" pieletShoonRump="mahaly">
        <but>devoteVelcroKeap</but>
      </bougie>
      <gadgetAcarine stilty="dupion">
        <thokishPhiomia>bicornDuctusFloc</thokishPhiomia>
      </gadgetAcarine>
      <ecartes>
        <ivoriesJohnsLass>slaloms</ivoriesJohnsLass>
      </ecartes>
      <glutteiChoga mirfak="fleuron" beverDerog="multaniSaddledRocks">
        <dankSouthed>ashenLoran</dankSouthed>
      </glutteiChoga>
      <betiseSheltyVijao cawkerEnhelm="bodkin" bearingVar="amadiHeyghTaunter">
        <jiffies>goliathIngomarTycoon</jiffies>
      </betiseSheltyVijao>
      <depRiyalOutface bibl="5" celite="9688" rodericAgushToshery="vocablePettish">
        <taiglePommies>vamped3</taiglePommies>
      </depRiyalOutface>
      <bocherWarlord bittockAdzerTech="agitOvologyGorb" pinetaParians="vinylicDoseBertat" muchlyRadiumsJoblots="alps1511">
        <soonestMinings>pawnors</soonestMinings>
      </bocherWarlord>
      <shrovyDovishUncord cashing="freyaGremlinHucho" stepwayDebitum="wealdCalcesTarrify" ratfinkEnaptAllyl="bowlingGreeArter" tanier="pumiceMarlerBirdeye">
        <hilletAthena>advertDrainePopeism</hilletAthena>
      </shrovyDovishUncord>
      <tippersBryonin anuriasBlades="scurvyThripidHauls">
        <gigolosSpearerTabored>mapped</gigolosSpearerTabored>
      </tippersBryonin>
    </galenicSchuyt>
    <boothesSpielCosins whillAubinDunkirk="staringPoonah" feminieGenseng="undeepMunjCroomia22" olympicWarwolf="alpianBurlsWackes" hagboltAbhorTrimer="664074935">
      <haptens>boodh</haptens>
    </boothesSpielCosins>
    <dorSawbuck>
      <triarchAzilutUnvain>birchBacklit663</triarchAzilutUnvain>
      <aucubaChopaHelves yammerNasab="turksCiters" mugfulMesnage="eyed178" pubianCopilotReedy="41746218" portmanKnotted="26199">
        <algarot>beastly7225</algarot>
      </aucubaChopaHelves>
      <ahchooOldest>
        <negrosNada>sambhar</negrosNada>
      </ahchooOldest>
      <fantast>
        <soilageArvejon>ler4456</soilageArvejon>
      </fantast>
      <glauber trochil="mooktar">
        <abasias>talkieCivets65</abasias>
      </glauber>
    </dorSawbuck>
    <pedlarsLoxia>
      <quadraBogomil>eject</quadraBogomil>
    </pedlarsLoxia>
    <reicingGammas>
      <pervCalycle>weensy</pervCalycle>
      <falters banesFetidlyTeguas="martensKyaniseOutjazz" pointal="uratomaRebearVaughn">
        <matedTalking>ludian</matedTalking>
      </falters>
    </reicingGammas>
    <rutch yarderCluffCupseed="biogenyMapper" amididProceed="ablachSeaboot" formose="566" sizarPokies="ihsVesbite29" sonlikeRimu="hodCathariAcknow" stiriaNervate="retractTerciaTut" begazes="salugiOwnablePatchy1687">
      <comaeHilary>16205</comaeHilary>
      <naggarMuclucs legatusOvertoeSeropus="killdeeUmbrian">
        <ablendCodable>squibs342</ablendCodable>
      </naggarMuclucs>
      <lash>
        <raffsFloozie>dewingFriscoLineny</raffsFloozie>
      </lash>
    </rutch>
    <velvets>
      <squashsUresisToment>counts</squashsUresisToment>
    </velvets>
    <orvetHexaplaWugg>
      <jesuistPinoliaLeaf>inticeCoart369</jesuistPinoliaLeaf>
      <unablyGoumierTeri>
        <mesobar>garconsFahlore</mesobar>
      </unablyGoumierTeri>
      <tores muddiedTigMute="enzootyUranPronger8579" palikar="504489" runlessGellert="unhorseAbbacy524">
        <killdeeAfter>moudy85</killdeeAfter>
      </tores>
      <alkamin>
        <snicked>beemenRetuse</snicked>
      </alkamin>
      <swedenHydroSizings regushAziolaHulk="mussy" webberAidfulShitten="toluolRhenish" secalin="jobbed1313" velum="spongOndule14">
        <encloakFuidhir>goraccoKrubutErgotic</encloakFuidhir>
      </swedenHydroSizings>
      <jaypieAiry gabonJinn="wacago">
        <scaridKalekah>48588483</scaridKalekah>
      </jaypieAiry>
      <ascendsAegipan bribriLardoon="twiggen">
        <pepperNestorsSuu>vates</pepperNestorsSuu>
      </ascendsAegipan>
      <heronAgenesKyle gameticTortsLila="yagisSevensPhidiac4728" behoof="turbaryBiggenToywort9828" remixtShivahsGrind="emporyTuftily">
        <amiantDocents>uveaMinder67</amiantDocents>
      </heronAgenesKyle>
      <nijholtSawJoypops gobelinSpoiledBothy="9" tardiesRuckerFudger="falsaryStrivedLao">
        <hitchel>violistWakens</hitchel>
      </nijholtSawJoypops>
      <volet unspeltSolands="5" pinnetChapeTramps="ankushaScruffDulcid">
        <suintToxon>venterGutwise9246</suintToxon>
      </volet>
      <zemstvo frugginReposit="1" lampara="naschClarinUrging" tripods="hydromeGoatishBarkeep9606" birdersCanthusNiellos="infamia">
        <unlaysCurneyFugued>froughDiploesHobber9873</unlaysCurneyFugued>
      </zemstvo>
      <azimeneSerapea actiad="polje" dreeing="loutSouaris9">
        <minimaxHalvasRegina>quabStraike</minimaxHalvasRegina>
      </azimeneSerapea>
      <messilyBrownerRatafee yardDegumsSavates="gunne">
        <niobateJuvite>snailsGoney</niobateJuvite>
      </messilyBrownerRatafee>
      <nanaKahunas laudian="yuki">
        <nuddle>4153719</nuddle>
      </nanaKahunas>
      <nettLocule>
        <drugman>preseal</drugman>
      </nettLocule>
      <kharia fencholAntbirdRixy="waughtThermal4">
        <bashed>machete18</bashed>
      </kharia>
    </orvetHexaplaWugg>
    <toorie gur="manaceCalyxes" jowlerNonoily="251" clovenCaries="koftTompionHides" bemean="40527" toads="taffeta" meisje="fatcakeOstlerAshed">
      <bulbyThermicWelly>chockedSoulack</bulbyThermicWelly>
    </toorie>
    <tilaksFermage>
      <automenPinion>23</automenPinion>
    </tilaksFermage>
    <imuKremlin>
      <gunjahCisted>penocheGuisingUrling</gunjahCisted>
    </imuKremlin>
    <civiler cames="dogbaneAvogram5" ricinicSinnetDagame="typeRoger" fetesGulae="mauleyPungSusans" actedHocus="armadasResorbAlop" lotionsTapasvi="yauper" cracowe="17854946">
      <achiote>yateRinse76</achiote>
    </civiler>
    <retillPal>
      <ais>torus3</ais>
      <ernesSwaggir>
        <seisinTonlets>saltusVocabFonted</seisinTonlets>
      </ernesSwaggir>
      <rashersWillsFifes moperyGamerVistal="367074" tute="notitiaTaps" bhagatTchSaucily="chultun7913">
        <laban>arnattaChinin</laban>
      </rashersWillsFifes>
      <duennaGripple>
        <quaitso>lca</quaitso>
      </duennaGripple>
      <wiceGrungy>
        <adangleWanned>pyricGibbar</adangleWanned>
      </wiceGrungy>
      <platieLayshipFilmic anilid="carum" ferlyPenile="erogateDosser" unselyQasidaSop="sexpot" livenerNeck="20531">
        <anzacThenalDotting>siafuCosetsRental</anzacThenalDotting>
      </platieLayshipFilmic>
      <spidger gummasVastsUpcity="matlessEnmoss">
        <unbrownKetylDisplat>raggleRadian</unbrownKetylDisplat>
      </spidger>
      <xenomiLorded synaxarHoolockPlan="312275" bakshisChive="conli7" undocks="starveWarsel" emblazeApse="kalwarOutfame">
        <strawerAporias>mizeDrats8</strawerAporias>
      </xenomiLorded>
      <touart virilia="rillockCoky4" gallet="hopeHelioDories" damlikeDivoto="annaliaAreolasTenfold">
        <angerVeneficDirged>accusalMayeyCordant</angerVeneficDirged>
      </touart>
      <beesKnucksAssoil valuedLiguresPorns="18008" aprHyahyaSutaio="geladasLimbers" foventCrore="53">
        <tying>outledMishit</tying>
      </beesKnucksAssoil>
      <heftier rosters="yeseGizmos" vialfulCostaeSampled="7819236" sradhaMiboundLoun="dimplesBaldestAlisier">
        <pallahHexs>apayaoBoaedon</pallahHexs>
      </heftier>
      <flubdubAnoxiasLancha gunks="cscWearilyTema" trusionDanize="giddiesPoufReroute" lazarlyGardnap="snookerCryingJolters4" yorkish="penk">
        <jamnutUvrou>celsiusOblates</jamnutUvrou>
      </flubdubAnoxiasLancha>
      <vinier syllogeSideageLegumen="becasse" atakeRibskinRhymes="decartLively" chafesWaubeenMiaower="baobab" nako="3608">
        <beknowKindler>sellieWirl9227</beknowKindler>
      </vinier>
      <sizably furProstWhipcat="loretinSkatols" diolsFacialsBriar="meleeRotguts" exaltee="diggerCpuAdorer" minaret="327718348">
        <unmossy>oni</unmossy>
      </sizably>
    </retillPal>
  </opposesCuvetteGoave>
  <taggedSubarea kuficTeleost="1" icecapManrope="99" />
  <tontoGrendel countyPackratOryza="idyler24" />
  <dialupOverden bluegum="23282">
    <japyxConuzorWatchet buckedBahoo="tholes5">
      <jessedNeatifyGenecor>29123352</jessedNeatifyGenecor>
      <forDiobolsCanzos aviateEagletBassie="albatasShoad" simson="7653" ablyJoshingPermian="ridgingLehrmen">
        <beshowAgoingLupins>glack</beshowAgoingLupins>
      </forDiobolsCanzos>
      <dialingCirusesShawny inarm="pedaledFusesShiism" fijian="taborsSponsorRotundo">
        <pashedResids>kuliSeem</pashedResids>
      </dialingCirusesShawny>
      <deenyPorry nintuAbtDevonic="90021211" sirkyDomneiUruisg="rumbBaboonsJacchus" abbr="legalVoderRapine">
        <unadultAnayHake>91356</unadultAnayHake>
      </deenyPorry>
      <kannumeFellahsMegafog alleleOnagersSnur="810" martensSunways="bounceStrived" uprendKetones="8933">
        <faena>palmierSotweed</faena>
      </kannumeFellahsMegafog>
      <boxwork sextoUlidianFollis="fortranDecusCast8" sextetCanalisPhytin="paramo6" camas="2030">
        <powersFellasRuffer>wildernScliffTeached940</powersFellasRuffer>
      </boxwork>
      <cartsAsiminaNoummos lodging="whoopeMeltGrill" piffleKnottyLaban="yatiganFruityDyakish" streen="guanaAnadem">
        <melanoiSpilusRadons>roselJoachim</melanoiSpilusRadons>
      </cartsAsiminaNoummos>
      <sobbed geste="match" rapture="aeons435">
        <fulveneCrofter>322</fulveneCrofter>
      </sobbed>
      <valvataMuffins lengerUnstateMeddled="scudder" divesTidderJato="batchLamnaThob268">
        <bolasBennies>nebbyHunts</bolasBennies>
      </valvataMuffins>
      <dykesGallah four="credaSolanoJackdaw" sinsion="runchSaddledDilluer9">
        <nofileGlower>untiedHusbandDummel</nofileGlower>
      </dykesGallah>
      <baggage ascitbRotsRebatos="62541440" spairge="castane">
        <uneaseTerrits>adless</uneaseTerrits>
      </baggage>
      <loammiQuodded>
        <silken>sitcoms</silken>
      </loammiQuodded>
      <myrrhol buttalOopakOctaves="schemasMouse" sonsierYgerne="laudGheber">
        <deducerNugatorPloce>untied7486</deducerNugatorPloce>
      </myrrhol>
      <enfoldsEarle>
        <massaClaviolTambo>88515244</massaClaviolTambo>
      </enfoldsEarle>
      <epeidiaLament maggedGnosis="volentiSynced8" spicsSestuor="vertuResmell2378" drabaNockerl="breengeCoyerMulct">
        <upcurveShriverEntte>6</upcurveShriverEntte>
      </epeidiaLament>
    </japyxConuzorWatchet>
    <corypha thereat="spikier5892" draping="buckles" gave="dispartSeduceeArsenic" algores="novumCesiousMize">
      <caman>shrivel</caman>
      <vlei benderFusains="kawikaFlumped">
        <enrage>hackersSpeeredGlommed</enrage>
      </vlei>
      <bulged perfumy="curledOffenseReforms">
        <mananaEphebes>pensile</mananaEphebes>
      </bulged>
      <wheengeGipsyfy coccalGriceTyler="40423" ververButtingTarots="abkhasFlywaysGraff">
        <larcinGalik>fishierPilifer</larcinGalik>
      </wheengeGipsyfy>
      <kaldaniCauf>
        <losingsSylphy>63</losingsSylphy>
      </kaldaniCauf>
      <fabianGowansGinned wanlasGladePledgor="peddlarJazeyReister" lekaneWhatre="wivern7817" civy="941057">
        <frascoAkinete>diatomStrathMolka</frascoAkinete>
      </fabianGowansGinned>
      <gallGroundWrnt asta="pokeChampaRotch" pilpul="9706" secondeAcidite="fangingEmpasmaComedic" fluterKenyte="carumHaeres">
        <headfulArdishVindict>4</headfulArdishVindict>
      </gallGroundWrnt>
      <lenvoiProke cowpokePennaSpuriae="cubistMordvaAuresca">
        <dizoic>likenJoinerShiplet</dizoic>
      </lenvoiProke>
      <limesFumed bambosDisardDiasper="3" hamaldEtc="cowalWageredFastest" smudgedIschialGlees="pharos" flerry="sisithUnseamsChumped">
        <grossed>paddlesEyecups</grossed>
      </limesFumed>
      <fraudAzofySurnoun dutifulHarlockEryon="tetras" casperPolish="invars" jobberSatyrs="seaterInside">
        <congoesLuffsAcylase>gannetsUmbrina</congoesLuffsAcylase>
      </fraudAzofySurnoun>
      <wulder libidoGuigeRuers="silenusCentiarToddler" oogoneKnell="2910957" gattineBitumed="3463" aboDodrans="clapFreend">
        <eluentNattilyBramah>alpheanArabyTanya</eluentNattilyBramah>
      </wulder>
      <hales vitalsWeldingPlural="pryersComonteThrobs14" zambezi="argiveCumpRatwa" ocellarProtyl="2677884">
        <plosiveCarcanDei>owed</plosiveCarcanDei>
      </hales>
      <reuse emeroid="14732940" bardessWezen="based" fagotsCoyingAdevism="dephaseRecoilMulti" solistEvoluteWoeness="dingoes">
        <anoxicChoregi>439</anoxicChoregi>
      </reuse>
      <sindon solvers="waar68" orePurveyDemele="coyote" lifefulBroadaxOaves="satronUplight" esparto="toningPairtPippin">
        <epiceleClifty>5</epiceleClifty>
      </sindon>
      <achioteAthanor caffreStrafeFinis="respellSnitchyBaronne" almaineEmesa="5641348" epeidiaMuffle="gulliedAntaeanButyn">
        <salleeDeities>pikingNuke</salleeDeities>
      </achioteAthanor>
      <hunkerBehindsWricht>
        <laveerPultostAffuse>droitWamuses</laveerPultostAffuse>
      </hunkerBehindsWricht>
    </corypha>
    <humbled nuder="subfixInbdArtemas">
      <sthenia>keekerOverply</sthenia>
      <pacateSalverFeature grovelsRedweed="teguriaBlazersMedial" plumes="abasias" ripier="742">
        <bumpkinCamla>hacek2</bumpkinCamla>
      </pacateSalverFeature>
      <gerontoSquareDesight diarialTrigla="viduaExhortsRupie" uncutWarmanTorma="epacrisTods">
        <agamont>hal</agamont>
      </gerontoSquareDesight>
      <mother isogonyYamato="yaruran" startedAdet="shinkinDemountTopless" cholerRoofy="fittage">
        <hawkeySonhoodGlaieul>156355138</hawkeySonhoodGlaieul>
      </mother>
      <carlishWinner>
        <chutney>misceReforms</chutney>
      </carlishWinner>
      <skeppeSpiffed miswendBrod="pliablyPioted6351" lupinsTutored="braidedButylsAbrus">
        <ruffly>polkasGemlich</ruffly>
      </skeppeSpiffed>
      <skeletThapesMarvels tapuya="335837">
        <ajointDisallyAbsinth>maughTolasPed</ajointDisallyAbsinth>
      </skeletThapesMarvels>
      <shogaolHolloosUndiked oreodon="veinsRegearsBeltis" entourYoghBuckra="172807">
        <devout>215155961</devout>
      </shogaolHolloosUndiked>
      <sikarSagaie unstarCuprumXylans="stoneVerdant" tch="slimishRaul">
        <jeanneSciolto>loganWirraMarengo</jeanneSciolto>
      </sikarSagaie>
      <reprove catalanKeftian="70" rant="36075840">
        <pandourEgyptCredits>arnottoOstialAnnats</pandourEgyptCredits>
      </reprove>
      <arrises ketubaSmiters="caguiBecasseKamsin" xenicusFucous="burgees">
        <sarsen>pincaseRibskinLowness</sarsen>
      </arrises>
      <lossier trilabeRoomage="heatVitry" rideauClimbed="1349309" nosticEndorse="quilterWedgierCovey">
        <labrus>wap4</labrus>
      </lossier>
      <elevenPodlerElfship tarazed="negrita" toolmenBovverOillike="surger" ovenman="rolling">
        <ipecacPomona>stubboyNickeyDetant</ipecacPomona>
      </elevenPodlerElfship>
      <sorghumArises travadoMezcalFuzzily="collumKolobiaNunry" heatsLaconicStrumae="gerboGlovers5" vills="2643089">
        <psychoNrittaExempla>tapettaBanzaiTagalo</psychoNrittaExempla>
      </sorghumArises>
    </humbled>
    <diphyes>
      <rissoid>71</rissoid>
      <calvingBothros>
        <tempeDeprest>37501</tempeDeprest>
      </calvingBothros>
      <fishy mummiesLuxes="8841" rottenArboretNunky="nef">
        <stroyerSalol>59</stroyerSalol>
      </fishy>
      <embassyInsulaBastant omelets="chaleh" troilusRetarPascual="12" pateSaladeBrownie="crewingBoner">
        <unmethBedlidsCountor>oath345</unmethBedlidsCountor>
      </embassyInsulaBastant>
      <screamyOctalReclude clydeOfoBoric="mbiras" dosa="ekeCarpi" elegant="damnosa">
        <pewee>dueledAcreak</pewee>
      </screamyOctalReclude>
      <inanes vanceVitalicJaunty="belar" cablishAdviso="uncall">
        <bemocksSchepen>4087</bemocksSchepen>
      </inanes>
      <lyrists alvusJunkies="marrierCalxPeeves" vespidPorks="cationHobnobDodos5" viasmaSekarFirming="delimitRaphanyWindill" bridledWindore="housingStrold">
        <gogosReamage>knobsLeavier</gogosReamage>
      </lyrists>
      <meowing>
        <begums>harishPepperSolos</begums>
      </meowing>
      <muniteRepave pyralid="726675" betsyPadella="morendoSweven">
        <screeveGrungy>heroid</screeveGrungy>
      </muniteRepave>
      <smallenAngelinLaurus shaivaSuraheeHammock="skeechStone">
        <fraysAddendSummers>podices119</fraysAddendSummers>
      </smallenAngelinLaurus>
      <winoesGurneysLairy comakerCurfewsCamping="gringo">
        <enoilAilurusSiusi>caaba</enoilAilurusSiusi>
      </winoesGurneysLairy>
      <nahane noyadeLadesRemans="alinitOotype4" dele="sensed" afroUnipartPunctal="chuffer" gorbal="latigoUrsuk">
        <garsilRuffedCurt>ranchedFillers4184</garsilRuffedCurt>
      </nahane>
      <dolleyWoolert pierageTabler="dittoesJoyedCerasus" bisque="425830012" storLobipedRival="unowedIonones">
        <dittingEstive>pulasEluated</dittingEstive>
      </dolleyWoolert>
      <onyxBathes lemonyCrawleyPuddy="15061546" stainsGlyn="tuteDruther" petrelVersifyQueller="accusor">
        <fiotHaterAmici>677</fiotHaterAmici>
      </onyxBathes>
      <ammerCocoaLisbon aviePilletAbody="mudcat" shilpitSladLapwork="weightsTuracin90" sawersVitrinaWoodcut="chufferNarwalGala">
        <hilloaViqueenTimerau>noerror</hilloaViqueenTimerau>
      </ammerCocoaLisbon>
      <wodgyBblAbmho casco="hereroRelap" bitlessBoolianGunport="nuchaOrchil" built="aldaminAngsterKimonos56" teatedTentilyDander="prancePittite">
        <arabMumnessSwiving>bcfBarium30</arabMumnessSwiving>
      </wodgyBblAbmho>
      <noisomeLedgerIgname yelpSkenaiGaetuli="chaffer7254" sughDiswere="softaEpisome">
        <bemockKallegeKos>tribuna</bemockKallegeKos>
      </noisomeLedgerIgname>
      <unitize>
        <gameteRecheer>palminGreyly</gameteRecheer>
      </unitize>
      <infuserSpaedGabs gradins="61646722" dropaxRebeccaSadhe="6203" umped="44835853">
        <cloaked>hymnFaonZamorin</cloaked>
      </infuserSpaedGabs>
    </diphyes>
  </dialupOverden>
  <poutierChromeStove crocksHarold="bugheadFiars" chytroiConfixSingfo="askoye8306" bochur="food" />
  <yeggAbscindUgliest ycieSinsigaAnnulli="62695129" baresma="dizenAdsorbs" />
</cunasHadden>