<?xml version="1.0"?>
<codeina>
  <fadingKudo feretra="gutiumChyloid" gutwort="tetheryTineman" horsedStroysRawin="circusHurkleChorogi">
    <joggerUrnismEntify furrow="borty19">
      <unultra>incas</unultra>
    </joggerUrnismEntify>
    <largest pigCoudeMenyie="dexesNabbedPredate" cotheMolineFlatus="buttes" crises="8551354" gunfireBogach="74137" knitAccederBisters="vampishDelit">
      <conturbQuernIbadite>eta8</conturbQuernIbadite>
      <cassaba>
        <sourcesIowt>alonely</sourcesIowt>
      </cassaba>
      <cyulAppaumeTwoes palmedOutfled="retherEpipialHuger" deavesSantar="unsonsyPicaeRexes" volostsOutgoer="ovalizeOvoidNavajos" reflateRunrig="6978">
        <velcroSatienoChaplet>ethiops773</velcroSatienoChaplet>
      </cyulAppaumeTwoes>
      <standDivots mashona="piitis68" zymosesArtiadTutti="thortWessand" combos="bobbie">
        <frontad>helmageKickout</frontad>
      </standDivots>
      <aneroid ingates="67167748" gathers="mamboes" hansa="epeusPathwayFeston">
        <gighe>togt</gighe>
      </aneroid>
      <cottus ulamasSkelpit="569" orfgild="bart" houveAileen="248" magmasYanderSextary="312231">
        <earsore>trodIntentsTeledu</earsore>
      </cottus>
      <succesSowl>
        <jadded>nymphet</jadded>
      </succesSowl>
      <auricleUnrack>
        <frugginTowsNigeria>abulias9</frugginTowsNigeria>
      </auricleUnrack>
    </largest>
    <lampingCensorsCrany>
      <chkfilFabaUnluck>incaseSercom</chkfilFabaUnluck>
      <ungraspMagics ruckleRedtopWiles="upgiveTatDite" jollily="intineAppaltoAvions">
        <bimastyErgotedBoulles>4</bimastyErgotedBoulles>
      </ungraspMagics>
      <vinals legatedPerling="biznagaCinclusSteatin">
        <limbiHowk>lumpman</limbiHowk>
      </vinals>
      <onboardPovertyOsamin loginAefald="3016515" trokes="thioninPinger" outwoeEditors="clerus4711">
        <mechlinBecaps>uretersHonkieGosplan</mechlinBecaps>
      </onboardPovertyOsamin>
      <emerickSusannaTroikas hydriadFactory="knifingBlattiRamist" yamilkeChi="9125" shamirRagfish="codas">
        <versingNacredAbsit>318910225</versingNacredAbsit>
      </emerickSusannaTroikas>
      <poustieWorkedAffrays jamesFrogman="3869596" pandavaIndew="hoodfulSyagush2343" aliquotFeuarCourser="7214724" doseEstoil="62027">
        <rolling>oddestBeeman</rolling>
      </poustieWorkedAffrays>
      <yappedPlayoffBerseem acquentHoise="dozierSirianLis">
        <puistie>sniteWhangsSuidian1439</puistie>
      </yappedPlayoffBerseem>
      <tarbush sputaBadianRaving="zantBlackyDona" wasirDaters="pricker" shoesAumailOots="slogger" cerotic="rodentOriyaSuccors">
        <tornadoFleing>paintryFining</tornadoFleing>
      </tarbush>
      <forkmenCatfaceCadjan>
        <socoGourami>noriPiaster67</socoGourami>
      </forkmenCatfaceCadjan>
      <kibei toredNiggra="weedsGlossic" crenelePadnagNitrile="74548293">
        <cepousPeasyCranked>fugioJank</cepousPeasyCranked>
      </kibei>
      <sensedCojuror keftiu="2112">
        <prakashDanaUmiaqs>papio</prakashDanaUmiaqs>
      </sensedCojuror>
      <bellumMyrrhic>
        <slitsSchuhSidia>162134</slitsSchuhSidia>
      </bellumMyrrhic>
      <scurferSlopGryph luteinCroodle="chewPipple" murine="46">
        <gougers>burniesGoitreJitters</gougers>
      </scurferSlopGryph>
      <plowmanLute abides="134" rheotanTymbalsMedle="930987" podestaRegnaSixtine="980">
        <fuelledAdorned>acopKeysExpirer</fuelledAdorned>
      </plowmanLute>
    </lampingCensorsCrany>
    <beammanCixo>
      <uswSwinkerGifola>vexedlySaeculaInhell176</uswSwinkerGifola>
    </beammanCixo>
    <mitellaFlutist failure="abmho42" itemyEbbmanFlavia="esthSpunkedAgroof" bazaarsStriker="remblaiWorstedNitty" gorlinReekedProxied="scion" wrastGasketsCandite="62412" bitecheOollies="olchaDene" ubii="sightsTitmice">
      <teargasSwiftly>refinesSarnaIncuss</teargasSwiftly>
    </mitellaFlutist>
    <waggishPlonks starwDeisticCaducei="6663" bortzOghuzTroking="baisterEvert" gaineWrybillCoevals="sedarimBubblerAdiated">
      <bankBabuism>throughPyuriaBezels</bankBabuism>
      <encarpiOfferHomonym spitsMarkaz="9" thrust="valetryZihar1097" arrests="tipsilyEgmaManed" nidgetsEyraOutbat="nurledTurbanRaptly">
        <entifyShojisAwhir>86</entifyShojisAwhir>
      </encarpiOfferHomonym>
      <noblifyDaurFatally>
        <suber>prevueCalifs</suber>
      </noblifyDaurFatally>
      <yardarm traduceCymule="94838">
        <pocanHyrst>beltine</pocanHyrst>
      </yardarm>
      <oakesia nightDorad="foraneSkenai" khatibDenariDecine="weltMeatilyLierre">
        <inkier>huskedSlakin</inkier>
      </oakesia>
      <caveaeAmidideTinned metrics="inroadsToggle" nattilyDryingDewbeam="karchSeismol" jocoquiUsualWaybook="twistyRailers" quinchRentage="yapockTrabucoCongeal">
        <paon>9609705</paon>
      </caveaeAmidideTinned>
      <papistTrunch atony="dead" wefTibZirian="panada" loosKiyas="cariesNurls84">
        <fagus>lynchet</fagus>
      </papistTrunch>
      <agisted shotgun="ophirBedlampHeavens" aghaVamps="valoisStimy">
        <puisnyBriguerGaruda>mincyPigfishYanqui</puisnyBriguerGaruda>
      </agisted>
      <kitBlick rauliValetBustic="3920215" diploicOke="finless4">
        <reyokeBilging>causHalibiu</reyokeBilging>
      </kitBlick>
      <olivaryVaquero>
        <redosApedom>hipeRillLegbar</redosApedom>
      </olivaryVaquero>
    </waggishPlonks>
    <lipicSpathalCaping>
      <bilifyFenianAshen>breckenPulish</bilifyFenianAshen>
      <conkingScutchsThinned gaditan="9" boortOutgoer="mousey">
        <sohoEdifierWarl>copemanWanters</sohoEdifierWarl>
      </conkingScutchsThinned>
    </lipicSpathalCaping>
    <gagedTopmost tambac="mossing" pubal="9534">
      <maythesOriolusLenad>yawnedSonancy7571</maythesOriolusLenad>
      <pranks canducSistrum="400964" repugns="jibiTebethCabal">
        <flanker>pioxeElemong</flanker>
      </pranks>
      <musquawOutfishNetless>
        <ivaCoulee>geripDreamt</ivaCoulee>
      </musquawOutfishNetless>
      <resuckCalumnyQuinse>
        <rejerk>tanagraBirgusStoff</rejerk>
      </resuckCalumnyQuinse>
      <grimsirRenablyJulia fermate="67683345" rouses="khisFluorWitess15">
        <macs>leersGrimace</macs>
      </grimsirRenablyJulia>
      <hotrod>
        <upsilonTivoli>voarBulgurs1771</upsilonTivoli>
      </hotrod>
      <orpitPosied pungentDaurna="barthTruants" astelTailory="redaub">
        <roberdPardon>bourlawBrinierManning</roberdPardon>
      </orpitPosied>
      <sadieInviter deslimePayess="stonifyFalsism" haploid="8" tribracMisseem="procris63">
        <vidyaSpearedDern>prebakeBarytic</vidyaSpearedDern>
      </sadieInviter>
      <ladlersCramblyBereft ydayDuskish="268" petrolPerplex="palacedWiglike">
        <vauEnolJessie>fillTrokingGoupin</vauEnolJessie>
      </ladlersCramblyBereft>
      <screwerIxtles>
        <sivvensShakta>catonicTenzone895</sivvensShakta>
      </screwerIxtles>
      <dsectGloomsAthrive stiles="spaviedGuzzled">
        <twingeHangersSheth>bakepanCobbinLunule</twingeHangersSheth>
      </dsectGloomsAthrive>
      <dayBoswellSuddy carves="mafflinBouilliSheder44" behenicEdemicBlacken="laicize" woenessAtrocha="fink">
        <younkerBracked>jamwood</younkerBracked>
      </dayBoswellSuddy>
      <encurlPavers manlilyManeyWenny="ugli">
        <snuggerDotardsBarkers>poresDugongsOzone</snuggerDotardsBarkers>
      </encurlPavers>
      <unwhole persicoWorser="oamSonoricCebidae">
        <urines>trowman</urines>
      </unwhole>
      <sensum langoonVersteRotamen="lammieFogramKusti" hauseShakyBugaboo="schlump" chatinoMintsPatible="kainsParangKossean">
        <suingly>2</suingly>
      </sensum>
      <listel sporousStuboyRestart="chut64" kareaoShellLaveche="9778">
        <hastler>8</hastler>
      </listel>
    </gagedTopmost>
    <durefulHollers repress="scrawlRaulCherem" vittleSwathySixte="angeloLagwortScouts" vowerBarilla="murderCrawly">
      <fiefMuang>gorrelSestiaGrists</fiefMuang>
    </durefulHollers>
    <voce>
      <jewisYenningRacer>96915</jewisYenningRacer>
    </voce>
    <shilloo stumpyDiddiesAbridge="hadron" guggled="blowsDongDeb" tranterChalice="56924689" theWankUpmove="calzoneStrekeDisbuds" phineasGrando="skipmanKamachi" acherSpane="brasZiphian8" encheck="xebec657">
      <domedAnnoy>ginksMindersPhiz</domedAnnoy>
      <neighBetides nasardJanua="797843762" frissonAlmes="trutineWens" dottersSpend="864687658" shudnaRocklay="329541">
        <adoninWagerNeiper>seizureMafura</adoninWagerNeiper>
      </neighBetides>
      <peucyl charvetSmouse="alignExcerpt1" ninonGloomy="gorgesPanedBeanie" urbifyInhelde="mrsProbate">
        <freight>lillFoelikeGobs736</freight>
      </peucyl>
      <mafuraJujuAwarded pyrales="harvest">
        <clovene>slewth</clovene>
      </mafuraJujuAwarded>
      <endivesFullom nirvana="toile" acoupeRaping="speeledPlanuryPreamp11" clangZapateoFatter="90488326" unitary="hamaldCleachAsteam">
        <tinkGifolaUreido>293047189</tinkGifolaUreido>
      </endivesFullom>
      <agly fuming="hutmentMazzard">
        <bitableLigninsCookout>kalif</bitableLigninsCookout>
      </agly>
      <fanaRelais snuffLingel="unsightAttal">
        <rhemistClawedMoggio>octileTamable</rhemistClawedMoggio>
      </fanaRelais>
      <hsiCiguaCattabu suttaCorals="ascitesGrabber6377">
        <tangladBandiesRoan>orientPeyotl</tangladBandiesRoan>
      </hsiCiguaCattabu>
      <nancyCringed gleekedDeotaShots="1607215" cambialBodockFitz="hisBootid" penuche="alauntLoisIsobase" potagerClamber="lingoeEcdysisLacatan">
        <sumpmanGuidonsReposed>aggiesLustres</sumpmanGuidonsReposed>
      </nancyCringed>
      <fodgelVaccarySits santee="ish" ranisVanadyl="nappies" dentilThingy="aphthicSatined">
        <spadixBattiks>crotalNoshersObtend</spadixBattiks>
      </fodgelVaccarySits>
      <eddaLemmaLud falcons="llewProject219" greceShabby="octaplaElding" doubts="radicelBigwigsHureek" lambentParkerFeudee="shoepacClop">
        <ust>grotenPooderPeiktha</ust>
      </eddaLemmaLud>
    </shilloo>
    <overnewHooseTarring>
      <zinzarErasedAverts>cainish</zinzarErasedAverts>
    </overnewHooseTarring>
    <enabledOctavia chasmalPursily="tweakerRattoonWendic" griseSpume="murasAegipan" tettix="271951">
      <hastateSecured>miguelLimulus</hastateSecured>
      <kaidChincof goloeNiffSaur="pelikeYackedRelayed" nota="labiateColorer9" fleeScotalHennish="candlesFierily" geeingBoffoPiled="questedScrawl">
        <dition>nepoteSuffect</dition>
      </kaidChincof>
      <shrubby cossackPitaya="haunce">
        <itoniaCackle>piastPindy</itoniaCackle>
      </shrubby>
      <afifiIntroit elverGooseEpicier="433199" guserPutid="restack">
        <thed>4168453</thed>
      </afifiIntroit>
      <ganchRewaveDurante mildWasel="stair">
        <tirretTwizzleTonuses>80496870</tirretTwizzleTonuses>
      </ganchRewaveDurante>
      <judgesDaglockSambel abductNeap="knawelsPlectra" aldazin="fiefs" odylicReoccur="talcoidGambang" waybirdCavetti="resiftsTuri">
        <windockSunless>apomictSarna361</windockSunless>
      </judgesDaglockSambel>
      <aspirin sunlikeWedgesCarpium="5281465" pagodasPinyonsDogmen="bulbils">
        <dentals>slae</dentals>
      </aspirin>
      <alnein nawiesMarchet="gibbles" unakiteRatine="752" covens="imbeLardersBimbo" doolie="trocheTiruraiHawky">
        <wager>3056137</wager>
      </alnein>
      <hegemon>
        <tollway>rasalasBepatVaporer</tollway>
      </hegemon>
    </enabledOctavia>
    <witheryScatch>
      <findalViewedFlutter>hebeticYeatSaxons</findalViewedFlutter>
    </witheryScatch>
    <lew>
      <zoomedAlastor>outgoSawneyChaines4</zoomedAlastor>
    </lew>
    <pdl masculyBangkokDiseuse="oppone" algardeMuggles="jazzistSinaicSpathe8666">
      <paysageZizitFrike>sergipe</paysageZizitFrike>
      <stempleCourlan von="cleukDecima27" mutuelOutbids="behelpGheleemRemains">
        <aneleUpsolve>kylikesSereno</aneleUpsolve>
      </stempleCourlan>
      <eringoNumble coalersHuffyBrocked="endowsSaddle">
        <pavisesFinless>65849</pavisesFinless>
      </eringoNumble>
      <arrahFlashes>
        <conj>entasisPlaties</conj>
      </arrahFlashes>
      <swaling revomitHigraSubsult="grogsEngold" aielSowle="canopic">
        <ambrein>bugbiteEelwormDryfoot</ambrein>
      </swaling>
      <armigerSpecus prudistRagger="podium" ablare="pissantHornets">
        <garettaDivideBah>gorgons</garettaDivideBah>
      </armigerSpecus>
      <clallamYarkand impent="ruthful" spewsAvailGristly="eleanEndsAsculae" sicerOregoniByrlaw="72017" kybelePunkeys="tenonedCoster">
        <lipemicEphahsRewayle>baghdad</lipemicEphahsRewayle>
      </clallamYarkand>
      <freshetStemmyLeu althornPopsy="soudansWayback3" stands="disneyBoxing" uralium="574597" abesse="87590">
        <boeoticDino>wrastle</boeoticDino>
      </freshetStemmyLeu>
      <morphol hectors="grilly739" outeatePenestNard="chondriLawson" caplins="errataCutoseRosily" pithead="precaryUnmeteBisalt">
        <beeware>157479388</beeware>
      </morphol>
      <slotedCibouleFormyls flype="wassailReglueAllures18" langoon="skegsLangursPinjane" takings="exists302">
        <nettie>warely</nettie>
      </slotedCibouleFormyls>
      <corton execMuscade="outgazeMournerEunuch" sitrepMuntSei="anthoodNonentTripos">
        <hamiticBobbers>precessKaas</hamiticBobbers>
      </corton>
    </pdl>
    <lichens>
      <ashlessKuneste>aulder</ashlessKuneste>
    </lichens>
    <antaeus>
      <potlegGeheyStipa>ankle</potlegGeheyStipa>
      <shrieksAbactorChego xylidic="spar">
        <libidos>violousDardani</libidos>
      </shrieksAbactorChego>
      <dickeysMuskiesSmiley hawkey="chromasEnglify" actionsScardsHumilis="kulturNarcomaLaralia">
        <tetelInermes>puther1857</tetelInermes>
      </dickeysMuskiesSmiley>
      <kokoAssalto plinianToral="swinkedStalerObeahs" copyismTaximenWorkman="votaryLadGyres3">
        <buboedGoliathDeiced>cnicin</buboedGoliathDeiced>
      </kokoAssalto>
      <twaddle braiseAmylene="resentRhina">
        <perkedPoker>yemsel</perkedPoker>
      </twaddle>
      <usneoidBiderySnasty>
        <gloversCreelsMopy>opineRillettJuntos</gloversCreelsMopy>
      </usneoidBiderySnasty>
      <feuchtGowferTave glycolsAvodireTrimmed="cognatePupeloSicel" hayeAmylFetal="obolsDrilletWhereup">
        <tunnitKandolMordu>zafreeTurp</tunnitKandolMordu>
      </feuchtGowferTave>
      <birgandReifiedEmpory isomere="abbassiBagwig" onenessTowLupeose="banzai" spielRetinic="orphansSubjectResold" thrailUnfaint="pithoi">
        <affCowitch>rotchFeaze7113</affCowitch>
      </birgandReifiedEmpory>
      <etcher dringle="foulage">
        <pacsPilleusSpald>limans</pacsPilleusSpald>
      </etcher>
      <anightsBesonioGoblins brazerDriveBrewed="bubsBirdies" skurry="penocheBosketsUnttrod154" punkerTumtumCajuns="zoundsLadkinPulls" yummies="573">
        <lomata>cradled9</lomata>
      </anightsBesonioGoblins>
      <gracerNishada padauksTunker="5" tackies="slipoutDecoderLaves" midgets="migsCostataBrahma">
        <besa>eremicAttySondes</besa>
      </gracerNishada>
      <calzone atteTedescoGivers="radomeBirrPyrus28">
        <mongrelMazama>reanvilScramRikshas</mongrelMazama>
      </calzone>
      <fashion scarvedClite="ucheeKhetHitchy" adighe="arrivesBipods" betaineGoralPetaly="groszBacklogTheists" laidlyMiljeePiewife="hoersAbolishIngenu924">
        <fracidWigwam>duomos</fracidWigwam>
      </fashion>
      <hoisterUsings painter="batlonCanzone">
        <bodach>cyclersWhinedMantlet</bodach>
      </hoisterUsings>
      <arouserArchery marxismTssSkyhook="plumoseGyte" explaitSensualFrogman="gownNeb318">
        <timarBearerLawner>sericon</timarBearerLawner>
      </arouserArchery>
      <egbert>
        <fulls>senesceCoatisPuslike</fulls>
      </egbert>
      <earthly glumalDestinyDouches="negara1" skiwyShoofa="riffianSubatomGaed">
        <rileCowskinPatroon>236045</rileCowskinPatroon>
      </earthly>
      <dustedHomer sproseLastly="clozeSpeelsShames" ungraveChoanaAgoing="gulixPapyriTholi">
        <booteesMullahsFlea>mardiLimeyAnlace</booteesMullahsFlea>
      </dustedHomer>
    </antaeus>
  </fadingKudo>
  <pattedAminize sulcusUmbella="tractus2" pujunan="smartsThujone" rush="exurbanHull" />
  <brimsChokers troupeSemirawHornito="9225" bromousExpreme="spleensStaledSump" flyblowEras="922" />
  <haftJumbly preedMyosoteAporia="62" />
  <pareDauri />
  <unlent pegall="anosmicBesaint20" prolinPenman="bergut">
    <tattvaBose kipsPrexyGlaire="31692" bundler="870404" plfShlep="82453" skreeghChola="clears">
      <likersOverbit>6</likersOverbit>
    </tattvaBose>
    <deaveLagarto>
      <cobbierAuburn>brunetsRecoast8550</cobbierAuburn>
      <earnfulAlmostJarlite ferrateSeedbox="skylike18">
        <armorsCressJubus>3</armorsCressJubus>
      </earnfulAlmostJarlite>
      <optimaTrochilEncored bibbers="aphodiToitedKelchin" khaddar="plewghTinned">
        <sextainGripperKohl>cuppen</sextainGripperKohl>
      </optimaTrochilEncored>
      <pulpier reimageFrazed="hintersTritium">
        <gorseddFlakier>1512</gorseddFlakier>
      </pulpier>
      <synaxesYantra paviour="3803" panax="thurio844" dipyre="grandoBecBelone">
        <funkiasDredgerAleshot>stack</funkiasDredgerAleshot>
      </synaxesYantra>
      <emeutes sanicle="2" snavel="whiskinRombleCorneal">
        <tiltupValisesKellia>kea</tiltupValisesKellia>
      </emeutes>
      <minieSniggedBoutell nudum="stirpesRepoussLispers58" erumpAntonyPencils="riche" aubaine="68">
        <teredoYethKagu>monkRubying</teredoYethKagu>
      </minieSniggedBoutell>
      <orcinolTestoon burrNeronic="4833" lowerer="bitty897" asteamUnkinTouret="vallThiamidBorazon" maltineAvenyEmoted="sproatDuerLoke">
        <wholeOolithsMerge>diaeneIntrodUpcity</wholeOolithsMerge>
      </orcinolTestoon>
      <hoodshy>
        <quisler>tussockNeifsVirger</quisler>
      </hoodshy>
      <waxen padnagsOutdone="fordingAmbushSteles" bullionPaleron="snowedNuttish" bailliCongeedYoky="mintierGeoform" webs="reedify">
        <poesis>591487707</poesis>
      </waxen>
      <haughtyHorace deletesTrusser="baffledMyopiasTitman">
        <claxonViertel>mattockDoolees</claxonViertel>
      </haughtyHorace>
      <granolaPomatoSiftage papaloi="posadaBanefulBework7" nuggetyThilkYode="reenactLeetle" spores="1864" garon="meconPoutPhallus">
        <coaxKokoon>wheeped7647</coaxKokoon>
      </granolaPomatoSiftage>
    </deaveLagarto>
    <eloinProc baygallLaisse="felinaeHypo">
      <histerDumpoke>45</histerDumpoke>
      <crevassInermiaHazier>
        <gyrinusMidge>dwarfsBellum</gyrinusMidge>
      </crevassInermiaHazier>
      <forgaveShapkaCobless usaron="tuzzleDeposal" straikeViceMuhly="retainSnobism" parishCepheid="607" luwianChapah="telpherLeapsWasn">
        <doll>obital</doll>
      </forgaveShapkaCobless>
      <tzetzes leben="skinks2377" dixiesRakit="878790" forumLamprey="intakerTwirpsLocrian" equitesSlusherChuser="dottier9">
        <unvoted>siafuAether</unvoted>
      </tzetzes>
      <inkpotsAmydonAramis pulliLeisureBawdier="scarped" inditchTrocar="mea" teilPalachZanze="5868">
        <narco>tineoidFlynessRegulus</narco>
      </inkpotsAmydonAramis>
      <localsJant footful="shilpit" extructPivotToils="noddingIlocano7">
        <mainan>43</mainan>
      </localsJant>
      <leafboy>
        <musingBalai>gynicsBulbulTyum</musingBalai>
      </leafboy>
      <poorest>
        <rancidScyphus>chela</rancidScyphus>
      </poorest>
      <pautBashfulLaders gillotCurvetMorong="gorry" renky="hirsles">
        <tracGaet>condign667</tracGaet>
      </pautBashfulLaders>
      <touseHicacoLabret saggonRhea="chirmsSuccoseTwinge7710">
        <calix>mudcapsFastens</calix>
      </touseHicacoLabret>
    </eloinProc>
    <staningPumeloMarco beautObits="divvy" slubbyChurnerFeazing="dozenerStative" forking="hunnicArcanumSeaboot" precoxIdgahNemesic="66537">
      <twayFreightPasters>cashingSquader</twayFreightPasters>
      <upcurveFlexile wets="compar" yustaga="kerniteMade" sumpman="pleb" oathsLuffas="equate5722">
        <lithiUpstart>2121546</lithiUpstart>
      </upcurveFlexile>
      <scrabe saurels="belgasBlueHogback" mopish="orfray">
        <polillaWalliesRemanet>doodlesSuddy760</polillaWalliesRemanet>
      </scrabe>
      <gavelKernish>
        <unevenFrippet>gemulSetsLoc273</unevenFrippet>
      </gavelKernish>
      <ethelHiredNritta sleathyEpiHagrope="pipraFedorasAkcheh" lamerInnless="pleatAwalimWetters">
        <damineAmicusUpband>uhlanSallied</damineAmicusUpband>
      </ethelHiredNritta>
      <corkirMurex ursa="cancanTelegasRedes" drant="topful47">
        <loofs>gaudilyCortexNevada</loofs>
      </corkirMurex>
      <swerver>
        <haidaTecumNotedly>sissingBeltway7</haidaTecumNotedly>
      </swerver>
    </staningPumeloMarco>
    <blastieRezoned>
      <bizelOvant>sterinLoosestBizz</bizelOvant>
      <slungeWouf>
        <shopGrosz>lariatsDyinglyCrain</shopGrosz>
      </slungeWouf>
      <tiffieComputeChiding abacusAgatoid="bachingUnfloorLucida40">
        <valued>testers</valued>
      </tiffieComputeChiding>
      <billyer>
        <brasJeanne>epizzoa8641</brasJeanne>
      </billyer>
      <mousePatuIncise trepak="bogmanDenoteChint" tucana="1" touareg="belgianAnomite" masconsKyacks="fardage">
        <groupsFlirterVenta>321</groupsFlirterVenta>
      </mousePatuIncise>
      <tussorAdaweGlossed unwaxedKiaki="paiksBroosPloat" feastlyScroll="pegoxyl" dedanimCana="leafdomAmaraDatakit" marinedUnwily="dikeletPatnessDayboy">
        <shopman>4003146</shopman>
      </tussorAdaweGlossed>
      <cloddy muoniumUsagesAntra="blast876" smoteMurderMerism="unform" amaga="263645629">
        <tiepin>koi</tiepin>
      </cloddy>
      <railingTepachePutts osse="civoryQuirkPeplums">
        <ouverteKnoxKintar>edhSpeightEntropy</ouverteKnoxKintar>
      </railingTepachePutts>
      <vinter tarte="529884" tukra="pulpy82">
        <nestageKnopper>4900</nestageKnopper>
      </vinter>
      <scutesTarlikeBestab zep="8250254">
        <tubmanBrassPiraya>302669</tubmanBrassPiraya>
      </scutesTarlikeBestab>
      <ownableWeemen technolDriblet="apardonConfr" darylAdrianaCaterer="pinnaeFjorded2">
        <edisonAralesForam>spargeRubaboo</edisonAralesForam>
      </ownableWeemen>
    </blastieRezoned>
    <bylinaGooding>
      <scadsPiningsStartsy>2</scadsPiningsStartsy>
      <torteTrant pegger="asshead">
        <fecit>toutedMirky</fecit>
      </torteTrant>
      <jiffy peltateDozierBugle="abadejoRipen">
        <cholaneScubaHydria>assoils</cholaneScubaHydria>
      </jiffy>
      <discideHeckles boubas="peisageChianNigh">
        <kairosReagan>kempsSudesRonde</kairosReagan>
      </discideHeckles>
      <jollifyPeepsSirdar>
        <retundPimasZealed>hable90</retundPimasZealed>
      </jollifyPeepsSirdar>
      <neroliLousierSandhya aloes="meselyExpendSepiary" palinalSlung="thigFinetopCarboxy">
        <bomaHuffler>pesterTarpon</bomaHuffler>
      </neroliLousierSandhya>
      <kernerSummar petardEtymolFopship="nerol" kabMinaeanCurdy="inshore" colonus="fondsKharaj" comaeSultam="phrenic">
        <apresGasesPassado>baretIntue</apresGasesPassado>
      </kernerSummar>
      <randiesOneism yamuns="brayed14" themselCompted="nun1" wainmanQueries="5539312" danizeDeflect="camberAcknown">
        <layloc>ohiasRhaphae</layloc>
      </randiesOneism>
      <gorgingLutfiskEscoted>
        <sereinsUnbase>ursaSnowmanAnarch</sereinsUnbase>
      </gorgingLutfiskEscoted>
      <bezilsTacketsBarbel likens="hardwayHaceksTeind5004" dysuryCarats="3" taft="unwindsGirlie">
        <bajriCowing>vasaClimathScaean</bajriCowing>
      </bezilsTacketsBarbel>
      <delyHairlet goajiroChokey="529747" rough="7905539" winceZoonomyNoyau="509" purify="boyard">
        <brahmi>kadisWhortBootees</brahmi>
      </delyHairlet>
      <proaDumous turney="overapt" your="46866" beatusZonureEvans="barwise9">
        <budwood>7</budwood>
      </proaDumous>
      <weinersHiems turcoisBondmenHoolie="axweed">
        <funoriVailsAtamans>24643833</funoriVailsAtamans>
      </weinersHiems>
      <pattersMomiTreasr sculkedKudoLof="hopsack" viertelBlub="933082" plashedIsogramNargil="questorDurefulGlutose">
        <hippianReginas>accoyedImelleEkistic</hippianReginas>
      </pattersMomiTreasr>
      <intrusoStewingSewable>
        <fennecsIonizedKalach>circlet9261</fennecsIonizedKalach>
      </intrusoStewingSewable>
      <hebe crusetsVinculo="mewer" bornTermini="rasoresKrosaRepose">
        <mismoveBroseBerets>567729261</mismoveBroseBerets>
      </hebe>
      <debateChilla sere="ridgilSheogue" wilders="976" sifflotRanids="hintedKotal" narkyGargAumaga="337">
        <vip>397869</vip>
      </debateChilla>
      <yasnaIve>
        <exalte>naebody2091</exalte>
      </yasnaIve>
      <radarBehests>
        <arrayalTollonDrama>clarkPatball5</arrayalTollonDrama>
      </radarBehests>
      <misticoWrotheReeler honingArabesk="27513" gyratorGrowledAchenia="1" chokiesBombyx="filmistInnateTurfski" addles="ulmoHoidensWacks">
        <sravakaMeccanoArgh>thallicExposal</sravakaMeccanoArgh>
      </misticoWrotheReeler>
    </bylinaGooding>
    <snaw>
      <chorookLata>aequor</chorookLata>
      <earedXeroxIngate>
        <outhutSearce>bowse</outhutSearce>
      </earedXeroxIngate>
      <urarticKoleaHobbian asceticJicamasFelup="91330" wivedCauseys="trimsMyringaBiers" sauba="oisinCrinumDizzard" cuidadoVentrad="nursesCarauna">
        <bronze>outbulk</bronze>
      </urarticKoleaHobbian>
      <redraws datapacEntree="turtosaMinorLatria" fenlandScooperDominee="678779972">
        <cyders>930204026</cyders>
      </redraws>
    </snaw>
    <tdr>
      <dopantPolladzGrout>hooley8</dopantPolladzGrout>
      <jugging>
        <films>hagride</films>
      </jugging>
    </tdr>
    <metelRecoalsWifes bekickPpr="tombakAshy" furfur="curialCumaeanAgitant275" croiseAraua="8264" monsFlisked="jawfeetHaustusPleione" capedYeahDialist="zen" irrisorRaptureReflate="tsetses">
      <kayaks>wasatTeaish</kayaks>
    </metelRecoalsWifes>
    <tapingDivise saddikErebus="fasciaeTarinTotum" signateCulletLooplet="quinoaGaufferDortour">
      <fahamDrumler>duffMeniseTamest7</fahamDrumler>
    </tapingDivise>
    <lettenMiddays>
      <destuffRelacheChocoan>ratablyArum265</destuffRelacheChocoan>
    </lettenMiddays>
    <tph triggedAneled="satientRoubleGowans" semihPallion="taintedUnneath">
      <alme>frenneManos</alme>
      <istlesBeamage foretRuctionRegle="docquetSleechHalver759" wineManillaTickle="agnizeDoubt" snorkBirmaErose="bedumbsCzarsMohabat">
        <parisis>jaygees4712</parisis>
      </istlesBeamage>
      <dicta razed="tamborTresisThete">
        <blubLeucylPreener>doffersDragNutrify800</blubLeucylPreener>
      </dicta>
      <loopistDero taj="695612" setlingAdvice="danzigDentex2020">
        <pialaNumacHaps>clumpUnarkPellety</pialaNumacHaps>
      </loopistDero>
      <bursRolpensBailor hooleeKirtled="andarko" noun="plots2" stifled="antijamMonodon" banter="coelata">
        <loessLateral>furrier2035</loessLateral>
      </bursRolpensBailor>
      <super lineary="356071682">
        <linolicPinWakeful>tinta</linolicPinWakeful>
      </super>
      <ambe slantHog="finchedHailse">
        <kitengeRethrowThymy>venires</kitengeRethrowThymy>
      </ambe>
      <fogmen starkleOutpity="lyceumsOraisonLousily">
        <clunistPikemanPlanes>relove744</clunistPikemanPlanes>
      </fogmen>
    </tph>
    <alexian naked="dilkerWotteth6" snashesMorwEkerite="ombre" estates="sightenFrother" overlegGeum="serinSkalds3122">
      <staiaCutted>maugerHelixes</staiaCutted>
      <postmenJaypieLeeshyy>
        <scottieUntineGuild>asak</scottieUntineGuild>
      </postmenJaypieLeeshyy>
      <dialyseLustralMarxian amylic="songbagCitrateAtoll64" tibialeGuslaGraves="952341620" agavesYelping="abrase" moldingPahos="hili">
        <finnack>draftsElmiest</finnack>
      </dialyseLustralMarxian>
      <pams stanksSwinish="encarpi" faucial="59996" adrentThimbleOutcept="unlinks" ladingCiteeFeats="enteronNamersCoxing">
        <coheadRepour>areawayOphism</coheadRepour>
      </pams>
    </alexian>
    <jnt extends="refeedSaveloyDenari" liegerAporoseTeuch="miacisAnepia" boraxLapser="4" didache="aclysGulHooch" asyla="niffers" whemmlePangaea="230024352">
      <skatFifty>swine</skatFifty>
    </jnt>
    <epilobeSneds>
      <maristAttrap>pequotDudine</maristAttrap>
      <duhatTotonac sweathCodeiaPeres="benison" glidedLucigen="yardmenDitch">
        <holilyRecit>khamalLazuli4</holilyRecit>
      </duhatTotonac>
      <upbyePardesiMarquee debosh="ohiasWherves">
        <writesCostardChetive>octoic</writesCostardChetive>
      </upbyePardesiMarquee>
      <oarweedGamines>
        <lagartoTypeset>outcry</lagartoTypeset>
      </oarweedGamines>
      <misrelyQuizzedPodagry fastlyBrett="sacredDurums46">
        <refreitDanios>sobbyKerbed</refreitDanios>
      </misrelyQuizzedPodagry>
      <tunsBemaulMgd animate="geol">
        <gammed>tusserOoryLucidly</gammed>
      </tunsBemaulMgd>
      <sneapCantus anaspidMusic="susansIslam" silaneErnst="comique" batisRidge="parfait">
        <toniesPugaree>tobiah</toniesPugaree>
      </sneapCantus>
      <viandeLabby punctum="5749" issuant="estatsTovarSwooned656">
        <dougl>dadayag</dougl>
      </viandeLabby>
      <churchyAntshipWhence eveneCathode="valorem">
        <roomilyAnacardAndhra>negroRabatte</roomilyAnacardAndhra>
      </churchyAntshipWhence>
      <stairyZoilean exhumed="679595280" fgridCashaw="hajiRitardHienz" pikeyLockageSheared="earclipItchierAdamant">
        <bleatyPibcornSagely>janglesNitrousCoggly</bleatyPibcornSagely>
      </stairyZoilean>
      <copolarSporuleIghly caractPerusal="2547989">
        <lauroneTannide>ionogenCutty559</lauroneTannide>
      </copolarSporuleIghly>
      <cuppersComingsSatrae cootyTarrSeating="85" spiroidDuple="hottleLophura" daleman="deceneMises" tangly="gewgawKasaFuller">
        <ratwa>69917</ratwa>
      </cuppersComingsSatrae>
      <rheinEurobinLieger lobulesEpiboly="wergild" intarsaSubetOvals="demibob">
        <pruhLettuce>shingonAnopsia65</pruhLettuce>
      </rheinEurobinLieger>
      <amebanHametz>
        <tyroneVerdins>casquet</tyroneVerdins>
      </amebanHametz>
      <staffUnlimeMussy calzadaWaddle="testBogach" ablins="prefet">
        <everlyCrocine>sorosilOneself</everlyCrocine>
      </staffUnlimeMussy>
      <tapuyoArmrackAlfa>
        <rowan>pewterInearthYupons</rowan>
      </tapuyoArmrackAlfa>
      <gliaEscTulsi gdinfoAcerliPalp="imposalPazendAimful" framingDisform="panayan">
        <amharicOutlookTpd>23</amharicOutlookTpd>
      </gliaEscTulsi>
    </epilobeSneds>
    <cappedRelower ribbierLycosidTurus="alicant" foldage="enteredGlecomaInfight" langahaHeaving="patteBusman852">
      <those>angiliTitties</those>
    </cappedRelower>
    <aspireWrapleKwan humifyPuttPout="vivePalmyraManured" talthibCanelosHoodlum="1817" jinja="sieve" mollifyOneidaTutee="2114" serous="squirkGrugousDispope">
      <gist>reredos</gist>
      <gry testyLoransPewy="antigunCadmideChirt" prakashEolithKukeri="shalderPhraseyTaffy7" ushabti="sparesVallary">
        <calmier>aegleScam</calmier>
      </gry>
      <wedelnExurbs cantaraIsogamLaputan="penicil">
        <aspyChe>reponePinchesCoroll</aspyChe>
      </wedelnExurbs>
      <agoniumCangan uppityBunyasErect="threads" angorPiliUnboy="528111691" onetimeAmmiCabana="unhappi" coesAnomala="9268">
        <ahmedRillyArbute>sedansCrengle</ahmedRillyArbute>
      </agoniumCangan>
      <loresWapSemen zonureBisieLuckier="singlyWinonaAcpt" prasoid="272691764">
        <dopedYarwhipBossboy>379110054</dopedYarwhipBossboy>
      </loresWapSemen>
      <diluvyFainly dauk="gynecolIodite" rips="fondest" shammasTrembleMonose="ceriaLaighsOttetto">
        <mingleReckons>albiticArgemaDissava274</mingleReckons>
      </diluvyFainly>
      <painingMusetActions supponeFastQuintic="udomMuggurSubmiss">
        <lunare>camusedHingle</lunare>
      </painingMusetActions>
      <cruiveBravas titusChecker="echeaAnchorsWetly" tomeCoppyMalaxis="92825" servals="waywornAndron" thio="tebetChedarAtumble">
        <doyleElod>musicry</doyleElod>
      </cruiveBravas>
      <brekkleBambara chuffsHoneyUncles="milordPommels" riffingRhedas="crupLaugherTictac" nookier="byemanFloryButenyl">
        <mountee>nubbleLynceanIran</mountee>
      </brekkleBambara>
      <myselSnaringTripy>
        <uptraceFishily>turfierTweet</uptraceFishily>
      </myselSnaringTripy>
    </aspireWrapleKwan>
    <incussAeginaCamaron>
      <naulageGarglesMoulted>standel</naulageGarglesMoulted>
      <sieSheughsTropics>
        <boskerLiens>divergeWaesome</boskerLiens>
      </sieSheughsTropics>
      <dicemanSubgyri banky="holden" qually="apseRabbi1" hadjisGrampToona="unwinkAlkene">
        <bespellChebelBakongo>dabbing</bespellChebelBakongo>
      </dicemanSubgyri>
      <sneezes syconChousReargue="dungeonMelbaApus" bukhTripeHagdown="wadset" mawmishElevon="3071100">
        <getasPeronei>62219</getasPeronei>
      </sneezes>
      <rejoinCarobs>
        <lanky>estmark</lanky>
      </rejoinCarobs>
      <marliClimbTinea andiron="arteryFitly">
        <merls>crams</merls>
      </marliClimbTinea>
      <orbical serraiUteriSibby="submitsSardius" idetaAnds="sheolsSalient22">
        <talterUnwept>fldxtKeto6913</talterUnwept>
      </orbical>
      <musings mamba="alums2466" tews="dojosAcoineSnaste" spumoniSorrows="abricotPaeonsWintry" biface="araua">
        <infersDied>tetricDiazideFlair</infersDied>
      </musings>
      <acacianLattice lowanceGdinfoRigs="kartsRattoon" acuate="cranch" kitabOrdealsKushshu="shachle1" sorbusKourosRegales="uglier">
        <casuistYonker>formatRecdPoseur</casuistYonker>
      </acacianLattice>
      <aurally sorrelPlewHeller="acyPulsiveCheth">
        <laurae>extendRosary</laurae>
      </aurally>
      <benamed>
        <saracen>ranaria</saracen>
      </benamed>
      <fainestStap heedingDuelerOwners="dunting" editingCelliteKvutza="warmersSnape">
        <duchy>tranChieferTowmond71</duchy>
      </fainestStap>
      <aurineMoca race="soaksCatline" glances="acutest" logship="canel" reassayAuk="smidgeCafardGizzard4070">
        <infileFplot>empoverSociety</infileFplot>
      </aurineMoca>
      <unmeetPalomaBaniva vendaceHyloistFinals="ceroticBesidesErosely" scanianFistule="coramUnstoutAlagau" blypes="stalestJunt" hangarAsthma="meered2643">
        <bedemen>qtsSops5</bedemen>
      </unmeetPalomaBaniva>
      <toddles upvomitFliping="booting" bumpersAlienedRiyals="kannada">
        <lanioid>cistQuittorUnmail</lanioid>
      </toddles>
      <calydonHypaton gympie="ommiadInbd2843" ageistZiggerPerking="arabitCessant" rubabooRedowa="705886251" gantEnolize="vogieNatchezPlasms857">
        <malicTeatimeMendee>376311</malicTeatimeMendee>
      </calydonHypaton>
      <promic>
        <bewareExerceIring>oosDakoits549</bewareExerceIring>
      </promic>
    </incussAeginaCamaron>
    <cameralPaprika>
      <brite>holdallImpliedStichs34</brite>
    </cameralPaprika>
    <truingOecist>
      <outfawnSorgoYoungth>283783839</outfawnSorgoYoungth>
    </truingOecist>
  </unlent>
  <pugger clefs="vintem2" hiodon="gaffers" laudianUpstood="366280045" lotos="mongolsPlaiceDillue72">
    <upmostNovale>
      <magsKishkeSloped>413104</magsKishkeSloped>
    </upmostNovale>
    <averinTapete>
      <backset>chugLatinYor</backset>
      <trollShoerOxim homey="3129" strungBernoo="vaireSanand6">
        <fluorinFeods>lubbardAgave</fluorinFeods>
      </trollShoerOxim>
      <quiteBanig tauliaZillRabinet="kadayaLandingMeninx" tepor="sulphasJube">
        <staumer>wilderResume</staumer>
      </quiteBanig>
      <niepa mankTabidly="uvalOcksterKyrie" novenasJee="theezanSpongeSternal" caribRussify="akaroaDickersTannyl" quibbleRiginalPegtops="pochoteGoulan">
        <prinkerRousersGeotic>rcdPressie1</prinkerRousersGeotic>
      </niepa>
      <toomCaracal peletreTierras="zamangSteen5618" sena="outlineHoagie" ursoidTwister="godfulMotePica">
        <pishedDeashedMisos>screich</pishedDeashedMisos>
      </toomCaracal>
      <armpit>
        <tentyLindsay>gaulic3</tentyLindsay>
      </armpit>
      <lankier claretThesesWacky="forward" maile="93" cores="untoneHech">
        <fecche>49856733</fecche>
      </lankier>
      <lizaPokey durantSkirrehProbity="38">
        <furzes>pierWorse</furzes>
      </lizaPokey>
      <oppleteRacistAbp kevel="detickPussyGristy28" aloadae="900132108" joisted="commemPunyism">
        <mahmudiEnserf>undrabSouchieSparily</mahmudiEnserf>
      </oppleteRacistAbp>
      <truncusBegorra debunkHamuli="mashruWherryAcquits" rishisDragonAbsis="decdGrotzen" acquentPlanar="zoomTeil">
        <reddyDeafly>litteryExposed10</reddyDeafly>
      </truncusBegorra>
      <lynxesTygLaweour strapsPaduan="roughieInseamsKoso" intrusoYareta="ailsNudges9" felly="spathedTumours">
        <blitzPinenes>valoniaCaimito</blitzPinenes>
      </lynxesTygLaweour>
      <replevy hegari="chiniksUnfaded" cyderSylphonDaydawn="pachasFirsts">
        <lacemen>upbayUncartAtalaya</lacemen>
      </replevy>
      <olden>
        <vadeConuses>mewsLoharCordoba</vadeConuses>
      </olden>
    </averinTapete>
    <croppaHelicin>
      <anzac>7467834</anzac>
      <alkoxid pertish="rangingBalkingPrayed" rumkinMarkaWhizz="themed">
        <missoutMho>diapaseUnmergePugree</missoutMho>
      </alkoxid>
      <meropiaMotey heydey="caspar" unrivedAirbornMultics="8099596" serraSnobs="anyway55" brandMonadic="angleArhatsDrolls">
        <pyramid>lupaninUpcreekSubbass</pyramid>
      </meropiaMotey>
      <paginalEaringsUnio crinoidRehete="helices802" sortalUpburn="agnizesTakers" tridiiFehSlots="baddie1">
        <bardel>amentsErecterTurbits</bardel>
      </paginalEaringsUnio>
      <liarBaidak foilHegarisFlacons="din" yondTapuyaStich="andaquiTerritsGeta" sofarsBashing="969179" pushupBannetFloret="4800">
        <debunkTabusFoys>cycleneMorwong</debunkTabusFoys>
      </liarBaidak>
      <vivency unmanlyLowaPublici="deludes">
        <stackLeistenShut>bulchinNigging373</stackLeistenShut>
      </vivency>
      <rebed creeses="18956741" acream="marmots">
        <carlie>38620</carlie>
      </rebed>
    </croppaHelicin>
    <deathsLinnetsMuff odellMarminkUrushi="643307824" icicledExsectHeptace="gumweedBurkes">
      <pollyCutups>leatmen</pollyCutups>
      <withsaw>
        <mensas>tubbish</mensas>
      </withsaw>
      <criboseBabcockDyester sneery="florounAerageTaverns" supply="hyteFullfil680" lazarlyPuckerBulgari="ramiesMonuronPrilled" brigsLooper="dustbinSnoutDilates">
        <pogeysMyrt>yohimbeTidleyGucked</pogeysMyrt>
      </criboseBabcockDyester>
      <vinculoWhinePurry hamfare="gravatCharer" clewedEttlingBklr="forel" sonderRuderalClyssus="tucuna672" xylosmaChanceyChuffer="unguentWarslerKeg218">
        <begorahBasoko>firySpoach</begorahBasoko>
      </vinculoWhinePurry>
      <prorumpReoiledIotas crummyUnshownAnlaces="teleutoTufasAswirl" herodii="2617629" eludeBilobed="juddock">
        <restrap>rwoundCadjan</restrap>
      </prorumpReoiledIotas>
      <lushai amylicFuns="31616" cupsSacope="hellbox" attila="dureInseam">
        <onwards>bractsBonePolilla</onwards>
      </lushai>
      <crudelyTensomePatents dolldomNanism="manship" duhatGrieko="caudal">
        <reft>upcomeChiffreFinesse95</reft>
      </crudelyTensomePatents>
      <coatersEffaces reearn="817" sousesAoudad="5468">
        <floydTimbery>tonsorJunt1335</floydTimbery>
      </coatersEffaces>
      <obiterEthylMiqra>
        <avataraAspensRaveled>9626</avataraAspensRaveled>
      </obiterEthylMiqra>
      <neatsWhatsis yadimDuntle="latexesPodogyn577">
        <staCuss>jahvist</staCuss>
      </neatsWhatsis>
      <coheredUnshave>
        <billage>lithateTrouseCooba</billage>
      </coheredUnshave>
      <repineFeruleMoms nostrumAdreamPizz="singlesRegrewPaucity691" harmalaBriners="wehee" iare="6478">
        <sabalosEwing>oatbin</sabalosEwing>
      </repineFeruleMoms>
      <ootidRefunds>
        <fluibleFloccus>seneginSchtoff</fluibleFloccus>
      </ootidRefunds>
      <binmenTepor sivaism="pepo" dard="nuancedJubbahsUrnlike9" plenity="punily">
        <skelderCicad>mime</skelderCicad>
      </binmenTepor>
      <bandyRousted drowsesSalmiFelup="416575093" gunplay="ropableEmetins" ottomanMenat="sulkFulmarNoway43">
        <guidonFigwort>5</guidonFigwort>
      </bandyRousted>
      <cudavaTzontle goalageIridium="unifaceGelee" pompous="foxshipChromyTypikon811" furnish="cargued">
        <ganguesRouser>browsesWampleCostaea</ganguesRouser>
      </cudavaTzontle>
      <cloudedPasseHerm unau="helingPsoas" capiasDoublyFiaunt="attalehNorSestet61">
        <verandaSlotter>passu</verandaSlotter>
      </cloudedPasseHerm>
      <pipericGlopsRubigo bandura="cockler" ferias="sparyReactor" visayaDolcino="cingula" donTipoffsAlang="scewingScup8476">
        <pasul>authPoises</pasul>
      </pipericGlopsRubigo>
      <senufoKhowarPeelers>
        <gobianUptrackVacandi>eugeniaProsily</gobianUptrackVacandi>
      </senufoKhowarPeelers>
    </deathsLinnetsMuff>
    <adiceaCocle juicesRidotto="effacesMauvine">
      <baccaPterinAccurse>tinted311</baccaPterinAccurse>
    </adiceaCocle>
    <watusi churlsPaused="600" italiBetula="442657465">
      <fittily>ips</fittily>
    </watusi>
    <gheleemMoplah>
      <datsunsMorboseMimus>edam</datsunsMorboseMimus>
      <fists habbe="eponymy385" trenailFundiRodden="schnellMonicaJujuism" ratedRechuckLascars="swagger" caidUnlostWhussle="gibbersEchoey9">
        <munichWhinier>talus35</munichWhinier>
      </fists>
      <ocreate enwovenThiazolRether="289000470" admiredLaders="malikiTarente" oversetFunliFroust="piaAsteer">
        <banandeSeepierMalleli>badger</banandeSeepierMalleli>
      </ocreate>
      <bambiniKanara prokerAmidins="leakingAbuse" rugoseGunwale="visitePerusalBadiaga">
        <wakers>pantile4050</wakers>
      </bambiniKanara>
      <idyllsActor carpentRemble="idrisidMislainRetreat">
        <demoticPesage>382</demoticPesage>
      </idyllsActor>
      <trucedEnmew chattaCasziel="erump" kingcobAboulia="abrineRusty" stanedCoronad="22060338" pandiesLymphsElvira="508593241">
        <saunasTetrixUpspire>351121094</saunasTetrixUpspire>
      </trucedEnmew>
      <clubdomPanted>
        <zit>839677</zit>
      </clubdomPanted>
      <unary amildarBalita="5678" maartenJudgerYearly="feowerTentyCoupe">
        <potagerInlaidMidribs>lynchGlochisUncramp</potagerInlaidMidribs>
      </unary>
      <cuisineLustred aliptes="823248" elissa="okayingMamparaSpack45" hoppledBellFustics="miskill">
        <cutchaHyoidanHizzie>beguinGiterne</cutchaHyoidanHizzie>
      </cuisineLustred>
      <curverPelopea heily="imbatheMaitre" tubaeSlimyGraeae="nohex" adib="gribbleNorths" ryalGenital="2454">
        <gilakiBadjuPatefy>namedProvene</gilakiBadjuPatefy>
      </curverPelopea>
      <anticsPrabhuUngrip taishBasalia="wullHoecakeWoubit" clowMomme="uliconCantors544" canalRecusesDifda="reeBasale" warrand="baphiaSifterMidguts">
        <bumblerMatapi>mikadosDobrao</bumblerMatapi>
      </anticsPrabhuUngrip>
      <unmewedWhun>
        <faciestIsledDensate>gawky</faciestIsledDensate>
      </unmewedWhun>
      <pisumTurbit titanicTakersAubin="quirkAkashaAntae282">
        <upttore>9</upttore>
      </pisumTurbit>
      <clankedReshareAmnesty savvySatem="thioninThrawn" curitisHornedFender="hottieMaypoleJingled" abwattResinerCusping="3">
        <tweeterRotates>forcetTentigoJainist</tweeterRotates>
      </clankedReshareAmnesty>
      <fuzzierSnabble baronne="winded" mummersGraals="sasteanBigmittRumbas" chirks="67612" apastPatola="shingly">
        <rechawSlangedCoabode>93181530</rechawSlangedCoabode>
      </fuzzierSnabble>
      <pood>
        <exposesJoom>4</exposesJoom>
      </pood>
      <degreesStudios>
        <carrat>64</carrat>
      </degreesStudios>
      <runneth benselMumpish="trowed8" birlsThebRode="navars858">
        <victorsSusian>pottagyCalymma</victorsSusian>
      </runneth>
      <boation>
        <maori>5063899</maori>
      </boation>
    </gheleemMoplah>
    <sweepTapeats>
      <disjoinUnrustMascots>skelpToddledKunzite9500</disjoinUnrustMascots>
    </sweepTapeats>
    <votivePartedFlnerie>
      <tedDoggone>logy</tedDoggone>
    </votivePartedFlnerie>
    <emperil gestsAhunt="grataNuttish" lucite="gouryPaleron72">
      <glynApodaViajaca>130974560</glynApodaViajaca>
      <octarch safawid="farleyHours" chollaGuitars="curacyBarnmen">
        <jesuitChiton>longfinCressy</jesuitChiton>
      </octarch>
      <ashfallHiders>
        <littenArbacinCowshed>forebow</littenArbacinCowshed>
      </ashfallHiders>
      <dammingToupeeBeeware noser="reshoesMewlersMuzarab51" batoidAeneid="tankingPreomitAcicula30" bowingBrands="coparty" ransomsIceni="fablingBar">
        <poleWoodeny>40042186</poleWoodeny>
      </dammingToupeeBeeware>
      <monkism>
        <ratesRoomth>cupolasSaucers</ratesRoomth>
      </monkism>
      <lumpedWhileenSericon>
        <sewnGuffinPangaea>caireneAahsByrnie</sewnGuffinPangaea>
      </lumpedWhileenSericon>
    </emperil>
    <gaffingMuskone>
      <bletheDorbug>metad</bletheDorbug>
    </gaffingMuskone>
    <curtanaNisus>
      <earFetlowHexane>upgangAvert2</earFetlowHexane>
      <braemanYang>
        <jezailsUrnfulCopihue>yamphExudedTayassu</jezailsUrnfulCopihue>
      </braemanYang>
      <outgain shroudy="idioms">
        <extraZincid>swedeLayboy</extraZincid>
      </outgain>
      <genom>
        <pyrenin>827</pyrenin>
      </genom>
      <wetaUntroth shewingPoietic="junctlyAgnaticSondes" mesonBattue="shoaderTrinkle" dyewareGaugeEntoil="9005663" nubian="muddeFakiBaldish">
        <trawledWairepoHyporit>rallKinin</trawledWairepoHyporit>
      </wetaUntroth>
      <antiCrucian>
        <unrake>751271733</unrake>
      </antiCrucian>
      <beatusGreeterKhats nilgaisDaubingCluppe="solio">
        <scamlerUnseamsAcaena>insipidSmectisScalade</scamlerUnseamsAcaena>
      </beatusGreeterKhats>
      <manse stumbleThuban="82905">
        <exing>6394428</exing>
      </manse>
      <lenosPoteye netbush="5526" morusWording="tubikBusuuti">
        <villi>valval7933</villi>
      </lenosPoteye>
      <mushlaPhasic legis="kvarner" agrest="8841909">
        <ida>guhaWaldorf</ida>
      </mushlaPhasic>
      <kenos womb="dendaEfflux" genualMazdean="empanelBattuRillets" primalMolpe="96330578" harfang="lazyRevuePublice">
        <copalmsKhanate>42574</copalmsKhanate>
      </kenos>
      <geodeEcumeneUnslung cappaghJonahWept="dosserSavage" burlaps="alliumDecoy" syceesCyprine="tamaleChargeeRabic" cycadsImmixZinging="ramoseUpfloodTamper">
        <automen>lauanOgamCastro1</automen>
      </geodeEcumeneUnslung>
      <pallsElytrumChapmen bounds="bathyl" maltsMaintopEmerson="scagLigansKeen" scollopNuggarImpregn="cafLinkier">
        <pencelsMidguts>904</pencelsMidguts>
      </pallsElytrumChapmen>
      <junky retreatUnicityTeemful="lullyChampyNetts" bedral="paicheNahuatlBeduin2851" wholesFanegaSole="9">
        <bleymesMoca>38198588</bleymesMoca>
      </junky>
      <nockPoireBrujos guineas="rapido">
        <stmMusefulHastens>dandie</stmMusefulHastens>
      </nockPoireBrujos>
      <tidingZagsPertuse wytingPager="platerChadarHisting">
        <veeTrifleFistle>cocher</veeTrifleFistle>
      </tidingZagsPertuse>
      <holismUproadRudera tieback="kenos" anoia="croisesEnemied">
        <deviate>ridenPut</deviate>
      </holismUproadRudera>
      <labrysHooplasFoziest tauterPsalis="pistick" adionTeskereFoutre="ecderonPloceus" heruli="bravesRoubCyamoid" pretendStrakyDenim="sperpleMidasUnsexed">
        <otarineDotedPooa>46975</otarineDotedPooa>
      </labrysHooplasFoziest>
      <redskinPappi octect="galilee" sheitanPrater="arbs84" nautInter="sirene" nointPloukFirebug="habitat">
        <enrailChanteyMurlock>indenesDunness</enrailChanteyMurlock>
      </redskinPappi>
    </curtanaNisus>
    <splurtCrenelDocile yonderSumbal="diatomCubes25" humidor="miffTransitCodbank2372" thowtHardwayGracing="lingas" jumpily="butleBosset2862" crookHolismsRasceta="spue43" cryptsThirt="laxestRecorkTibiad" winnow="brinieOutbeg6">
      <conidiaQuoniam>purestJinchao</conidiaQuoniam>
      <cheapenEuchred pasteurDistaff="69824" punct="touser231">
        <bedayBootleRussety>jocum</bedayBootleRussety>
      </cheapenEuchred>
      <omnesKineSadiron abjudgeHolHaymish="upboilLatania9" uberousRivoRosilla="purloinRetiesRameous" indishLysPetemen="dcollet" mapachTenours="imbriumPudSpook">
        <lullian>regillPlutusBruyere</lullian>
      </omnesKineSadiron>
      <jantee allylicTutorerUnscale="steeredPeepulSlot" piratyLenora="extent" bleachCadambaSlidden="greekReadlWite56">
        <sunlampTombed>exrArace</sunlampTombed>
      </jantee>
      <cess apitpatNarica="benzoinEnragedEndaze" byemanAtazir="wheyey" sautyBaraitaSpaid="48" grintBesidesApexing="overbowRasenShambu786">
        <lamiumLarvateBeliked>pharCamakaEmim</lamiumLarvateBeliked>
      </cess>
      <falsiesRamiesGearing beflea="chemistTroths" flavone="leakyPacewayFellah99" charmedBibb="gouraUroodal">
        <wragerBushpigMukade>becurstBummockKeyway3165</wragerBushpigMukade>
      </falsiesRamiesGearing>
      <remoted cyamoid="cooeeIncasedPeepers" headers="scartedDoiledCovets286" fahlerz="bkcyRacoonDensher" modgeFoozlesEolith="zythem4397">
        <stenion>quittedAcrylBemeal</stenion>
      </remoted>
      <siccan arengaBoigid="gizzern" ammonicAxillaeIxtle="selahs6198">
        <marage>8456</marage>
      </siccan>
      <unsappy osmerusHuso="sykerlyUnpins">
        <lysidinHassels>1</lysidinHassels>
      </unsappy>
      <ashamedFaker cayugasAltica="linkyOswegan383" cutoutBesitImpair="6367" perigeeOutpoll="utaFrapler" rapido="sumenGalpSaggier">
        <brummer>fleasPrys</brummer>
      </ashamedFaker>
    </splurtCrenelDocile>
    <crud varical="sirocPhenateUnmast" hoperCamels="suaver" lvalues="grieceOrpinc">
      <cawed>hovelerPunkest</cawed>
      <debye enteteKummel="impulseBabs" vyrnwyApogeanTuchun="sowarsShishAmidol" bebarSolated="snogaSolder">
        <unfused>toners</unfused>
      </debye>
      <chechenDobsonGlances ranjitCrochet="stinkHamous" tastierCarneyNeon="grenierAliveGroused" growlsGreeingShuttle="cairbaPlasmonNumeros" obviate="darylAsiden">
        <liebigPufferUlnas>quinseBigeyeCivile</liebigPufferUlnas>
      </chechenDobsonGlances>
      <nutcaseUnfrailJocose koppieSavarin="vomiter">
        <dion>mangily</dion>
      </nutcaseUnfrailJocose>
      <elitesCute buskyUnsunny="tussive" lumpyRob="junkyAutomat" sondersSacrate="17">
        <zeugmaKedgingGenesis>howderEniacGnast</zeugmaKedgingGenesis>
      </elitesCute>
      <desertPomonalPigroot tana="viznomy" hunches="oursels">
        <carver>bosomed</carver>
      </desertPomonalPigroot>
      <cowpath carobLactucaBulkily="anerly" murein="6" tinkersOsamin="6935862" gatAxedLabour="hyson">
        <aponicCuttoosOxim>11859468</aponicCuttoosOxim>
      </cowpath>
      <piaroan rouen="pulpal" forewitMolesCock="wrung" timidly="78801279">
        <ganofsIsomere>655790</ganofsIsomere>
      </piaroan>
    </crud>
  </pugger>
  <dyarchyLucia azaleasAgramed="pohnaReclass4524" votally="43952341" foiled="slavs" durableFusulaLaddies="bulimicSpenderFehmic">
    <uxorialDuadsBedrail pinweed="9632" abbacyDipylonValens="bastsCrittur">
      <twists>tempre</twists>
      <tripe cymarArloupPhoebe="rundletNagmanSonores" saigasTychism="tewaDizz" savoury="blinger" beladle="royet">
        <mutinesReprice>ossianDouping</mutinesReprice>
      </tripe>
      <lining subra="donec" disleafWeazand="4329763">
        <unwireAweighTraheen>swizzDoters</unwireAweighTraheen>
      </lining>
      <dadoes remimic="reworePygidia" bigamicTinsGuanaco="stumpsPinicLuchuan">
        <imanFamilic>florin548</imanFamilic>
      </dadoes>
      <hornie mazing="kayvanIdaean" sarraLidiaUpdries="kivuTongas" ghazism="7">
        <ragtagAstoopBiceps>hogExpoAlipata21</ragtagAstoopBiceps>
      </hornie>
      <elegant affixes="trestCloster" lungeesDogSperm="frtPaha" myelic="unlucidFellow">
        <abluentLumber>kingu</abluentLumber>
      </elegant>
    </uxorialDuadsBedrail>
    <cornealScovelTacts>
      <lombard>unsown</lombard>
    </cornealScovelTacts>
    <buckeyeLibbraOverway guildMoulins="ethenylDuperyParfum" gougerTeleutoPrying="opahBlawed">
      <refulgeSeawanVeridic>83053068</refulgeSeawanVeridic>
      <karlMocuck blickyPriapic="76610" serenerLydiaSpends="sawlogBleatedOwenism" rowted="larkingAleut" croonerSwarmerZings="concern">
        <rewend>areMeager</rewend>
      </karlMocuck>
      <desists bornylVolventMagbote="1352876" gaumingVoidBlunker="hicht" wrong="acateSigma7" wheretoMadoc="pomeyIsledCruth">
        <cudsBrouze>managedGulpingChagoma2073</cudsBrouze>
      </desists>
      <damage xerotic="ruanaFoibles" testar="couponEpoptChylify7119" tonnersCequi="vaticalCoxy5">
        <dharmasDragade>trestleKanawhaKorea</dharmasDragade>
      </damage>
      <keets loticKegfulUnsharp="rentageCapel" isidoidCecilyFining="648" elaidin="arcuses" revererVigorIrised="tomcod481">
        <ciseauxEely>curdler9495</ciseauxEely>
      </keets>
      <pique>
        <cults>terminePyr</cults>
      </pique>
      <causseReefierPlacets heroicFatals="3" autoedFaithed="whiling">
        <bezelsBeyondsDemast>mezairThenad812</bezelsBeyondsDemast>
      </causseReefierPlacets>
      <cymaiseJarret kirantiAxiallyGallic="mandirRickeysSloe" benwardOcreateCowpoke="panjabiSpeave" engagedMonoseWellmen="plungerExhumerBausond774" zitsVolumedBricks="lavaboBicorn6">
        <aspers>quinylPoiana</aspers>
      </cymaiseJarret>
      <cashaChekker emboss="6">
        <hackles>8</hackles>
      </cashaChekker>
      <beshrew nieces="4741521">
        <skunksRoquetsHibbin>822036807</skunksRoquetsHibbin>
      </beshrew>
    </buckeyeLibbraOverway>
    <virguleSequani>
      <poonFoggage>avosets</poonFoggage>
      <daemonComponeViga depurgeAnginal="spleetWettedThone" dragmanAlgomic="54">
        <sacket>papulaeEmbiid</sacket>
      </daemonComponeViga>
      <weaselUnhideIndigen sylvic="101367" alackCrayePlowing="chomer" girth="encagesAnsarLimen">
        <puceronPompist>bonettaDmarcheFiel</puceronPompist>
      </weaselUnhideIndigen>
    </virguleSequani>
    <shooedCabuyasPachons lashing="asdicsLarches">
      <toilOnagers>129</toilOnagers>
      <nervingViveKlick plummerCoories="epidiaTorsoes" amebas="75290">
        <unkillBleezeCapsize>8040</unkillBleezeCapsize>
      </nervingViveKlick>
      <pighead vets="peasenBlazyTirage" resetsLigroin="duskySon" taboret="7">
        <cad>theroidGarnice</cad>
      </pighead>
      <porry washedNuttish="bluffyCotoUnburly">
        <swingedKempiteUnblued>5326572</swingedKempiteUnblued>
      </porry>
      <bonallyWendiFabliau drupesDorminSnelly="jaggeryGlauryDivvied">
        <dochmiiWarsled>6</dochmiiWarsled>
      </bonallyWendiFabliau>
      <phillipPichi maxims="432">
        <tenable>uncial</tenable>
      </phillipPichi>
      <chaetae brodderPickmen="sakieh" bubaleSamucu="4800" remaps="baniva">
        <imaretsAnthrol>bedewsRobbersBarton796</imaretsAnthrol>
      </chaetae>
      <lovepotPricesPurdy padinaTickenMorkin="7221" adicityFolioedMallows="photogs">
        <figwort>sarongs</figwort>
      </lovepotPricesPurdy>
    </shooedCabuyasPachons>
    <badgers>
      <craySlite>ariidaeRannyGrapey</craySlite>
    </badgers>
    <bodoniGulleys>
      <sistenTrent>icicaTantraTorr</sistenTrent>
    </bodoniGulleys>
    <pledget>
      <predyUlulant>incurs</predyUlulant>
    </pledget>
  </dyarchyLucia>
</codeina>